# WaveFront *.obj file (generated by Autodesk ATF)

mtllib Bullet-coin.mtl

g Body361

v 80.250253 -469.419291 8.039255
v 81.030326 -469.577645 7.580222
v 81.120067 -469.577645 7.538375
v 81.477164 -468.028136 8.304173
v 80.570856 -468.028136 8.726791
v 80.552700 -469.460100 7.587488
v 80.066521 -469.367923 7.645240
v 79.951139 -469.203575 7.397803
v 80.857447 -469.203575 6.975185
v 79.923162 -470.800810 4.971604
v 80.005719 -469.704182 5.148649
v 79.099411 -469.704182 5.571267
v 79.016854 -470.800810 5.394222
v 81.331222 -469.468385 7.991199
v 80.424914 -469.468385 8.413818
v 81.545836 -469.720455 8.451440
v 80.639528 -469.720455 8.874058
v 83.978841 -472.000007 13.669035
v 83.962560 -472.686127 13.634122
v 83.913877 -473.365639 13.529720
v 83.833258 -474.032000 13.356833
v 83.721481 -474.678791 13.117127
v 83.579623 -475.299784 12.812910
v 83.409048 -475.888999 12.447112
v 83.211401 -476.440760 12.023256
v 82.988584 -476.949755 11.545424
v 82.742744 -477.411080 11.018218
v 82.476247 -477.820294 10.446714
v 82.191661 -478.173456 9.836417
v 81.891727 -478.467164 9.193205
v 81.579331 -478.698589 8.523271
v 81.257484 -478.865504 7.833068
v 80.929285 -478.966300 7.129242
v 80.597894 -479.000007 6.418573
v 80.266504 -478.966300 5.707903
v 79.938305 -478.865504 5.004078
v 79.616458 -478.698589 4.313875
v 79.304062 -478.467164 3.643941
v 79.004127 -478.173456 3.000729
v 78.719541 -477.820294 2.390432
v 78.453045 -477.411080 1.818928
v 78.207205 -476.949755 1.291722
v 77.984388 -476.440760 0.813890
v 77.786740 -475.888999 0.390034
v 77.616166 -475.299784 0.024236
v 77.474308 -474.678791 -0.279981
v 77.362531 -474.032000 -0.519687
v 77.281912 -473.365639 -0.692574
v 77.233228 -472.686127 -0.796977
v 77.216948 -472.000007 -0.831890
v 77.233228 -471.313887 -0.796977
v 77.281912 -470.634375 -0.692574
v 77.362531 -469.968014 -0.519687
v 77.474308 -469.321223 -0.279981
v 77.616166 -468.700230 0.024236
v 77.786740 -468.111015 0.390034
v 77.984388 -467.559254 0.813890
v 78.207205 -467.050259 1.291722
v 78.453045 -466.588934 1.818928
v 78.719541 -466.179720 2.390432
v 79.004127 -465.826558 3.000729
v 79.304062 -465.532850 3.643941
v 79.616458 -465.301425 4.313875
v 79.938305 -465.134510 5.004078
v 80.266504 -465.033714 5.707903
v 80.597894 -465.000007 6.418573
v 80.929285 -465.033714 7.129242
v 81.257484 -465.134510 7.833068
v 81.579331 -465.301425 8.523271
v 81.891727 -465.532850 9.193205
v 82.191661 -465.826558 9.836417
v 82.476247 -466.179720 10.446714
v 82.742744 -466.588934 11.018218
v 82.988584 -467.050259 11.545424
v 83.211401 -467.559254 12.023256
v 83.409048 -468.111015 12.447112
v 83.579623 -468.700230 12.812910
v 83.721481 -469.321223 13.117127
v 83.833258 -469.968014 13.356833
v 83.913877 -470.634375 13.529720
v 83.962560 -471.313887 13.634122
v 79.436184 -472.396700 3.927276
v 79.549511 -473.215680 4.170308
v 79.323271 -474.729950 3.685134
v 80.979332 -475.328699 7.236567
v 82.133056 -473.792322 9.710737
v 82.086003 -472.548872 9.609832
v 82.414044 -471.165883 10.313318
v 78.529876 -472.396700 4.349895
v 78.643204 -473.215680 4.592926
v 78.416963 -474.729950 4.107752
v 80.073024 -475.328699 7.659186
v 81.226748 -473.792322 10.133355
v 81.179695 -472.548872 10.032451
v 81.507736 -471.165883 10.735937
v 83.072533 -472.000007 14.091654
v 83.056253 -472.686127 14.056741
v 83.007569 -473.365639 13.952338
v 82.926950 -474.032000 13.779451
v 82.815174 -474.678791 13.539745
v 82.673315 -475.299784 13.235528
v 82.502741 -475.888999 12.869730
v 82.305093 -476.440760 12.445874
v 82.082277 -476.949755 11.968042
v 81.836436 -477.411080 11.440836
v 81.569940 -477.820294 10.869332
v 81.285354 -478.173456 10.259035
v 80.985419 -478.467164 9.615823
v 80.673024 -478.698589 8.945889
v 80.351177 -478.865504 8.255686
v 80.022977 -478.966300 7.551861
v 79.691587 -479.000007 6.841191
v 79.360196 -478.966300 6.130522
v 79.031997 -478.865504 5.426696
v 78.710150 -478.698589 4.736493
v 78.397755 -478.467164 4.066559
v 78.097820 -478.173456 3.423347
v 77.813234 -477.820294 2.813050
v 77.546737 -477.411080 2.241546
v 77.300897 -476.949755 1.714340
v 77.078080 -476.440760 1.236508
v 76.880433 -475.888999 0.812652
v 76.709858 -475.299784 0.446854
v 76.568000 -474.678791 0.142637
v 76.456223 -474.032000 -0.097069
v 76.375604 -473.365639 -0.269956
v 76.326921 -472.686127 -0.374358
v 76.310641 -472.000007 -0.409271
v 76.326921 -471.313887 -0.374358
v 76.375604 -470.634375 -0.269956
v 76.456223 -469.968014 -0.097069
v 76.568000 -469.321223 0.142637
v 76.709858 -468.700230 0.446854
v 76.880433 -468.111015 0.812652
v 77.078080 -467.559254 1.236508
v 77.300897 -467.050259 1.714340
v 77.546737 -466.588934 2.241546
v 77.813234 -466.179720 2.813050
v 78.097820 -465.826558 3.423347
v 78.397755 -465.532850 4.066559
v 78.710150 -465.301425 4.736493
v 79.031997 -465.134510 5.426696
v 79.360196 -465.033714 6.130522
v 79.691587 -465.000007 6.841191
v 80.022977 -465.033714 7.551861
v 80.351177 -465.134510 8.255686
v 80.673024 -465.301425 8.945889
v 80.985419 -465.532850 9.615823
v 81.285354 -465.826558 10.259035
v 81.569940 -466.179720 10.869332
v 81.836436 -466.588934 11.440836
v 82.082277 -467.050259 11.968042
v 82.305093 -467.559254 12.445874
v 82.502741 -468.111015 12.869730
v 82.673315 -468.700230 13.235528
v 82.815174 -469.321223 13.539745
v 82.926950 -469.968014 13.779451
v 83.007569 -470.634375 13.952338
v 83.056253 -471.313887 14.056741
v 72.590418 -474.948135 11.819912
v 72.202190 -474.845913 11.147480
v 71.840418 -474.546212 10.520874
v 71.529758 -474.069456 9.982795
v 71.291380 -473.448135 9.569912
v 71.141529 -472.724592 9.310363
v 71.090418 -471.948135 9.221836
v 71.141529 -471.171678 9.310363
v 71.291380 -470.448135 9.569912
v 71.529758 -469.826815 9.982795
v 71.840418 -469.350059 10.520874
v 72.202190 -469.050358 11.147480
v 72.590418 -468.948135 11.819912
v 72.978647 -469.050358 12.492344
v 73.340418 -469.350059 13.118950
v 73.651078 -469.826815 13.657029
v 73.889456 -470.448135 14.069912
v 74.039307 -471.171678 14.329461
v 74.090418 -471.948135 14.417988
v 74.039307 -472.724592 14.329461
v 73.889456 -473.448135 14.069912
v 73.651078 -474.069456 13.657029
v 73.340418 -474.546212 13.118950
v 72.978647 -474.845913 12.492344
v 76.920545 -474.948135 9.319912
v 77.308774 -474.845913 9.992344
v 77.670545 -474.546212 10.618950
v 77.981205 -474.069456 11.157029
v 78.219583 -473.448135 11.569912
v 78.369434 -472.724592 11.829461
v 78.420545 -471.948135 11.917988
v 78.369434 -471.171678 11.829461
v 78.219583 -470.448135 11.569912
v 77.981205 -469.826815 11.157029
v 77.670545 -469.350059 10.618950
v 77.308774 -469.050358 9.992344
v 76.920545 -468.948135 9.319912
v 76.532317 -469.050358 8.647480
v 76.170545 -469.350059 8.020874
v 75.859885 -469.826815 7.482795
v 75.621507 -470.448135 7.069912
v 75.471656 -471.171678 6.810363
v 75.420545 -471.948135 6.721836
v 75.471656 -472.724592 6.810363
v 75.621507 -473.448135 7.069912
v 75.859885 -474.069456 7.482795
v 76.170545 -474.546212 8.020874
v 76.532317 -474.845913 8.647480
v 87.312850 -471.948135 3.319912
v 86.128781 -472.546072 4.003535
v 84.915018 -473.086430 4.704301
v 83.668948 -473.564140 5.423720
v 82.387592 -473.973427 6.163511
v 81.069725 -474.311916 6.924382
v 79.717197 -474.583193 7.705264
v 78.333248 -474.793542 8.504288
v 77.667449 -474.526888 7.480346
v 77.484859 -474.320016 7.164090
v 77.174720 -473.757829 6.626914
v 76.857829 -472.227743 6.078042
v 76.878367 -471.391614 6.113615
v 76.934337 -470.987111 6.210559
v 77.646434 -469.389684 7.443947
v 78.555540 -469.150312 9.018563
v 79.349642 -470.067262 10.393988
v 79.700543 -471.761564 11.001767
v 79.463219 -473.532975 10.590710
v 78.735754 -474.649382 9.330703
v 86.138563 -471.350519 4.020477
v 84.933640 -470.810450 4.736555
v 83.695385 -470.332996 5.469510
v 82.420725 -469.923928 6.220899
v 81.426731 -469.660472 6.804740
v 80.411645 -469.436636 7.399262
v 79.376888 -469.249751 8.003743
v 78.323947 -469.097026 8.617432
v 78.333098 -469.097684 8.633283
v 79.392404 -469.250945 8.030617
v 81.612556 -469.703226 7.126598
v 82.585149 -469.961759 6.505690
v 83.826581 -470.363182 5.696749
v 85.026054 -470.831713 4.896619
v 86.187107 -471.361688 4.104558
v 79.596076 -469.300182 8.383387
v 78.779699 -469.278336 9.406819
v 79.808228 -469.421348 8.750845
v 80.813111 -469.596349 8.094621
v 81.792416 -469.805950 7.438126
v 82.744296 -470.052653 6.781341
v 83.953567 -470.435707 5.916694
v 85.115501 -470.882799 5.051546
v 86.234092 -471.388523 4.185939
v 78.067994 -474.769896 8.174110
v 79.134647 -474.618744 7.584168
v 80.186181 -474.433783 7.008746
v 81.221361 -474.212251 6.449029
v 82.239006 -473.951506 5.906153
v 83.550390 -473.546649 5.218370
v 84.831507 -473.074110 4.559655
v 86.084913 -472.539600 3.927553
v 77.863241 -474.677938 7.819466
v 78.940861 -474.531712 7.248521
v 80.005816 -474.352778 6.696345
v 81.057071 -474.138466 6.164471
v 82.093636 -473.886219 5.654365
v 83.434397 -473.494555 5.017466
v 84.749804 -473.037415 4.418140
v 86.041995 -472.520325 3.853217
v 78.582748 -474.192962 6.628251
v 79.672505 -474.037490 6.119034
v 80.753466 -473.851277 5.638612
v 81.824996 -473.632104 5.189066
v 83.220046 -473.291794 4.646199
v 84.598817 -472.894593 4.156624
v 85.962683 -472.445301 3.715845
v 86.000956 -472.488663 3.782134
v 84.671677 -472.977141 4.282820
v 83.323483 -473.408986 4.825356
v 81.954630 -473.778977 5.413599
v 80.899973 -474.017267 5.892368
v 79.833346 -474.219720 6.397619
v 78.755557 -474.388753 6.927566
v 78.289222 -473.660889 6.119850
v 79.399308 -473.542267 5.645843
v 80.504618 -473.400191 5.207594
v 81.604806 -473.232967 4.807686
v 83.044354 -472.973318 4.341891
v 84.475062 -472.670262 3.942273
v 85.897675 -472.327462 3.603248
v 85.928006 -472.391177 3.655782
v 84.532802 -472.791556 4.042283
v 83.126327 -473.145516 4.483872
v 81.707541 -473.448777 4.985628
v 80.620724 -473.644090 5.408695
v 79.526774 -473.810031 5.866620
v 78.426173 -473.948577 6.357055
v 77.319422 -474.061799 6.877545
v 76.959533 -473.039792 6.254198
v 78.085562 -472.981316 5.767099
v 79.209753 -472.909760 5.317523
v 80.331957 -472.824055 4.908536
v 81.452029 -472.723181 4.543069
v 82.922451 -472.566553 4.130749
v 84.389195 -472.383742 3.793548
v 85.852570 -472.176956 3.525124
v 85.872347 -472.255536 3.559379
v 84.426845 -472.533336 3.858759
v 82.975901 -472.778928 4.223328
v 81.519017 -472.989343 4.659095
v 80.407663 -473.124860 5.039663
v 79.292867 -473.239996 5.461480
v 78.174860 -473.336125 5.921768
v 77.053885 -473.414683 6.417621
v 76.893706 -472.641269 6.140182
v 78.023261 -472.604141 5.659191
v 79.151767 -472.558707 5.217089
v 80.279139 -472.504290 4.817052
v 81.405294 -472.440241 4.462121
v 82.885161 -472.340792 4.066160
v 84.362928 -472.224718 3.748052
v 85.838772 -472.093422 3.501225
v 76.852679 -471.808163 6.069122
v 77.984431 -471.815661 5.591937
v 79.115627 -471.824836 5.154492
v 80.246220 -471.835825 4.760035
v 81.376166 -471.848759 4.411670
v 82.861919 -471.868842 4.025905
v 84.346557 -471.892282 3.719696
v 85.830173 -471.918796 3.486330
v 85.831252 -472.006743 3.488200
v 84.348612 -472.059708 3.723256
v 82.864837 -472.106531 4.030958
v 81.379822 -472.146649 4.418003
v 80.250352 -472.172486 4.767192
v 79.120164 -472.194437 5.162350
v 77.989306 -472.212765 5.600379
v 78.061716 -471.038590 5.725797
v 79.187559 -471.101583 5.279082
v 80.311741 -471.177032 4.873521
v 81.434141 -471.265835 4.512086
v 82.908178 -471.403720 4.106028
v 84.379141 -471.564655 3.776134
v 85.847289 -471.746697 3.515977
v 85.835557 -471.831484 3.495656
v 84.356807 -471.726065 3.737450
v 82.876471 -471.632868 4.051110
v 81.394404 -471.553021 4.443259
v 80.266831 -471.501595 4.795735
v 79.138255 -471.457904 5.193686
v 78.008744 -471.421425 5.634047
v 77.131649 -470.248822 6.552313
v 78.248459 -470.339848 6.049245
v 79.361368 -470.451235 5.580128
v 80.470059 -470.584646 5.147736
v 81.574227 -470.741671 4.754722
v 83.019955 -470.985483 4.299630
v 84.457875 -471.270054 3.912505
v 85.888647 -471.591945 3.587611
v 85.865115 -471.666270 3.546851
v 84.413075 -471.411547 3.834910
v 82.956354 -471.186356 4.189470
v 81.494518 -470.993419 4.616662
v 80.379976 -470.869160 4.991707
v 79.262470 -470.763588 5.408832
v 78.142202 -470.675444 5.865203
v 77.019379 -470.603412 6.357854
v 77.446480 -469.629379 7.097616
v 78.546425 -469.753587 6.565338
v 79.638698 -469.905577 6.060478
v 80.722672 -470.087619 5.585275
v 81.797748 -470.301884 5.141872
v 83.198305 -470.634571 4.608542
v 84.583503 -471.022876 4.130099
v 85.954639 -471.462105 3.701911
v 85.917378 -471.525330 3.637375
v 84.512571 -471.143240 4.007240
v 83.097604 -470.805448 4.434123
v 81.671543 -470.516038 4.923278
v 80.580041 -470.329646 5.338231
v 79.482111 -470.171285 5.789262
v 78.378186 -470.039067 6.273940
v 77.268720 -469.931017 6.789726
v 78.735668 -469.526731 6.893117
v 79.814835 -469.694433 6.365555
v 80.883111 -469.895293 5.863163
v 81.939710 -470.131706 5.387757
v 83.311578 -470.498785 4.804736
v 84.663291 -470.927230 4.268296
v 85.996551 -471.411862 3.774505
v 78.091107 -469.119904 8.214142
v 79.156521 -469.271403 7.622056
v 80.206540 -469.456788 7.044009
v 81.239906 -469.678828 6.481150
v 82.255415 -469.940170 5.934574
v 83.563483 -470.345956 5.241048
v 84.840730 -470.819579 4.575629
v 86.089758 -471.355314 3.935944
v 86.041995 -471.375946 3.853217
v 84.749804 -470.858855 4.418140
v 83.434397 -470.401715 5.017466
v 82.093636 -470.010052 5.654365
v 81.057071 -469.757805 6.164471
v 80.005816 -469.543492 6.696345
v 78.940861 -469.364559 7.248521
v 77.863241 -469.218333 7.819466
v 79.182125 -469.743018 10.103842
v 80.189098 -469.861138 9.410530
v 81.167602 -470.005680 8.708618
v 82.115314 -470.178800 7.997401
v 83.030008 -470.382564 7.276208
v 84.181539 -470.698947 6.311554
v 85.276082 -471.068222 5.329680
v 86.318444 -471.485924 4.332041
v 86.278265 -471.430307 4.262449
v 85.199592 -470.962343 5.197197
v 84.072949 -470.548634 6.123470
v 82.893915 -470.194181 7.040488
v 81.961508 -469.965899 7.731002
v 80.998747 -469.771948 8.416153
v 80.007678 -469.610014 9.096303
v 78.990438 -469.477680 9.771829
v 80.347640 -470.168014 9.685135
v 81.315165 -470.291301 8.964203
v 82.249725 -470.438966 8.230208
v 83.148939 -470.612768 7.482203
v 84.276436 -470.882630 6.475920
v 85.342926 -471.197606 5.445458
v 86.353557 -471.553888 4.392858
v 79.595025 -470.856479 10.819005
v 80.579879 -470.914955 10.087384
v 81.531319 -470.986511 9.338594
v 82.446615 -471.072215 8.571231
v 83.323155 -471.173090 7.783953
v 84.415445 -471.329717 6.716690
v 85.440842 -471.512529 5.615054
v 86.404992 -471.719315 4.481945
v 86.382665 -471.632384 4.443275
v 85.398340 -471.347039 5.541437
v 84.355105 -471.094775 6.612179
v 83.247533 -470.878644 7.652973
v 82.361151 -470.739446 8.423203
v 81.437493 -470.621183 9.176082
v 80.479071 -470.522442 9.912780
v 79.488511 -470.441750 10.634518
v 79.666337 -471.300369 10.942521
v 80.647372 -471.335068 10.204284
v 81.594137 -471.377528 9.447398
v 82.503834 -471.428383 8.670338
v 83.373784 -471.488240 7.871646
v 84.455843 -471.581179 6.786661
v 85.469298 -471.689656 5.664341
v 86.419939 -471.812358 4.507835
v 79.696729 -472.227743 10.995161
v 80.676135 -472.212765 10.254105
v 81.620909 -472.194437 9.493768
v 82.528219 -472.172486 8.712575
v 83.395361 -472.146649 7.909019
v 84.473060 -472.106531 6.816482
v 85.481425 -472.059708 5.685346
v 86.426309 -472.006743 4.518869
v 86.427109 -471.909028 4.520254
v 85.482947 -471.873687 5.687982
v 84.475220 -471.842444 6.820224
v 83.398070 -471.815675 7.913710
v 82.531280 -471.798435 8.717876
v 81.624269 -471.783787 9.499587
v 80.679745 -471.771558 10.260357
v 79.576460 -473.125438 10.786850
v 80.562309 -473.062374 10.056952
v 81.514966 -472.985204 9.310269
v 82.431719 -472.892776 8.545431
v 83.309974 -472.783987 7.761124
v 84.404928 -472.615072 6.698474
v 85.433434 -472.417917 5.602223
v 86.401100 -472.194908 4.475205
v 86.417562 -472.102893 4.503718
v 85.464772 -472.242748 5.656503
v 84.449418 -472.366388 6.775534
v 83.365733 -472.472319 7.857700
v 82.494734 -472.540543 8.654577
v 81.584147 -472.598508 9.430095
v 80.636638 -472.646903 10.185694
v 79.654996 -472.686452 10.922878
v 80.455134 -473.448081 9.871319
v 81.415213 -473.344197 9.137493
v 82.340857 -473.219774 8.388053
v 83.229576 -473.073327 7.621870
v 84.340777 -472.845939 6.587362
v 85.388247 -472.580538 5.523957
v 86.377364 -472.280331 4.434093
v 79.145566 -474.211284 10.040519
v 80.154497 -474.090055 9.350600
v 81.135398 -473.941709 8.652838
v 82.085979 -473.764033 7.946592
v 83.004052 -473.554907 7.231251
v 84.160829 -473.230198 6.275682
v 85.261493 -472.851205 5.304413
v 86.310781 -472.422510 4.318768
v 86.346987 -472.356880 4.381479
v 85.330419 -472.726265 5.423795
v 84.258680 -473.052824 6.445165
v 83.126686 -473.332609 7.443659
v 82.224575 -473.512802 8.186646
v 81.287554 -473.665897 8.916380
v 80.317975 -473.793718 9.633753
v 79.318297 -473.898175 10.339698
v 78.949640 -474.463936 9.701166
v 79.969066 -474.329173 9.029425
v 80.962810 -474.164267 8.353907
v 81.928773 -473.966755 7.674303
v 82.864950 -473.734283 6.990319
v 84.049838 -473.373324 6.083440
v 85.183313 -472.952021 5.169000
v 86.269714 -472.475468 4.247637
v 78.509620 -474.762670 8.939027
v 79.552616 -474.611905 8.308111
v 80.575202 -474.427417 7.682550
v 81.575711 -474.206453 7.062781
v 82.552547 -473.946376 6.449222
v 83.800568 -473.542555 5.651692
v 85.007730 -473.071226 4.864882
v 86.177481 -472.538085 4.087886
v 86.224881 -472.514339 4.169985
v 85.097965 -473.026021 5.021173
v 83.928672 -473.478379 5.873575
v 82.713096 -473.865945 6.727301
v 81.757155 -474.115554 7.377052
v 80.774400 -474.327624 8.027571
v 79.766636 -474.504686 8.678806
vt -0.000000 0.100000 0.000000
vt -0.158455 0.100000 0.000000
vt 0.000000 0.000000 0.000000
vt -0.176492 0.009902 0.000000
vt -0.176492 0.000000 0.000000
vt -0.000000 0.000000 0.000000
vt -0.000000 0.009902 0.000000
vt -0.072531 0.000000 0.000000
vt -0.022792 0.053496 0.000000
vt -0.040665 0.100000 0.000000
vt -0.072531 0.100000 0.000000
vt -0.111389 -0.000000 0.000000
vt 0.000000 0.000000 0.000000
vt -0.111389 0.100000 0.000000
vt 0.000000 0.100000 0.000000
vt -0.207660 0.000000 0.000000
vt 0.000000 0.000000 0.000000
vt -0.207660 0.100000 0.000000
vt 0.000000 0.100000 0.000000
vt -0.148107 -0.000000 0.000000
vt -0.000000 0.000000 0.000000
vt -0.148107 0.100000 0.000000
vt -0.000000 0.100000 0.000000
vt -0.056694 0.000000 0.000000
vt -0.000000 0.000000 0.000000
vt -0.056694 0.100000 0.000000
vt 0.000000 0.100000 0.000000
vt -0.796148 0.068612 0.000000
vt -0.800000 0.000000 0.000000
vt -0.429738 0.083412 0.000000
vt -0.796148 -0.068612 0.000000
vt -0.352117 -0.054886 0.000000
vt -0.784628 -0.136563 0.000000
vt -0.363250 -0.179231 0.000000
vt -0.765552 -0.203199 0.000000
vt -0.739104 -0.267878 0.000000
vt -0.705537 -0.329978 0.000000
vt -0.665176 -0.388899 0.000000
vt -0.618408 -0.444075 0.000000
vt -0.565685 -0.494975 0.000000
vt -0.507515 -0.541107 0.000000
vt -0.444456 -0.582029 0.000000
vt -0.090256 -0.332869 0.000000
vt -0.377117 -0.617345 0.000000
vt -0.306147 -0.646716 0.000000
vt -0.232228 -0.669858 0.000000
vt -0.156072 -0.686550 0.000000
vt -0.078414 -0.696629 0.000000
vt -0.000000 -0.700000 0.000000
vt 0.078414 -0.696629 0.000000
vt 0.156072 -0.686550 0.000000
vt 0.232228 -0.669858 0.000000
vt 0.301602 -0.272994 0.000000
vt 0.306147 -0.646716 0.000000
vt 0.377117 -0.617345 0.000000
vt 0.444456 -0.582029 0.000000
vt 0.507515 -0.541107 0.000000
vt 0.565685 -0.494975 0.000000
vt 0.618408 -0.444075 0.000000
vt 0.665176 -0.388899 0.000000
vt 0.705537 -0.329978 0.000000
vt 0.739104 -0.267878 0.000000
vt 0.765552 -0.203199 0.000000
vt 0.248069 -0.121567 0.000000
vt 0.274884 -0.039669 0.000000
vt 0.784628 -0.136563 0.000000
vt 0.796148 -0.068612 0.000000
vt 0.800000 0.000000 0.000000
vt 0.796148 0.068612 0.000000
vt 0.784628 0.136563 0.000000
vt 0.765552 0.203199 0.000000
vt 0.739104 0.267878 0.000000
vt 0.159655 0.119920 0.000000
vt 0.705537 0.329978 0.000000
vt 0.140121 0.229582 0.000000
vt 0.665176 0.388899 0.000000
vt 0.618408 0.444075 0.000000
vt 0.565685 0.494975 0.000000
vt 0.507515 0.541107 0.000000
vt 0.444456 0.582029 0.000000
vt 0.377117 0.617345 0.000000
vt 0.306147 0.646716 0.000000
vt 0.232228 0.669858 0.000000
vt 0.156072 0.686550 0.000000
vt -0.061415 0.279643 0.000000
vt 0.078414 0.696629 0.000000
vt -0.000000 0.700000 0.000000
vt -0.208053 0.397187 0.000000
vt -0.078414 0.696629 0.000000
vt -0.156072 0.686550 0.000000
vt -0.232228 0.669858 0.000000
vt -0.306147 0.646716 0.000000
vt -0.377117 0.617345 0.000000
vt -0.444456 0.582029 0.000000
vt -0.507515 0.541107 0.000000
vt -0.565685 0.494975 0.000000
vt -0.618408 0.444075 0.000000
vt -0.224302 0.227955 0.000000
vt -0.173520 0.253162 0.000000
vt -0.665176 0.388899 0.000000
vt -0.705537 0.329978 0.000000
vt -0.739104 0.267878 0.000000
vt -0.765552 0.203199 0.000000
vt -0.784628 0.136563 0.000000
vt -0.123557 0.242236 0.000000
vt -0.000000 0.100000 0.000000
vt -0.196841 0.100000 0.000000
vt -0.000000 0.000000 0.000000
vt -0.196841 -0.000000 0.000000
vt -0.000000 0.100000 0.000000
vt -0.086176 0.100000 0.000000
vt -0.000000 0.000000 0.000000
vt -0.086176 -0.000000 0.000000
vt -0.000000 0.100000 0.000000
vt -0.160611 0.100000 0.000000
vt -0.000000 0.000000 0.000000
vt -0.160611 0.000000 0.000000
vt 0.000000 0.100000 0.000000
vt -0.396405 0.100000 0.000000
vt -0.000000 0.000000 0.000000
vt -0.396405 -0.000000 0.000000
vt 0.000000 0.100000 0.000000
vt -0.313258 0.100000 0.000000
vt 0.000000 0.000000 0.000000
vt -0.313258 -0.000000 0.000000
vt 0.000000 0.100000 0.000000
vt -0.124842 0.100000 0.000000
vt -0.000000 0.000000 0.000000
vt -0.124842 0.000000 0.000000
vt 0.000000 0.100000 0.000000
vt -0.158593 0.100000 0.000000
vt 0.000000 0.000000 0.000000
vt -0.158593 0.000000 0.000000
vt 0.000000 0.100000 0.000000
vt -0.251190 0.100000 0.000000
vt -0.000000 0.000000 0.000000
vt -0.251190 -0.000000 0.000000
vt -0.100000 2.130393 0.000000
vt 0.000000 2.130393 0.000000
vt -0.100000 2.199115 0.000000
vt 0.000000 2.199115 0.000000
vt -0.100000 -2.199115 0.000000
vt 0.000000 -2.199115 0.000000
vt -0.100000 -2.130393 0.000000
vt 0.000000 -2.130393 0.000000
vt 0.000000 -2.061670 0.000000
vt -0.100000 2.061670 0.000000
vt 0.000000 2.061670 0.000000
vt -0.000000 1.992948 0.000000
vt -0.100000 1.992948 0.000000
vt -0.100000 1.924226 0.000000
vt 0.000000 1.924226 0.000000
vt -0.100000 1.855503 0.000000
vt -0.000000 1.855503 0.000000
vt -0.000000 1.786781 0.000000
vt -0.100000 1.786781 0.000000
vt -0.100000 1.718059 0.000000
vt -0.000000 1.718059 0.000000
vt -0.100000 1.649336 0.000000
vt -0.000000 1.649336 0.000000
vt 0.000000 1.580614 0.000000
vt -0.100000 1.580614 0.000000
vt -0.100000 1.511891 0.000000
vt -0.000000 1.511891 0.000000
vt -0.100000 1.443169 0.000000
vt 0.000000 1.443169 0.000000
vt -0.000000 1.374447 0.000000
vt -0.100000 1.374447 0.000000
vt -0.100000 1.305724 0.000000
vt -0.100000 1.237002 0.000000
vt 0.000000 1.237002 0.000000
vt -0.000000 1.305724 0.000000
vt -0.100000 1.168280 0.000000
vt -0.000000 1.168280 0.000000
vt -0.100000 1.099557 0.000000
vt -0.000000 1.099557 0.000000
vt 0.000000 1.030835 0.000000
vt -0.100000 1.030835 0.000000
vt -0.100000 0.962113 0.000000
vt 0.000000 0.962113 0.000000
vt -0.100000 0.893390 0.000000
vt -0.000000 0.893390 0.000000
vt -0.000000 0.824668 0.000000
vt -0.100000 0.824668 0.000000
vt -0.100000 0.755946 0.000000
vt 0.000000 0.755946 0.000000
vt -0.100000 0.687223 0.000000
vt 0.000000 0.687223 0.000000
vt 0.000000 0.618501 0.000000
vt -0.100000 0.618501 0.000000
vt -0.100000 0.549779 0.000000
vt 0.000000 0.549779 0.000000
vt -0.100000 0.481056 0.000000
vt -0.000000 0.481056 0.000000
vt -0.000000 0.412334 0.000000
vt -0.100000 0.412334 0.000000
vt -0.100000 0.343612 0.000000
vt -0.100000 0.274889 0.000000
vt -0.000000 0.274889 0.000000
vt 0.000000 0.343612 0.000000
vt -0.100000 0.206167 0.000000
vt -0.000000 0.206167 0.000000
vt -0.100000 0.137445 0.000000
vt -0.000000 0.137445 0.000000
vt 0.000000 0.068722 0.000000
vt -0.100000 0.068722 0.000000
vt -0.100000 0.000000 0.000000
vt -0.000000 0.000000 0.000000
vt -0.100000 -0.068722 0.000000
vt 0.000000 -0.068722 0.000000
vt -0.000000 -0.137445 0.000000
vt -0.100000 -0.137445 0.000000
vt -0.100000 -0.206167 0.000000
vt -0.000000 -0.206167 0.000000
vt -0.100000 -0.274889 0.000000
vt -0.000000 -0.274889 0.000000
vt 0.000000 -0.343612 0.000000
vt -0.100000 -0.343612 0.000000
vt -0.100000 -0.412334 0.000000
vt -0.100000 -0.481056 0.000000
vt -0.000000 -0.481056 0.000000
vt -0.000000 -0.412334 0.000000
vt -0.100000 -0.549779 0.000000
vt 0.000000 -0.549779 0.000000
vt -0.100000 -0.618501 0.000000
vt 0.000000 -0.618501 0.000000
vt 0.000000 -0.687223 0.000000
vt -0.100000 -0.687223 0.000000
vt -0.100000 -0.755946 0.000000
vt 0.000000 -0.755946 0.000000
vt -0.100000 -0.824668 0.000000
vt -0.000000 -0.824668 0.000000
vt -0.000000 -0.893390 0.000000
vt -0.100000 -0.893390 0.000000
vt -0.100000 -0.962113 0.000000
vt 0.000000 -0.962113 0.000000
vt -0.100000 -1.030835 0.000000
vt 0.000000 -1.030835 0.000000
vt -0.000000 -1.099557 0.000000
vt -0.100000 -1.099557 0.000000
vt -0.100000 -1.168280 0.000000
vt -0.000000 -1.168280 0.000000
vt -0.100000 -1.237002 0.000000
vt 0.000000 -1.237002 0.000000
vt -0.000000 -1.305724 0.000000
vt -0.100000 -1.305724 0.000000
vt -0.100000 -1.374447 0.000000
vt -0.100000 -1.443169 0.000000
vt 0.000000 -1.443169 0.000000
vt -0.000000 -1.374447 0.000000
vt -0.100000 -1.511891 0.000000
vt -0.000000 -1.511891 0.000000
vt -0.100000 -1.580614 0.000000
vt 0.000000 -1.580614 0.000000
vt -0.000000 -1.649336 0.000000
vt -0.100000 -1.649336 0.000000
vt -0.100000 -1.718059 0.000000
vt -0.000000 -1.718059 0.000000
vt -0.100000 -1.786781 0.000000
vt -0.000000 -1.786781 0.000000
vt -0.000000 -1.855503 0.000000
vt -0.100000 -1.855503 0.000000
vt -0.100000 -1.924226 0.000000
vt 0.000000 -1.924226 0.000000
vt -0.100000 -1.992948 0.000000
vt -0.000000 -1.992948 0.000000
vt -0.100000 -2.061670 0.000000
vt 0.132192 0.258072 0.000000
vt 0.208053 0.397187 0.000000
vt 0.088717 0.263208 0.000000
vt 0.061415 0.279643 0.000000
vt 0.000000 0.700000 0.000000
vt -0.078414 0.696629 0.000000
vt 0.173520 0.253162 0.000000
vt 0.224302 0.227955 0.000000
vt 0.618408 0.444075 0.000000
vt 0.565685 0.494975 0.000000
vt 0.665176 0.388899 0.000000
vt 0.429738 0.083412 0.000000
vt 0.705537 0.329978 0.000000
vt 0.739104 0.267878 0.000000
vt 0.765552 0.203199 0.000000
vt 0.784628 0.136563 0.000000
vt 0.796148 0.068612 0.000000
vt 0.800000 0.000000 0.000000
vt 0.796148 -0.068612 0.000000
vt 0.352117 -0.054886 0.000000
vt 0.784628 -0.136563 0.000000
vt 0.363250 -0.179231 0.000000
vt 0.765552 -0.203199 0.000000
vt 0.739104 -0.267878 0.000000
vt 0.705537 -0.329978 0.000000
vt 0.665176 -0.388899 0.000000
vt 0.618408 -0.444075 0.000000
vt 0.565685 -0.494975 0.000000
vt 0.507515 -0.541107 0.000000
vt 0.444456 -0.582029 0.000000
vt 0.090256 -0.332869 0.000000
vt 0.377117 -0.617345 0.000000
vt 0.306147 -0.646716 0.000000
vt 0.232228 -0.669858 0.000000
vt 0.156072 -0.686550 0.000000
vt 0.078414 -0.696629 0.000000
vt 0.000000 -0.700000 0.000000
vt -0.078414 -0.696629 0.000000
vt -0.156072 -0.686550 0.000000
vt -0.232228 -0.669858 0.000000
vt -0.301602 -0.272994 0.000000
vt -0.306147 -0.646716 0.000000
vt -0.377117 -0.617345 0.000000
vt -0.444456 -0.582029 0.000000
vt -0.507515 -0.541107 0.000000
vt -0.565685 -0.494975 0.000000
vt -0.618408 -0.444075 0.000000
vt -0.665176 -0.388899 0.000000
vt -0.705537 -0.329978 0.000000
vt -0.739104 -0.267878 0.000000
vt -0.765552 -0.203199 0.000000
vt -0.248069 -0.121567 0.000000
vt -0.274884 -0.039669 0.000000
vt -0.159655 0.119920 0.000000
vt -0.739104 0.267878 0.000000
vt -0.765552 0.203199 0.000000
vt -0.784628 0.136563 0.000000
vt -0.705537 0.329978 0.000000
vt -0.140121 0.229582 0.000000
vt -0.665176 0.388899 0.000000
vt -0.618408 0.444075 0.000000
vt -0.565685 0.494975 0.000000
vt -0.507515 0.541107 0.000000
vt -0.444456 0.582029 0.000000
vt -0.377117 0.617345 0.000000
vt -0.306147 0.646716 0.000000
vt -0.232228 0.669858 0.000000
vt -0.156072 0.686550 0.000000
vt 0.507515 0.541107 0.000000
vt 0.444456 0.582029 0.000000
vt 0.377117 0.617345 0.000000
vt 0.306147 0.646716 0.000000
vt 0.232228 0.669858 0.000000
vt 0.156072 0.686550 0.000000
vt 0.078414 0.696629 0.000000
vt -0.796148 0.068612 0.000000
vt -0.800000 0.000000 0.000000
vt -0.796148 -0.068612 0.000000
vt -0.784628 -0.136563 0.000000
vt 0.250000 0.078540 0.000000
vt -0.250000 0.078540 0.000000
vt 0.250000 0.000000 0.000000
vt -0.250000 0.000000 0.000000
vt 0.250000 -0.078540 0.000000
vt -0.250000 -0.078540 0.000000
vt 0.250000 -0.157080 0.000000
vt -0.250000 -0.157080 0.000000
vt 0.250000 -0.235619 0.000000
vt -0.250000 -0.235619 0.000000
vt 0.250000 -0.314159 0.000000
vt -0.250000 -0.314159 0.000000
vt 0.250000 -0.392699 0.000000
vt -0.250000 -0.392699 0.000000
vt 0.250000 -0.471239 0.000000
vt -0.250000 -0.471239 0.000000
vt 0.250000 -0.549779 0.000000
vt -0.250000 -0.549779 0.000000
vt 0.250000 -0.628319 0.000000
vt -0.250000 -0.628319 0.000000
vt 0.250000 -0.706858 0.000000
vt -0.250000 -0.706858 0.000000
vt 0.250000 -0.785398 0.000000
vt -0.250000 -0.785398 0.000000
vt 0.250000 -0.863938 0.000000
vt -0.250000 -0.863938 0.000000
vt 0.250000 -0.942478 0.000000
vt -0.250000 -0.942478 0.000000
vt 0.250000 0.942478 0.000000
vt -0.250000 0.942478 0.000000
vt 0.250000 0.863938 0.000000
vt -0.250000 0.863938 0.000000
vt 0.250000 0.785398 0.000000
vt -0.250000 0.785398 0.000000
vt 0.250000 0.706858 0.000000
vt -0.250000 0.706858 0.000000
vt 0.250000 0.628319 0.000000
vt -0.250000 0.628319 0.000000
vt 0.250000 0.549779 0.000000
vt -0.250000 0.549779 0.000000
vt 0.250000 0.471239 0.000000
vt -0.250000 0.471239 0.000000
vt 0.250000 0.392699 0.000000
vt -0.250000 0.392699 0.000000
vt 0.250000 0.314159 0.000000
vt -0.250000 0.314159 0.000000
vt 0.250000 0.235619 0.000000
vt -0.250000 0.235619 0.000000
vt 0.250000 0.157080 0.000000
vt -0.250000 0.157080 0.000000
vt -0.386330 0.661830 0.000000
vt -0.383554 0.642892 0.000000
vt -0.341937 0.645886 0.000000
vt -0.266013 0.642892 0.000000
vt -0.266013 0.645221 0.000000
vt -0.148473 0.644192 0.000000
vt -0.148473 0.676031 0.000000
vt 0.000000 0.636264 0.000000
vt 0.000000 0.689286 0.000000
vt -0.427782 0.682298 0.000000
vt -0.501095 0.676031 0.000000
vt -0.501095 0.642892 0.000000
vt -0.383554 0.609753 0.000000
vt -0.266013 0.609753 0.000000
vt -0.266013 0.576614 0.000000
vt -0.148473 0.576614 0.000000
vt -0.148473 0.543476 0.000000
vt 0.000000 0.583242 0.000000
vt 0.000000 0.530220 0.000000
vt -0.148473 0.510337 0.000000
vt 0.000000 0.477198 0.000000
vt -0.148473 0.477198 0.000000
vt -0.148473 0.447373 0.000000
vt -0.266013 0.477198 0.000000
vt -0.266013 0.447373 0.000000
vt -0.383554 0.477198 0.000000
vt -0.383554 0.447373 0.000000
vt -0.501095 0.477198 0.000000
vt -0.501095 0.447373 0.000000
vt -0.618635 0.477198 0.000000
vt -0.618635 0.447373 0.000000
vt -0.773294 0.477198 0.000000
vt -0.773294 0.447373 0.000000
vt -0.927953 0.477198 0.000000
vt -0.927953 0.447373 0.000000
vt -1.082612 0.477198 0.000000
vt -1.082612 0.447373 0.000000
vt -1.237271 0.477198 0.000000
vt -0.338212 0.680078 0.000000
vt -0.383554 0.709169 0.000000
vt -0.501095 0.709169 0.000000
vt -0.618635 0.709169 0.000000
vt -0.618635 0.676031 0.000000
vt -0.773294 0.709169 0.000000
vt -0.773294 0.676031 0.000000
vt -0.927953 0.709169 0.000000
vt -0.927953 0.676031 0.000000
vt -1.082612 0.709169 0.000000
vt -1.082612 0.676031 0.000000
vt -1.237271 0.709169 0.000000
vt -0.266013 0.676031 0.000000
vt -0.266013 0.709169 0.000000
vt -0.383554 0.742308 0.000000
vt -0.501095 0.742308 0.000000
vt -0.501095 0.775447 0.000000
vt -0.618635 0.775447 0.000000
vt -0.618635 0.808586 0.000000
vt -0.773294 0.808586 0.000000
vt -0.773294 0.841724 0.000000
vt -0.927953 0.841724 0.000000
vt -0.927953 0.874863 0.000000
vt -1.082612 0.874863 0.000000
vt -1.082612 0.908002 0.000000
vt -1.237271 0.908002 0.000000
vt -1.237271 0.029825 0.000000
vt -1.082612 0.000000 0.000000
vt -1.082612 0.029825 0.000000
vt -0.927953 0.000000 0.000000
vt -0.927953 0.029825 0.000000
vt -0.773294 0.000000 0.000000
vt -0.773294 0.029825 0.000000
vt -0.618635 0.000000 0.000000
vt -0.618635 0.029825 0.000000
vt -0.501095 0.029825 0.000000
vt -0.618635 0.059650 0.000000
vt -0.501095 0.059650 0.000000
vt -0.618635 0.089475 0.000000
vt -0.501095 0.089475 0.000000
vt -0.618635 0.119300 0.000000
vt -0.501095 0.119300 0.000000
vt -0.618635 0.149124 0.000000
vt -0.501095 0.149124 0.000000
vt -0.618635 0.178949 0.000000
vt -0.501095 0.178949 0.000000
vt -0.618635 0.208774 0.000000
vt -0.501095 0.208774 0.000000
vt -0.618635 0.238599 0.000000
vt -0.501095 0.238599 0.000000
vt -0.618635 0.268424 0.000000
vt -0.501095 0.268424 0.000000
vt -0.618635 0.298249 0.000000
vt -0.501095 0.298249 0.000000
vt -0.618635 0.328074 0.000000
vt -0.501095 0.328074 0.000000
vt -0.618635 0.357899 0.000000
vt -0.501095 0.357899 0.000000
vt -0.618635 0.387723 0.000000
vt -0.501095 0.387723 0.000000
vt -0.618635 0.417548 0.000000
vt -0.501095 0.417548 0.000000
vt -0.463977 0.000000 0.000000
vt -0.383554 0.029825 0.000000
vt -0.383554 0.059650 0.000000
vt -0.383554 0.089475 0.000000
vt -0.383554 0.119300 0.000000
vt -0.383554 0.149124 0.000000
vt -0.383554 0.178949 0.000000
vt -0.383554 0.208774 0.000000
vt -0.383554 0.238599 0.000000
vt -0.383554 0.268424 0.000000
vt -0.383554 0.298249 0.000000
vt -0.383554 0.328074 0.000000
vt -0.383554 0.357899 0.000000
vt -0.383554 0.387723 0.000000
vt -0.383554 0.417548 0.000000
vt -0.309318 0.000000 0.000000
vt -0.266013 0.029825 0.000000
vt -0.266013 0.059650 0.000000
vt -0.266013 0.089475 0.000000
vt -0.266013 0.119300 0.000000
vt -0.266013 0.149124 0.000000
vt -0.266013 0.178949 0.000000
vt -0.266013 0.208774 0.000000
vt -0.266013 0.238599 0.000000
vt -0.266013 0.268424 0.000000
vt -0.266013 0.298249 0.000000
vt -0.266013 0.328074 0.000000
vt -0.266013 0.357899 0.000000
vt -0.266013 0.387723 0.000000
vt -0.266013 0.417548 0.000000
vt -0.154659 0.000000 0.000000
vt -0.148473 0.029825 0.000000
vt -0.148473 0.059650 0.000000
vt -0.148473 0.089475 0.000000
vt -0.148473 0.119300 0.000000
vt -0.148473 0.149124 0.000000
vt -0.148473 0.178949 0.000000
vt -0.148473 0.208774 0.000000
vt -0.148473 0.238599 0.000000
vt -0.148473 0.268424 0.000000
vt -0.148473 0.298249 0.000000
vt -0.148473 0.328074 0.000000
vt -0.148473 0.357899 0.000000
vt -0.148473 0.387723 0.000000
vt -0.148473 0.417548 0.000000
vt 0.000000 0.000000 0.000000
vt 0.000000 0.053022 0.000000
vt 0.000000 0.106044 0.000000
vt 0.000000 0.159066 0.000000
vt 0.000000 0.212088 0.000000
vt 0.000000 0.265110 0.000000
vt 0.000000 0.318132 0.000000
vt 0.000000 0.371154 0.000000
vt 0.000000 0.424176 0.000000
vt -0.148473 0.609753 0.000000
vt -0.148473 0.642892 0.000000
vt -0.148473 0.709169 0.000000
vt 0.000000 0.742308 0.000000
vt -0.148473 0.742308 0.000000
vt -0.148473 0.775447 0.000000
vt -0.266013 0.775447 0.000000
vt -0.266013 0.808586 0.000000
vt -0.383554 0.808586 0.000000
vt -0.383554 0.841724 0.000000
vt -0.501095 0.841724 0.000000
vt -0.501095 0.874863 0.000000
vt -0.618635 0.874863 0.000000
vt -0.618635 0.908002 0.000000
vt -0.773294 0.908002 0.000000
vt -0.773294 0.941141 0.000000
vt -0.927953 0.941141 0.000000
vt -0.927953 0.974279 0.000000
vt -1.082612 0.974279 0.000000
vt -1.082612 1.007418 0.000000
vt -1.237271 1.007418 0.000000
vt 0.000000 0.795330 0.000000
vt -0.148473 0.808586 0.000000
vt -0.266013 0.841724 0.000000
vt -0.383554 0.874863 0.000000
vt -0.501095 0.908002 0.000000
vt -0.618635 0.941141 0.000000
vt -0.773294 0.974279 0.000000
vt -0.927953 1.007418 0.000000
vt -1.082612 1.040557 0.000000
vt -1.237271 1.040557 0.000000
vt 0.000000 0.848352 0.000000
vt -0.148473 0.841724 0.000000
vt -0.266013 0.874863 0.000000
vt -0.383554 0.908002 0.000000
vt -0.501095 0.941141 0.000000
vt -0.618635 0.974279 0.000000
vt -0.773294 1.007418 0.000000
vt -0.927953 1.040557 0.000000
vt -1.082612 1.073696 0.000000
vt -1.237271 1.073696 0.000000
vt -0.148473 0.874863 0.000000
vt 0.000000 0.901374 0.000000
vt -0.148473 0.908002 0.000000
vt -0.148473 0.941141 0.000000
vt -0.266013 0.941141 0.000000
vt -0.266013 0.974279 0.000000
vt -0.383554 0.974279 0.000000
vt -0.383554 1.007418 0.000000
vt -0.501095 1.007418 0.000000
vt -0.501095 1.040557 0.000000
vt -0.618635 1.040557 0.000000
vt -0.618635 1.073696 0.000000
vt -0.773294 1.073696 0.000000
vt -0.773294 1.106834 0.000000
vt -0.927953 1.106834 0.000000
vt -0.927953 1.139973 0.000000
vt -1.082612 1.139973 0.000000
vt -1.082612 1.173112 0.000000
vt -1.237271 1.173112 0.000000
vt 0.000000 0.954396 0.000000
vt -0.148473 0.974279 0.000000
vt -0.266013 1.007418 0.000000
vt -0.383554 1.040557 0.000000
vt -0.501095 1.073696 0.000000
vt -0.618635 1.106834 0.000000
vt -0.773294 1.139973 0.000000
vt -0.927953 1.173112 0.000000
vt -1.082612 1.206251 0.000000
vt -1.237271 1.206251 0.000000
vt 0.000000 1.007418 0.000000
vt -0.148473 1.007418 0.000000
vt -0.266013 1.040557 0.000000
vt -0.383554 1.073696 0.000000
vt -0.501095 1.106834 0.000000
vt -0.618635 1.139973 0.000000
vt -0.773294 1.173112 0.000000
vt -0.927953 1.206251 0.000000
vt -1.082612 1.239389 0.000000
vt -1.237271 1.239389 0.000000
vt -0.148473 1.040557 0.000000
vt 0.000000 1.060440 0.000000
vt -0.148473 1.073696 0.000000
vt 0.000000 1.113462 0.000000
vt -0.148473 1.106834 0.000000
vt -0.148473 1.139973 0.000000
vt -0.266013 1.139973 0.000000
vt -0.266013 1.173112 0.000000
vt -0.383554 1.173112 0.000000
vt -0.383554 1.206251 0.000000
vt -0.501095 1.206251 0.000000
vt -0.501095 1.239389 0.000000
vt -0.618635 1.239389 0.000000
vt -0.618635 1.272528 0.000000
vt -0.773294 1.272528 0.000000
vt 0.000000 1.166484 0.000000
vt -0.148473 1.173112 0.000000
vt -0.266013 1.206251 0.000000
vt -0.383554 1.239389 0.000000
vt -0.463977 1.272528 0.000000
vt -0.148473 1.206251 0.000000
vt 0.000000 1.219506 0.000000
vt -0.148473 1.239389 0.000000
vt 0.000000 1.272528 0.000000
vt -0.154659 1.272528 0.000000
vt -0.266013 1.239389 0.000000
vt -0.309318 1.272528 0.000000
vt -0.773294 1.239389 0.000000
vt -0.927953 1.272528 0.000000
vt -0.927953 1.239389 0.000000
vt -1.082612 1.272528 0.000000
vt -1.237271 1.272528 0.000000
vt -1.237271 1.139973 0.000000
vt -1.082612 1.106834 0.000000
vt -1.237271 1.106834 0.000000
vt -1.237271 0.974279 0.000000
vt -1.082612 0.941141 0.000000
vt -1.237271 0.941141 0.000000
vt -1.237271 0.874863 0.000000
vt -1.082612 0.841724 0.000000
vt -1.082612 0.808586 0.000000
vt -1.237271 0.808586 0.000000
vt -1.082612 0.775447 0.000000
vt -1.237271 0.775447 0.000000
vt -1.082612 0.742308 0.000000
vt -1.237271 0.742308 0.000000
vt -1.237271 0.676031 0.000000
vt -1.082612 0.642892 0.000000
vt -1.237271 0.642892 0.000000
vt -1.082612 0.609753 0.000000
vt -1.237271 0.609753 0.000000
vt -1.082612 0.576614 0.000000
vt -1.237271 0.576614 0.000000
vt -1.082612 0.543476 0.000000
vt -1.237271 0.543476 0.000000
vt -1.082612 0.510337 0.000000
vt -1.237271 0.510337 0.000000
vt -1.237271 0.447373 0.000000
vt -1.082612 0.417548 0.000000
vt -1.082612 0.387723 0.000000
vt -1.237271 0.387723 0.000000
vt -1.082612 0.357899 0.000000
vt -1.237271 0.357899 0.000000
vt -1.082612 0.328074 0.000000
vt -1.237271 0.328074 0.000000
vt -1.082612 0.298249 0.000000
vt -1.237271 0.298249 0.000000
vt -1.082612 0.268424 0.000000
vt -1.237271 0.268424 0.000000
vt -1.082612 0.238599 0.000000
vt -1.237271 0.238599 0.000000
vt -1.082612 0.208774 0.000000
vt -1.237271 0.208774 0.000000
vt -1.082612 0.178949 0.000000
vt -1.237271 0.178949 0.000000
vt -1.082612 0.149124 0.000000
vt -1.237271 0.149124 0.000000
vt -1.082612 0.119300 0.000000
vt -1.237271 0.119300 0.000000
vt -1.082612 0.089475 0.000000
vt -1.237271 0.089475 0.000000
vt -1.082612 0.059650 0.000000
vt -1.237271 0.059650 0.000000
vt -0.266013 0.742308 0.000000
vt -0.927953 0.642892 0.000000
vt -0.927953 0.609753 0.000000
vt -0.927953 0.576614 0.000000
vt -0.927953 0.543476 0.000000
vt -0.927953 0.510337 0.000000
vt -0.773294 0.642892 0.000000
vt -0.773294 0.609753 0.000000
vt -0.773294 0.576614 0.000000
vt -0.773294 0.543476 0.000000
vt -0.773294 0.510337 0.000000
vt -0.618635 0.642892 0.000000
vt -0.618635 0.609753 0.000000
vt -0.618635 0.576614 0.000000
vt -0.618635 0.543476 0.000000
vt -0.618635 0.510337 0.000000
vt -0.501095 0.609753 0.000000
vt -0.501095 0.576614 0.000000
vt -0.501095 0.543476 0.000000
vt -0.501095 0.510337 0.000000
vt -0.618635 0.742308 0.000000
vt -0.773294 0.742308 0.000000
vt -0.927953 0.742308 0.000000
vt -0.773294 0.059650 0.000000
vt -0.773294 0.089475 0.000000
vt -0.773294 0.119300 0.000000
vt -0.773294 0.149124 0.000000
vt -0.773294 0.178949 0.000000
vt -0.773294 0.208774 0.000000
vt -0.773294 0.238599 0.000000
vt -0.773294 0.268424 0.000000
vt -0.773294 0.298249 0.000000
vt -0.773294 0.328074 0.000000
vt -0.773294 0.357899 0.000000
vt -0.773294 0.387723 0.000000
vt -0.773294 0.417548 0.000000
vt -0.927953 0.059650 0.000000
vt -0.927953 0.089475 0.000000
vt -0.927953 0.119300 0.000000
vt -0.927953 0.149124 0.000000
vt -0.927953 0.178949 0.000000
vt -0.927953 0.208774 0.000000
vt -0.927953 0.238599 0.000000
vt -0.927953 0.268424 0.000000
vt -0.927953 0.298249 0.000000
vt -0.927953 0.328074 0.000000
vt -0.927953 0.357899 0.000000
vt -0.927953 0.387723 0.000000
vt -0.927953 0.417548 0.000000
vt -1.237271 0.417548 0.000000
vt -0.266013 0.510337 0.000000
vt -0.266013 0.543476 0.000000
vt -0.383554 0.510337 0.000000
vt -0.383554 0.543476 0.000000
vt -0.383554 0.576614 0.000000
vt -0.383554 0.775447 0.000000
vt -0.501095 0.808586 0.000000
vt -0.618635 0.841724 0.000000
vt -0.773294 0.874863 0.000000
vt -0.927953 0.908002 0.000000
vt -0.773294 0.775447 0.000000
vt -0.927953 0.775447 0.000000
vt -0.927953 0.808586 0.000000
vt -1.237271 0.841724 0.000000
vt -0.266013 0.908002 0.000000
vt -0.383554 0.941141 0.000000
vt -0.501095 0.974279 0.000000
vt -0.618635 1.007418 0.000000
vt -0.773294 1.040557 0.000000
vt -0.927953 1.073696 0.000000
vt -0.266013 1.073696 0.000000
vt -0.383554 1.106834 0.000000
vt -0.501095 1.139973 0.000000
vt -0.618635 1.173112 0.000000
vt -0.773294 1.206251 0.000000
vt -0.266013 1.106834 0.000000
vt -0.383554 1.139973 0.000000
vt -0.501095 1.173112 0.000000
vt -0.618635 1.206251 0.000000
vt 0.000000 0.000000 0.000000
vt 0.077646 0.010222 0.000000
vt -0.077646 0.010222 0.000000
vt -0.150000 0.040192 0.000000
vt 0.150000 0.040192 0.000000
vt -0.212132 0.087868 0.000000
vt 0.212132 0.087868 0.000000
vt -0.259808 0.150000 0.000000
vt 0.259808 0.150000 0.000000
vt -0.289778 0.222354 0.000000
vt 0.289778 0.222354 0.000000
vt -0.300000 0.300000 0.000000
vt 0.300000 0.300000 0.000000
vt -0.289778 0.377646 0.000000
vt 0.289778 0.377646 0.000000
vt -0.259808 0.450000 0.000000
vt 0.259808 0.450000 0.000000
vt -0.212132 0.512132 0.000000
vt 0.212132 0.512132 0.000000
vt -0.150000 0.559808 0.000000
vt 0.150000 0.559808 0.000000
vt -0.077646 0.589778 0.000000
vt 0.077646 0.589778 0.000000
vt -0.000000 0.600000 0.000000
vn 0.037104 -0.047876 0.079569
vn 0.037104 -0.047876 0.079569
vn 0.037104 -0.047876 0.079569
vn 0.037104 -0.047876 0.079569
vn 0.037104 -0.047876 0.079569
vn -0.021796 -0.085675 -0.046741
vn -0.021796 -0.085675 -0.046741
vn -0.021796 -0.085675 -0.046741
vn -0.021796 -0.085675 -0.046741
vn -0.021796 -0.085675 -0.046741
vn -0.021796 -0.085675 -0.046741
vn 0.041607 -0.017537 0.089226
vn 0.041607 -0.017537 0.089226
vn 0.041607 -0.017537 0.089226
vn 0.041607 -0.017537 0.089226
vn 0.010188 -0.097051 0.021848
vn 0.010188 -0.097051 0.021848
vn 0.010188 -0.097051 0.021848
vn 0.010188 -0.097051 0.021848
vn -0.041097 0.023316 -0.088133
vn -0.041097 0.023316 -0.088133
vn -0.041097 0.023316 -0.088133
vn -0.041097 0.023316 -0.088133
vn -0.018790 -0.089572 -0.040296
vn -0.018790 -0.089572 -0.040296
vn -0.018790 -0.089572 -0.040296
vn -0.018790 -0.089572 -0.040296
vn 0.090631 0.000000 -0.042262
vn 0.090631 0.000000 -0.042262
vn 0.090631 0.000000 -0.042262
vn 0.090631 0.000000 -0.042262
vn 0.090631 0.000000 -0.042262
vn 0.090631 0.000000 -0.042262
vn 0.090631 0.000000 -0.042262
vn 0.090631 0.000000 -0.042262
vn 0.090631 0.000000 -0.042262
vn 0.090631 0.000000 -0.042262
vn 0.090631 0.000000 -0.042262
vn 0.090631 0.000000 -0.042262
vn 0.090631 0.000000 -0.042262
vn 0.090631 0.000000 -0.042262
vn 0.090631 0.000000 -0.042262
vn 0.090631 0.000000 -0.042262
vn 0.090631 0.000000 -0.042262
vn 0.090631 0.000000 -0.042262
vn 0.090631 0.000000 -0.042262
vn 0.090631 0.000000 -0.042262
vn 0.090631 0.000000 -0.042262
vn 0.090631 0.000000 -0.042262
vn 0.090631 0.000000 -0.042262
vn 0.090631 0.000000 -0.042262
vn 0.090631 0.000000 -0.042262
vn 0.090631 0.000000 -0.042262
vn 0.090631 0.000000 -0.042262
vn 0.090631 0.000000 -0.042262
vn 0.090631 0.000000 -0.042262
vn 0.090631 0.000000 -0.042262
vn 0.090631 0.000000 -0.042262
vn 0.090631 0.000000 -0.042262
vn 0.090631 0.000000 -0.042262
vn 0.090631 0.000000 -0.042262
vn 0.090631 0.000000 -0.042262
vn 0.090631 0.000000 -0.042262
vn 0.090631 0.000000 -0.042262
vn 0.090631 0.000000 -0.042262
vn 0.090631 0.000000 -0.042262
vn 0.090631 0.000000 -0.042262
vn 0.090631 0.000000 -0.042262
vn 0.090631 0.000000 -0.042262
vn 0.090631 0.000000 -0.042262
vn 0.090631 0.000000 -0.042262
vn 0.090631 0.000000 -0.042262
vn 0.090631 0.000000 -0.042262
vn 0.090631 0.000000 -0.042262
vn 0.090631 0.000000 -0.042262
vn 0.090631 0.000000 -0.042262
vn 0.090631 0.000000 -0.042262
vn 0.090631 0.000000 -0.042262
vn 0.090631 0.000000 -0.042262
vn 0.090631 0.000000 -0.042262
vn 0.090631 0.000000 -0.042262
vn 0.090631 0.000000 -0.042262
vn 0.090631 0.000000 -0.042262
vn 0.090631 0.000000 -0.042262
vn 0.090631 0.000000 -0.042262
vn 0.090631 0.000000 -0.042262
vn 0.090631 0.000000 -0.042262
vn 0.090631 0.000000 -0.042262
vn 0.090631 0.000000 -0.042262
vn 0.090631 0.000000 -0.042262
vn 0.090631 0.000000 -0.042262
vn 0.090631 0.000000 -0.042262
vn 0.090631 0.000000 -0.042262
vn 0.090631 0.000000 -0.042262
vn 0.090631 0.000000 -0.042262
vn 0.090631 0.000000 -0.042262
vn 0.090631 0.000000 -0.042262
vn 0.090631 0.000000 -0.042262
vn 0.090631 0.000000 -0.042262
vn 0.090631 0.000000 -0.042262
vn 0.090631 0.000000 -0.042262
vn 0.090631 0.000000 -0.042262
vn 0.090631 0.000000 -0.042262
vn 0.090631 0.000000 -0.042262
vn 0.090631 0.000000 -0.042262
vn 0.034264 -0.058539 0.073479
vn 0.034264 -0.058539 0.073479
vn 0.034264 -0.058539 0.073479
vn 0.034264 -0.058539 0.073479
vn 0.040164 0.031117 0.086131
vn 0.040164 0.031117 0.086131
vn 0.040164 0.031117 0.086131
vn 0.040164 0.031117 0.086131
vn 0.039845 -0.033331 0.085448
vn 0.039845 -0.033331 0.085448
vn 0.039845 -0.033331 0.085448
vn 0.039845 -0.033331 0.085448
vn 0.006383 0.098853 0.013689
vn 0.006383 0.098853 0.013689
vn 0.006383 0.098853 0.013689
vn 0.006383 0.098853 0.013689
vn -0.020727 0.087147 -0.044450
vn -0.020727 0.087147 -0.044450
vn -0.020727 0.087147 -0.044450
vn -0.020727 0.087147 -0.044450
vn -0.042093 -0.008918 -0.090270
vn -0.042093 -0.008918 -0.090270
vn -0.042093 -0.008918 -0.090270
vn -0.042093 -0.008918 -0.090270
vn -0.036854 0.048944 -0.079034
vn -0.036854 0.048944 -0.079034
vn -0.036854 0.048944 -0.079034
vn -0.036854 0.048944 -0.079034
vn -0.024319 -0.081785 -0.052152
vn -0.024319 -0.081785 -0.052152
vn -0.024319 -0.081785 -0.052152
vn -0.024319 -0.081785 -0.052152
vn 0.041997 -0.011186 0.090062
vn 0.041997 -0.011186 0.090062
vn 0.042262 -0.000000 0.090631
vn 0.042262 -0.000000 0.090631
vn 0.041997 0.011186 0.090062
vn 0.041997 0.011186 0.090062
vn 0.041210 0.022167 0.088376
vn 0.041210 -0.022167 0.088376
vn 0.041210 -0.022167 0.088376
vn 0.039930 -0.032756 0.085631
vn 0.039930 -0.032756 0.085631
vn 0.038198 -0.042787 0.081916
vn 0.038198 -0.042787 0.081916
vn 0.036065 -0.052130 0.077342
vn 0.036065 -0.052130 0.077342
vn 0.033588 -0.060691 0.072031
vn 0.033588 -0.060691 0.072031
vn 0.030825 -0.068410 0.066105
vn 0.030825 -0.068410 0.066105
vn 0.027830 -0.075258 0.059681
vn 0.027830 -0.075258 0.059681
vn 0.024651 -0.081227 0.052864
vn 0.024651 -0.081227 0.052864
vn 0.021331 -0.086328 0.045743
vn 0.021331 -0.086328 0.045743
vn 0.017904 -0.090583 0.038396
vn 0.017904 -0.090583 0.038396
vn 0.014401 -0.094016 0.030882
vn 0.014401 -0.094016 0.030882
vn 0.010842 -0.096653 0.023251
vn 0.007247 -0.098519 0.015541
vn 0.007247 -0.098519 0.015541
vn 0.010842 -0.096653 0.023251
vn 0.003629 -0.099631 0.007782
vn 0.003629 -0.099631 0.007782
vn 0.000000 -0.100000 0.000000
vn -0.000000 -0.100000 -0.000000
vn -0.003629 -0.099631 -0.007782
vn -0.003629 -0.099631 -0.007782
vn -0.007247 -0.098519 -0.015541
vn -0.007247 -0.098519 -0.015541
vn -0.010842 -0.096653 -0.023251
vn -0.010842 -0.096653 -0.023251
vn -0.014401 -0.094016 -0.030882
vn -0.014401 -0.094016 -0.030882
vn -0.017904 -0.090583 -0.038396
vn -0.017904 -0.090583 -0.038396
vn -0.021331 -0.086328 -0.045743
vn -0.021331 -0.086328 -0.045743
vn -0.024651 -0.081227 -0.052864
vn -0.024651 -0.081227 -0.052864
vn -0.027830 -0.075258 -0.059681
vn -0.027830 -0.075258 -0.059681
vn -0.030825 -0.068410 -0.066105
vn -0.030825 -0.068410 -0.066105
vn -0.033588 -0.060691 -0.072031
vn -0.033588 -0.060691 -0.072031
vn -0.036065 -0.052130 -0.077342
vn -0.038198 -0.042787 -0.081916
vn -0.038198 -0.042787 -0.081916
vn -0.036065 -0.052130 -0.077342
vn -0.039930 -0.032756 -0.085631
vn -0.039930 -0.032756 -0.085631
vn -0.041210 -0.022167 -0.088376
vn -0.041210 -0.022167 -0.088376
vn -0.041997 -0.011186 -0.090062
vn -0.041997 -0.011186 -0.090062
vn -0.042262 0.000000 -0.090631
vn -0.042262 0.000000 -0.090631
vn -0.041997 0.011186 -0.090062
vn -0.041997 0.011186 -0.090062
vn -0.041210 0.022167 -0.088376
vn -0.041210 0.022167 -0.088376
vn -0.039930 0.032756 -0.085631
vn -0.039930 0.032756 -0.085631
vn -0.038198 0.042787 -0.081916
vn -0.038198 0.042787 -0.081916
vn -0.036065 0.052130 -0.077342
vn -0.036065 0.052130 -0.077342
vn -0.033588 0.060691 -0.072031
vn -0.030825 0.068410 -0.066105
vn -0.030825 0.068410 -0.066105
vn -0.033588 0.060691 -0.072031
vn -0.027830 0.075258 -0.059681
vn -0.027830 0.075258 -0.059681
vn -0.024651 0.081227 -0.052864
vn -0.024651 0.081227 -0.052864
vn -0.021331 0.086328 -0.045743
vn -0.021331 0.086328 -0.045743
vn -0.017904 0.090583 -0.038396
vn -0.017904 0.090583 -0.038396
vn -0.014401 0.094016 -0.030882
vn -0.014401 0.094016 -0.030882
vn -0.010842 0.096653 -0.023251
vn -0.010842 0.096653 -0.023251
vn -0.007247 0.098519 -0.015541
vn -0.007247 0.098519 -0.015541
vn -0.003629 0.099631 -0.007782
vn -0.003629 0.099631 -0.007782
vn -0.000000 0.100000 -0.000000
vn 0.000000 0.100000 0.000000
vn 0.003629 0.099631 0.007782
vn 0.003629 0.099631 0.007782
vn 0.007247 0.098519 0.015541
vn 0.007247 0.098519 0.015541
vn 0.010842 0.096653 0.023251
vn 0.010842 0.096653 0.023251
vn 0.014401 0.094016 0.030882
vn 0.017904 0.090583 0.038396
vn 0.017904 0.090583 0.038396
vn 0.014401 0.094016 0.030882
vn 0.021331 0.086328 0.045743
vn 0.021331 0.086328 0.045743
vn 0.024651 0.081227 0.052864
vn 0.024651 0.081227 0.052864
vn 0.027830 0.075258 0.059681
vn 0.027830 0.075258 0.059681
vn 0.030825 0.068410 0.066105
vn 0.030825 0.068410 0.066105
vn 0.033588 0.060691 0.072031
vn 0.033588 0.060691 0.072031
vn 0.036065 0.052130 0.077342
vn 0.036065 0.052130 0.077342
vn 0.038198 0.042787 0.081916
vn 0.038198 0.042787 0.081916
vn 0.039930 0.032756 0.085631
vn 0.039930 0.032756 0.085631
vn 0.041210 0.022167 0.088376
vn -0.090631 0.000000 0.042262
vn -0.090631 0.000000 0.042262
vn -0.090631 0.000000 0.042262
vn -0.090631 0.000000 0.042262
vn -0.090631 0.000000 0.042262
vn -0.090631 0.000000 0.042262
vn -0.090631 0.000000 0.042262
vn -0.090631 0.000000 0.042262
vn -0.090631 0.000000 0.042262
vn -0.090631 0.000000 0.042262
vn -0.090631 0.000000 0.042262
vn -0.090631 0.000000 0.042262
vn -0.090631 0.000000 0.042262
vn -0.090631 0.000000 0.042262
vn -0.090631 0.000000 0.042262
vn -0.090631 0.000000 0.042262
vn -0.090631 0.000000 0.042262
vn -0.090631 0.000000 0.042262
vn -0.090631 0.000000 0.042262
vn -0.090631 0.000000 0.042262
vn -0.090631 0.000000 0.042262
vn -0.090631 0.000000 0.042262
vn -0.090631 0.000000 0.042262
vn -0.090631 0.000000 0.042262
vn -0.090631 0.000000 0.042262
vn -0.090631 0.000000 0.042262
vn -0.090631 0.000000 0.042262
vn -0.090631 0.000000 0.042262
vn -0.090631 0.000000 0.042262
vn -0.090631 0.000000 0.042262
vn -0.090631 0.000000 0.042262
vn -0.090631 0.000000 0.042262
vn -0.090631 0.000000 0.042262
vn -0.090631 0.000000 0.042262
vn -0.090631 0.000000 0.042262
vn -0.090631 0.000000 0.042262
vn -0.090631 0.000000 0.042262
vn -0.090631 0.000000 0.042262
vn -0.090631 0.000000 0.042262
vn -0.090631 0.000000 0.042262
vn -0.090631 0.000000 0.042262
vn -0.090631 0.000000 0.042262
vn -0.090631 0.000000 0.042262
vn -0.090631 0.000000 0.042262
vn -0.090631 0.000000 0.042262
vn -0.090631 0.000000 0.042262
vn -0.090631 0.000000 0.042262
vn -0.090631 0.000000 0.042262
vn -0.090631 0.000000 0.042262
vn -0.090631 0.000000 0.042262
vn -0.090631 0.000000 0.042262
vn -0.090631 0.000000 0.042262
vn -0.090631 0.000000 0.042262
vn -0.090631 0.000000 0.042262
vn -0.090631 0.000000 0.042262
vn -0.090631 0.000000 0.042262
vn -0.090631 0.000000 0.042262
vn -0.090631 0.000000 0.042262
vn -0.090631 0.000000 0.042262
vn -0.090631 0.000000 0.042262
vn -0.090631 0.000000 0.042262
vn -0.090631 0.000000 0.042262
vn -0.090631 0.000000 0.042262
vn -0.090631 0.000000 0.042262
vn -0.090631 0.000000 0.042262
vn -0.090631 0.000000 0.042262
vn -0.090631 0.000000 0.042262
vn -0.090631 0.000000 0.042262
vn -0.090631 0.000000 0.042262
vn -0.090631 0.000000 0.042262
vn -0.090631 0.000000 0.042262
vn -0.090631 0.000000 0.042262
vn -0.090631 0.000000 0.042262
vn -0.090631 0.000000 0.042262
vn -0.090631 0.000000 0.042262
vn -0.090631 0.000000 0.042262
vn -0.090631 0.000000 0.042262
vn -0.090631 0.000000 0.042262
vn -0.090631 0.000000 0.042262
vn -0.012941 -0.096593 -0.022414
vn -0.012941 -0.096593 -0.022414
vn 0.000000 -0.100000 0.000000
vn 0.000000 -0.100000 0.000000
vn 0.012941 -0.096593 0.022414
vn 0.012941 -0.096593 0.022414
vn 0.025000 -0.086603 0.043301
vn 0.025000 -0.086603 0.043301
vn 0.035355 -0.070711 0.061237
vn 0.035355 -0.070711 0.061237
vn 0.043301 -0.050000 0.075000
vn 0.043301 -0.050000 0.075000
vn 0.048296 -0.025882 0.083652
vn 0.048296 -0.025882 0.083652
vn 0.050000 0.000000 0.086603
vn 0.050000 0.000000 0.086603
vn 0.048296 0.025882 0.083652
vn 0.048296 0.025882 0.083652
vn 0.043301 0.050000 0.075000
vn 0.043301 0.050000 0.075000
vn 0.035355 0.070711 0.061237
vn 0.035355 0.070711 0.061237
vn 0.025000 0.086603 0.043301
vn 0.025000 0.086603 0.043301
vn 0.012941 0.096593 0.022414
vn 0.012941 0.096593 0.022414
vn -0.000000 0.100000 -0.000000
vn -0.000000 0.100000 -0.000000
vn -0.012941 0.096593 -0.022414
vn -0.012941 0.096593 -0.022414
vn -0.025000 0.086603 -0.043301
vn -0.025000 0.086603 -0.043301
vn -0.035355 0.070711 -0.061237
vn -0.035355 0.070711 -0.061237
vn -0.043301 0.050000 -0.075000
vn -0.043301 0.050000 -0.075000
vn -0.048296 0.025882 -0.083652
vn -0.048296 0.025882 -0.083652
vn -0.050000 -0.000000 -0.086603
vn -0.050000 -0.000000 -0.086603
vn -0.048296 -0.025882 -0.083652
vn -0.048296 -0.025882 -0.083652
vn -0.043301 -0.050000 -0.075000
vn -0.043301 -0.050000 -0.075000
vn -0.035355 -0.070711 -0.061237
vn -0.035355 -0.070711 -0.061237
vn -0.025000 -0.086603 -0.043301
vn -0.025000 -0.086603 -0.043301
vn 0.020999 0.097746 0.002200
vn 0.016342 0.098490 -0.005712
vn 0.016084 0.098622 -0.003872
vn 0.013644 0.098979 -0.004136
vn 0.014213 0.098935 -0.003150
vn 0.011510 0.099312 -0.002154
vn 0.019260 0.097478 0.011270
vn 0.006693 0.099701 -0.003864
vn 0.019595 0.096304 0.018483
vn 0.026898 0.095789 0.010053
vn 0.027262 0.096005 0.006311
vn 0.019315 0.097833 -0.007453
vn 0.008298 0.097700 -0.019643
vn 0.005560 0.098184 -0.018136
vn -0.002350 0.094767 -0.031838
vn -0.004860 0.095109 -0.030508
vn -0.012414 0.089139 -0.043591
vn -0.006209 0.096304 -0.026211
vn -0.018232 0.086344 -0.047036
vn -0.019381 0.080787 -0.055658
vn -0.028557 0.070499 -0.064918
vn -0.025574 0.070278 -0.066385
vn -0.030350 0.059205 -0.074657
vn -0.022990 0.070026 -0.067586
vn -0.027748 0.058993 -0.075828
vn -0.020111 0.069680 -0.068849
vn -0.024846 0.058702 -0.077050
vn -0.016894 0.069216 -0.070170
vn -0.021597 0.058310 -0.078316
vn -0.013378 0.068615 -0.071506
vn -0.018040 0.057804 -0.079582
vn -0.008586 0.067642 -0.073149
vn -0.013182 0.056985 -0.081111
vn -0.003990 0.066546 -0.074537
vn -0.008512 0.056061 -0.082369
vn 0.000276 0.065386 -0.075661
vn -0.004167 0.055084 -0.083357
vn 0.004324 0.064160 -0.076582
vn 0.024251 0.096448 0.010474
vn 0.032085 0.092227 0.021557
vn 0.034954 0.091612 0.019634
vn 0.038020 0.090816 0.017518
vn 0.030395 0.095171 0.004311
vn 0.042083 0.089529 0.014612
vn 0.034566 0.093822 0.001593
vn 0.045858 0.088078 0.011802
vn 0.038463 0.092302 -0.001006
vn 0.049255 0.086543 0.009174
vn 0.041989 0.090693 -0.003412
vn 0.052385 0.084920 0.006662
vn 0.021683 0.097129 0.009790
vn 0.029465 0.092684 0.023269
vn 0.039365 0.085341 0.034166
vn 0.042185 0.084772 0.032159
vn 0.048763 0.075667 0.043551
vn 0.051709 0.075010 0.041228
vn 0.057407 0.063980 0.051098
vn 0.061196 0.063073 0.047716
vn 0.065853 0.050515 0.055782
vn 0.069242 0.049696 0.052305
vn 0.072756 0.036014 0.058391
vn 0.075685 0.035387 0.054951
vn 0.077996 0.020998 0.058955
vn 0.080587 0.020604 0.055509
vn 0.029748 -0.089754 -0.032548
vn 0.032969 -0.092470 -0.019035
vn 0.026185 -0.091469 -0.030785
vn 0.029283 -0.094110 -0.016907
vn 0.022379 -0.093091 -0.028865
vn 0.025235 -0.095660 -0.014570
vn 0.018217 -0.094625 -0.026725
vn 0.020929 -0.097036 -0.012084
vn 0.013810 -0.095986 -0.024414
vn 0.010532 -0.096826 -0.022666
vn 0.006845 -0.092857 -0.036478
vn 0.003506 -0.093671 -0.034835
vn 0.000185 -0.087719 -0.048013
vn -0.003212 -0.088488 -0.046472
vn -0.006026 -0.080682 -0.058771
vn -0.009477 -0.081389 -0.057324
vn -0.011653 -0.071899 -0.068518
vn -0.015154 -0.072529 -0.067156
vn -0.016575 -0.061559 -0.077044
vn -0.020120 -0.062098 -0.075756
vn -0.020686 -0.049886 -0.084163
vn -0.024266 -0.050323 -0.082938
vn -0.023895 -0.037134 -0.089722
vn -0.027503 -0.037459 -0.088546
vn -0.026134 -0.023578 -0.093601
vn -0.029762 -0.023784 -0.092458
vn -0.027355 -0.009511 -0.095714
vn -0.030993 -0.009594 -0.094590
vn -0.027530 0.004761 -0.096018
vn -0.031170 0.004803 -0.094897
vn -0.026656 0.018931 -0.094504
vn -0.030289 0.019097 -0.093370
vn -0.024752 0.032690 -0.091207
vn -0.028368 0.032977 -0.090043
vn -0.021860 0.045742 -0.086196
vn -0.025450 0.046143 -0.084989
vn 0.016742 -0.098114 -0.009666
vn 0.007500 -0.097476 -0.021026
vn 0.000427 -0.094300 -0.033277
vn -0.006337 -0.089082 -0.044992
vn -0.012644 -0.081936 -0.055917
vn -0.018359 -0.073016 -0.065815
vn -0.023358 -0.062515 -0.074473
vn -0.027532 -0.050661 -0.081703
vn -0.030791 -0.037711 -0.087349
vn -0.033065 -0.023944 -0.091287
vn -0.034305 -0.009659 -0.093434
vn -0.034483 0.004835 -0.093742
vn -0.033595 0.019225 -0.092205
vn -0.031662 0.033198 -0.088856
vn -0.028724 0.046453 -0.083768
vn 0.012989 -0.098869 -0.007499
vn 0.004758 -0.097960 -0.019526
vn -0.002350 -0.094767 -0.031838
vn -0.009147 -0.089523 -0.043611
vn -0.015486 -0.082342 -0.054590
vn -0.021229 -0.073378 -0.064537
vn -0.026253 -0.062825 -0.073238
vn -0.030448 -0.050912 -0.080504
vn -0.033723 -0.037898 -0.086177
vn -0.036008 -0.024063 -0.090135
vn -0.037254 -0.009707 -0.092293
vn -0.037433 0.004859 -0.092602
vn -0.036541 0.019320 -0.091058
vn -0.034598 0.033363 -0.087692
vn -0.031646 0.046683 -0.082579
vn 0.009689 -0.099372 -0.005594
vn 0.002273 -0.098312 -0.018152
vn -0.004860 -0.095109 -0.030508
vn -0.011682 -0.089846 -0.042323
vn -0.018044 -0.082638 -0.053342
vn -0.023808 -0.073642 -0.063325
vn -0.028849 -0.063051 -0.072057
vn -0.033059 -0.051096 -0.079349
vn -0.036346 -0.038034 -0.085043
vn -0.038640 -0.024149 -0.089016
vn -0.039890 -0.009742 -0.091181
vn -0.040069 0.004877 -0.091491
vn -0.039174 0.019390 -0.089941
vn -0.037224 0.033483 -0.086564
vn -0.034261 0.046851 -0.081432
vn 0.006693 -0.099701 -0.003864
vn -0.006209 -0.096304 -0.026211
vn -0.018232 -0.086344 -0.047036
vn -0.028557 -0.070499 -0.064918
vn -0.036479 -0.049850 -0.078640
vn -0.041459 -0.025804 -0.087266
vn -0.043158 -0.000000 -0.090208
vn -0.041459 0.025804 -0.087266
vn -0.036479 0.049850 -0.078640
vn 0.003079 0.098538 -0.016757
vn 0.011191 0.099335 -0.002706
vn 0.027070 0.093018 0.024797
vn 0.031618 0.086344 0.039308
vn 0.034412 0.086073 0.037514
vn 0.041091 0.076828 0.049082
vn 0.043436 0.076552 0.047466
vn 0.049251 0.065296 0.057539
vn 0.051774 0.064974 0.055658
vn 0.056571 0.052037 0.063967
vn 0.059276 0.051690 0.061761
vn 0.062931 0.037459 0.068092
vn 0.065754 0.037134 0.065555
vn 0.068180 0.022035 0.069757
vn 0.071816 0.021722 0.066111
vn 0.072963 0.006256 0.068097
vn 0.076237 0.006155 0.064421
vn 0.076111 -0.009224 0.064203
vn 0.078981 -0.009064 0.060661
vn 0.077629 -0.023933 0.058318
vn 0.080226 -0.023484 0.054884
vn 0.041942 0.070499 0.057190
vn 0.046927 0.065531 0.059191
vn 0.054072 0.052295 0.065889
vn 0.060250 0.037711 0.070340
vn 0.065378 0.022228 0.072330
vn 0.069343 0.006346 0.071772
vn 0.072835 -0.009376 0.067876
vn 0.074735 -0.024357 0.061818
vn 0.075083 -0.038163 0.053909
vn 0.077728 -0.037447 0.050557
vn 0.049865 0.049850 0.070912
vn 0.051765 0.052484 0.067571
vn 0.057770 0.037898 0.072294
vn 0.062714 0.022377 0.074607
vn 0.066552 0.006402 0.074363
vn 0.069214 -0.009511 0.071547
vn 0.071436 -0.024759 0.065452
vn 0.072144 -0.038840 0.057330
vn 0.071412 -0.051374 0.047551
vn 0.074126 -0.050410 0.044318
vn 0.055476 0.038034 0.073998
vn 0.054845 0.025804 0.079537
vn 0.057961 0.022569 0.078302
vn 0.059153 0.006500 0.080366
vn 0.061433 0.006477 0.078638
vn 0.061301 -0.009707 0.078409
vn 0.063764 -0.009659 0.076426
vn 0.062322 -0.025505 0.073929
vn 0.064989 -0.025335 0.071656
vn 0.062294 -0.040398 0.066988
vn 0.065123 -0.040047 0.064461
vn 0.061271 -0.053910 0.057789
vn 0.065005 -0.053146 0.054313
vn 0.060145 -0.065393 0.045896
vn 0.063627 -0.064333 0.042579
vn 0.057928 -0.074662 0.032709
vn 0.061115 -0.073362 0.029716
vn 0.054764 -0.081551 0.018716
vn 0.057791 -0.080022 0.016024
vn 0.056543 0.000000 0.082479
vn 0.059020 -0.009742 0.080136
vn 0.059852 -0.025631 0.075900
vn 0.059609 -0.040669 0.069230
vn 0.058408 -0.054382 0.060258
vn 0.056341 -0.066333 0.049251
vn 0.054352 -0.075892 0.035863
vn 0.051465 -0.082998 0.021513
vn 0.047831 -0.087563 0.006707
vn 0.050987 -0.085920 0.004240
vn 0.054845 -0.025804 0.079537
vn 0.057566 -0.025724 0.077618
vn 0.057126 -0.040871 0.071177
vn 0.055697 -0.054748 0.062454
vn 0.053435 -0.066914 0.051645
vn 0.050465 -0.076984 0.039074
vn 0.047782 -0.084365 0.024483
vn 0.044408 -0.089116 0.009291
vn 0.040500 -0.091235 -0.005990
vn 0.043795 -0.089524 -0.008218
vn 0.054830 -0.041018 0.072878
vn 0.049865 -0.049850 0.070912
vn 0.050884 -0.055217 0.066045
vn 0.041942 -0.070499 0.057190
vn 0.045835 -0.067941 0.057299
vn 0.039817 -0.078850 0.046875
vn 0.042167 -0.078567 0.045268
vn 0.035365 -0.087338 0.033487
vn 0.037956 -0.086907 0.031725
vn 0.030567 -0.093313 0.018928
vn 0.033446 -0.092691 0.017022
vn 0.025686 -0.096578 0.003582
vn 0.028833 -0.095740 0.001605
vn 0.031618 -0.086344 0.039308
vn 0.032991 -0.087653 0.035052
vn 0.027940 -0.093776 0.020626
vn 0.022756 -0.097227 0.005398
vn 0.025539 -0.094114 0.022145
vn 0.019595 -0.096304 0.018483
vn 0.017660 -0.098061 0.008499
vn 0.020089 -0.097709 0.007029
vn 0.033027 -0.094383 -0.001075
vn 0.036948 -0.092853 -0.003630
vn 0.036404 -0.090736 -0.021018
vn 0.064023 -0.071985 0.026818
vn 0.066714 -0.063212 0.039414
vn 0.069517 -0.062026 0.036334
vn 0.081554 -0.008894 0.057183
vn 0.079105 0.006048 0.060875
vn 0.081675 0.005934 0.057393
vn 0.078319 0.034723 0.051580
vn 0.072232 0.048831 0.048971
vn 0.067730 0.060970 0.041174
vn 0.070514 0.059826 0.038061
vn 0.062300 0.071480 0.031769
vn 0.065185 0.070140 0.028832
vn 0.056087 0.080081 0.021006
vn 0.059088 0.078579 0.018272
vn 0.045255 0.088992 -0.005688
vn 0.034482 0.092421 -0.016414
vn 0.037889 0.090687 -0.018447
vn 0.026934 0.091679 -0.029487
vn 0.030483 0.089959 -0.031275
vn 0.019548 0.088488 -0.042281
vn 0.023235 0.086829 -0.043828
vn 0.012520 0.082934 -0.054454
vn 0.016339 0.081378 -0.055773
vn 0.006038 0.075164 -0.065680
vn 0.009979 0.073754 -0.066789
vn -0.000035 0.054051 -0.084134
vn -0.007807 0.043590 -0.089660
vn -0.010563 0.031152 -0.094435
vn -0.006311 0.030568 -0.095004
vn -0.012378 0.018040 -0.097577
vn -0.008092 0.017702 -0.098088
vn -0.013210 0.004537 -0.099020
vn -0.008909 0.004452 -0.099503
vn -0.013043 -0.009064 -0.098731
vn -0.008745 -0.008894 -0.099219
vn -0.011880 -0.022468 -0.096716
vn -0.007604 -0.022047 -0.097243
vn -0.009747 -0.035387 -0.093020
vn -0.005510 -0.034723 -0.093616
vn -0.006688 -0.047539 -0.087723
vn -0.002509 -0.046647 -0.088418
vn -0.002771 -0.058662 -0.080938
vn 0.001335 -0.057562 -0.081761
vn 0.001919 -0.068516 -0.072814
vn 0.005937 -0.067231 -0.073789
vn 0.007282 -0.076886 -0.063526
vn 0.011199 -0.075444 -0.064674
vn 0.013201 -0.083592 -0.053274
vn 0.017007 -0.082024 -0.054615
vn 0.019548 -0.088488 -0.042281
vn 0.023235 -0.086829 -0.043828
vn 0.036781 0.085764 0.035940
vn 0.030823 0.094060 -0.014240
vn 0.023141 0.093305 -0.027545
vn 0.015624 0.090058 -0.040565
vn 0.008471 0.084405 -0.052954
vn 0.001874 0.076497 -0.064379
vn 0.026800 0.095609 -0.011859
vn 0.018992 0.094842 -0.025383
vn 0.011351 0.091541 -0.038618
vn 0.004081 0.085795 -0.051211
vn -0.002625 0.077757 -0.062825
vn 0.022517 0.096984 -0.009334
vn 0.014597 0.096206 -0.023052
vn 0.006845 0.092857 -0.036478
vn -0.000529 0.087029 -0.049252
vn -0.007331 0.078875 -0.061032
vn 0.011326 0.097048 -0.021292
vn 0.003506 0.093671 -0.034835
vn -0.003933 0.087791 -0.047721
vn -0.010794 0.079566 -0.059605
vn 0.045188 0.084035 0.029934
vn 0.049150 0.082844 0.026853
vn 0.052810 0.081502 0.023844
vn 0.011351 -0.091541 -0.038618
vn 0.004785 -0.086476 -0.049990
vn -0.001338 -0.079539 -0.060595
vn -0.006886 -0.070880 -0.070204
vn -0.011738 -0.060686 -0.078609
vn -0.015790 -0.049179 -0.085628
vn -0.018954 -0.036608 -0.091108
vn -0.021162 -0.023244 -0.094931
vn -0.022365 -0.009376 -0.097015
vn -0.022537 0.004694 -0.097314
vn -0.021676 0.018662 -0.095822
vn -0.019799 0.032227 -0.092571
vn -0.016947 0.045094 -0.087632
vn 0.015624 -0.090058 -0.040565
vn 0.009164 -0.085074 -0.051753
vn 0.003141 -0.078250 -0.062186
vn -0.002317 -0.069731 -0.071640
vn -0.007091 -0.059703 -0.079908
vn -0.011077 -0.048382 -0.086813
vn -0.014190 -0.036014 -0.092204
vn -0.016362 -0.022867 -0.095966
vn -0.017545 -0.009224 -0.098016
vn -0.017715 0.004618 -0.098310
vn -0.016868 0.018360 -0.096842
vn -0.015021 0.031705 -0.093644
vn -0.012216 0.044363 -0.088785
vn -0.003607 0.042773 -0.090319
vn -0.016818 0.080497 -0.056897
vn -0.009877 0.088819 -0.044874
vn -0.013970 0.080100 -0.058213
vn -0.007063 0.088381 -0.046249
vn 0.000427 0.094300 -0.033277
vn 0.045987 0.076175 0.045636
vn 0.054511 0.064541 0.053508
vn 0.062131 0.051241 0.059279
vn 0.069425 0.036608 0.061969
vn 0.075109 0.021370 0.062466
vn 0.055578 0.073946 0.037986
vn 0.059134 0.072748 0.034798
vn 0.064661 0.062051 0.044370
vn 0.074931 0.047915 0.045712
vn 0.060246 0.022488 0.076582
vn 0.063896 0.006445 0.076654
vn 0.066421 -0.009594 0.074136
vn 0.067794 -0.025115 0.069088
vn 0.068802 -0.039480 0.060890
vn 0.068408 -0.052285 0.050860
vn 0.053194 -0.055019 0.064368
vn 0.050691 -0.067363 0.053783
vn 0.047508 -0.077658 0.041379
vn 0.043801 -0.085578 0.027530
vn 0.040610 -0.090584 0.012060
vn 0.048163 -0.067697 0.055654
vn 0.044724 -0.078179 0.043448
vn 0.040785 -0.086328 0.029734
vn 0.036525 -0.091886 0.014929
vn -0.086603 0.000000 0.050000
vn -0.086603 0.000000 0.050000
vn -0.086603 0.000000 0.050000
vn -0.086603 0.000000 0.050000
vn -0.086603 0.000000 0.050000
vn -0.086603 0.000000 0.050000
vn -0.086603 0.000000 0.050000
vn -0.086603 0.000000 0.050000
vn -0.086603 0.000000 0.050000
vn -0.086603 0.000000 0.050000
vn -0.086603 0.000000 0.050000
vn -0.086603 0.000000 0.050000
vn -0.086603 0.000000 0.050000
vn -0.086603 0.000000 0.050000
vn -0.086603 0.000000 0.050000
vn -0.086603 0.000000 0.050000
vn -0.086603 0.000000 0.050000
vn -0.086603 0.000000 0.050000
vn -0.086603 0.000000 0.050000
vn -0.086603 0.000000 0.050000
vn -0.086603 0.000000 0.050000
vn -0.086603 0.000000 0.050000
vn -0.086603 0.000000 0.050000
vn -0.086603 0.000000 0.050000
usemtl Brass_-_Polished_(1)
f 5/1/1 1/2/2 4/3/3
f 4/3/3 1/2/2 2/4/4
f 4/3/3 2/4/4 3/5/5
f 3/6/6 2/7/7 9/8/8
f 9/8/8 2/7/7 6/9/9
f 9/8/8 6/9/9 7/10/10
f 7/10/10 8/11/11 9/8/8
f 10/12/12 11/13/13 13/14/14
f 13/14/14 11/13/13 12/15/15
f 11/16/16 9/17/17 12/18/18
f 12/18/18 9/17/17 8/19/19
f 4/20/20 14/21/21 5/22/22
f 5/22/22 14/21/21 15/23/23
f 14/24/24 16/25/25 15/26/26
f 15/26/26 16/25/25 17/27/27
f 81/28/28 18/29/29 88/30/30
f 88/30/30 18/29/29 19/31/31
f 88/30/30 19/31/31 87/32/32
f 87/32/32 19/31/31 20/33/33
f 87/32/32 20/33/33 86/34/34
f 86/34/34 20/33/33 21/35/35
f 86/34/34 21/35/35 22/36/36
f 22/36/36 23/37/37 86/34/34
f 86/34/34 23/37/37 24/38/38
f 86/34/34 24/38/38 25/39/39
f 25/39/39 26/40/40 86/34/34
f 86/34/34 26/40/40 27/41/41
f 86/34/34 27/41/41 28/42/42
f 86/34/34 28/42/42 85/43/43
f 85/43/43 28/42/42 29/44/44
f 85/43/43 29/44/44 30/45/45
f 30/45/45 31/46/46 85/43/43
f 85/43/43 31/46/46 32/47/47
f 85/43/43 32/47/47 33/48/48
f 33/48/48 34/49/49 85/43/43
f 85/43/43 34/49/49 35/50/50
f 85/43/43 35/50/50 36/51/51
f 36/51/51 37/52/52 85/43/43
f 85/43/43 37/52/52 84/53/53
f 84/53/53 37/52/52 38/54/54
f 84/53/53 38/54/54 39/55/55
f 39/55/55 40/56/56 84/53/53
f 84/53/53 40/56/56 41/57/57
f 84/53/53 41/57/57 42/58/58
f 42/58/58 43/59/59 84/53/53
f 84/53/53 43/59/59 44/60/60
f 84/53/53 44/60/60 45/61/61
f 45/61/61 46/62/62 84/53/53
f 84/53/53 46/62/62 47/63/63
f 84/53/53 47/63/63 83/64/64
f 83/64/64 47/63/63 82/65/65
f 82/65/65 47/63/63 48/66/66
f 82/65/65 48/66/66 49/67/67
f 49/67/67 50/68/68 82/65/65
f 82/65/65 50/68/68 51/69/69
f 82/65/65 51/69/69 52/70/70
f 52/70/70 53/71/71 82/65/65
f 82/65/65 53/71/71 54/72/72
f 82/65/65 54/72/72 10/73/73
f 10/73/73 54/72/72 55/74/74
f 10/73/73 55/74/74 11/75/75
f 11/75/75 55/74/74 56/76/76
f 11/75/75 56/76/76 57/77/77
f 57/77/77 58/78/78 11/75/75
f 11/75/75 58/78/78 59/79/79
f 11/75/75 59/79/79 60/80/80
f 60/80/80 61/81/81 11/75/75
f 11/75/75 61/81/81 62/82/82
f 11/75/75 62/82/82 63/83/83
f 63/83/83 64/84/84 11/75/75
f 11/75/75 64/84/84 9/85/85
f 9/85/85 64/84/84 65/86/86
f 9/85/85 65/86/86 66/87/87
f 9/85/85 66/87/87 4/88/88
f 4/88/88 66/87/87 67/89/89
f 4/88/88 67/89/89 68/90/90
f 68/90/90 69/91/91 4/88/88
f 4/88/88 69/91/91 70/92/92
f 4/88/88 70/92/92 71/93/93
f 71/93/93 72/94/94 4/88/88
f 4/88/88 72/94/94 73/95/95
f 4/88/88 73/95/95 74/96/96
f 74/96/96 75/97/97 4/88/88
f 4/88/88 75/97/97 16/98/98
f 4/88/88 16/98/98 14/99/99
f 75/97/97 76/100/100 16/98/98
f 16/98/98 76/100/100 88/30/30
f 88/30/30 76/100/100 77/101/101
f 88/30/30 77/101/101 78/102/102
f 78/102/102 79/103/103 88/30/30
f 88/30/30 79/103/103 80/104/104
f 88/30/30 80/104/104 81/28/28
f 4/88/88 3/105/105 9/85/85
f 82/106/106 10/107/107 89/108/108
f 89/108/108 10/107/107 13/109/109
f 83/110/110 82/111/111 90/112/112
f 90/112/112 82/111/111 89/113/113
f 84/114/114 83/115/115 91/116/116
f 91/116/116 83/115/115 90/117/117
f 85/118/118 84/119/119 92/120/120
f 92/120/120 84/119/119 91/121/121
f 86/122/122 85/123/123 93/124/124
f 93/124/124 85/123/123 92/125/125
f 87/126/126 86/127/127 94/128/128
f 94/128/128 86/127/127 93/129/129
f 88/130/130 87/131/131 95/132/132
f 95/132/132 87/131/131 94/133/133
f 16/134/134 88/135/135 17/136/136
f 17/136/136 88/135/135 95/137/137
f 97/138/138 19/139/139 96/140/140
f 96/140/140 19/139/139 18/141/141
f 96/142/140 18/143/141 159/144/142
f 159/144/142 18/143/141 81/145/143
f 159/144/142 81/145/143 80/146/144
f 97/138/138 98/147/145 19/139/139
f 19/139/139 98/147/145 20/148/146
f 20/148/146 98/147/145 21/149/147
f 21/149/147 98/147/145 99/150/148
f 21/149/147 99/150/148 100/151/149
f 21/149/147 100/151/149 22/152/150
f 22/152/150 100/151/149 101/153/151
f 22/152/150 101/153/151 23/154/152
f 23/154/152 101/153/151 24/155/153
f 24/155/153 101/153/151 102/156/154
f 24/155/153 102/156/154 103/157/155
f 24/155/153 103/157/155 25/158/156
f 25/158/156 103/157/155 104/159/157
f 25/158/156 104/159/157 26/160/158
f 26/160/158 104/159/157 27/161/159
f 27/161/159 104/159/157 105/162/160
f 27/161/159 105/162/160 106/163/161
f 27/161/159 106/163/161 28/164/162
f 28/164/162 106/163/161 107/165/163
f 28/164/162 107/165/163 29/166/164
f 29/166/164 107/165/163 30/167/165
f 30/167/165 107/165/163 108/168/166
f 30/167/165 108/168/166 109/169/167
f 110/170/168 32/171/169 109/169/167
f 109/169/167 32/171/169 31/172/170
f 109/169/167 31/172/170 30/167/165
f 110/170/168 111/173/171 32/171/169
f 32/171/169 111/173/171 33/174/172
f 33/174/172 111/173/171 112/175/173
f 33/174/172 112/175/173 34/176/174
f 34/176/174 112/175/173 35/177/175
f 35/177/175 112/175/173 113/178/176
f 35/177/175 113/178/176 114/179/177
f 35/177/175 114/179/177 36/180/178
f 36/180/178 114/179/177 115/181/179
f 36/180/178 115/181/179 37/182/180
f 37/182/180 115/181/179 38/183/181
f 38/183/181 115/181/179 116/184/182
f 38/183/181 116/184/182 117/185/183
f 38/183/181 117/185/183 39/186/184
f 39/186/184 117/185/183 118/187/185
f 39/186/184 118/187/185 40/188/186
f 40/188/186 118/187/185 41/189/187
f 41/189/187 118/187/185 119/190/188
f 41/189/187 119/190/188 120/191/189
f 41/189/187 120/191/189 42/192/190
f 42/192/190 120/191/189 121/193/191
f 42/192/190 121/193/191 43/194/192
f 43/194/192 121/193/191 44/195/193
f 44/195/193 121/193/191 122/196/194
f 44/195/193 122/196/194 123/197/195
f 124/198/196 46/199/197 123/197/195
f 123/197/195 46/199/197 45/200/198
f 123/197/195 45/200/198 44/195/193
f 124/198/196 125/201/199 46/199/197
f 46/199/197 125/201/199 47/202/200
f 47/202/200 125/201/199 126/203/201
f 47/202/200 126/203/201 48/204/202
f 48/204/202 126/203/201 49/205/203
f 49/205/203 126/203/201 127/206/204
f 49/205/203 127/206/204 128/207/205
f 49/205/203 128/207/205 50/208/206
f 50/208/206 128/207/205 129/209/207
f 50/208/206 129/209/207 51/210/208
f 51/210/208 129/209/207 52/211/209
f 52/211/209 129/209/207 130/212/210
f 52/211/209 130/212/210 131/213/211
f 52/211/209 131/213/211 53/214/212
f 53/214/212 131/213/211 132/215/213
f 53/214/212 132/215/213 54/216/214
f 54/216/214 132/215/213 55/217/215
f 55/217/215 132/215/213 133/218/216
f 55/217/215 133/218/216 134/219/217
f 135/220/218 57/221/219 134/219/217
f 134/219/217 57/221/219 56/222/220
f 134/219/217 56/222/220 55/217/215
f 135/220/218 136/223/221 57/221/219
f 57/221/219 136/223/221 58/224/222
f 58/224/222 136/223/221 137/225/223
f 58/224/222 137/225/223 59/226/224
f 59/226/224 137/225/223 60/227/225
f 60/227/225 137/225/223 138/228/226
f 60/227/225 138/228/226 139/229/227
f 60/227/225 139/229/227 61/230/228
f 61/230/228 139/229/227 140/231/229
f 61/230/228 140/231/229 62/232/230
f 62/232/230 140/231/229 63/233/231
f 63/233/231 140/231/229 141/234/232
f 63/233/231 141/234/232 142/235/233
f 63/233/231 142/235/233 64/236/234
f 64/236/234 142/235/233 143/237/235
f 64/236/234 143/237/235 65/238/236
f 65/238/236 143/237/235 66/239/237
f 66/239/237 143/237/235 144/240/238
f 66/239/237 144/240/238 145/241/239
f 66/239/237 145/241/239 67/242/240
f 67/242/240 145/241/239 146/243/241
f 67/242/240 146/243/241 68/244/242
f 68/244/242 146/243/241 69/245/243
f 69/245/243 146/243/241 147/246/244
f 69/245/243 147/246/244 148/247/245
f 149/248/246 71/249/247 148/247/245
f 148/247/245 71/249/247 70/250/248
f 148/247/245 70/250/248 69/245/243
f 149/248/246 150/251/249 71/249/247
f 71/249/247 150/251/249 72/252/250
f 72/252/250 150/251/249 151/253/251
f 72/252/250 151/253/251 73/254/252
f 73/254/252 151/253/251 74/255/253
f 74/255/253 151/253/251 152/256/254
f 74/255/253 152/256/254 153/257/255
f 74/255/253 153/257/255 75/258/256
f 75/258/256 153/257/255 154/259/257
f 75/258/256 154/259/257 76/260/258
f 76/260/258 154/259/257 77/261/259
f 77/261/259 154/259/257 155/262/260
f 77/261/259 155/262/260 156/263/261
f 77/261/259 156/263/261 78/264/262
f 78/264/262 156/263/261 157/265/263
f 78/264/262 157/265/263 79/266/264
f 79/266/264 157/265/263 80/146/144
f 80/146/144 157/265/263 158/267/265
f 80/146/144 158/267/265 159/144/142
f 1/268/266 5/269/267 7/270/268
f 7/270/268 5/269/267 8/271/269
f 8/271/269 5/269/267 144/272/270
f 8/271/269 144/272/270 143/273/271
f 15/274/272 17/275/273 5/269/267
f 5/269/267 17/275/273 153/276/274
f 5/269/267 153/276/274 152/277/275
f 153/276/274 17/275/273 154/278/276
f 154/278/276 17/275/273 95/279/277
f 154/278/276 95/279/277 155/280/278
f 155/280/278 95/279/277 156/281/279
f 156/281/279 95/279/277 157/282/280
f 157/282/280 95/279/277 158/283/281
f 158/283/281 95/279/277 159/284/282
f 159/284/282 95/279/277 96/285/283
f 96/285/283 95/279/277 97/286/284
f 97/286/284 95/279/277 94/287/285
f 97/286/284 94/287/285 98/288/286
f 98/288/286 94/287/285 93/289/287
f 98/288/286 93/289/287 99/290/288
f 99/290/288 93/289/287 100/291/289
f 100/291/289 93/289/287 101/292/290
f 101/292/290 93/289/287 102/293/291
f 102/293/291 93/289/287 103/294/292
f 103/294/292 93/289/287 104/295/293
f 104/295/293 93/289/287 105/296/294
f 105/296/294 93/289/287 106/297/295
f 106/297/295 93/289/287 92/298/296
f 106/297/295 92/298/296 107/299/297
f 107/299/297 92/298/296 108/300/298
f 108/300/298 92/298/296 109/301/299
f 109/301/299 92/298/296 110/302/300
f 110/302/300 92/298/296 111/303/301
f 111/303/301 92/298/296 112/304/302
f 112/304/302 92/298/296 113/305/303
f 113/305/303 92/298/296 114/306/304
f 114/306/304 92/298/296 115/307/305
f 115/307/305 92/298/296 91/308/306
f 115/307/305 91/308/306 116/309/307
f 116/309/307 91/308/306 117/310/308
f 117/310/308 91/308/306 118/311/309
f 118/311/309 91/308/306 119/312/310
f 119/312/310 91/308/306 120/313/311
f 120/313/311 91/308/306 121/314/312
f 121/314/312 91/308/306 122/315/313
f 122/315/313 91/308/306 123/316/314
f 123/316/314 91/308/306 124/317/315
f 124/317/315 91/308/306 125/318/316
f 125/318/316 91/308/306 90/319/317
f 125/318/316 90/319/317 89/320/318
f 13/321/319 132/322/320 89/320/318
f 89/320/318 132/322/320 131/323/321
f 89/320/318 131/323/321 130/324/322
f 132/322/320 13/321/319 133/325/323
f 133/325/323 13/321/319 12/326/324
f 133/325/323 12/326/324 134/327/325
f 134/327/325 12/326/324 135/328/326
f 135/328/326 12/326/324 136/329/327
f 136/329/327 12/326/324 137/330/328
f 137/330/328 12/326/324 138/331/329
f 138/331/329 12/326/324 139/332/330
f 139/332/330 12/326/324 140/333/331
f 140/333/331 12/326/324 141/334/332
f 141/334/332 12/326/324 142/335/333
f 142/335/333 12/326/324 8/271/269
f 142/335/333 8/271/269 143/273/271
f 152/277/275 151/336/334 5/269/267
f 5/269/267 151/336/334 150/337/335
f 5/269/267 150/337/335 149/338/336
f 149/338/336 148/339/337 5/269/267
f 5/269/267 148/339/337 147/340/338
f 5/269/267 147/340/338 146/341/339
f 146/341/339 145/342/340 5/269/267
f 5/269/267 145/342/340 144/272/270
f 130/324/322 129/343/341 89/320/318
f 89/320/318 129/343/341 128/344/342
f 89/320/318 128/344/342 127/345/343
f 127/345/343 126/346/344 89/320/318
f 89/320/318 126/346/344 125/318/316
f 161/347/345 207/348/346 160/349/347
f 160/349/347 207/348/346 184/350/348
f 160/349/347 184/350/348 183/351/349
f 183/351/349 184/350/348 185/352/350
f 183/351/349 185/352/350 182/353/351
f 182/353/351 185/352/350 186/354/352
f 182/353/351 186/354/352 181/355/353
f 181/355/353 186/354/352 187/356/354
f 181/355/353 187/356/354 180/357/355
f 180/357/355 187/356/354 188/358/356
f 180/357/355 188/358/356 179/359/357
f 179/359/357 188/358/356 189/360/358
f 179/359/357 189/360/358 178/361/359
f 178/361/359 189/360/358 190/362/360
f 178/361/359 190/362/360 177/363/361
f 177/363/361 190/362/360 191/364/362
f 177/363/361 191/364/362 176/365/363
f 176/365/363 191/364/362 192/366/364
f 176/365/363 192/366/364 175/367/365
f 175/367/365 192/366/364 193/368/366
f 175/367/365 193/368/366 174/369/367
f 174/369/367 193/368/366 194/370/368
f 174/369/367 194/370/368 173/371/369
f 173/371/369 194/370/368 195/372/370
f 173/371/369 195/372/370 172/373/371
f 172/373/371 195/372/370 196/374/372
f 172/375/371 196/376/372 171/377/373
f 171/377/373 196/376/372 197/378/374
f 171/377/373 197/378/374 170/379/375
f 170/379/375 197/378/374 198/380/376
f 170/379/375 198/380/376 169/381/377
f 169/381/377 198/380/376 199/382/378
f 169/381/377 199/382/378 168/383/379
f 168/383/379 199/382/378 200/384/380
f 168/383/379 200/384/380 167/385/381
f 167/385/381 200/384/380 201/386/382
f 167/385/381 201/386/382 166/387/383
f 166/387/383 201/386/382 202/388/384
f 166/387/383 202/388/384 165/389/385
f 165/389/385 202/388/384 203/390/386
f 165/389/385 203/390/386 164/391/387
f 164/391/387 203/390/386 204/392/388
f 164/391/387 204/392/388 163/393/389
f 163/393/389 204/392/388 205/394/390
f 163/393/389 205/394/390 162/395/391
f 162/395/391 205/394/390 206/396/392
f 162/395/391 206/396/392 161/347/345
f 161/347/345 206/396/392 207/348/346
f 6/397/393 233/398/394 7/399/395
f 7/399/395 233/398/394 234/400/396
f 7/399/395 234/400/396 237/401/397
f 237/401/397 234/400/396 236/402/398
f 237/401/397 236/402/398 223/403/399
f 223/403/399 236/402/398 196/404/400
f 223/403/399 196/404/400 195/405/401
f 2/406/402 238/407/403 6/397/393
f 6/397/393 238/407/403 232/408/404
f 6/397/393 232/408/404 233/398/394
f 233/398/394 232/408/404 391/409/405
f 233/398/394 391/409/405 390/410/406
f 390/410/406 391/409/405 403/411/407
f 390/410/406 403/411/407 404/412/408
f 404/412/408 403/411/407 222/413/409
f 404/412/408 222/413/409 197/414/410
f 197/414/410 222/413/409 198/415/411
f 198/415/411 222/413/409 366/416/412
f 198/415/411 366/416/412 199/417/413
f 199/417/413 366/416/412 381/418/414
f 199/417/413 381/418/414 350/419/415
f 350/419/415 381/418/414 380/420/416
f 350/419/415 380/420/416 351/421/417
f 351/421/417 380/420/416 379/422/418
f 351/421/417 379/422/418 352/423/419
f 352/423/419 379/422/418 378/424/420
f 352/423/419 378/424/420 353/425/421
f 353/425/421 378/424/420 377/426/422
f 353/425/421 377/426/422 354/427/423
f 354/427/423 377/426/422 376/428/424
f 354/427/423 376/428/424 355/429/425
f 355/429/425 376/428/424 375/430/426
f 355/429/425 375/430/426 356/431/427
f 356/431/427 375/430/426 374/432/428
f 356/431/427 374/432/428 357/433/429
f 357/433/429 374/432/428 208/434/430
f 1/435/431 246/436/432 2/406/402
f 2/406/402 246/436/432 247/437/433
f 2/406/402 247/437/433 238/407/403
f 238/407/403 247/437/433 248/438/434
f 238/407/403 248/438/434 239/439/435
f 239/439/435 248/438/434 249/440/436
f 239/439/435 249/440/436 240/441/437
f 240/441/437 249/440/436 250/442/438
f 240/441/437 250/442/438 241/443/439
f 241/443/439 250/442/438 251/444/440
f 241/443/439 251/444/440 242/445/441
f 242/445/441 251/444/440 208/446/442
f 7/399/395 243/447/443 1/435/431
f 1/435/431 243/447/443 245/448/444
f 1/435/431 245/448/444 246/436/432
f 246/436/432 245/448/444 418/449/445
f 246/436/432 418/449/445 417/450/446
f 417/450/446 418/449/445 408/451/447
f 417/450/446 408/451/447 409/452/448
f 409/452/448 408/451/447 424/453/449
f 409/452/448 424/453/449 425/454/450
f 425/454/450 424/453/449 438/455/451
f 425/454/450 438/455/451 437/456/452
f 437/456/452 438/455/451 434/457/453
f 437/456/452 434/457/453 435/458/454
f 435/458/454 434/457/453 451/459/455
f 435/458/454 451/459/455 208/460/456
f 208/461/457 209/462/458 259/463/459
f 259/463/459 209/462/458 210/464/460
f 259/463/459 210/464/460 258/465/461
f 258/465/461 210/464/460 211/466/462
f 258/465/461 211/466/462 257/467/463
f 257/467/463 211/466/462 212/468/464
f 257/467/463 212/468/464 256/469/465
f 256/469/465 212/468/464 255/470/466
f 256/469/465 255/470/466 264/471/467
f 264/471/467 255/470/466 263/472/468
f 264/471/467 263/472/468 278/473/469
f 278/473/469 263/472/468 279/474/470
f 278/473/469 279/474/470 271/475/471
f 271/475/471 279/474/470 270/476/472
f 271/475/471 270/476/472 292/477/473
f 292/477/473 270/476/472 293/478/474
f 292/477/473 293/478/474 285/479/475
f 285/479/475 293/478/474 284/480/476
f 285/479/475 284/480/476 308/481/477
f 308/481/477 284/480/476 309/482/478
f 308/481/477 309/482/478 301/483/479
f 301/483/479 309/482/478 300/484/480
f 301/483/479 300/484/480 317/485/481
f 317/485/481 300/484/480 316/486/482
f 317/485/481 316/486/482 332/487/483
f 332/487/483 316/486/482 333/488/484
f 332/487/483 333/488/484 325/489/485
f 325/489/485 333/488/484 324/490/486
f 325/489/485 324/490/486 346/491/487
f 346/491/487 324/490/486 347/492/488
f 346/491/487 347/492/488 339/493/489
f 339/493/489 347/492/488 338/494/490
f 339/493/489 338/494/490 361/495/491
f 361/495/491 338/494/490 362/496/492
f 361/495/491 362/496/492 354/427/423
f 354/427/423 362/496/492 353/425/421
f 212/468/464 213/497/493 255/470/466
f 255/470/466 213/497/493 254/498/494
f 255/470/466 254/498/494 263/472/468
f 263/472/468 254/498/494 262/499/495
f 263/472/468 262/499/495 279/474/470
f 279/474/470 262/499/495 280/500/496
f 279/474/470 280/500/496 270/476/472
f 270/476/472 280/500/496 269/501/497
f 270/476/472 269/501/497 293/478/474
f 293/478/474 269/501/497 294/502/498
f 293/478/474 294/502/498 284/480/476
f 284/480/476 294/502/498 283/503/499
f 284/480/476 283/503/499 309/482/478
f 309/482/478 283/503/499 310/504/500
f 309/482/478 310/504/500 300/484/480
f 300/484/480 310/504/500 299/505/501
f 300/484/480 299/505/501 316/486/482
f 316/486/482 299/505/501 315/506/502
f 316/486/482 315/506/502 333/488/484
f 333/488/484 315/506/502 334/507/503
f 333/488/484 334/507/503 324/490/486
f 324/490/486 334/507/503 323/508/504
f 324/490/486 323/508/504 347/492/488
f 347/492/488 323/508/504 348/509/505
f 347/492/488 348/509/505 338/494/490
f 338/494/490 348/509/505 337/510/506
f 338/494/490 337/510/506 362/496/492
f 362/496/492 337/510/506 363/511/507
f 362/496/492 363/511/507 353/425/421
f 353/425/421 363/511/507 352/423/419
f 213/497/493 214/512/508 254/498/494
f 254/498/494 214/512/508 253/513/509
f 254/498/494 253/513/509 262/499/495
f 262/499/495 253/513/509 261/514/510
f 262/499/495 261/514/510 280/500/496
f 280/500/496 261/514/510 281/515/511
f 280/500/496 281/515/511 269/501/497
f 269/501/497 281/515/511 268/516/512
f 269/501/497 268/516/512 294/502/498
f 294/502/498 268/516/512 295/517/513
f 294/502/498 295/517/513 283/503/499
f 283/503/499 295/517/513 282/518/514
f 283/503/499 282/518/514 310/504/500
f 310/504/500 282/518/514 311/519/515
f 310/504/500 311/519/515 299/505/501
f 299/505/501 311/519/515 298/520/516
f 299/505/501 298/520/516 315/506/502
f 315/506/502 298/520/516 314/521/517
f 315/506/502 314/521/517 334/507/503
f 334/507/503 314/521/517 335/522/518
f 334/507/503 335/522/518 323/508/504
f 323/508/504 335/522/518 322/523/519
f 323/508/504 322/523/519 348/509/505
f 348/509/505 322/523/519 349/524/520
f 348/509/505 349/524/520 337/510/506
f 337/510/506 349/524/520 336/525/521
f 337/510/506 336/525/521 363/511/507
f 363/511/507 336/525/521 364/526/522
f 363/511/507 364/526/522 352/423/419
f 352/423/419 364/526/522 351/421/417
f 214/512/508 215/527/523 253/513/509
f 253/513/509 215/527/523 252/528/524
f 253/513/509 252/528/524 261/514/510
f 261/514/510 252/528/524 260/529/525
f 261/514/510 260/529/525 281/515/511
f 281/515/511 260/529/525 216/530/526
f 281/515/511 216/530/526 268/516/512
f 268/516/512 216/530/526 217/531/527
f 268/516/512 217/531/527 295/517/513
f 295/517/513 217/531/527 296/532/528
f 295/517/513 296/532/528 282/518/514
f 282/518/514 296/532/528 218/533/529
f 282/518/514 218/533/529 311/519/515
f 311/519/515 218/533/529 312/534/530
f 311/519/515 312/534/530 298/520/516
f 298/520/516 312/534/530 297/535/531
f 298/520/516 297/535/531 314/521/517
f 314/521/517 297/535/531 313/536/532
f 314/521/517 313/536/532 335/522/518
f 335/522/518 313/536/532 219/537/533
f 335/522/518 219/537/533 322/523/519
f 322/523/519 219/537/533 321/538/534
f 322/523/519 321/538/534 349/524/520
f 349/524/520 321/538/534 220/539/535
f 349/524/520 220/539/535 336/525/521
f 336/525/521 220/539/535 221/540/536
f 336/525/521 221/540/536 364/526/522
f 364/526/522 221/540/536 365/541/537
f 364/526/522 365/541/537 351/421/417
f 351/421/417 365/541/537 350/419/415
f 215/527/523 184/542/538 252/528/524
f 252/528/524 184/542/538 207/543/539
f 252/528/524 207/543/539 260/529/525
f 260/529/525 207/543/539 216/530/526
f 207/543/539 206/544/540 216/530/526
f 216/530/526 206/544/540 217/531/527
f 206/544/540 205/545/541 217/531/527
f 217/531/527 205/545/541 296/532/528
f 296/532/528 205/545/541 218/533/529
f 218/533/529 205/545/541 204/546/542
f 218/533/529 204/546/542 312/534/530
f 312/534/530 204/546/542 297/535/531
f 204/546/542 203/547/543 297/535/531
f 297/535/531 203/547/543 313/536/532
f 313/536/532 203/547/543 219/537/533
f 219/537/533 203/547/543 202/548/544
f 219/537/533 202/548/544 321/538/534
f 321/538/534 202/548/544 220/539/535
f 202/548/544 201/549/545 220/539/535
f 220/539/535 201/549/545 221/540/536
f 201/549/545 200/550/546 221/540/536
f 221/540/536 200/550/546 365/541/537
f 365/541/537 200/550/546 350/419/415
f 350/419/415 200/550/546 199/417/413
f 404/412/408 197/414/410 389/551/547
f 389/551/547 197/414/410 196/404/400
f 389/551/547 196/404/400 235/552/548
f 235/552/548 196/404/400 236/402/398
f 235/552/548 236/402/398 234/400/396
f 223/403/399 195/405/401 244/553/549
f 244/553/549 195/405/401 194/554/550
f 244/553/549 194/554/550 420/555/551
f 420/555/551 194/554/550 405/556/552
f 420/555/551 405/556/552 406/557/553
f 406/557/553 405/556/552 421/558/554
f 406/557/553 421/558/554 422/559/555
f 422/559/555 421/558/554 441/560/556
f 422/559/555 441/560/556 440/561/557
f 440/561/557 441/560/556 431/562/558
f 440/561/557 431/562/558 432/563/559
f 432/563/559 431/562/558 448/564/560
f 432/563/559 448/564/560 449/565/561
f 449/565/561 448/564/560 462/566/562
f 449/565/561 462/566/562 461/567/563
f 461/567/563 462/566/562 458/568/564
f 461/567/563 458/568/564 459/569/565
f 459/569/565 458/568/564 475/570/566
f 459/569/565 475/570/566 208/571/567
f 194/554/550 193/572/568 405/556/552
f 405/556/552 193/572/568 224/573/569
f 405/556/552 224/573/569 421/558/554
f 421/558/554 224/573/569 442/574/570
f 421/558/554 442/574/570 441/560/556
f 441/560/556 442/574/570 430/575/571
f 441/560/556 430/575/571 431/562/558
f 431/562/558 430/575/571 447/576/572
f 431/562/558 447/576/572 448/564/560
f 448/564/560 447/576/572 463/577/573
f 448/564/560 463/577/573 462/566/562
f 462/566/562 463/577/573 457/578/574
f 462/566/562 457/578/574 458/568/564
f 458/568/564 457/578/574 476/579/575
f 458/568/564 476/579/575 475/570/566
f 475/570/566 476/579/575 474/580/576
f 475/570/566 474/580/576 208/581/577
f 193/572/568 192/582/578 224/573/569
f 224/573/569 192/582/578 443/583/579
f 224/573/569 443/583/579 442/574/570
f 442/574/570 443/583/579 429/584/580
f 442/574/570 429/584/580 430/575/571
f 430/575/571 429/584/580 446/585/581
f 430/575/571 446/585/581 447/576/572
f 447/576/572 446/585/581 464/586/582
f 447/576/572 464/586/582 463/577/573
f 463/577/573 464/586/582 456/587/583
f 463/577/573 456/587/583 457/578/574
f 457/578/574 456/587/583 477/588/584
f 457/578/574 477/588/584 476/579/575
f 476/579/575 477/588/584 473/589/585
f 476/579/575 473/589/585 474/580/576
f 474/580/576 473/589/585 489/590/586
f 474/580/576 489/590/586 208/591/587
f 443/583/579 192/582/578 428/592/588
f 428/592/588 192/582/578 191/593/589
f 428/592/588 191/593/589 444/594/590
f 444/594/590 191/593/589 225/595/591
f 444/594/590 225/595/591 466/596/592
f 466/596/592 225/595/591 453/597/593
f 466/596/592 453/597/593 454/598/594
f 454/598/594 453/597/593 480/599/595
f 454/598/594 480/599/595 479/600/596
f 479/600/596 480/599/595 470/601/597
f 479/600/596 470/601/597 471/602/598
f 471/602/598 470/601/597 486/603/599
f 471/602/598 486/603/599 487/604/600
f 487/604/600 486/603/599 500/605/601
f 487/604/600 500/605/601 499/606/602
f 499/606/602 500/605/601 496/607/603
f 499/606/602 496/607/603 497/608/604
f 497/608/604 496/607/603 513/609/605
f 497/608/604 513/609/605 208/610/606
f 191/593/589 190/611/607 225/595/591
f 225/595/591 190/611/607 452/612/608
f 225/595/591 452/612/608 453/597/593
f 453/597/593 452/612/608 481/613/609
f 453/597/593 481/613/609 480/599/595
f 480/599/595 481/613/609 469/614/610
f 480/599/595 469/614/610 470/601/597
f 470/601/597 469/614/610 485/615/611
f 470/601/597 485/615/611 486/603/599
f 486/603/599 485/615/611 501/616/612
f 486/603/599 501/616/612 500/605/601
f 500/605/601 501/616/612 495/617/613
f 500/605/601 495/617/613 496/607/603
f 496/607/603 495/617/613 512/618/614
f 496/607/603 512/618/614 513/609/605
f 513/609/605 512/618/614 522/619/615
f 513/609/605 522/619/615 208/620/616
f 190/611/607 189/621/617 452/612/608
f 452/612/608 189/621/617 482/622/618
f 452/612/608 482/622/618 481/613/609
f 481/613/609 482/622/618 468/623/619
f 481/613/609 468/623/619 469/614/610
f 469/614/610 468/623/619 484/624/620
f 469/614/610 484/624/620 485/615/611
f 485/615/611 484/624/620 502/625/621
f 485/615/611 502/625/621 501/616/612
f 501/616/612 502/625/621 494/626/622
f 501/616/612 494/626/622 495/617/613
f 495/617/613 494/626/622 511/627/623
f 495/617/613 511/627/623 512/618/614
f 512/618/614 511/627/623 523/628/624
f 512/618/614 523/628/624 522/619/615
f 522/619/615 523/628/624 521/629/625
f 522/619/615 521/629/625 208/630/626
f 482/622/618 189/621/617 467/631/627
f 467/631/627 189/621/617 188/632/628
f 467/631/627 188/632/628 226/633/629
f 226/633/629 188/632/628 187/634/630
f 226/633/629 187/634/630 505/635/631
f 505/635/631 187/634/630 490/636/632
f 505/635/631 490/636/632 491/637/633
f 491/637/633 490/636/632 507/638/634
f 491/637/633 507/638/634 508/639/635
f 508/639/635 507/638/634 527/640/636
f 508/639/635 527/640/636 526/641/637
f 526/641/637 527/640/636 517/642/638
f 526/641/637 517/642/638 518/643/639
f 518/643/639 517/642/638 212/644/464
f 518/643/639 212/644/464 211/645/462
f 187/634/630 186/646/640 490/636/632
f 490/636/632 186/646/640 506/647/641
f 490/636/632 506/647/641 507/638/634
f 507/638/634 506/647/641 528/648/642
f 507/638/634 528/648/642 527/640/636
f 527/640/636 528/648/642 516/649/643
f 527/640/636 516/649/643 517/642/638
f 517/642/638 516/649/643 213/650/493
f 517/642/638 213/650/493 212/644/464
f 506/647/641 186/646/640 227/651/644
f 227/651/644 186/646/640 185/652/645
f 227/651/644 185/652/645 514/653/646
f 514/653/646 185/652/645 184/654/538
f 514/653/646 184/654/538 215/655/523
f 514/653/646 215/655/523 515/656/647
f 515/656/647 215/655/523 214/657/508
f 515/656/647 214/657/508 516/649/643
f 516/649/643 214/657/508 213/650/493
f 518/643/639 211/645/462 519/658/648
f 519/658/648 211/645/462 210/659/460
f 519/658/648 210/659/460 520/660/649
f 520/660/649 210/659/460 209/661/458
f 520/660/649 209/661/458 521/629/625
f 521/629/625 209/661/458 208/662/650
f 497/608/604 208/663/651 498/664/652
f 498/664/652 208/665/653 489/590/586
f 459/569/565 208/666/654 460/667/655
f 460/667/655 208/668/656 451/459/455
f 435/458/454 208/669/657 436/670/658
f 427/671/659 208/672/660 412/673/661
f 412/673/661 208/674/662 413/675/663
f 413/675/663 208/676/664 251/444/440
f 242/445/441 208/677/665 228/678/666
f 228/678/666 208/679/667 396/680/668
f 396/680/668 208/681/669 397/682/670
f 397/682/670 208/683/671 388/684/672
f 388/684/672 208/685/673 373/686/674
f 373/686/674 208/687/675 374/432/428
f 357/433/429 208/688/676 358/689/677
f 342/690/678 208/691/679 343/692/680
f 343/692/680 208/693/681 328/694/682
f 328/694/682 208/695/683 329/696/684
f 329/696/684 208/697/685 320/698/686
f 320/698/686 208/699/687 304/700/688
f 304/700/688 208/701/689 305/702/690
f 305/702/690 208/703/691 288/704/692
f 288/704/692 208/705/693 289/706/694
f 289/706/694 208/707/695 274/708/696
f 274/708/696 208/709/697 275/710/698
f 275/710/698 208/711/699 267/712/700
f 267/712/700 208/713/701 259/463/459
f 7/399/395 237/401/397 243/447/443
f 243/447/443 237/401/397 223/403/399
f 243/447/443 223/403/399 245/448/444
f 245/448/444 223/403/399 244/553/549
f 245/448/444 244/553/549 419/714/702
f 419/714/702 244/553/549 420/555/551
f 419/714/702 420/555/551 406/557/553
f 241/443/439 242/445/441 229/715/703
f 229/715/703 242/445/441 228/678/666
f 229/715/703 228/678/666 395/716/704
f 395/716/704 228/678/666 396/680/668
f 395/716/704 396/680/668 398/717/705
f 398/717/705 396/680/668 397/682/670
f 398/717/705 397/682/670 387/718/706
f 387/718/706 397/682/670 388/684/672
f 387/718/706 388/684/672 372/719/707
f 372/719/707 388/684/672 373/686/674
f 372/719/707 373/686/674 375/430/426
f 375/430/426 373/686/674 374/432/428
f 240/441/437 241/443/439 230/720/708
f 230/720/708 241/443/439 229/715/703
f 230/720/708 229/715/703 394/721/709
f 394/721/709 229/715/703 395/716/704
f 394/721/709 395/716/704 399/722/710
f 399/722/710 395/716/704 398/717/705
f 399/722/710 398/717/705 386/723/711
f 386/723/711 398/717/705 387/718/706
f 386/723/711 387/718/706 371/724/712
f 371/724/712 387/718/706 372/719/707
f 371/724/712 372/719/707 376/428/424
f 376/428/424 372/719/707 375/430/426
f 239/439/435 240/441/437 231/725/713
f 231/725/713 240/441/437 230/720/708
f 231/725/713 230/720/708 393/726/714
f 393/726/714 230/720/708 394/721/709
f 393/726/714 394/721/709 400/727/715
f 400/727/715 394/721/709 399/722/710
f 400/727/715 399/722/710 385/728/716
f 385/728/716 399/722/710 386/723/711
f 385/728/716 386/723/711 370/729/717
f 370/729/717 386/723/711 371/724/712
f 370/729/717 371/724/712 377/426/422
f 377/426/422 371/724/712 376/428/424
f 238/407/403 239/439/435 232/408/404
f 232/408/404 239/439/435 231/725/713
f 232/408/404 231/725/713 392/730/718
f 392/730/718 231/725/713 393/726/714
f 392/730/718 393/726/714 401/731/719
f 401/731/719 393/726/714 400/727/715
f 401/731/719 400/727/715 384/732/720
f 384/732/720 400/727/715 385/728/716
f 384/732/720 385/728/716 369/733/721
f 369/733/721 385/728/716 370/729/717
f 369/733/721 370/729/717 378/424/420
f 378/424/420 370/729/717 377/426/422
f 391/409/405 232/408/404 392/730/718
f 389/551/547 235/552/548 234/400/396
f 389/551/547 234/400/396 390/410/406
f 390/410/406 234/400/396 233/398/394
f 418/449/445 245/448/444 419/714/702
f 246/436/432 417/450/446 247/437/433
f 247/437/433 417/450/446 416/734/722
f 247/437/433 416/734/722 248/438/434
f 248/438/434 416/734/722 415/735/723
f 248/438/434 415/735/723 249/440/436
f 249/440/436 415/735/723 414/736/724
f 249/440/436 414/736/724 250/442/438
f 250/442/438 414/736/724 413/675/663
f 250/442/438 413/675/663 251/444/440
f 257/467/463 256/469/465 265/737/725
f 265/737/725 256/469/465 264/471/467
f 265/737/725 264/471/467 277/738/726
f 277/738/726 264/471/467 278/473/469
f 277/738/726 278/473/469 272/739/727
f 272/739/727 278/473/469 271/475/471
f 272/739/727 271/475/471 291/740/728
f 291/740/728 271/475/471 292/477/473
f 291/740/728 292/477/473 286/741/729
f 286/741/729 292/477/473 285/479/475
f 286/741/729 285/479/475 307/742/730
f 307/742/730 285/479/475 308/481/477
f 307/742/730 308/481/477 302/743/731
f 302/743/731 308/481/477 301/483/479
f 302/743/731 301/483/479 318/744/732
f 318/744/732 301/483/479 317/485/481
f 318/744/732 317/485/481 331/745/733
f 331/745/733 317/485/481 332/487/483
f 331/745/733 332/487/483 326/746/734
f 326/746/734 332/487/483 325/489/485
f 326/746/734 325/489/485 345/747/735
f 345/747/735 325/489/485 346/491/487
f 345/747/735 346/491/487 340/748/736
f 340/748/736 346/491/487 339/493/489
f 340/748/736 339/493/489 360/749/737
f 360/749/737 339/493/489 361/495/491
f 360/749/737 361/495/491 355/429/425
f 355/429/425 361/495/491 354/427/423
f 267/712/700 259/463/459 258/465/461
f 258/465/461 257/467/463 266/750/738
f 266/750/738 257/467/463 265/737/725
f 266/750/738 265/737/725 276/751/739
f 276/751/739 265/737/725 277/738/726
f 276/751/739 277/738/726 273/752/740
f 273/752/740 277/738/726 272/739/727
f 273/752/740 272/739/727 290/753/741
f 290/753/741 272/739/727 291/740/728
f 290/753/741 291/740/728 287/754/742
f 287/754/742 291/740/728 286/741/729
f 287/754/742 286/741/729 306/755/743
f 306/755/743 286/741/729 307/742/730
f 306/755/743 307/742/730 303/756/744
f 303/756/744 307/742/730 302/743/731
f 303/756/744 302/743/731 319/757/745
f 319/757/745 302/743/731 318/744/732
f 319/757/745 318/744/732 330/758/746
f 330/758/746 318/744/732 331/745/733
f 330/758/746 331/745/733 327/759/747
f 327/759/747 331/745/733 326/746/734
f 327/759/747 326/746/734 344/760/748
f 344/760/748 326/746/734 345/747/735
f 344/760/748 345/747/735 341/761/749
f 341/761/749 345/747/735 340/748/736
f 341/761/749 340/748/736 359/762/750
f 359/762/750 340/748/736 360/749/737
f 359/762/750 360/749/737 356/431/427
f 356/431/427 360/749/737 355/429/425
f 275/710/698 267/712/700 266/750/738
f 266/750/738 267/712/700 258/465/461
f 275/710/698 266/750/738 276/751/739
f 275/710/698 276/751/739 274/708/696
f 274/708/696 276/751/739 273/752/740
f 274/708/696 273/752/740 289/706/694
f 289/706/694 273/752/740 290/753/741
f 289/706/694 290/753/741 288/704/692
f 288/704/692 290/753/741 287/754/742
f 288/704/692 287/754/742 305/702/690
f 305/702/690 287/754/742 306/755/743
f 305/702/690 306/755/743 304/700/688
f 304/700/688 306/755/743 303/756/744
f 304/700/688 303/756/744 320/698/686
f 320/698/686 303/756/744 319/757/745
f 320/698/686 319/757/745 329/696/684
f 329/696/684 319/757/745 330/758/746
f 329/696/684 330/758/746 328/694/682
f 328/694/682 330/758/746 327/759/747
f 328/694/682 327/759/747 343/692/680
f 343/692/680 327/759/747 344/760/748
f 343/692/680 344/760/748 342/690/678
f 342/690/678 344/760/748 341/761/749
f 342/690/678 341/761/749 358/689/677
f 358/689/677 341/761/749 359/762/750
f 358/689/677 359/762/750 357/433/429
f 357/433/429 359/762/750 356/431/427
f 208/763/751 342/690/678 358/689/677
f 380/420/416 381/418/414 367/764/752
f 367/764/752 381/418/414 366/416/412
f 367/764/752 366/416/412 382/765/753
f 382/765/753 366/416/412 222/413/409
f 382/765/753 222/413/409 403/411/407
f 379/422/418 380/420/416 368/766/754
f 368/766/754 380/420/416 367/764/752
f 368/766/754 367/764/752 383/767/755
f 383/767/755 367/764/752 382/765/753
f 383/767/755 382/765/753 402/768/756
f 402/768/756 382/765/753 403/411/407
f 402/768/756 403/411/407 391/409/405
f 378/424/420 379/422/418 369/733/721
f 369/733/721 379/422/418 368/766/754
f 369/733/721 368/766/754 384/732/720
f 384/732/720 368/766/754 383/767/755
f 384/732/720 383/767/755 401/731/719
f 401/731/719 383/767/755 402/768/756
f 401/731/719 402/768/756 392/730/718
f 392/730/718 402/768/756 391/409/405
f 389/551/547 390/410/406 404/412/408
f 418/449/445 419/714/702 407/769/757
f 407/769/757 419/714/702 406/557/553
f 407/769/757 406/557/553 422/559/555
f 418/449/445 407/769/757 408/451/447
f 408/451/447 407/769/757 423/770/758
f 408/451/447 423/770/758 424/453/449
f 424/453/449 423/770/758 439/771/759
f 424/453/449 439/771/759 438/455/451
f 438/455/451 439/771/759 433/772/760
f 438/455/451 433/772/760 434/457/453
f 434/457/453 433/772/760 450/773/761
f 434/457/453 450/773/761 451/459/455
f 451/459/455 450/773/761 460/667/655
f 423/770/758 407/769/757 422/559/555
f 416/734/722 417/450/446 409/452/448
f 415/735/723 416/734/722 410/774/762
f 410/774/762 416/734/722 409/452/448
f 410/774/762 409/452/448 425/454/450
f 414/736/724 415/735/723 411/775/763
f 411/775/763 415/735/723 410/774/762
f 411/775/763 410/774/762 426/776/764
f 426/776/764 410/774/762 425/454/450
f 426/776/764 425/454/450 437/456/452
f 413/675/663 414/736/724 412/673/661
f 412/673/661 414/736/724 411/775/763
f 412/673/661 411/775/763 427/671/659
f 427/671/659 411/775/763 426/776/764
f 427/671/659 426/776/764 436/670/658
f 436/670/658 426/776/764 437/456/452
f 436/670/658 437/456/452 435/458/454
f 439/771/759 423/770/758 440/561/557
f 440/561/557 423/770/758 422/559/555
f 208/777/765 427/671/659 436/670/658
f 443/583/579 428/592/588 429/584/580
f 429/584/580 428/592/588 445/778/766
f 429/584/580 445/778/766 446/585/581
f 446/585/581 445/778/766 465/779/767
f 446/585/581 465/779/767 464/586/582
f 464/586/582 465/779/767 455/780/768
f 464/586/582 455/780/768 456/587/583
f 456/587/583 455/780/768 478/781/769
f 456/587/583 478/781/769 477/588/584
f 477/588/584 478/781/769 472/782/770
f 477/588/584 472/782/770 473/589/585
f 473/589/585 472/782/770 488/783/771
f 473/589/585 488/783/771 489/590/586
f 489/590/586 488/783/771 498/664/652
f 439/771/759 440/561/557 432/563/559
f 439/771/759 432/563/559 433/772/760
f 433/772/760 432/563/559 449/565/561
f 433/772/760 449/565/561 450/773/761
f 450/773/761 449/565/561 461/567/563
f 450/773/761 461/567/563 460/667/655
f 460/667/655 461/567/563 459/569/565
f 428/592/588 444/594/590 445/778/766
f 445/778/766 444/594/590 466/596/592
f 445/778/766 466/596/592 465/779/767
f 465/779/767 466/596/592 454/598/594
f 465/779/767 454/598/594 455/780/768
f 455/780/768 454/598/594 479/600/596
f 455/780/768 479/600/596 478/781/769
f 478/781/769 479/600/596 471/602/598
f 478/781/769 471/602/598 472/782/770
f 472/782/770 471/602/598 487/604/600
f 472/782/770 487/604/600 488/783/771
f 488/783/771 487/604/600 499/606/602
f 488/783/771 499/606/602 498/664/652
f 498/664/652 499/606/602 497/608/604
f 482/622/618 467/631/627 468/623/619
f 468/623/619 467/631/627 483/784/772
f 468/623/619 483/784/772 484/624/620
f 484/624/620 483/784/772 503/785/773
f 484/624/620 503/785/773 502/625/621
f 502/625/621 503/785/773 493/786/774
f 502/625/621 493/786/774 494/626/622
f 494/626/622 493/786/774 510/787/775
f 494/626/622 510/787/775 511/627/623
f 511/627/623 510/787/775 524/788/776
f 511/627/623 524/788/776 523/628/624
f 523/628/624 524/788/776 520/660/649
f 523/628/624 520/660/649 521/629/625
f 467/631/627 226/633/629 483/784/772
f 483/784/772 226/633/629 504/789/777
f 483/784/772 504/789/777 503/785/773
f 503/785/773 504/789/777 492/790/778
f 503/785/773 492/790/778 493/786/774
f 493/786/774 492/790/778 509/791/779
f 493/786/774 509/791/779 510/787/775
f 510/787/775 509/791/779 525/792/780
f 510/787/775 525/792/780 524/788/776
f 524/788/776 525/792/780 519/658/648
f 524/788/776 519/658/648 520/660/649
f 505/635/631 491/637/633 504/789/777
f 504/789/777 491/637/633 492/790/778
f 509/791/779 492/790/778 508/639/635
f 508/639/635 492/790/778 491/637/633
f 226/633/629 505/635/631 504/789/777
f 525/792/780 509/791/779 526/641/637
f 526/641/637 509/791/779 508/639/635
f 514/653/646 515/656/647 227/651/644
f 227/651/644 515/656/647 528/648/642
f 227/651/644 528/648/642 506/647/641
f 515/656/647 516/649/643 528/648/642
f 525/792/780 526/641/637 518/643/639
f 518/643/639 519/658/648 525/792/780
f 160/793/781 183/794/782 161/795/783
f 161/795/783 183/794/782 162/796/784
f 162/796/784 183/794/782 182/797/785
f 162/796/784 182/797/785 163/798/786
f 163/798/786 182/797/785 181/799/787
f 163/798/786 181/799/787 164/800/788
f 164/800/788 181/799/787 180/801/789
f 164/800/788 180/801/789 165/802/790
f 165/802/790 180/801/789 179/803/791
f 165/802/790 179/803/791 166/804/792
f 166/804/792 179/803/791 178/805/793
f 166/804/792 178/805/793 167/806/794
f 167/806/794 178/805/793 177/807/795
f 167/806/794 177/807/795 168/808/796
f 168/808/796 177/807/795 176/809/797
f 168/808/796 176/809/797 169/810/798
f 169/810/798 176/809/797 175/811/799
f 169/810/798 175/811/799 170/812/800
f 170/812/800 175/811/799 174/813/801
f 170/812/800 174/813/801 171/814/802
f 171/814/802 174/813/801 173/815/803
f 171/814/802 173/815/803 172/816/804
# 528 vertices
# 816 texture params
# 804 normals
# 1056 facets

# 1 groups
