# WaveFront *.obj file (generated by Autodesk ATF)

mtllib cube.mtl

g Body350

v 84.750001 -376.000000 4.000000
v 84.845152 -376.000000 4.478354
v 85.116118 -376.000000 4.883884
v 85.521647 -376.000000 5.154849
v 86.000001 -376.000000 5.250000
v 86.478356 -376.000000 5.154849
v 86.883885 -376.000000 4.883884
v 87.154851 -376.000000 4.478354
v 87.250001 -376.000000 4.000000
v 87.154851 -376.000000 3.521646
v 86.883885 -376.000000 3.116117
v 86.478356 -376.000000 2.845151
v 86.000001 -376.000000 2.750000
v 85.521647 -376.000000 2.845151
v 85.116118 -376.000000 3.116117
v 84.845152 -376.000000 3.521646
v 84.750001 -375.000000 4.000000
v 84.845152 -375.000000 4.478354
v 85.116118 -375.000000 4.883884
v 85.521647 -375.000000 5.154849
v 86.000001 -375.000000 5.250000
v 86.478356 -375.000000 5.154849
v 86.883885 -375.000000 4.883884
v 87.154851 -375.000000 4.478354
v 87.250001 -375.000000 4.000000
v 87.154851 -375.000000 3.521646
v 86.883885 -375.000000 3.116117
v 86.478356 -375.000000 2.845151
v 86.000001 -375.000000 2.750000
v 85.521647 -375.000000 2.845151
v 85.116118 -375.000000 3.116117
v 84.845152 -375.000000 3.521646
v 77.749999 -376.000000 11.000000
v 77.845149 -376.000000 11.478354
v 78.116115 -376.000000 11.883884
v 78.521644 -376.000000 12.154850
v 78.999999 -376.000000 12.250000
v 79.478353 -376.000000 12.154850
v 79.883882 -376.000000 11.883884
v 80.154848 -376.000000 11.478354
v 80.249999 -376.000000 11.000000
v 80.154848 -376.000000 10.521646
v 79.883882 -376.000000 10.116117
v 79.478353 -376.000000 9.845151
v 78.999999 -376.000000 9.750000
v 78.521644 -376.000000 9.845151
v 78.116115 -376.000000 10.116117
v 77.845149 -376.000000 10.521646
v 77.749999 -375.000000 11.000000
v 77.845149 -375.000000 11.478354
v 78.116115 -375.000000 11.883884
v 78.521644 -375.000000 12.154850
v 78.999999 -375.000000 12.250000
v 79.478353 -375.000000 12.154850
v 79.883882 -375.000000 11.883884
v 80.154848 -375.000000 11.478354
v 80.249999 -375.000000 11.000000
v 80.154848 -375.000000 10.521646
v 79.883882 -375.000000 10.116117
v 79.478353 -375.000000 9.845151
v 78.999999 -375.000000 9.750000
v 78.521644 -375.000000 9.845151
v 78.116115 -375.000000 10.116117
v 77.845149 -375.000000 10.521646
v 84.750001 -389.000000 11.000000
v 84.845152 -389.000000 11.478354
v 85.116118 -389.000000 11.883884
v 85.521647 -389.000000 12.154850
v 86.000001 -389.000000 12.250000
v 86.478356 -389.000000 12.154850
v 86.883885 -389.000000 11.883884
v 87.154851 -389.000000 11.478354
v 87.250001 -389.000000 11.000000
v 87.154851 -389.000000 10.521646
v 86.883885 -389.000000 10.116117
v 86.478356 -389.000000 9.845151
v 86.000001 -389.000000 9.750000
v 85.521647 -389.000000 9.845151
v 85.116118 -389.000000 10.116117
v 84.845152 -389.000000 10.521646
v 84.750001 -390.000000 11.000000
v 84.845152 -390.000000 10.521646
v 85.116118 -390.000000 10.116117
v 85.521647 -390.000000 9.845151
v 86.000001 -390.000000 9.750000
v 86.478356 -390.000000 9.845151
v 86.883885 -390.000000 10.116117
v 87.154851 -390.000000 10.521646
v 87.250001 -390.000000 11.000000
v 87.154851 -390.000000 11.478354
v 86.883885 -390.000000 11.883884
v 86.478356 -390.000000 12.154850
v 86.000001 -390.000000 12.250000
v 85.521647 -390.000000 12.154850
v 85.116118 -390.000000 11.883884
v 84.845152 -390.000000 11.478354
v 84.750001 -389.000000 4.000000
v 84.845152 -389.000000 4.478354
v 85.116118 -389.000000 4.883884
v 85.521647 -389.000000 5.154849
v 86.000001 -389.000000 5.250000
v 86.478356 -389.000000 5.154849
v 86.883885 -389.000000 4.883884
v 87.154851 -389.000000 4.478354
v 87.250001 -389.000000 4.000000
v 87.154851 -389.000000 3.521646
v 86.883885 -389.000000 3.116117
v 86.478356 -389.000000 2.845151
v 86.000001 -389.000000 2.750000
v 85.521647 -389.000000 2.845151
v 85.116118 -389.000000 3.116117
v 84.845152 -389.000000 3.521646
v 84.750001 -390.000000 4.000000
v 84.845152 -390.000000 3.521646
v 85.116118 -390.000000 3.116117
v 85.521647 -390.000000 2.845151
v 86.000001 -390.000000 2.750000
v 86.478356 -390.000000 2.845151
v 86.883885 -390.000000 3.116117
v 87.154851 -390.000000 3.521646
v 87.250001 -390.000000 4.000000
v 87.154851 -390.000000 4.478354
v 86.883885 -390.000000 4.883884
v 86.478356 -390.000000 5.154849
v 86.000001 -390.000000 5.250000
v 85.521647 -390.000000 5.154849
v 85.116118 -390.000000 4.883884
v 84.845152 -390.000000 4.478354
v 77.749999 -389.000000 11.000000
v 77.845149 -389.000000 11.478354
v 78.116115 -389.000000 11.883884
v 78.521644 -389.000000 12.154850
v 78.999999 -389.000000 12.250000
v 79.478353 -389.000000 12.154850
v 79.883882 -389.000000 11.883884
v 80.154848 -389.000000 11.478354
v 80.249999 -389.000000 11.000000
v 80.154848 -389.000000 10.521646
v 79.883882 -389.000000 10.116117
v 79.478353 -389.000000 9.845151
v 78.999999 -389.000000 9.750000
v 78.521644 -389.000000 9.845151
v 78.116115 -389.000000 10.116117
v 77.845149 -389.000000 10.521646
v 77.749999 -390.000000 11.000000
v 77.845149 -390.000000 10.521646
v 78.116115 -390.000000 10.116117
v 78.521644 -390.000000 9.845151
v 78.999999 -390.000000 9.750000
v 79.478353 -390.000000 9.845151
v 79.883882 -390.000000 10.116117
v 80.154848 -390.000000 10.521646
v 80.249999 -390.000000 11.000000
v 80.154848 -390.000000 11.478354
v 79.883882 -390.000000 11.883884
v 79.478353 -390.000000 12.154850
v 78.999999 -390.000000 12.250000
v 78.521644 -390.000000 12.154850
v 78.116115 -390.000000 11.883884
v 77.845149 -390.000000 11.478354
v 81.250000 -389.000000 7.500000
v 81.345151 -389.000000 7.978354
v 81.616117 -389.000000 8.383883
v 82.021646 -389.000000 8.654849
v 82.500000 -389.000000 8.750000
v 82.978354 -389.000000 8.654849
v 83.383883 -389.000000 8.383883
v 83.654849 -389.000000 7.978354
v 83.750000 -389.000000 7.500000
v 83.654849 -389.000000 7.021646
v 83.383883 -389.000000 6.616117
v 82.978354 -389.000000 6.345151
v 82.500000 -389.000000 6.250000
v 82.021646 -389.000000 6.345151
v 81.616117 -389.000000 6.616117
v 81.345151 -389.000000 7.021646
v 81.250000 -390.000000 7.500000
v 81.345151 -390.000000 7.021646
v 81.616117 -390.000000 6.616117
v 82.021646 -390.000000 6.345151
v 82.500000 -390.000000 6.250000
v 82.978354 -390.000000 6.345151
v 83.383883 -390.000000 6.616117
v 83.654849 -390.000000 7.021646
v 83.750000 -390.000000 7.500000
v 83.654849 -390.000000 7.978354
v 83.383883 -390.000000 8.383883
v 82.978354 -390.000000 8.654849
v 82.500000 -390.000000 8.750000
v 82.021646 -390.000000 8.654849
v 81.616117 -390.000000 8.383883
v 81.345151 -390.000000 7.978354
v 77.749999 -389.000000 4.000000
v 77.845149 -389.000000 4.478354
v 78.116115 -389.000000 4.883884
v 78.521644 -389.000000 5.154849
v 78.999999 -389.000000 5.250000
v 79.478353 -389.000000 5.154849
v 79.883882 -389.000000 4.883884
v 80.154848 -389.000000 4.478354
v 80.249999 -389.000000 4.000000
v 80.154848 -389.000000 3.521646
v 79.883882 -389.000000 3.116117
v 79.478353 -389.000000 2.845151
v 78.999999 -389.000000 2.750000
v 78.521644 -389.000000 2.845151
v 78.116115 -389.000000 3.116117
v 77.845149 -389.000000 3.521646
v 77.749999 -390.000000 4.000000
v 77.845149 -390.000000 3.521646
v 78.116115 -390.000000 3.116117
v 78.521644 -390.000000 2.845151
v 78.999999 -390.000000 2.750000
v 79.478353 -390.000000 2.845151
v 79.883882 -390.000000 3.116117
v 80.154848 -390.000000 3.521646
v 80.249999 -390.000000 4.000000
v 80.154848 -390.000000 4.478354
v 79.883882 -390.000000 4.883884
v 79.478353 -390.000000 5.154849
v 78.999999 -390.000000 5.250000
v 78.521644 -390.000000 5.154849
v 78.116115 -390.000000 4.883884
v 77.845149 -390.000000 4.478354
v 89.000000 -380.500000 4.250000
v 89.000000 -380.404849 4.728354
v 89.000000 -380.133883 5.133883
v 89.000000 -379.728354 5.404849
v 89.000000 -379.250000 5.500000
v 89.000000 -378.771646 5.404849
v 89.000000 -378.366117 5.133883
v 89.000000 -378.095151 4.728354
v 89.000000 -378.000000 4.250000
v 89.000000 -378.095151 3.771646
v 89.000000 -378.366117 3.366117
v 89.000000 -378.771646 3.095151
v 89.000000 -379.250000 3.000000
v 89.000000 -379.728354 3.095151
v 89.000000 -380.133883 3.366117
v 89.000000 -380.404849 3.771646
v 90.000000 -380.500000 4.250000
v 90.000000 -380.404849 3.771646
v 90.000000 -380.133883 3.366117
v 90.000000 -379.728354 3.095151
v 90.000000 -379.250000 3.000000
v 90.000000 -378.771646 3.095151
v 90.000000 -378.366117 3.366117
v 90.000000 -378.095151 3.771646
v 90.000000 -378.000000 4.250000
v 90.000000 -378.095151 4.728354
v 90.000000 -378.366117 5.133883
v 90.000000 -378.771646 5.404849
v 90.000000 -379.250000 5.500000
v 90.000000 -379.728354 5.404849
v 90.000000 -380.133883 5.133883
v 90.000000 -380.404849 4.728354
v 89.000000 -383.750000 7.500000
v 89.000000 -383.654849 7.978354
v 89.000000 -383.383883 8.383883
v 89.000000 -382.978354 8.654849
v 89.000000 -382.500000 8.750000
v 89.000000 -382.021646 8.654849
v 89.000000 -381.616117 8.383883
v 89.000000 -381.345151 7.978354
v 89.000000 -381.250000 7.500000
v 89.000000 -381.345151 7.021646
v 89.000000 -381.616117 6.616117
v 89.000000 -382.021646 6.345151
v 89.000000 -382.500000 6.250000
v 89.000000 -382.978354 6.345151
v 89.000000 -383.383883 6.616117
v 89.000000 -383.654849 7.021646
v 90.000000 -383.750000 7.500000
v 90.000000 -383.654849 7.021646
v 90.000000 -383.383883 6.616117
v 90.000000 -382.978354 6.345151
v 90.000000 -382.500000 6.250000
v 90.000000 -382.021646 6.345151
v 90.000000 -381.616117 6.616117
v 90.000000 -381.345151 7.021646
v 90.000000 -381.250000 7.500000
v 90.000000 -381.345151 7.978354
v 90.000000 -381.616117 8.383883
v 90.000000 -382.021646 8.654849
v 90.000000 -382.500000 8.750000
v 90.000000 -382.978354 8.654849
v 90.000000 -383.383883 8.383883
v 90.000000 -383.654849 7.978354
v 89.000000 -387.000000 10.750000
v 89.000000 -386.904849 11.228354
v 89.000000 -386.633883 11.633883
v 89.000000 -386.228354 11.904849
v 89.000000 -385.750000 12.000000
v 89.000000 -385.271646 11.904849
v 89.000000 -384.866117 11.633883
v 89.000000 -384.595151 11.228354
v 89.000000 -384.500000 10.750000
v 89.000000 -384.595151 10.271646
v 89.000000 -384.866117 9.866117
v 89.000000 -385.271646 9.595151
v 89.000000 -385.750000 9.500000
v 89.000000 -386.228354 9.595151
v 89.000000 -386.633883 9.866117
v 89.000000 -386.904849 10.271646
v 90.000000 -387.000000 10.750000
v 90.000000 -386.904849 10.271646
v 90.000000 -386.633883 9.866117
v 90.000000 -386.228354 9.595151
v 90.000000 -385.750000 9.500000
v 90.000000 -385.271646 9.595151
v 90.000000 -384.866117 9.866117
v 90.000000 -384.595151 10.271646
v 90.000000 -384.500000 10.750000
v 90.000000 -384.595151 11.228354
v 90.000000 -384.866117 11.633883
v 90.000000 -385.271646 11.904849
v 90.000000 -385.750000 12.000000
v 90.000000 -386.228354 11.904849
v 90.000000 -386.633883 11.633883
v 90.000000 -386.904849 11.228354
v 76.000000 -384.500000 4.250000
v 76.000000 -384.595151 4.728354
v 76.000000 -384.866117 5.133883
v 76.000000 -385.271646 5.404849
v 76.000000 -385.750000 5.500000
v 76.000000 -386.228354 5.404849
v 76.000000 -386.633883 5.133883
v 76.000000 -386.904849 4.728354
v 76.000000 -387.000000 4.250000
v 76.000000 -386.904849 3.771646
v 76.000000 -386.633883 3.366117
v 76.000000 -386.228354 3.095151
v 76.000000 -385.750000 3.000000
v 76.000000 -385.271646 3.095151
v 76.000000 -384.866117 3.366117
v 76.000000 -384.595151 3.771646
v 75.000000 -384.500000 4.250000
v 75.000000 -384.595151 3.771646
v 75.000000 -384.866117 3.366117
v 75.000000 -385.271646 3.095151
v 75.000000 -385.750000 3.000000
v 75.000000 -386.228354 3.095151
v 75.000000 -386.633883 3.366117
v 75.000000 -386.904849 3.771646
v 75.000000 -387.000000 4.250000
v 75.000000 -386.904849 4.728354
v 75.000000 -386.633883 5.133883
v 75.000000 -386.228354 5.404849
v 75.000000 -385.750000 5.500000
v 75.000000 -385.271646 5.404849
v 75.000000 -384.866117 5.133883
v 75.000000 -384.595151 4.728354
v 76.000000 -378.000000 4.250000
v 76.000000 -378.095151 4.728354
v 76.000000 -378.366117 5.133883
v 76.000000 -378.771646 5.404849
v 76.000000 -379.250000 5.500000
v 76.000000 -379.728354 5.404849
v 76.000000 -380.133883 5.133883
v 76.000000 -380.404849 4.728354
v 76.000000 -380.500000 4.250000
v 76.000000 -380.404849 3.771646
v 76.000000 -380.133883 3.366117
v 76.000000 -379.728354 3.095151
v 76.000000 -379.250000 3.000000
v 76.000000 -378.771646 3.095151
v 76.000000 -378.366117 3.366117
v 76.000000 -378.095151 3.771646
v 75.000000 -378.000000 4.250000
v 75.000000 -378.095151 3.771646
v 75.000000 -378.366117 3.366117
v 75.000000 -378.771646 3.095151
v 75.000000 -379.250000 3.000000
v 75.000000 -379.728354 3.095151
v 75.000000 -380.133883 3.366117
v 75.000000 -380.404849 3.771646
v 75.000000 -380.500000 4.250000
v 75.000000 -380.404849 4.728354
v 75.000000 -380.133883 5.133883
v 75.000000 -379.728354 5.404849
v 75.000000 -379.250000 5.500000
v 75.000000 -378.771646 5.404849
v 75.000000 -378.366117 5.133883
v 75.000000 -378.095151 4.728354
v 76.000000 -384.500000 10.750000
v 76.000000 -384.595151 11.228354
v 76.000000 -384.866117 11.633883
v 76.000000 -385.271646 11.904849
v 76.000000 -385.750000 12.000000
v 76.000000 -386.228354 11.904849
v 76.000000 -386.633883 11.633883
v 76.000000 -386.904849 11.228354
v 76.000000 -387.000000 10.750000
v 76.000000 -386.904849 10.271646
v 76.000000 -386.633883 9.866117
v 76.000000 -386.228354 9.595151
v 76.000000 -385.750000 9.500000
v 76.000000 -385.271646 9.595151
v 76.000000 -384.866117 9.866117
v 76.000000 -384.595151 10.271646
v 75.000000 -384.500000 10.750000
v 75.000000 -384.595151 10.271646
v 75.000000 -384.866117 9.866117
v 75.000000 -385.271646 9.595151
v 75.000000 -385.750000 9.500000
v 75.000000 -386.228354 9.595151
v 75.000000 -386.633883 9.866117
v 75.000000 -386.904849 10.271646
v 75.000000 -387.000000 10.750000
v 75.000000 -386.904849 11.228354
v 75.000000 -386.633883 11.633883
v 75.000000 -386.228354 11.904849
v 75.000000 -385.750000 12.000000
v 75.000000 -385.271646 11.904849
v 75.000000 -384.866117 11.633883
v 75.000000 -384.595151 11.228354
v 76.000000 -378.000000 10.750000
v 76.000000 -378.095151 11.228354
v 76.000000 -378.366117 11.633883
v 76.000000 -378.771646 11.904849
v 76.000000 -379.250000 12.000000
v 76.000000 -379.728354 11.904849
v 76.000000 -380.133883 11.633883
v 76.000000 -380.404849 11.228354
v 76.000000 -380.500000 10.750000
v 76.000000 -380.404849 10.271646
v 76.000000 -380.133883 9.866117
v 76.000000 -379.728354 9.595151
v 76.000000 -379.250000 9.500000
v 76.000000 -378.771646 9.595151
v 76.000000 -378.366117 9.866117
v 76.000000 -378.095151 10.271646
v 75.000000 -378.000000 10.750000
v 75.000000 -378.095151 10.271646
v 75.000000 -378.366117 9.866117
v 75.000000 -378.771646 9.595151
v 75.000000 -379.250000 9.500000
v 75.000000 -379.728354 9.595151
v 75.000000 -380.133883 9.866117
v 75.000000 -380.404849 10.271646
v 75.000000 -380.500000 10.750000
v 75.000000 -380.404849 11.228354
v 75.000000 -380.133883 11.633883
v 75.000000 -379.728354 11.904849
v 75.000000 -379.250000 12.000000
v 75.000000 -378.771646 11.904849
v 75.000000 -378.366117 11.633883
v 75.000000 -378.095151 11.228354
v 81.250000 -382.500000 1.000000
v 81.345151 -382.978354 1.000000
v 81.616117 -383.383883 1.000000
v 82.021646 -383.654849 1.000000
v 82.500000 -383.750000 1.000000
v 82.978354 -383.654849 1.000000
v 83.383883 -383.383883 1.000000
v 83.654849 -382.978354 1.000000
v 83.750000 -382.500000 1.000000
v 83.654849 -382.021646 1.000000
v 83.383883 -381.616117 1.000000
v 82.978354 -381.345151 1.000000
v 82.500000 -381.250000 1.000000
v 82.021646 -381.345151 1.000000
v 81.616117 -381.616117 1.000000
v 81.345151 -382.021646 1.000000
v 81.250000 -382.500000 0.000000
v 81.345151 -382.021646 0.000000
v 81.616117 -381.616117 0.000000
v 82.021646 -381.345151 0.000000
v 82.500000 -381.250000 0.000000
v 82.978354 -381.345151 0.000000
v 83.383883 -381.616117 0.000000
v 83.654849 -382.021646 0.000000
v 83.750000 -382.500000 0.000000
v 83.654849 -382.978354 0.000000
v 83.383883 -383.383883 0.000000
v 82.978354 -383.654849 0.000000
v 82.500000 -383.750000 0.000000
v 82.021646 -383.654849 0.000000
v 81.616117 -383.383883 0.000000
v 81.345151 -382.978354 0.000000
v 89.000000 -375.000000 1.000000
v 89.382683 -375.076120 1.000000
v 89.707107 -375.292893 1.000000
v 89.923880 -375.617317 1.000000
v 90.000000 -376.000000 1.000000
v 89.923880 -376.000000 0.617317
v 89.707107 -376.000000 0.292893
v 89.382683 -376.000000 0.076120
v 89.000000 -376.000000 0.000000
v 89.000000 -375.617317 0.076120
v 89.000000 -375.292893 0.292893
v 89.000000 -375.076120 0.617317
v 89.303282 -375.105446 0.671680
v 89.146300 -375.256177 0.347832
v 89.270598 -375.729402 0.076120
v 89.500000 -375.500000 0.292893
v 89.653281 -375.346719 0.617317
v 89.894554 -375.696718 0.671680
v 89.743823 -375.853700 0.347832
v 75.000000 -376.000000 1.000000
v 75.076120 -375.617317 1.000000
v 75.292893 -375.292893 1.000000
v 75.617317 -375.076120 1.000000
v 76.000000 -375.000000 1.000000
v 76.000000 -375.076120 0.617317
v 76.000000 -375.292893 0.292893
v 76.000000 -375.617317 0.076120
v 76.000000 -376.000000 0.000000
v 75.617317 -376.000000 0.076120
v 75.292893 -376.000000 0.292893
v 75.076120 -376.000000 0.617317
v 75.256177 -375.347832 0.853700
v 75.105446 -375.671680 0.696718
v 75.729402 -375.076120 0.729402
v 75.500000 -375.292893 0.500000
v 75.346719 -375.617317 0.346719
v 75.853700 -375.347832 0.256177
v 75.696718 -375.671680 0.105446
v 82.500000 -375.617317 0.076120
v 82.500000 -375.292893 0.292893
v 82.500000 -375.076120 0.617317
v 89.000000 -390.000000 1.000000
v 89.000000 -389.923880 0.617317
v 89.000000 -389.707107 0.292893
v 89.000000 -389.382683 0.076120
v 89.000000 -389.000000 0.000000
v 89.382683 -389.000000 0.076120
v 89.707107 -389.000000 0.292893
v 89.923880 -389.000000 0.617317
v 90.000000 -389.000000 1.000000
v 89.923880 -389.382683 1.000000
v 89.707107 -389.707107 1.000000
v 89.382683 -389.923880 1.000000
v 89.146300 -389.743823 0.347832
v 89.303282 -389.894554 0.671680
v 89.270598 -389.270598 0.076120
v 89.500000 -389.500000 0.292893
v 89.653281 -389.653281 0.617317
v 89.743823 -389.146300 0.347832
v 89.894554 -389.303282 0.671680
v 89.382683 -382.500000 0.076120
v 89.707107 -382.500000 0.292893
v 89.923880 -382.500000 0.617317
v 89.000000 -376.000000 15.000000
v 89.382683 -376.000000 14.923880
v 89.707107 -376.000000 14.707107
v 89.923880 -376.000000 14.382683
v 90.000000 -376.000000 14.000000
v 89.923880 -375.617317 14.000000
v 89.707107 -375.292893 14.000000
v 89.382683 -375.076120 14.000000
v 89.000000 -375.000000 14.000000
v 89.000000 -375.076120 14.382683
v 89.000000 -375.292893 14.707107
v 89.000000 -375.617317 14.923880
v 89.653281 -375.346719 14.382683
v 89.500000 -375.500000 14.707107
v 89.270598 -375.729402 14.923880
v 89.743823 -375.853700 14.652168
v 89.894554 -375.696718 14.328320
v 89.303282 -375.105446 14.328320
v 89.146300 -375.256177 14.652168
v 89.382683 -375.076120 7.500000
v 89.707107 -375.292893 7.500000
v 89.923880 -375.617317 7.500000
v 76.000000 -390.000000 1.000000
v 75.617317 -389.923880 1.000000
v 75.292893 -389.707107 1.000000
v 75.076120 -389.382683 1.000000
v 75.000000 -389.000000 1.000000
v 75.076120 -389.000000 0.617317
v 75.292893 -389.000000 0.292893
v 75.617317 -389.000000 0.076120
v 76.000000 -389.000000 0.000000
v 76.000000 -389.382683 0.076120
v 76.000000 -389.707107 0.292893
v 76.000000 -389.923880 0.617317
v 75.346719 -389.382683 0.346719
v 75.500000 -389.707107 0.500000
v 75.729402 -389.923880 0.729402
v 75.256177 -389.652168 0.853700
v 75.105446 -389.328320 0.696718
v 75.696718 -389.328320 0.105446
v 75.853700 -389.652168 0.256177
v 75.617317 -382.500000 0.076120
v 75.292893 -382.500000 0.292893
v 75.076120 -382.500000 0.617317
v 82.500000 -389.382683 0.076120
v 82.500000 -389.707107 0.292893
v 82.500000 -389.923880 0.617317
v 76.000000 -376.000000 15.000000
v 76.000000 -375.617317 14.923880
v 76.000000 -375.292893 14.707107
v 76.000000 -375.076120 14.382683
v 76.000000 -375.000000 14.000000
v 75.617317 -375.076120 14.000000
v 75.292893 -375.292893 14.000000
v 75.076120 -375.617317 14.000000
v 75.000000 -376.000000 14.000000
v 75.076120 -376.000000 14.382683
v 75.292893 -376.000000 14.707107
v 75.617317 -376.000000 14.923880
v 75.853700 -375.347832 14.743823
v 75.696718 -375.671680 14.894554
v 75.729402 -375.076120 14.270598
v 75.500000 -375.292893 14.500000
v 75.346719 -375.617317 14.653281
v 75.256177 -375.347832 14.146300
v 75.105446 -375.671680 14.303282
v 75.076120 -375.617317 7.500000
v 75.292893 -375.292893 7.500000
v 75.617317 -375.076120 7.500000
v 89.000000 -389.000000 15.000000
v 89.000000 -389.382683 14.923880
v 89.000000 -389.707107 14.707107
v 89.000000 -389.923880 14.382683
v 89.000000 -390.000000 14.000000
v 89.382683 -389.923880 14.000000
v 89.707107 -389.707107 14.000000
v 89.923880 -389.382683 14.000000
v 90.000000 -389.000000 14.000000
v 89.923880 -389.000000 14.382683
v 89.707107 -389.000000 14.707107
v 89.382683 -389.000000 14.923880
v 89.146300 -389.652168 14.743823
v 89.303282 -389.328320 14.894554
v 89.270598 -389.923880 14.270598
v 89.500000 -389.707107 14.500000
v 89.653281 -389.382683 14.653281
v 89.743823 -389.652168 14.146300
v 89.894554 -389.328320 14.303282
v 89.923880 -389.382683 7.500000
v 89.707107 -389.707107 7.500000
v 89.382683 -389.923880 7.500000
v 89.923880 -382.500000 14.382683
v 89.707107 -382.500000 14.707107
v 89.382683 -382.500000 14.923880
v 76.000000 -389.000000 15.000000
v 75.617317 -389.000000 14.923880
v 75.292893 -389.000000 14.707107
v 75.076120 -389.000000 14.382683
v 75.000000 -389.000000 14.000000
v 75.076120 -389.382683 14.000000
v 75.292893 -389.707107 14.000000
v 75.617317 -389.923880 14.000000
v 76.000000 -390.000000 14.000000
v 76.000000 -389.923880 14.382683
v 76.000000 -389.707107 14.707107
v 76.000000 -389.382683 14.923880
v 75.347832 -389.146300 14.743823
v 75.671680 -389.303282 14.894554
v 75.076120 -389.270598 14.270598
v 75.292893 -389.500000 14.500000
v 75.617317 -389.653281 14.653281
v 75.347832 -389.743823 14.146300
v 75.671680 -389.894554 14.303282
v 75.617317 -389.923880 7.500000
v 75.292893 -389.707107 7.500000
v 75.076120 -389.382683 7.500000
v 82.500000 -389.923880 14.382683
v 82.500000 -389.707107 14.707107
v 82.500000 -389.382683 14.923880
v 75.076120 -382.500000 14.382683
v 75.292893 -382.500000 14.707107
v 75.617317 -382.500000 14.923880
v 82.500000 -375.076120 14.382683
v 82.500000 -375.292893 14.707107
v 82.500000 -375.617317 14.923880
v 87.500000 -378.750000 15.000000
v 87.404849 -379.228354 15.000000
v 87.133883 -379.633883 15.000000
v 86.728354 -379.904849 15.000000
v 86.250000 -380.000000 15.000000
v 85.771646 -379.904849 15.000000
v 85.366117 -379.633883 15.000000
v 85.095151 -379.228354 15.000000
v 85.000000 -378.750000 15.000000
v 85.095151 -378.271646 15.000000
v 85.366117 -377.866117 15.000000
v 85.771646 -377.595151 15.000000
v 86.250000 -377.500000 15.000000
v 86.728354 -377.595151 15.000000
v 87.133883 -377.866117 15.000000
v 87.404849 -378.271646 15.000000
v 83.750000 -386.250000 15.000000
v 83.654849 -386.728354 15.000000
v 83.383883 -387.133883 15.000000
v 82.978354 -387.404849 15.000000
v 82.500000 -387.500000 15.000000
v 82.021646 -387.404849 15.000000
v 81.616117 -387.133883 15.000000
v 81.345151 -386.728354 15.000000
v 81.250000 -386.250000 15.000000
v 81.345151 -385.771646 15.000000
v 81.616117 -385.366117 15.000000
v 82.021646 -385.095151 15.000000
v 82.500000 -385.000000 15.000000
v 82.978354 -385.095151 15.000000
v 83.383883 -385.366117 15.000000
v 83.654849 -385.771646 15.000000
v 80.000000 -386.250000 15.000000
v 79.904849 -386.728354 15.000000
v 79.633883 -387.133883 15.000000
v 79.228354 -387.404849 15.000000
v 78.750000 -387.500000 15.000000
v 78.271646 -387.404849 15.000000
v 77.866117 -387.133883 15.000000
v 77.595151 -386.728354 15.000000
v 77.500000 -386.250000 15.000000
v 77.595151 -385.771646 15.000000
v 77.866117 -385.366117 15.000000
v 78.271646 -385.095151 15.000000
v 78.750000 -385.000000 15.000000
v 79.228354 -385.095151 15.000000
v 79.633883 -385.366117 15.000000
v 79.904849 -385.771646 15.000000
v 83.750000 -378.750000 15.000000
v 83.654849 -379.228354 15.000000
v 83.383883 -379.633883 15.000000
v 82.978354 -379.904849 15.000000
v 82.500000 -380.000000 15.000000
v 82.021646 -379.904849 15.000000
v 81.616117 -379.633883 15.000000
v 81.345151 -379.228354 15.000000
v 81.250000 -378.750000 15.000000
v 81.345151 -378.271646 15.000000
v 81.616117 -377.866117 15.000000
v 82.021646 -377.595151 15.000000
v 82.500000 -377.500000 15.000000
v 82.978354 -377.595151 15.000000
v 83.383883 -377.866117 15.000000
v 83.654849 -378.271646 15.000000
v 87.500000 -386.250000 15.000000
v 87.404849 -386.728354 15.000000
v 87.133883 -387.133883 15.000000
v 86.728354 -387.404849 15.000000
v 86.250000 -387.500000 15.000000
v 85.771646 -387.404849 15.000000
v 85.366117 -387.133883 15.000000
v 85.095151 -386.728354 15.000000
v 85.000000 -386.250000 15.000000
v 85.095151 -385.771646 15.000000
v 85.366117 -385.366117 15.000000
v 85.771646 -385.095151 15.000000
v 86.250000 -385.000000 15.000000
v 86.728354 -385.095151 15.000000
v 87.133883 -385.366117 15.000000
v 87.404849 -385.771646 15.000000
v 80.000000 -378.750000 15.000000
v 79.904849 -379.228354 15.000000
v 79.633883 -379.633883 15.000000
v 79.228354 -379.904849 15.000000
v 78.750000 -380.000000 15.000000
v 78.271646 -379.904849 15.000000
v 77.866117 -379.633883 15.000000
v 77.595151 -379.228354 15.000000
v 77.500000 -378.750000 15.000000
v 77.595151 -378.271646 15.000000
v 77.866117 -377.866117 15.000000
v 78.271646 -377.595151 15.000000
v 78.750000 -377.500000 15.000000
v 79.228354 -377.595151 15.000000
v 79.633883 -377.866117 15.000000
v 79.904849 -378.271646 15.000000
v 80.000000 -378.750000 14.000000
v 79.904849 -379.228354 14.000000
v 79.633883 -379.633883 14.000000
v 79.228354 -379.904849 14.000000
v 78.750000 -380.000000 14.000000
v 78.271646 -379.904849 14.000000
v 77.866117 -379.633883 14.000000
v 77.595151 -379.228354 14.000000
v 77.500000 -378.750000 14.000000
v 77.595151 -378.271646 14.000000
v 77.866117 -377.866117 14.000000
v 78.271646 -377.595151 14.000000
v 78.750000 -377.500000 14.000000
v 79.228354 -377.595151 14.000000
v 79.633883 -377.866117 14.000000
v 79.904849 -378.271646 14.000000
v 87.500000 -386.250000 14.000000
v 87.404849 -386.728354 14.000000
v 87.133883 -387.133883 14.000000
v 86.728354 -387.404849 14.000000
v 86.250000 -387.500000 14.000000
v 85.771646 -387.404849 14.000000
v 85.366117 -387.133883 14.000000
v 85.095151 -386.728354 14.000000
v 85.000000 -386.250000 14.000000
v 85.095151 -385.771646 14.000000
v 85.366117 -385.366117 14.000000
v 85.771646 -385.095151 14.000000
v 86.250000 -385.000000 14.000000
v 86.728354 -385.095151 14.000000
v 87.133883 -385.366117 14.000000
v 87.404849 -385.771646 14.000000
v 83.750000 -378.750000 14.000000
v 83.654849 -379.228354 14.000000
v 83.383883 -379.633883 14.000000
v 82.978354 -379.904849 14.000000
v 82.500000 -380.000000 14.000000
v 82.021646 -379.904849 14.000000
v 81.616117 -379.633883 14.000000
v 81.345151 -379.228354 14.000000
v 81.250000 -378.750000 14.000000
v 81.345151 -378.271646 14.000000
v 81.616117 -377.866117 14.000000
v 82.021646 -377.595151 14.000000
v 82.500000 -377.500000 14.000000
v 82.978354 -377.595151 14.000000
v 83.383883 -377.866117 14.000000
v 83.654849 -378.271646 14.000000
v 80.000000 -386.250000 14.000000
v 79.904849 -386.728354 14.000000
v 79.633883 -387.133883 14.000000
v 79.228354 -387.404849 14.000000
v 78.750000 -387.500000 14.000000
v 78.271646 -387.404849 14.000000
v 77.866117 -387.133883 14.000000
v 77.595151 -386.728354 14.000000
v 77.500000 -386.250000 14.000000
v 77.595151 -385.771646 14.000000
v 77.866117 -385.366117 14.000000
v 78.271646 -385.095151 14.000000
v 78.750000 -385.000000 14.000000
v 79.228354 -385.095151 14.000000
v 79.633883 -385.366117 14.000000
v 79.904849 -385.771646 14.000000
v 83.750000 -386.250000 14.000000
v 83.654849 -386.728354 14.000000
v 83.383883 -387.133883 14.000000
v 82.978354 -387.404849 14.000000
v 82.500000 -387.500000 14.000000
v 82.021646 -387.404849 14.000000
v 81.616117 -387.133883 14.000000
v 81.345151 -386.728354 14.000000
v 81.250000 -386.250000 14.000000
v 81.345151 -385.771646 14.000000
v 81.616117 -385.366117 14.000000
v 82.021646 -385.095151 14.000000
v 82.500000 -385.000000 14.000000
v 82.978354 -385.095151 14.000000
v 83.383883 -385.366117 14.000000
v 83.654849 -385.771646 14.000000
v 87.500000 -378.750000 14.000000
v 87.404849 -379.228354 14.000000
v 87.133883 -379.633883 14.000000
v 86.728354 -379.904849 14.000000
v 86.250000 -380.000000 14.000000
v 85.771646 -379.904849 14.000000
v 85.366117 -379.633883 14.000000
v 85.095151 -379.228354 14.000000
v 85.000000 -378.750000 14.000000
v 85.095151 -378.271646 14.000000
v 85.366117 -377.866117 14.000000
v 85.771646 -377.595151 14.000000
v 86.250000 -377.500000 14.000000
v 86.728354 -377.595151 14.000000
v 87.133883 -377.866117 14.000000
v 87.404849 -378.271646 14.000000
vt 0.115485 0.047835 0.000000
vt -0.115485 0.047835 0.000000
vt 0.125000 0.000000 0.000000
vt -0.125000 0.000000 0.000000
vt 0.115485 -0.047835 0.000000
vt -0.115485 -0.047835 0.000000
vt 0.088388 -0.088388 0.000000
vt -0.088388 -0.088388 0.000000
vt 0.047835 -0.115485 0.000000
vt -0.047835 -0.115485 0.000000
vt -0.000000 -0.125000 0.000000
vt -0.088388 0.088388 0.000000
vt 0.088388 0.088388 0.000000
vt -0.047835 0.115485 0.000000
vt 0.047835 0.115485 0.000000
vt -0.000000 0.125000 0.000000
vt 1.300000 0.343612 0.000000
vt 1.400000 0.343612 0.000000
vt 1.300000 0.392699 0.000000
vt 1.400000 0.392699 0.000000
vt 1.300000 -0.392699 0.000000
vt 1.400000 -0.392699 0.000000
vt 1.300000 -0.343612 0.000000
vt 1.400000 -0.343612 0.000000
vt 1.300000 -0.294524 0.000000
vt 1.400000 -0.294524 0.000000
vt 1.300000 -0.245437 0.000000
vt 1.400000 -0.245437 0.000000
vt 1.300000 -0.196350 0.000000
vt 1.400000 -0.196350 0.000000
vt 1.300000 -0.147262 0.000000
vt 1.400000 -0.147262 0.000000
vt 1.300000 -0.098175 0.000000
vt 1.400000 -0.098175 0.000000
vt 1.300000 -0.049087 0.000000
vt 1.400000 -0.049087 0.000000
vt 1.300000 0.000000 0.000000
vt 1.400000 0.000000 0.000000
vt 1.300000 0.049087 0.000000
vt 1.400000 0.049087 0.000000
vt 1.300000 0.098175 0.000000
vt 1.400000 0.098175 0.000000
vt 1.300000 0.147262 0.000000
vt 1.400000 0.147262 0.000000
vt 1.300000 0.196350 0.000000
vt 1.400000 0.196350 0.000000
vt 1.300000 0.245437 0.000000
vt 1.400000 0.245437 0.000000
vt 1.300000 0.294524 0.000000
vt 1.400000 0.294524 0.000000
vt 0.115485 0.047835 0.000000
vt -0.115485 0.047835 0.000000
vt 0.125000 0.000000 0.000000
vt -0.125000 0.000000 0.000000
vt 0.115485 -0.047835 0.000000
vt -0.115485 -0.047835 0.000000
vt 0.088388 -0.088388 0.000000
vt -0.088388 -0.088388 0.000000
vt 0.047835 -0.115485 0.000000
vt -0.047835 -0.115485 0.000000
vt -0.000000 -0.125000 0.000000
vt -0.088388 0.088388 0.000000
vt 0.088388 0.088388 0.000000
vt -0.047835 0.115485 0.000000
vt 0.047835 0.115485 0.000000
vt -0.000000 0.125000 0.000000
vt 1.300000 0.343612 0.000000
vt 1.400000 0.343612 0.000000
vt 1.300000 0.392699 0.000000
vt 1.400000 0.392699 0.000000
vt 1.300000 -0.392699 0.000000
vt 1.400000 -0.392699 0.000000
vt 1.300000 -0.343612 0.000000
vt 1.400000 -0.343612 0.000000
vt 1.300000 -0.294524 0.000000
vt 1.400000 -0.294524 0.000000
vt 1.300000 -0.245437 0.000000
vt 1.400000 -0.245437 0.000000
vt 1.300000 -0.196350 0.000000
vt 1.400000 -0.196350 0.000000
vt 1.300000 -0.147262 0.000000
vt 1.400000 -0.147262 0.000000
vt 1.300000 -0.098175 0.000000
vt 1.400000 -0.098175 0.000000
vt 1.300000 -0.049087 0.000000
vt 1.400000 -0.049087 0.000000
vt 1.300000 0.000000 0.000000
vt 1.400000 0.000000 0.000000
vt 1.300000 0.049087 0.000000
vt 1.400000 0.049087 0.000000
vt 1.300000 0.098175 0.000000
vt 1.400000 0.098175 0.000000
vt 1.300000 0.147262 0.000000
vt 1.400000 0.147262 0.000000
vt 1.300000 0.196350 0.000000
vt 1.400000 0.196350 0.000000
vt 1.300000 0.245437 0.000000
vt 1.400000 0.245437 0.000000
vt 1.300000 0.294524 0.000000
vt 1.400000 0.294524 0.000000
vt 0.100000 -0.343612 0.000000
vt 0.000000 -0.343612 0.000000
vt 0.100000 -0.392699 0.000000
vt 0.000000 -0.392699 0.000000
vt 0.100000 0.392699 0.000000
vt 0.000000 0.392699 0.000000
vt 0.100000 0.343612 0.000000
vt 0.000000 0.343612 0.000000
vt 0.100000 0.294524 0.000000
vt 0.000000 0.294524 0.000000
vt 0.100000 0.245437 0.000000
vt 0.000000 0.245437 0.000000
vt 0.100000 0.196350 0.000000
vt 0.000000 0.196350 0.000000
vt 0.100000 0.147262 0.000000
vt 0.000000 0.147262 0.000000
vt 0.100000 0.098175 0.000000
vt 0.000000 0.098175 0.000000
vt 0.100000 0.049087 0.000000
vt 0.000000 0.049087 0.000000
vt 0.100000 0.000000 0.000000
vt 0.000000 0.000000 0.000000
vt 0.100000 -0.049087 0.000000
vt 0.000000 -0.049087 0.000000
vt 0.100000 -0.098175 0.000000
vt 0.000000 -0.098175 0.000000
vt 0.100000 -0.147262 0.000000
vt 0.000000 -0.147262 0.000000
vt 0.100000 -0.196350 0.000000
vt 0.000000 -0.196350 0.000000
vt 0.100000 -0.245437 0.000000
vt 0.000000 -0.245437 0.000000
vt 0.100000 -0.294524 0.000000
vt 0.000000 -0.294524 0.000000
vt -0.115485 -0.047835 0.000000
vt 0.115485 -0.047835 0.000000
vt -0.125000 0.000000 0.000000
vt 0.125000 0.000000 0.000000
vt -0.115485 0.047835 0.000000
vt 0.115485 0.047835 0.000000
vt -0.088388 0.088388 0.000000
vt 0.088388 0.088388 0.000000
vt -0.047835 0.115485 0.000000
vt 0.047835 0.115485 0.000000
vt 0.000000 0.125000 0.000000
vt 0.088388 -0.088388 0.000000
vt -0.088388 -0.088388 0.000000
vt 0.047835 -0.115485 0.000000
vt -0.047835 -0.115485 0.000000
vt 0.000000 -0.125000 0.000000
vt 0.100000 -0.343612 0.000000
vt 0.000000 -0.343612 0.000000
vt 0.100000 -0.392699 0.000000
vt 0.000000 -0.392699 0.000000
vt 0.100000 0.392699 0.000000
vt 0.000000 0.392699 0.000000
vt 0.100000 0.343612 0.000000
vt 0.000000 0.343612 0.000000
vt 0.100000 0.294524 0.000000
vt 0.000000 0.294524 0.000000
vt 0.100000 0.245437 0.000000
vt 0.000000 0.245437 0.000000
vt 0.100000 0.196350 0.000000
vt 0.000000 0.196350 0.000000
vt 0.100000 0.147262 0.000000
vt 0.000000 0.147262 0.000000
vt 0.100000 0.098175 0.000000
vt 0.000000 0.098175 0.000000
vt 0.100000 0.049087 0.000000
vt 0.000000 0.049087 0.000000
vt 0.100000 0.000000 0.000000
vt 0.000000 0.000000 0.000000
vt 0.100000 -0.049087 0.000000
vt 0.000000 -0.049087 0.000000
vt 0.100000 -0.098175 0.000000
vt 0.000000 -0.098175 0.000000
vt 0.100000 -0.147262 0.000000
vt 0.000000 -0.147262 0.000000
vt 0.100000 -0.196350 0.000000
vt 0.000000 -0.196350 0.000000
vt 0.100000 -0.245437 0.000000
vt 0.000000 -0.245437 0.000000
vt 0.100000 -0.294524 0.000000
vt 0.000000 -0.294524 0.000000
vt -0.115485 -0.047835 0.000000
vt 0.115485 -0.047835 0.000000
vt -0.125000 0.000000 0.000000
vt 0.125000 0.000000 0.000000
vt -0.115485 0.047835 0.000000
vt 0.115485 0.047835 0.000000
vt -0.088388 0.088388 0.000000
vt 0.088388 0.088388 0.000000
vt -0.047835 0.115485 0.000000
vt 0.047835 0.115485 0.000000
vt 0.000000 0.125000 0.000000
vt 0.088388 -0.088388 0.000000
vt -0.088388 -0.088388 0.000000
vt 0.047835 -0.115485 0.000000
vt -0.047835 -0.115485 0.000000
vt 0.000000 -0.125000 0.000000
vt 0.100000 -0.343612 0.000000
vt 0.000000 -0.343612 0.000000
vt 0.100000 -0.392699 0.000000
vt 0.000000 -0.392699 0.000000
vt 0.100000 0.392699 0.000000
vt 0.000000 0.392699 0.000000
vt 0.100000 0.343612 0.000000
vt 0.000000 0.343612 0.000000
vt 0.100000 0.294524 0.000000
vt 0.000000 0.294524 0.000000
vt 0.100000 0.245437 0.000000
vt 0.000000 0.245437 0.000000
vt 0.100000 0.196350 0.000000
vt 0.000000 0.196350 0.000000
vt 0.100000 0.147262 0.000000
vt 0.000000 0.147262 0.000000
vt 0.100000 0.098175 0.000000
vt 0.000000 0.098175 0.000000
vt 0.100000 0.049087 0.000000
vt 0.000000 0.049087 0.000000
vt 0.100000 0.000000 0.000000
vt 0.000000 0.000000 0.000000
vt 0.100000 -0.049087 0.000000
vt 0.000000 -0.049087 0.000000
vt 0.100000 -0.098175 0.000000
vt 0.000000 -0.098175 0.000000
vt 0.100000 -0.147262 0.000000
vt 0.000000 -0.147262 0.000000
vt 0.100000 -0.196350 0.000000
vt 0.000000 -0.196350 0.000000
vt 0.100000 -0.245437 0.000000
vt 0.000000 -0.245437 0.000000
vt 0.100000 -0.294524 0.000000
vt 0.000000 -0.294524 0.000000
vt -0.115485 -0.047835 0.000000
vt 0.115485 -0.047835 0.000000
vt -0.125000 0.000000 0.000000
vt 0.125000 0.000000 0.000000
vt -0.115485 0.047835 0.000000
vt 0.115485 0.047835 0.000000
vt -0.088388 0.088388 0.000000
vt 0.088388 0.088388 0.000000
vt -0.047835 0.115485 0.000000
vt 0.047835 0.115485 0.000000
vt 0.000000 0.125000 0.000000
vt 0.088388 -0.088388 0.000000
vt -0.088388 -0.088388 0.000000
vt 0.047835 -0.115485 0.000000
vt -0.047835 -0.115485 0.000000
vt 0.000000 -0.125000 0.000000
vt 0.100000 -0.343612 0.000000
vt 0.000000 -0.343612 0.000000
vt 0.100000 -0.392699 0.000000
vt 0.000000 -0.392699 0.000000
vt 0.100000 0.392699 0.000000
vt 0.000000 0.392699 0.000000
vt 0.100000 0.343612 0.000000
vt 0.000000 0.343612 0.000000
vt 0.100000 0.294524 0.000000
vt 0.000000 0.294524 0.000000
vt 0.100000 0.245437 0.000000
vt 0.000000 0.245437 0.000000
vt 0.100000 0.196350 0.000000
vt 0.000000 0.196350 0.000000
vt 0.100000 0.147262 0.000000
vt 0.000000 0.147262 0.000000
vt 0.100000 0.098175 0.000000
vt 0.000000 0.098175 0.000000
vt 0.100000 0.049087 0.000000
vt 0.000000 0.049087 0.000000
vt 0.100000 0.000000 0.000000
vt 0.000000 0.000000 0.000000
vt 0.100000 -0.049087 0.000000
vt 0.000000 -0.049087 0.000000
vt 0.100000 -0.098175 0.000000
vt 0.000000 -0.098175 0.000000
vt 0.100000 -0.147262 0.000000
vt 0.000000 -0.147262 0.000000
vt 0.100000 -0.196350 0.000000
vt 0.000000 -0.196350 0.000000
vt 0.100000 -0.245437 0.000000
vt 0.000000 -0.245437 0.000000
vt 0.100000 -0.294524 0.000000
vt 0.000000 -0.294524 0.000000
vt -0.115485 -0.047835 0.000000
vt 0.115485 -0.047835 0.000000
vt -0.125000 0.000000 0.000000
vt 0.125000 0.000000 0.000000
vt -0.115485 0.047835 0.000000
vt 0.115485 0.047835 0.000000
vt -0.088388 0.088388 0.000000
vt 0.088388 0.088388 0.000000
vt -0.047835 0.115485 0.000000
vt 0.047835 0.115485 0.000000
vt 0.000000 0.125000 0.000000
vt 0.088388 -0.088388 0.000000
vt -0.088388 -0.088388 0.000000
vt 0.047835 -0.115485 0.000000
vt -0.047835 -0.115485 0.000000
vt 0.000000 -0.125000 0.000000
vt 0.100000 -0.343612 0.000000
vt 0.000000 -0.343612 0.000000
vt 0.100000 -0.392699 0.000000
vt 0.000000 -0.392699 0.000000
vt 0.100000 0.392699 0.000000
vt 0.000000 0.392699 0.000000
vt 0.100000 0.343612 0.000000
vt 0.000000 0.343612 0.000000
vt 0.100000 0.294524 0.000000
vt 0.000000 0.294524 0.000000
vt 0.100000 0.245437 0.000000
vt 0.000000 0.245437 0.000000
vt 0.100000 0.196350 0.000000
vt 0.000000 0.196350 0.000000
vt 0.100000 0.147262 0.000000
vt 0.000000 0.147262 0.000000
vt 0.100000 0.098175 0.000000
vt 0.000000 0.098175 0.000000
vt 0.100000 0.049087 0.000000
vt 0.000000 0.049087 0.000000
vt 0.100000 0.000000 0.000000
vt 0.000000 0.000000 0.000000
vt 0.100000 -0.049087 0.000000
vt 0.000000 -0.049087 0.000000
vt 0.100000 -0.098175 0.000000
vt 0.000000 -0.098175 0.000000
vt 0.100000 -0.147262 0.000000
vt 0.000000 -0.147262 0.000000
vt 0.100000 -0.196350 0.000000
vt 0.000000 -0.196350 0.000000
vt 0.100000 -0.245437 0.000000
vt 0.000000 -0.245437 0.000000
vt 0.100000 -0.294524 0.000000
vt 0.000000 -0.294524 0.000000
vt -0.115485 -0.047835 0.000000
vt 0.115485 -0.047835 0.000000
vt -0.125000 0.000000 0.000000
vt 0.125000 0.000000 0.000000
vt -0.115485 0.047835 0.000000
vt 0.115485 0.047835 0.000000
vt -0.088388 0.088388 0.000000
vt 0.088388 0.088388 0.000000
vt -0.047835 0.115485 0.000000
vt 0.047835 0.115485 0.000000
vt 0.000000 0.125000 0.000000
vt 0.088388 -0.088388 0.000000
vt -0.088388 -0.088388 0.000000
vt 0.047835 -0.115485 0.000000
vt -0.047835 -0.115485 0.000000
vt 0.000000 -0.125000 0.000000
vt 0.100000 -0.343612 0.000000
vt 0.000000 -0.343612 0.000000
vt 0.100000 -0.392699 0.000000
vt 0.000000 -0.392699 0.000000
vt 0.100000 0.392699 0.000000
vt 0.000000 0.392699 0.000000
vt 0.100000 0.343612 0.000000
vt 0.000000 0.343612 0.000000
vt 0.100000 0.294524 0.000000
vt 0.000000 0.294524 0.000000
vt 0.100000 0.245437 0.000000
vt -0.000000 0.245437 0.000000
vt 0.100000 0.196350 0.000000
vt 0.000000 0.196350 0.000000
vt 0.100000 0.147262 0.000000
vt 0.000000 0.147262 0.000000
vt 0.100000 0.098175 0.000000
vt 0.000000 0.098175 0.000000
vt 0.100000 0.049087 0.000000
vt 0.000000 0.049087 0.000000
vt 0.100000 0.000000 0.000000
vt 0.000000 0.000000 0.000000
vt 0.100000 -0.049087 0.000000
vt 0.000000 -0.049087 0.000000
vt 0.100000 -0.098175 0.000000
vt 0.000000 -0.098175 0.000000
vt 0.100000 -0.147262 0.000000
vt 0.000000 -0.147262 0.000000
vt 0.100000 -0.196350 0.000000
vt 0.000000 -0.196350 0.000000
vt 0.100000 -0.245437 0.000000
vt 0.000000 -0.245437 0.000000
vt 0.100000 -0.294524 0.000000
vt 0.000000 -0.294524 0.000000
vt -0.115485 -0.047835 0.000000
vt 0.115485 -0.047835 0.000000
vt -0.125000 -0.000000 0.000000
vt 0.125000 -0.000000 0.000000
vt -0.115485 0.047835 0.000000
vt 0.115485 0.047835 0.000000
vt -0.088388 0.088388 0.000000
vt 0.088388 0.088388 0.000000
vt -0.047835 0.115485 0.000000
vt 0.047835 0.115485 0.000000
vt 0.000000 0.125000 0.000000
vt 0.088388 -0.088388 0.000000
vt -0.088388 -0.088388 0.000000
vt 0.047835 -0.115485 0.000000
vt -0.047835 -0.115485 0.000000
vt 0.000000 -0.125000 0.000000
vt 0.100000 -0.343612 0.000000
vt 0.000000 -0.343612 0.000000
vt 0.100000 -0.392699 0.000000
vt 0.000000 -0.392699 0.000000
vt 0.100000 0.392699 0.000000
vt 0.000000 0.392699 0.000000
vt 0.100000 0.343612 0.000000
vt 0.000000 0.343612 0.000000
vt 0.100000 0.294524 0.000000
vt 0.000000 0.294524 0.000000
vt 0.100000 0.245437 0.000000
vt -0.000000 0.245437 0.000000
vt 0.100000 0.196350 0.000000
vt 0.000000 0.196350 0.000000
vt 0.100000 0.147262 0.000000
vt 0.000000 0.147262 0.000000
vt 0.100000 0.098175 0.000000
vt 0.000000 0.098175 0.000000
vt 0.100000 0.049087 0.000000
vt 0.000000 0.049087 0.000000
vt 0.100000 0.000000 0.000000
vt 0.000000 0.000000 0.000000
vt 0.100000 -0.049087 0.000000
vt 0.000000 -0.049087 0.000000
vt 0.100000 -0.098175 0.000000
vt 0.000000 -0.098175 0.000000
vt 0.100000 -0.147262 0.000000
vt 0.000000 -0.147262 0.000000
vt 0.100000 -0.196350 0.000000
vt 0.000000 -0.196350 0.000000
vt 0.100000 -0.245437 0.000000
vt 0.000000 -0.245437 0.000000
vt 0.100000 -0.294524 0.000000
vt 0.000000 -0.294524 0.000000
vt -0.115485 -0.047835 0.000000
vt 0.115485 -0.047835 0.000000
vt -0.125000 0.000000 0.000000
vt 0.125000 0.000000 0.000000
vt -0.115485 0.047835 0.000000
vt 0.115485 0.047835 0.000000
vt -0.088388 0.088388 0.000000
vt 0.088388 0.088388 0.000000
vt -0.047835 0.115485 0.000000
vt 0.047835 0.115485 0.000000
vt 0.000000 0.125000 0.000000
vt 0.088388 -0.088388 0.000000
vt -0.088388 -0.088388 0.000000
vt 0.047835 -0.115485 0.000000
vt -0.047835 -0.115485 0.000000
vt 0.000000 -0.125000 0.000000
vt 0.100000 -0.343612 0.000000
vt 0.000000 -0.343612 0.000000
vt 0.100000 -0.392699 0.000000
vt 0.000000 -0.392699 0.000000
vt 0.100000 0.392699 0.000000
vt 0.000000 0.392699 0.000000
vt 0.100000 0.343612 0.000000
vt 0.000000 0.343612 0.000000
vt 0.100000 0.294524 0.000000
vt 0.000000 0.294524 0.000000
vt 0.100000 0.245437 0.000000
vt -0.000000 0.245437 0.000000
vt 0.100000 0.196350 0.000000
vt 0.000000 0.196350 0.000000
vt 0.100000 0.147262 0.000000
vt 0.000000 0.147262 0.000000
vt 0.100000 0.098175 0.000000
vt 0.000000 0.098175 0.000000
vt 0.100000 0.049087 0.000000
vt 0.000000 0.049087 0.000000
vt 0.100000 0.000000 0.000000
vt 0.000000 0.000000 0.000000
vt 0.100000 -0.049087 0.000000
vt 0.000000 -0.049087 0.000000
vt 0.100000 -0.098175 0.000000
vt 0.000000 -0.098175 0.000000
vt 0.100000 -0.147262 0.000000
vt 0.000000 -0.147262 0.000000
vt 0.100000 -0.196350 0.000000
vt 0.000000 -0.196350 0.000000
vt 0.100000 -0.245437 0.000000
vt 0.000000 -0.245437 0.000000
vt 0.100000 -0.294524 0.000000
vt 0.000000 -0.294524 0.000000
vt -0.115485 -0.047835 0.000000
vt 0.115485 -0.047835 0.000000
vt -0.125000 0.000000 0.000000
vt 0.125000 0.000000 0.000000
vt -0.115485 0.047835 0.000000
vt 0.115485 0.047835 0.000000
vt -0.088388 0.088388 0.000000
vt 0.088388 0.088388 0.000000
vt -0.047835 0.115485 0.000000
vt 0.047835 0.115485 0.000000
vt 0.000000 0.125000 0.000000
vt 0.088388 -0.088388 0.000000
vt -0.088388 -0.088388 0.000000
vt 0.047835 -0.115485 0.000000
vt -0.047835 -0.115485 0.000000
vt 0.000000 -0.125000 0.000000
vt 0.100000 -0.343612 0.000000
vt 0.000000 -0.343612 0.000000
vt 0.100000 -0.392699 0.000000
vt 0.000000 -0.392699 0.000000
vt 0.100000 0.392699 0.000000
vt 0.000000 0.392699 0.000000
vt 0.100000 0.343612 0.000000
vt 0.000000 0.343612 0.000000
vt 0.100000 0.294524 0.000000
vt 0.000000 0.294524 0.000000
vt 0.100000 0.245437 0.000000
vt 0.000000 0.245437 0.000000
vt 0.100000 0.196350 0.000000
vt 0.000000 0.196350 0.000000
vt 0.100000 0.147262 0.000000
vt 0.000000 0.147262 0.000000
vt 0.100000 0.098175 0.000000
vt 0.000000 0.098175 0.000000
vt 0.100000 0.049087 0.000000
vt 0.000000 0.049087 0.000000
vt 0.100000 0.000000 0.000000
vt 0.000000 0.000000 0.000000
vt 0.100000 -0.049087 0.000000
vt 0.000000 -0.049087 0.000000
vt 0.100000 -0.098175 0.000000
vt 0.000000 -0.098175 0.000000
vt 0.100000 -0.147262 0.000000
vt 0.000000 -0.147262 0.000000
vt 0.100000 -0.196350 0.000000
vt 0.000000 -0.196350 0.000000
vt 0.100000 -0.245437 0.000000
vt 0.000000 -0.245437 0.000000
vt 0.100000 -0.294524 0.000000
vt 0.000000 -0.294524 0.000000
vt -0.115485 -0.047835 0.000000
vt 0.115485 -0.047835 0.000000
vt -0.125000 -0.000000 0.000000
vt 0.125000 -0.000000 0.000000
vt -0.115485 0.047835 0.000000
vt 0.115485 0.047835 0.000000
vt -0.088388 0.088388 0.000000
vt 0.088388 0.088388 0.000000
vt -0.047835 0.115485 0.000000
vt 0.047835 0.115485 0.000000
vt 0.000000 0.125000 0.000000
vt 0.088388 -0.088388 0.000000
vt -0.088388 -0.088388 0.000000
vt 0.047835 -0.115485 0.000000
vt -0.047835 -0.115485 0.000000
vt 0.000000 -0.125000 0.000000
vt 0.100000 -0.343612 0.000000
vt 0.000000 -0.343612 0.000000
vt 0.100000 -0.392699 0.000000
vt 0.000000 -0.392699 0.000000
vt 0.100000 0.392699 0.000000
vt 0.000000 0.392699 0.000000
vt 0.100000 0.343612 0.000000
vt 0.000000 0.343612 0.000000
vt 0.100000 0.294524 0.000000
vt 0.000000 0.294524 0.000000
vt 0.100000 0.245437 0.000000
vt 0.000000 0.245437 0.000000
vt 0.100000 0.196350 0.000000
vt 0.000000 0.196350 0.000000
vt 0.100000 0.147262 0.000000
vt 0.000000 0.147262 0.000000
vt 0.100000 0.098175 0.000000
vt 0.000000 0.098175 0.000000
vt 0.100000 0.049087 0.000000
vt 0.000000 0.049087 0.000000
vt 0.100000 0.000000 0.000000
vt 0.000000 0.000000 0.000000
vt 0.100000 -0.049087 0.000000
vt 0.000000 -0.049087 0.000000
vt 0.100000 -0.098175 0.000000
vt 0.000000 -0.098175 0.000000
vt 0.100000 -0.147262 0.000000
vt 0.000000 -0.147262 0.000000
vt 0.100000 -0.196350 0.000000
vt 0.000000 -0.196350 0.000000
vt 0.100000 -0.245437 0.000000
vt 0.000000 -0.245437 0.000000
vt 0.100000 -0.294524 0.000000
vt 0.000000 -0.294524 0.000000
vt -0.115485 -0.047835 0.000000
vt 0.115485 -0.047835 0.000000
vt -0.125000 -0.000000 0.000000
vt 0.125000 -0.000000 0.000000
vt -0.115485 0.047835 0.000000
vt 0.115485 0.047835 0.000000
vt -0.088388 0.088388 0.000000
vt 0.088388 0.088388 0.000000
vt -0.047835 0.115485 0.000000
vt 0.047835 0.115485 0.000000
vt 0.000000 0.125000 0.000000
vt 0.088388 -0.088388 0.000000
vt -0.088388 -0.088388 0.000000
vt 0.047835 -0.115485 0.000000
vt -0.047835 -0.115485 0.000000
vt 0.000000 -0.125000 0.000000
vt 0.100000 -0.343612 0.000000
vt 0.000000 -0.343612 0.000000
vt 0.100000 -0.392699 0.000000
vt 0.000000 -0.392699 0.000000
vt 0.100000 0.392699 0.000000
vt 0.000000 0.392699 0.000000
vt 0.100000 0.343612 0.000000
vt 0.000000 0.343612 0.000000
vt 0.100000 0.294524 0.000000
vt 0.000000 0.294524 0.000000
vt 0.100000 0.245437 0.000000
vt 0.000000 0.245437 0.000000
vt 0.100000 0.196350 0.000000
vt 0.000000 0.196350 0.000000
vt 0.100000 0.147262 0.000000
vt 0.000000 0.147262 0.000000
vt 0.100000 0.098175 0.000000
vt 0.000000 0.098175 0.000000
vt 0.100000 0.049087 0.000000
vt 0.000000 0.049087 0.000000
vt 0.100000 0.000000 0.000000
vt 0.000000 0.000000 0.000000
vt 0.100000 -0.049087 0.000000
vt 0.000000 -0.049087 0.000000
vt 0.100000 -0.098175 0.000000
vt 0.000000 -0.098175 0.000000
vt 0.100000 -0.147262 0.000000
vt 0.000000 -0.147262 0.000000
vt 0.100000 -0.196350 0.000000
vt 0.000000 -0.196350 0.000000
vt 0.100000 -0.245437 0.000000
vt 0.000000 -0.245437 0.000000
vt 0.100000 -0.294524 0.000000
vt 0.000000 -0.294524 0.000000
vt -0.115485 -0.047835 0.000000
vt 0.115485 -0.047835 0.000000
vt -0.125000 0.000000 0.000000
vt 0.125000 0.000000 0.000000
vt -0.115485 0.047835 0.000000
vt 0.115485 0.047835 0.000000
vt -0.088388 0.088388 0.000000
vt 0.088388 0.088388 0.000000
vt -0.047835 0.115485 0.000000
vt 0.047835 0.115485 0.000000
vt 0.000000 0.125000 0.000000
vt 0.088388 -0.088388 0.000000
vt -0.088388 -0.088388 0.000000
vt 0.047835 -0.115485 0.000000
vt -0.047835 -0.115485 0.000000
vt 0.000000 -0.125000 0.000000
vt 0.100000 -0.343612 0.000000
vt 0.000000 -0.343612 0.000000
vt 0.100000 -0.392699 0.000000
vt 0.000000 -0.392699 0.000000
vt 0.100000 0.392699 0.000000
vt 0.000000 0.392699 0.000000
vt 0.100000 0.343612 0.000000
vt 0.000000 0.343612 0.000000
vt 0.100000 0.294524 0.000000
vt 0.000000 0.294524 0.000000
vt 0.100000 0.245437 0.000000
vt 0.000000 0.245437 0.000000
vt 0.100000 0.196350 0.000000
vt 0.000000 0.196350 0.000000
vt 0.100000 0.147262 0.000000
vt 0.000000 0.147262 0.000000
vt 0.100000 0.098175 0.000000
vt 0.000000 0.098175 0.000000
vt 0.100000 0.049087 0.000000
vt 0.000000 0.049087 0.000000
vt 0.100000 0.000000 0.000000
vt 0.000000 0.000000 0.000000
vt 0.100000 -0.049087 0.000000
vt 0.000000 -0.049087 0.000000
vt 0.100000 -0.098175 0.000000
vt 0.000000 -0.098175 0.000000
vt 0.100000 -0.147262 0.000000
vt 0.000000 -0.147262 0.000000
vt 0.100000 -0.196350 0.000000
vt 0.000000 -0.196350 0.000000
vt 0.100000 -0.245437 0.000000
vt 0.000000 -0.245437 0.000000
vt 0.100000 -0.294524 0.000000
vt 0.000000 -0.294524 0.000000
vt -0.115485 -0.047835 0.000000
vt 0.115485 -0.047835 0.000000
vt -0.125000 0.000000 0.000000
vt 0.125000 0.000000 0.000000
vt -0.115485 0.047835 0.000000
vt 0.115485 0.047835 0.000000
vt -0.088388 0.088388 0.000000
vt 0.088388 0.088388 0.000000
vt -0.047835 0.115485 0.000000
vt 0.047835 0.115485 0.000000
vt 0.000000 0.125000 0.000000
vt 0.088388 -0.088388 0.000000
vt -0.088388 -0.088388 0.000000
vt 0.047835 -0.115485 0.000000
vt -0.047835 -0.115485 0.000000
vt 0.000000 -0.125000 0.000000
vt 0.100000 -0.343612 0.000000
vt 0.000000 -0.343612 0.000000
vt 0.100000 -0.392699 0.000000
vt 0.000000 -0.392699 0.000000
vt 0.100000 0.392699 0.000000
vt 0.000000 0.392699 0.000000
vt 0.100000 0.343612 0.000000
vt 0.000000 0.343612 0.000000
vt 0.100000 0.294524 0.000000
vt 0.000000 0.294524 0.000000
vt 0.100000 0.245437 0.000000
vt 0.000000 0.245437 0.000000
vt 0.100000 0.196350 0.000000
vt 0.000000 0.196350 0.000000
vt 0.100000 0.147262 0.000000
vt 0.000000 0.147262 0.000000
vt 0.100000 0.098175 0.000000
vt 0.000000 0.098175 0.000000
vt 0.100000 0.049087 0.000000
vt 0.000000 0.049087 0.000000
vt 0.100000 0.000000 0.000000
vt 0.000000 0.000000 0.000000
vt 0.100000 -0.049087 0.000000
vt 0.000000 -0.049087 0.000000
vt 0.100000 -0.098175 0.000000
vt 0.000000 -0.098175 0.000000
vt 0.100000 -0.147262 0.000000
vt 0.000000 -0.147262 0.000000
vt 0.100000 -0.196350 0.000000
vt 0.000000 -0.196350 0.000000
vt 0.100000 -0.245437 0.000000
vt 0.000000 -0.245437 0.000000
vt 0.100000 -0.294524 0.000000
vt 0.000000 -0.294524 0.000000
vt -0.115485 -0.047835 0.000000
vt 0.115485 -0.047835 0.000000
vt -0.125000 0.000000 0.000000
vt 0.125000 0.000000 0.000000
vt -0.115485 0.047835 0.000000
vt 0.115485 0.047835 0.000000
vt -0.088388 0.088388 0.000000
vt 0.088388 0.088388 0.000000
vt -0.047835 0.115485 0.000000
vt 0.047835 0.115485 0.000000
vt 0.000000 0.125000 0.000000
vt 0.088388 -0.088388 0.000000
vt -0.088388 -0.088388 0.000000
vt 0.047835 -0.115485 0.000000
vt -0.047835 -0.115485 0.000000
vt 0.000000 -0.125000 0.000000
vt 0.006476 -0.070345 0.000000
vt 0.042053 -0.087332 0.000000
vt 0.022278 -0.043666 0.000000
vt 0.056262 -0.046271 0.000000
vt 0.022278 -0.000000 0.000000
vt 0.061548 -0.000000 0.000000
vt 0.056262 0.046271 0.000000
vt 0.022278 0.043666 0.000000
vt 0.042053 0.087332 0.000000
vt 0.006476 0.070345 0.000000
vt -0.016992 0.043666 0.000000
vt -0.029284 0.054155 0.000000
vt -0.064115 0.033946 0.000000
vt -0.095532 0.000000 0.000000
vt -0.056262 -0.000000 0.000000
vt -0.016992 -0.000000 0.000000
vt -0.064115 -0.033946 0.000000
vt -0.016992 -0.043666 0.000000
vt -0.029284 -0.054155 0.000000
vt -0.056262 -0.046271 0.000000
vt -0.042053 -0.087332 0.000000
vt -0.022278 -0.043666 0.000000
vt -0.006476 -0.070345 0.000000
vt 0.016992 -0.043666 0.000000
vt 0.029284 -0.054155 0.000000
vt 0.064115 -0.033946 0.000000
vt 0.095532 0.000000 0.000000
vt 0.056262 -0.000000 0.000000
vt 0.016992 -0.000000 0.000000
vt -0.022278 -0.000000 0.000000
vt 0.064115 0.033946 0.000000
vt 0.029284 0.054155 0.000000
vt 0.016992 0.043666 0.000000
vt -0.022278 0.043666 0.000000
vt -0.006476 0.070345 0.000000
vt -0.042053 0.087332 0.000000
vt -0.056262 0.046271 0.000000
vt -0.061548 -0.000000 0.000000
vt 0.275000 0.078540 0.000000
vt -1.025000 0.078540 0.000000
vt -0.375000 0.039270 0.000000
vt -1.025000 0.039270 0.000000
vt -0.375000 -0.000000 0.000000
vt -1.025000 -0.000000 0.000000
vt -0.375000 -0.039270 0.000000
vt -1.025000 -0.039270 0.000000
vt -1.025000 -0.078540 0.000000
vt 0.275000 -0.078540 0.000000
vt 0.275000 -0.039270 0.000000
vt 0.275000 -0.000000 0.000000
vt 0.275000 0.039270 0.000000
vt 0.056262 0.046271 0.000000
vt 0.042053 0.087332 0.000000
vt 0.022278 0.043666 0.000000
vt 0.006476 0.070345 0.000000
vt -0.016992 0.043666 0.000000
vt -0.029284 0.054155 0.000000
vt -0.064115 0.033946 0.000000
vt -0.095532 0.000000 0.000000
vt -0.056262 0.000000 0.000000
vt -0.016992 0.000000 0.000000
vt 0.022278 0.000000 0.000000
vt -0.064115 -0.033946 0.000000
vt -0.016992 -0.043666 0.000000
vt 0.022278 -0.043666 0.000000
vt 0.056262 -0.046271 0.000000
vt 0.061548 0.000000 0.000000
vt -0.029284 -0.054155 0.000000
vt 0.006476 -0.070345 0.000000
vt 0.042053 -0.087332 0.000000
vt 0.275000 0.078540 0.000000
vt -1.025000 0.078540 0.000000
vt -0.375000 0.039270 0.000000
vt -1.025000 0.039270 0.000000
vt -0.375000 0.000000 0.000000
vt -1.025000 0.000000 0.000000
vt -0.375000 -0.039270 0.000000
vt -1.025000 -0.039270 0.000000
vt -1.025000 -0.078540 0.000000
vt 0.275000 -0.078540 0.000000
vt 0.275000 -0.039270 0.000000
vt 0.275000 0.000000 0.000000
vt 0.275000 0.039270 0.000000
vt 0.064115 -0.033946 0.000000
vt 0.095532 0.000000 0.000000
vt 0.056262 0.000000 0.000000
vt 0.064115 0.033946 0.000000
vt 0.029284 0.054155 0.000000
vt -0.006476 0.070345 0.000000
vt 0.016992 0.043666 0.000000
vt 0.016992 -0.000000 0.000000
vt -0.022278 0.043666 0.000000
vt -0.042053 0.087332 0.000000
vt -0.056262 0.046271 0.000000
vt -0.022278 -0.000000 0.000000
vt -0.061548 -0.000000 0.000000
vt -0.056262 -0.046271 0.000000
vt -0.022278 -0.043666 0.000000
vt -0.042053 -0.087332 0.000000
vt -0.006476 -0.070345 0.000000
vt 0.016992 -0.043666 0.000000
vt 0.029284 -0.054155 0.000000
vt -0.100000 0.078540 0.000000
vt -1.400000 0.078540 0.000000
vt -0.750000 0.039270 0.000000
vt -1.400000 0.039270 0.000000
vt -0.750000 -0.000000 0.000000
vt -1.400000 -0.000000 0.000000
vt -0.750000 -0.039270 0.000000
vt -1.400000 -0.039270 0.000000
vt -1.400000 -0.078540 0.000000
vt -0.100000 -0.078540 0.000000
vt -0.100000 -0.039270 0.000000
vt -0.100000 -0.000000 0.000000
vt -0.100000 0.039270 0.000000
vt -0.064115 0.033946 0.000000
vt -0.095532 -0.000000 0.000000
vt -0.056262 -0.000000 0.000000
vt -0.064115 -0.033946 0.000000
vt -0.016992 -0.043666 0.000000
vt -0.029284 -0.054155 0.000000
vt 0.006476 -0.070345 0.000000
vt 0.022278 -0.043666 0.000000
vt 0.042053 -0.087332 0.000000
vt 0.056262 -0.046271 0.000000
vt 0.022278 -0.000000 0.000000
vt 0.061548 -0.000000 0.000000
vt 0.056262 0.046271 0.000000
vt 0.022278 0.043666 0.000000
vt 0.042053 0.087332 0.000000
vt 0.006476 0.070345 0.000000
vt -0.016992 0.043666 0.000000
vt -0.029284 0.054155 0.000000
vt -0.016992 -0.000000 0.000000
vt 0.275000 0.078540 0.000000
vt -1.025000 0.078540 0.000000
vt -0.375000 0.039270 0.000000
vt -1.025000 0.039270 0.000000
vt -0.375000 -0.000000 0.000000
vt -1.025000 -0.000000 0.000000
vt -0.375000 -0.039270 0.000000
vt -1.025000 -0.039270 0.000000
vt -1.025000 -0.078540 0.000000
vt 0.275000 -0.078540 0.000000
vt 0.275000 -0.039270 0.000000
vt 0.275000 -0.000000 0.000000
vt 0.275000 0.039270 0.000000
vt 0.275000 0.078540 0.000000
vt -1.025000 0.078540 0.000000
vt -0.375000 0.039270 0.000000
vt -1.025000 0.039270 0.000000
vt -0.375000 -0.000000 0.000000
vt -1.025000 -0.000000 0.000000
vt -0.375000 -0.039270 0.000000
vt -1.025000 -0.039270 0.000000
vt -1.025000 -0.078540 0.000000
vt 0.275000 -0.078540 0.000000
vt 0.275000 -0.039270 0.000000
vt 0.275000 -0.000000 0.000000
vt 0.275000 0.039270 0.000000
vt -0.056262 -0.046271 0.000000
vt -0.042053 -0.087332 0.000000
vt -0.022278 -0.043666 0.000000
vt -0.006476 -0.070345 0.000000
vt 0.016992 -0.043666 0.000000
vt 0.029284 -0.054155 0.000000
vt 0.064115 -0.033946 0.000000
vt 0.095532 0.000000 0.000000
vt 0.056262 0.000000 0.000000
vt 0.016992 0.000000 0.000000
vt -0.022278 0.000000 0.000000
vt 0.064115 0.033946 0.000000
vt 0.029284 0.054155 0.000000
vt 0.016992 0.043666 0.000000
vt -0.022278 0.043666 0.000000
vt -0.006476 0.070345 0.000000
vt -0.042053 0.087332 0.000000
vt -0.056262 0.046271 0.000000
vt -0.061548 0.000000 0.000000
vt -0.100000 0.078540 0.000000
vt -1.400000 0.078540 0.000000
vt -0.750000 0.039270 0.000000
vt -1.400000 0.039270 0.000000
vt -0.750000 -0.000000 0.000000
vt -1.400000 -0.000000 0.000000
vt -0.750000 -0.039270 0.000000
vt -1.400000 -0.039270 0.000000
vt -1.400000 -0.078540 0.000000
vt -0.100000 -0.078540 0.000000
vt -0.100000 -0.039270 0.000000
vt -0.100000 -0.000000 0.000000
vt -0.100000 0.039270 0.000000
vt 0.056262 0.046271 0.000000
vt 0.042053 0.087332 0.000000
vt 0.022278 0.043666 0.000000
vt 0.006476 0.070345 0.000000
vt -0.016992 0.043666 0.000000
vt -0.029284 0.054155 0.000000
vt -0.064115 0.033946 0.000000
vt -0.095532 0.000000 0.000000
vt -0.056262 -0.000000 0.000000
vt -0.016992 -0.000000 0.000000
vt 0.022278 -0.000000 0.000000
vt -0.064115 -0.033946 0.000000
vt -0.016992 -0.043666 0.000000
vt 0.022278 -0.043666 0.000000
vt 0.056262 -0.046271 0.000000
vt 0.061548 -0.000000 0.000000
vt -0.029284 -0.054155 0.000000
vt 0.006476 -0.070345 0.000000
vt 0.042053 -0.087332 0.000000
vt -0.100000 0.078540 0.000000
vt -1.400000 0.078540 0.000000
vt -0.750000 0.039270 0.000000
vt -1.400000 0.039270 0.000000
vt -0.750000 -0.000000 0.000000
vt -1.400000 0.000000 0.000000
vt -0.750000 -0.039270 0.000000
vt -1.400000 -0.039270 0.000000
vt -1.400000 -0.078540 0.000000
vt -0.100000 -0.078540 0.000000
vt -0.100000 -0.039270 0.000000
vt -0.100000 -0.000000 0.000000
vt -0.100000 0.039270 0.000000
vt 0.275000 0.078540 0.000000
vt -1.025000 0.078540 0.000000
vt -0.375000 0.039270 0.000000
vt -1.025000 0.039270 0.000000
vt -0.375000 0.000000 0.000000
vt -1.025000 0.000000 0.000000
vt -0.375000 -0.039270 0.000000
vt -1.025000 -0.039270 0.000000
vt -1.025000 -0.078540 0.000000
vt 0.275000 -0.078540 0.000000
vt 0.275000 -0.039270 0.000000
vt 0.275000 0.000000 0.000000
vt 0.275000 0.039270 0.000000
vt 0.056262 0.046271 0.000000
vt 0.042053 0.087332 0.000000
vt 0.022278 0.043666 0.000000
vt 0.006476 0.070345 0.000000
vt -0.016992 0.043666 0.000000
vt -0.029284 0.054155 0.000000
vt -0.064115 0.033946 0.000000
vt -0.095532 0.000000 0.000000
vt -0.056262 -0.000000 0.000000
vt -0.016992 -0.000000 0.000000
vt 0.022278 -0.000000 0.000000
vt -0.064115 -0.033946 0.000000
vt -0.016992 -0.043666 0.000000
vt 0.022278 -0.043666 0.000000
vt 0.056262 -0.046271 0.000000
vt 0.061548 -0.000000 0.000000
vt -0.029284 -0.054155 0.000000
vt 0.006476 -0.070345 0.000000
vt 0.042053 -0.087332 0.000000
vt -0.100000 0.078540 0.000000
vt -1.400000 0.078540 0.000000
vt -0.750000 0.039270 0.000000
vt -1.400000 0.039270 0.000000
vt -0.750000 -0.000000 0.000000
vt -1.400000 -0.000000 0.000000
vt -0.750000 -0.039270 0.000000
vt -1.400000 -0.039270 0.000000
vt -1.400000 -0.078540 0.000000
vt -0.100000 -0.078540 0.000000
vt -0.100000 -0.039270 0.000000
vt -0.100000 -0.000000 0.000000
vt -0.100000 0.039270 0.000000
vt 0.275000 0.078540 0.000000
vt -1.025000 0.078540 0.000000
vt -0.375000 0.039270 0.000000
vt -1.025000 0.039270 0.000000
vt -0.375000 -0.000000 0.000000
vt -1.025000 -0.000000 0.000000
vt -0.375000 -0.039270 0.000000
vt -1.025000 -0.039270 0.000000
vt -1.025000 -0.078540 0.000000
vt 0.275000 -0.078540 0.000000
vt 0.275000 -0.039270 0.000000
vt 0.275000 -0.000000 0.000000
vt 0.275000 0.039270 0.000000
vt 0.275000 0.078540 0.000000
vt -1.025000 0.078540 0.000000
vt -0.375000 0.039270 0.000000
vt -1.025000 0.039270 0.000000
vt -0.375000 0.000000 0.000000
vt -1.025000 0.000000 0.000000
vt -0.375000 -0.039270 0.000000
vt -1.025000 -0.039270 0.000000
vt -1.025000 -0.078540 0.000000
vt 0.275000 -0.078540 0.000000
vt 0.275000 -0.039270 0.000000
vt 0.275000 0.000000 0.000000
vt 0.275000 0.039270 0.000000
vt 0.275000 0.078540 0.000000
vt -1.025000 0.078540 0.000000
vt -0.375000 0.039270 0.000000
vt -1.025000 0.039270 0.000000
vt -0.375000 -0.000000 0.000000
vt -1.025000 -0.000000 0.000000
vt -0.375000 -0.039270 0.000000
vt -1.025000 -0.039270 0.000000
vt -1.025000 -0.078540 0.000000
vt 0.275000 -0.078540 0.000000
vt 0.275000 -0.039270 0.000000
vt 0.275000 -0.000000 0.000000
vt 0.275000 0.039270 0.000000
vt 0.515485 0.352165 0.000000
vt 1.400000 0.100000 0.000000
vt 0.525000 0.400000 0.000000
vt 1.100000 0.975000 0.000000
vt 1.052165 0.984515 0.000000
vt 0.488388 0.311612 0.000000
vt 0.447835 0.284515 0.000000
vt 0.100000 0.100000 0.000000
vt 0.400000 0.275000 0.000000
vt 0.352164 0.284515 0.000000
vt 0.311612 0.311612 0.000000
vt 0.284515 0.352165 0.000000
vt 0.275000 0.400000 0.000000
vt 0.284515 0.447835 0.000000
vt 0.100000 1.400000 0.000000
vt 0.311612 0.488388 0.000000
vt 0.352164 0.515485 0.000000
vt 0.400000 0.525000 0.000000
vt 0.975000 1.100000 0.000000
vt 0.984515 1.147835 0.000000
vt 0.447835 0.515485 0.000000
vt 0.984515 1.052165 0.000000
vt 0.488388 0.488388 0.000000
vt 1.011612 1.011612 0.000000
vt 0.515485 0.447835 0.000000
vt 1.215485 1.147835 0.000000
vt 1.225000 1.100000 0.000000
vt 1.400000 1.400000 0.000000
vt 1.215485 1.052165 0.000000
vt 1.188388 1.011612 0.000000
vt 1.147836 0.984515 0.000000
vt 1.011612 1.188388 0.000000
vt 1.052165 1.215485 0.000000
vt 1.100000 1.225000 0.000000
vt 1.147836 1.215485 0.000000
vt 1.188388 1.188388 0.000000
vt 0.115485 -0.047835 0.000000
vt 0.650000 -0.650000 0.000000
vt 0.125000 0.000000 0.000000
vt 0.650000 0.650000 0.000000
vt 0.115485 0.047835 0.000000
vt 0.088388 0.088388 0.000000
vt 0.047835 0.115485 0.000000
vt -0.000000 0.125000 0.000000
vt -0.650000 0.650000 0.000000
vt -0.047835 0.115485 0.000000
vt -0.088388 0.088388 0.000000
vt -0.115485 0.047835 0.000000
vt -0.125000 0.000000 0.000000
vt -0.650000 -0.650000 0.000000
vt -0.115485 -0.047835 0.000000
vt -0.088388 -0.088388 0.000000
vt -0.047835 -0.115485 0.000000
vt -0.000000 -0.125000 0.000000
vt 0.047835 -0.115485 0.000000
vt 0.088388 -0.088388 0.000000
vt 0.959515 0.472835 0.000000
vt 0.750000 0.625000 0.000000
vt 0.950000 0.425000 0.000000
vt 0.702165 0.634515 0.000000
vt 0.959515 0.377165 0.000000
vt 0.100000 0.100000 0.000000
vt 0.986612 0.336612 0.000000
vt 1.027165 0.309515 0.000000
vt 1.400000 0.100000 0.000000
vt 1.075000 0.300000 0.000000
vt 1.122835 0.309515 0.000000
vt 1.163388 0.336612 0.000000
vt 1.190485 0.377165 0.000000
vt 1.200000 0.425000 0.000000
vt 1.190485 0.472835 0.000000
vt 1.400000 1.400000 0.000000
vt 1.163388 0.513388 0.000000
vt 1.122835 0.540485 0.000000
vt 0.865485 0.797835 0.000000
vt 0.875000 0.750000 0.000000
vt 0.797835 0.634515 0.000000
vt 0.986612 0.513388 0.000000
vt 0.838388 0.661612 0.000000
vt 1.027165 0.540485 0.000000
vt 0.865485 0.702165 0.000000
vt 1.075000 0.550000 0.000000
vt 0.634515 0.797835 0.000000
vt 0.425000 0.950000 0.000000
vt 0.625000 0.750000 0.000000
vt 0.377165 0.959515 0.000000
vt 0.634515 0.702165 0.000000
vt 0.661612 0.661612 0.000000
vt 0.472835 0.959515 0.000000
vt 0.661612 0.838388 0.000000
vt 0.513388 0.986612 0.000000
vt 0.702165 0.865485 0.000000
vt 0.540485 1.027165 0.000000
vt 0.750000 0.875000 0.000000
vt 0.550000 1.075000 0.000000
vt 0.797835 0.865485 0.000000
vt 0.540485 1.122835 0.000000
vt 0.513388 1.163388 0.000000
vt 0.472835 1.190485 0.000000
vt 0.100000 1.400000 0.000000
vt 0.425000 1.200000 0.000000
vt 0.377165 1.190485 0.000000
vt 0.336612 1.163388 0.000000
vt 0.309515 1.122835 0.000000
vt 0.300000 1.075000 0.000000
vt 0.309515 1.027165 0.000000
vt 0.336612 0.986612 0.000000
vt 0.838388 0.838388 0.000000
vt 0.959515 0.472835 0.000000
vt 0.540485 0.472835 0.000000
vt 0.950000 0.425000 0.000000
vt 0.550000 0.425000 0.000000
vt 0.959515 0.377165 0.000000
vt 0.540485 0.377165 0.000000
vt 0.986612 0.336612 0.000000
vt 0.513388 0.336612 0.000000
vt 1.027165 0.309515 0.000000
vt 0.472835 0.309515 0.000000
vt 1.400000 0.100000 0.000000
vt 0.100000 0.100000 0.000000
vt 0.425000 0.300000 0.000000
vt 0.377165 0.309515 0.000000
vt 0.513388 0.513388 0.000000
vt 0.986612 0.513388 0.000000
vt 0.513388 0.986612 0.000000
vt 0.986612 0.986612 0.000000
vt 0.540485 1.027165 0.000000
vt 0.959515 1.027165 0.000000
vt 0.550000 1.075000 0.000000
vt 0.950000 1.075000 0.000000
vt 0.540485 1.122835 0.000000
vt 0.959515 1.122835 0.000000
vt 0.513388 1.163388 0.000000
vt 0.986612 1.163388 0.000000
vt 0.472835 1.190485 0.000000
vt 1.027165 1.190485 0.000000
vt 0.100000 1.400000 0.000000
vt 1.400000 1.400000 0.000000
vt 1.075000 1.200000 0.000000
vt 1.122835 1.190485 0.000000
vt 1.027165 0.959515 0.000000
vt 1.027165 0.540485 0.000000
vt 1.075000 0.950000 0.000000
vt 1.075000 0.550000 0.000000
vt 1.122835 0.540485 0.000000
vt 1.122835 0.959515 0.000000
vt 1.163388 0.513388 0.000000
vt 1.163388 0.986612 0.000000
vt 1.190485 0.472835 0.000000
vt 1.190485 1.027165 0.000000
vt 1.200000 0.425000 0.000000
vt 1.190485 0.377165 0.000000
vt 1.163388 0.336612 0.000000
vt 1.122835 0.309515 0.000000
vt 1.075000 0.300000 0.000000
vt 0.309515 0.377165 0.000000
vt 0.300000 0.425000 0.000000
vt 0.309515 0.472835 0.000000
vt 0.309515 1.027165 0.000000
vt 0.336612 0.986612 0.000000
vt 0.336612 0.513388 0.000000
vt 0.377165 0.959515 0.000000
vt 0.377165 0.540485 0.000000
vt 0.425000 0.950000 0.000000
vt 0.425000 0.550000 0.000000
vt 0.472835 0.540485 0.000000
vt 0.472835 0.959515 0.000000
vt 0.336612 0.336612 0.000000
vt 1.163388 1.163388 0.000000
vt 1.190485 1.122835 0.000000
vt 1.200000 1.075000 0.000000
vt 0.300000 1.075000 0.000000
vt 0.309515 1.122835 0.000000
vt 0.336612 1.163388 0.000000
vt 0.377165 1.190485 0.000000
vt 0.425000 1.200000 0.000000
vt 0.984515 1.147835 0.000000
vt 0.515485 1.147835 0.000000
vt 0.975000 1.100000 0.000000
vt 0.525000 1.100000 0.000000
vt 0.750000 0.875000 0.000000
vt 0.702165 0.865485 0.000000
vt 0.515485 1.052165 0.000000
vt 0.661612 0.838388 0.000000
vt 0.488388 1.011612 0.000000
vt 0.634515 0.797835 0.000000
vt 0.447835 0.984515 0.000000
vt 0.625000 0.750000 0.000000
vt 0.400000 0.975000 0.000000
vt 0.400000 0.525000 0.000000
vt 0.352164 0.515485 0.000000
vt 0.352164 0.984515 0.000000
vt 0.311612 0.488388 0.000000
vt 0.311612 1.011612 0.000000
vt 0.284515 0.447835 0.000000
vt 0.284515 1.052165 0.000000
vt 0.100000 1.400000 0.000000
vt 0.275000 1.100000 0.000000
vt 0.284515 1.147835 0.000000
vt 0.488388 1.188388 0.000000
vt 1.011612 1.188388 0.000000
vt 0.447835 1.215485 0.000000
vt 1.052165 1.215485 0.000000
vt 1.400000 1.400000 0.000000
vt 1.100000 1.225000 0.000000
vt 1.147836 1.215485 0.000000
vt 1.188388 1.188388 0.000000
vt 1.215485 1.147835 0.000000
vt 1.225000 1.100000 0.000000
vt 1.215485 1.052165 0.000000
vt 1.215485 0.447835 0.000000
vt 1.400000 0.100000 0.000000
vt 1.225000 0.400000 0.000000
vt 1.215485 0.352165 0.000000
vt 1.188388 1.011612 0.000000
vt 1.188388 0.488388 0.000000
vt 1.147836 0.984515 0.000000
vt 1.147836 0.515485 0.000000
vt 1.100000 0.975000 0.000000
vt 1.100000 0.525000 0.000000
vt 0.875000 0.750000 0.000000
vt 1.052165 0.515485 0.000000
vt 0.865485 0.702165 0.000000
vt 1.011612 0.488388 0.000000
vt 0.838388 0.661612 0.000000
vt 0.984515 0.447835 0.000000
vt 0.797835 0.634515 0.000000
vt 0.975000 0.400000 0.000000
vt 0.750000 0.625000 0.000000
vt 0.525000 0.400000 0.000000
vt 0.702165 0.634515 0.000000
vt 0.515485 0.447835 0.000000
vt 0.661612 0.661612 0.000000
vt 0.488388 0.488388 0.000000
vt 0.634515 0.702165 0.000000
vt 0.447835 0.515485 0.000000
vt 1.052165 0.984515 0.000000
vt 0.865485 0.797835 0.000000
vt 1.011612 1.011612 0.000000
vt 0.838388 0.838388 0.000000
vt 0.984515 1.052165 0.000000
vt 0.797835 0.865485 0.000000
vt 1.188388 0.311612 0.000000
vt 1.147836 0.284515 0.000000
vt 1.100000 0.275000 0.000000
vt 1.052165 0.284515 0.000000
vt 0.447835 0.284515 0.000000
vt 0.100000 0.100000 0.000000
vt 0.400000 0.275000 0.000000
vt 0.352164 0.284515 0.000000
vt 0.488388 0.311612 0.000000
vt 1.011612 0.311612 0.000000
vt 0.515485 0.352165 0.000000
vt 0.984515 0.352165 0.000000
vt 0.311612 1.188388 0.000000
vt 0.352164 1.215485 0.000000
vt 0.400000 1.225000 0.000000
vt 0.284515 0.352165 0.000000
vt 0.275000 0.400000 0.000000
vt 0.311612 0.311612 0.000000
vt 0.490485 0.422835 0.000000
vt 0.500000 0.375000 0.000000
vt 0.650000 0.650000 0.000000
vt 0.490485 0.327165 0.000000
vt 0.650000 -0.650000 0.000000
vt 0.490485 -0.327165 0.000000
vt 0.500000 -0.375000 0.000000
vt 0.463388 0.286612 0.000000
vt 0.463388 -0.286612 0.000000
vt 0.422835 0.259515 0.000000
vt 0.422835 -0.259515 0.000000
vt 0.375000 0.250000 0.000000
vt 0.375000 -0.250000 0.000000
vt 0.327165 -0.259515 0.000000
vt 0.327165 0.259515 0.000000
vt 0.047835 0.259515 0.000000
vt 0.088388 0.286612 0.000000
vt 0.286612 0.286612 0.000000
vt 0.115485 0.327165 0.000000
vt 0.259515 0.327165 0.000000
vt 0.125000 0.375000 0.000000
vt 0.250000 0.375000 0.000000
vt 0.115485 0.422835 0.000000
vt 0.259515 0.422835 0.000000
vt 0.088388 0.463388 0.000000
vt 0.286612 0.463388 0.000000
vt 0.047835 0.490485 0.000000
vt 0.327165 0.490485 0.000000
vt 0.375000 0.500000 0.000000
vt 0.422835 0.490485 0.000000
vt 0.463388 0.463388 0.000000
vt 0.115485 -0.422835 0.000000
vt 0.259515 -0.422835 0.000000
vt 0.125000 -0.375000 0.000000
vt 0.250000 -0.375000 0.000000
vt 0.115485 -0.327165 0.000000
vt 0.259515 -0.327165 0.000000
vt 0.088388 -0.286612 0.000000
vt 0.286612 -0.286612 0.000000
vt 0.047835 -0.259515 0.000000
vt 0.286612 -0.463388 0.000000
vt 0.088388 -0.463388 0.000000
vt 0.327165 -0.490485 0.000000
vt 0.047835 -0.490485 0.000000
vt 0.000000 -0.500000 0.000000
vt -0.650000 -0.650000 0.000000
vt -0.047835 -0.490485 0.000000
vt -0.327165 -0.490485 0.000000
vt -0.286612 -0.463388 0.000000
vt -0.088388 -0.463388 0.000000
vt -0.259515 -0.422835 0.000000
vt -0.115485 -0.422835 0.000000
vt -0.250000 -0.375000 0.000000
vt -0.125000 -0.375000 0.000000
vt -0.259515 -0.327165 0.000000
vt -0.115485 -0.327165 0.000000
vt -0.286612 -0.286612 0.000000
vt -0.088388 -0.286612 0.000000
vt -0.327165 -0.259515 0.000000
vt -0.047835 -0.259515 0.000000
vt -0.327165 0.259515 0.000000
vt -0.047835 0.259515 0.000000
vt -0.286612 0.286612 0.000000
vt -0.088388 0.286612 0.000000
vt -0.259515 0.327165 0.000000
vt -0.115485 0.327165 0.000000
vt -0.250000 0.375000 0.000000
vt -0.125000 0.375000 0.000000
vt -0.259515 0.422835 0.000000
vt -0.115485 0.422835 0.000000
vt -0.286612 0.463388 0.000000
vt -0.088388 0.463388 0.000000
vt -0.327165 0.490485 0.000000
vt -0.047835 0.490485 0.000000
vt -0.650000 0.650000 0.000000
vt 0.000000 0.500000 0.000000
vt 0.000000 0.250000 0.000000
vt 0.000000 -0.250000 0.000000
vt -0.375000 -0.500000 0.000000
vt -0.422835 -0.490485 0.000000
vt -0.463388 -0.463388 0.000000
vt -0.490485 -0.422835 0.000000
vt -0.500000 -0.375000 0.000000
vt -0.490485 -0.327165 0.000000
vt -0.463388 -0.286612 0.000000
vt -0.463388 0.286612 0.000000
vt -0.490485 0.327165 0.000000
vt -0.500000 0.375000 0.000000
vt -0.490485 0.422835 0.000000
vt -0.422835 0.259515 0.000000
vt -0.422835 -0.259515 0.000000
vt -0.375000 0.250000 0.000000
vt -0.375000 -0.250000 0.000000
vt 0.490485 -0.422835 0.000000
vt 0.463388 -0.463388 0.000000
vt 0.422835 -0.490485 0.000000
vt 0.375000 -0.500000 0.000000
vt -0.463388 0.463388 0.000000
vt -0.422835 0.490485 0.000000
vt -0.375000 0.500000 0.000000
vt 0.100000 -0.343612 0.000000
vt 0.000000 -0.343612 0.000000
vt 0.100000 -0.392699 0.000000
vt 0.000000 -0.392699 0.000000
vt 0.100000 0.392699 0.000000
vt 0.000000 0.392699 0.000000
vt 0.100000 0.343612 0.000000
vt 0.000000 0.343612 0.000000
vt 0.100000 0.294524 0.000000
vt 0.000000 0.294524 0.000000
vt 0.100000 0.245437 0.000000
vt 0.000000 0.245437 0.000000
vt 0.100000 0.196350 0.000000
vt 0.000000 0.196350 0.000000
vt 0.100000 0.147262 0.000000
vt 0.000000 0.147262 0.000000
vt 0.100000 0.098175 0.000000
vt 0.000000 0.098175 0.000000
vt 0.100000 0.049087 0.000000
vt 0.000000 0.049087 0.000000
vt 0.100000 0.000000 0.000000
vt 0.000000 0.000000 0.000000
vt 0.100000 -0.049087 0.000000
vt -0.000000 -0.049087 0.000000
vt 0.100000 -0.098175 0.000000
vt 0.000000 -0.098175 0.000000
vt 0.100000 -0.147262 0.000000
vt 0.000000 -0.147262 0.000000
vt 0.100000 -0.196350 0.000000
vt 0.000000 -0.196350 0.000000
vt 0.100000 -0.245437 0.000000
vt 0.000000 -0.245437 0.000000
vt 0.100000 -0.294524 0.000000
vt 0.000000 -0.294524 0.000000
vt -0.115485 -0.047835 0.000000
vt 0.115485 -0.047835 0.000000
vt -0.125000 0.000000 0.000000
vt 0.125000 0.000000 0.000000
vt -0.115485 0.047835 0.000000
vt 0.115485 0.047835 0.000000
vt -0.088388 0.088388 0.000000
vt 0.088388 0.088388 0.000000
vt -0.047835 0.115485 0.000000
vt 0.047835 0.115485 0.000000
vt 0.000000 0.125000 0.000000
vt 0.088388 -0.088388 0.000000
vt -0.088388 -0.088388 0.000000
vt 0.047835 -0.115485 0.000000
vt -0.047835 -0.115485 0.000000
vt 0.000000 -0.125000 0.000000
vt 0.100000 -0.343612 0.000000
vt 0.000000 -0.343612 0.000000
vt 0.100000 -0.392699 0.000000
vt 0.000000 -0.392699 0.000000
vt 0.100000 0.392699 0.000000
vt 0.000000 0.392699 0.000000
vt 0.100000 0.343612 0.000000
vt 0.000000 0.343612 0.000000
vt 0.100000 0.294524 0.000000
vt 0.000000 0.294524 0.000000
vt 0.100000 0.245437 0.000000
vt 0.000000 0.245437 0.000000
vt 0.100000 0.196350 0.000000
vt 0.000000 0.196350 0.000000
vt 0.100000 0.147262 0.000000
vt 0.000000 0.147262 0.000000
vt 0.100000 0.098175 0.000000
vt 0.000000 0.098175 0.000000
vt 0.100000 0.049087 0.000000
vt 0.000000 0.049087 0.000000
vt 0.100000 0.000000 0.000000
vt 0.000000 0.000000 0.000000
vt 0.100000 -0.049087 0.000000
vt -0.000000 -0.049087 0.000000
vt 0.100000 -0.098175 0.000000
vt 0.000000 -0.098175 0.000000
vt 0.100000 -0.147262 0.000000
vt 0.000000 -0.147262 0.000000
vt 0.100000 -0.196350 0.000000
vt 0.000000 -0.196350 0.000000
vt 0.100000 -0.245437 0.000000
vt 0.000000 -0.245437 0.000000
vt 0.100000 -0.294524 0.000000
vt 0.000000 -0.294524 0.000000
vt -0.115485 -0.047835 0.000000
vt 0.115485 -0.047835 0.000000
vt -0.125000 0.000000 0.000000
vt 0.125000 0.000000 0.000000
vt -0.115485 0.047835 0.000000
vt 0.115485 0.047835 0.000000
vt -0.088388 0.088388 0.000000
vt 0.088388 0.088388 0.000000
vt -0.047835 0.115485 0.000000
vt 0.047835 0.115485 0.000000
vt 0.000000 0.125000 0.000000
vt 0.088388 -0.088388 0.000000
vt -0.088388 -0.088388 0.000000
vt 0.047835 -0.115485 0.000000
vt -0.047835 -0.115485 0.000000
vt 0.000000 -0.125000 0.000000
vt 0.100000 -0.343612 0.000000
vt 0.000000 -0.343612 0.000000
vt 0.100000 -0.392699 0.000000
vt 0.000000 -0.392699 0.000000
vt 0.100000 0.392699 0.000000
vt 0.000000 0.392699 0.000000
vt 0.100000 0.343612 0.000000
vt 0.000000 0.343612 0.000000
vt 0.100000 0.294524 0.000000
vt 0.000000 0.294524 0.000000
vt 0.100000 0.245437 0.000000
vt 0.000000 0.245437 0.000000
vt 0.100000 0.196350 0.000000
vt 0.000000 0.196350 0.000000
vt 0.100000 0.147262 0.000000
vt 0.000000 0.147262 0.000000
vt 0.100000 0.098175 0.000000
vt 0.000000 0.098175 0.000000
vt 0.100000 0.049087 0.000000
vt 0.000000 0.049087 0.000000
vt 0.100000 0.000000 0.000000
vt 0.000000 0.000000 0.000000
vt 0.100000 -0.049087 0.000000
vt -0.000000 -0.049087 0.000000
vt 0.100000 -0.098175 0.000000
vt 0.000000 -0.098175 0.000000
vt 0.100000 -0.147262 0.000000
vt 0.000000 -0.147262 0.000000
vt 0.100000 -0.196350 0.000000
vt 0.000000 -0.196350 0.000000
vt 0.100000 -0.245437 0.000000
vt 0.000000 -0.245437 0.000000
vt 0.100000 -0.294524 0.000000
vt 0.000000 -0.294524 0.000000
vt -0.115485 -0.047835 0.000000
vt 0.115485 -0.047835 0.000000
vt -0.125000 0.000000 0.000000
vt 0.125000 0.000000 0.000000
vt -0.115485 0.047835 0.000000
vt 0.115485 0.047835 0.000000
vt -0.088388 0.088388 0.000000
vt 0.088388 0.088388 0.000000
vt -0.047835 0.115485 0.000000
vt 0.047835 0.115485 0.000000
vt 0.000000 0.125000 0.000000
vt 0.088388 -0.088388 0.000000
vt -0.088388 -0.088388 0.000000
vt 0.047835 -0.115485 0.000000
vt -0.047835 -0.115485 0.000000
vt 0.000000 -0.125000 0.000000
vt 0.100000 -0.343612 0.000000
vt 0.000000 -0.343612 0.000000
vt 0.100000 -0.392699 0.000000
vt 0.000000 -0.392699 0.000000
vt 0.100000 0.392699 0.000000
vt 0.000000 0.392699 0.000000
vt 0.100000 0.343612 0.000000
vt 0.000000 0.343612 0.000000
vt 0.100000 0.294524 0.000000
vt 0.000000 0.294524 0.000000
vt 0.100000 0.245437 0.000000
vt 0.000000 0.245437 0.000000
vt 0.100000 0.196350 0.000000
vt 0.000000 0.196350 0.000000
vt 0.100000 0.147262 0.000000
vt 0.000000 0.147262 0.000000
vt 0.100000 0.098175 0.000000
vt 0.000000 0.098175 0.000000
vt 0.100000 0.049087 0.000000
vt 0.000000 0.049087 0.000000
vt 0.100000 0.000000 0.000000
vt 0.000000 0.000000 0.000000
vt 0.100000 -0.049087 0.000000
vt -0.000000 -0.049087 0.000000
vt 0.100000 -0.098175 0.000000
vt 0.000000 -0.098175 0.000000
vt 0.100000 -0.147262 0.000000
vt 0.000000 -0.147262 0.000000
vt 0.100000 -0.196350 0.000000
vt 0.000000 -0.196350 0.000000
vt 0.100000 -0.245437 0.000000
vt 0.000000 -0.245437 0.000000
vt 0.100000 -0.294524 0.000000
vt 0.000000 -0.294524 0.000000
vt -0.115485 -0.047835 0.000000
vt 0.115485 -0.047835 0.000000
vt -0.125000 0.000000 0.000000
vt 0.125000 0.000000 0.000000
vt -0.115485 0.047835 0.000000
vt 0.115485 0.047835 0.000000
vt -0.088388 0.088388 0.000000
vt 0.088388 0.088388 0.000000
vt -0.047835 0.115485 0.000000
vt 0.047835 0.115485 0.000000
vt 0.000000 0.125000 0.000000
vt 0.088388 -0.088388 0.000000
vt -0.088388 -0.088388 0.000000
vt 0.047835 -0.115485 0.000000
vt -0.047835 -0.115485 0.000000
vt 0.000000 -0.125000 0.000000
vt 0.100000 -0.343612 0.000000
vt 0.000000 -0.343612 0.000000
vt 0.100000 -0.392699 0.000000
vt 0.000000 -0.392699 0.000000
vt 0.100000 0.392699 0.000000
vt 0.000000 0.392699 0.000000
vt 0.100000 0.343612 0.000000
vt 0.000000 0.343612 0.000000
vt 0.100000 0.294524 0.000000
vt 0.000000 0.294524 0.000000
vt 0.100000 0.245437 0.000000
vt 0.000000 0.245437 0.000000
vt 0.100000 0.196350 0.000000
vt 0.000000 0.196350 0.000000
vt 0.100000 0.147262 0.000000
vt 0.000000 0.147262 0.000000
vt 0.100000 0.098175 0.000000
vt 0.000000 0.098175 0.000000
vt 0.100000 0.049087 0.000000
vt 0.000000 0.049087 0.000000
vt 0.100000 0.000000 0.000000
vt 0.000000 0.000000 0.000000
vt 0.100000 -0.049087 0.000000
vt -0.000000 -0.049087 0.000000
vt 0.100000 -0.098175 0.000000
vt 0.000000 -0.098175 0.000000
vt 0.100000 -0.147262 0.000000
vt 0.000000 -0.147262 0.000000
vt 0.100000 -0.196350 0.000000
vt 0.000000 -0.196350 0.000000
vt 0.100000 -0.245437 0.000000
vt 0.000000 -0.245437 0.000000
vt 0.100000 -0.294524 0.000000
vt 0.000000 -0.294524 0.000000
vt -0.115485 -0.047835 0.000000
vt 0.115485 -0.047835 0.000000
vt -0.125000 0.000000 0.000000
vt 0.125000 0.000000 0.000000
vt -0.115485 0.047835 0.000000
vt 0.115485 0.047835 0.000000
vt -0.088388 0.088388 0.000000
vt 0.088388 0.088388 0.000000
vt -0.047835 0.115485 0.000000
vt 0.047835 0.115485 0.000000
vt 0.000000 0.125000 0.000000
vt 0.088388 -0.088388 0.000000
vt -0.088388 -0.088388 0.000000
vt 0.047835 -0.115485 0.000000
vt -0.047835 -0.115485 0.000000
vt 0.000000 -0.125000 0.000000
vt 0.100000 -0.343612 0.000000
vt 0.000000 -0.343612 0.000000
vt 0.100000 -0.392699 0.000000
vt 0.000000 -0.392699 0.000000
vt 0.100000 0.392699 0.000000
vt 0.000000 0.392699 0.000000
vt 0.100000 0.343612 0.000000
vt 0.000000 0.343612 0.000000
vt 0.100000 0.294524 0.000000
vt 0.000000 0.294524 0.000000
vt 0.100000 0.245437 0.000000
vt 0.000000 0.245437 0.000000
vt 0.100000 0.196350 0.000000
vt 0.000000 0.196350 0.000000
vt 0.100000 0.147262 0.000000
vt 0.000000 0.147262 0.000000
vt 0.100000 0.098175 0.000000
vt 0.000000 0.098175 0.000000
vt 0.100000 0.049087 0.000000
vt 0.000000 0.049087 0.000000
vt 0.100000 0.000000 0.000000
vt 0.000000 0.000000 0.000000
vt 0.100000 -0.049087 0.000000
vt -0.000000 -0.049087 0.000000
vt 0.100000 -0.098175 0.000000
vt 0.000000 -0.098175 0.000000
vt 0.100000 -0.147262 0.000000
vt 0.000000 -0.147262 0.000000
vt 0.100000 -0.196350 0.000000
vt 0.000000 -0.196350 0.000000
vt 0.100000 -0.245437 0.000000
vt 0.000000 -0.245437 0.000000
vt 0.100000 -0.294524 0.000000
vt 0.000000 -0.294524 0.000000
vt -0.115485 -0.047835 0.000000
vt 0.115485 -0.047835 0.000000
vt -0.125000 0.000000 0.000000
vt 0.125000 0.000000 0.000000
vt -0.115485 0.047835 0.000000
vt 0.115485 0.047835 0.000000
vt -0.088388 0.088388 0.000000
vt 0.088388 0.088388 0.000000
vt -0.047835 0.115485 0.000000
vt 0.047835 0.115485 0.000000
vt 0.000000 0.125000 0.000000
vt 0.088388 -0.088388 0.000000
vt -0.088388 -0.088388 0.000000
vt 0.047835 -0.115485 0.000000
vt -0.047835 -0.115485 0.000000
vt 0.000000 -0.125000 0.000000
vn -0.000000 0.100000 -0.000000
vn -0.000000 0.100000 -0.000000
vn -0.000000 0.100000 -0.000000
vn -0.000000 0.100000 -0.000000
vn -0.000000 0.100000 -0.000000
vn -0.000000 0.100000 -0.000000
vn -0.000000 0.100000 -0.000000
vn -0.000000 0.100000 -0.000000
vn -0.000000 0.100000 -0.000000
vn -0.000000 0.100000 -0.000000
vn -0.000000 0.100000 -0.000000
vn -0.000000 0.100000 -0.000000
vn -0.000000 0.100000 -0.000000
vn -0.000000 0.100000 -0.000000
vn -0.000000 0.100000 -0.000000
vn -0.000000 0.100000 -0.000000
vn 0.092388 -0.000000 0.038268
vn 0.092388 -0.000000 0.038268
vn 0.100000 -0.000000 0.000000
vn 0.100000 -0.000000 0.000000
vn 0.092388 0.000000 -0.038268
vn 0.092388 0.000000 -0.038268
vn 0.070711 0.000000 -0.070711
vn 0.070711 0.000000 -0.070711
vn 0.038268 0.000000 -0.092388
vn 0.038268 0.000000 -0.092388
vn -0.000000 0.000000 -0.100000
vn -0.000000 0.000000 -0.100000
vn -0.038268 0.000000 -0.092388
vn -0.038268 0.000000 -0.092388
vn -0.070711 0.000000 -0.070711
vn -0.070711 0.000000 -0.070711
vn -0.092388 0.000000 -0.038268
vn -0.092388 0.000000 -0.038268
vn -0.100000 0.000000 0.000000
vn -0.100000 0.000000 0.000000
vn -0.092388 0.000000 0.038268
vn -0.092388 0.000000 0.038268
vn -0.070711 0.000000 0.070711
vn -0.070711 0.000000 0.070711
vn -0.038268 0.000000 0.092388
vn -0.038268 0.000000 0.092388
vn -0.000000 0.000000 0.100000
vn -0.000000 0.000000 0.100000
vn 0.038268 -0.000000 0.092388
vn 0.038268 -0.000000 0.092388
vn 0.070711 -0.000000 0.070711
vn 0.070711 -0.000000 0.070711
vn -0.000000 0.100000 -0.000000
vn -0.000000 0.100000 -0.000000
vn -0.000000 0.100000 -0.000000
vn -0.000000 0.100000 -0.000000
vn -0.000000 0.100000 -0.000000
vn -0.000000 0.100000 -0.000000
vn -0.000000 0.100000 -0.000000
vn -0.000000 0.100000 -0.000000
vn -0.000000 0.100000 -0.000000
vn -0.000000 0.100000 -0.000000
vn -0.000000 0.100000 -0.000000
vn -0.000000 0.100000 -0.000000
vn -0.000000 0.100000 -0.000000
vn -0.000000 0.100000 -0.000000
vn -0.000000 0.100000 -0.000000
vn -0.000000 0.100000 -0.000000
vn 0.092388 -0.000000 0.038268
vn 0.092388 -0.000000 0.038268
vn 0.100000 -0.000000 0.000000
vn 0.100000 -0.000000 0.000000
vn 0.092388 0.000000 -0.038268
vn 0.092388 0.000000 -0.038268
vn 0.070711 0.000000 -0.070711
vn 0.070711 0.000000 -0.070711
vn 0.038268 0.000000 -0.092388
vn 0.038268 0.000000 -0.092388
vn -0.000000 0.000000 -0.100000
vn -0.000000 0.000000 -0.100000
vn -0.038268 0.000000 -0.092388
vn -0.038268 0.000000 -0.092388
vn -0.070711 0.000000 -0.070711
vn -0.070711 0.000000 -0.070711
vn -0.092388 0.000000 -0.038268
vn -0.092388 0.000000 -0.038268
vn -0.100000 0.000000 0.000000
vn -0.100000 0.000000 0.000000
vn -0.092388 0.000000 0.038268
vn -0.092388 0.000000 0.038268
vn -0.070711 0.000000 0.070711
vn -0.070711 0.000000 0.070711
vn -0.038268 0.000000 0.092388
vn -0.038268 0.000000 0.092388
vn -0.000000 0.000000 0.100000
vn -0.000000 0.000000 0.100000
vn 0.038268 -0.000000 0.092388
vn 0.038268 -0.000000 0.092388
vn 0.070711 -0.000000 0.070711
vn 0.070711 -0.000000 0.070711
vn 0.092388 0.000000 -0.038268
vn 0.092388 0.000000 -0.038268
vn 0.100000 0.000000 -0.000000
vn 0.100000 0.000000 -0.000000
vn 0.092388 -0.000000 0.038268
vn 0.092388 -0.000000 0.038268
vn 0.070711 -0.000000 0.070711
vn 0.070711 -0.000000 0.070711
vn 0.038268 -0.000000 0.092388
vn 0.038268 -0.000000 0.092388
vn -0.000000 0.000000 0.100000
vn -0.000000 0.000000 0.100000
vn -0.038268 0.000000 0.092388
vn -0.038268 0.000000 0.092388
vn -0.070711 0.000000 0.070711
vn -0.070711 0.000000 0.070711
vn -0.092388 0.000000 0.038268
vn -0.092388 0.000000 0.038268
vn -0.100000 0.000000 0.000000
vn -0.100000 0.000000 0.000000
vn -0.092388 0.000000 -0.038268
vn -0.092388 0.000000 -0.038268
vn -0.070711 0.000000 -0.070711
vn -0.070711 0.000000 -0.070711
vn -0.038268 0.000000 -0.092388
vn -0.038268 0.000000 -0.092388
vn -0.000000 0.000000 -0.100000
vn -0.000000 0.000000 -0.100000
vn 0.038268 0.000000 -0.092388
vn 0.038268 0.000000 -0.092388
vn 0.070711 0.000000 -0.070711
vn 0.070711 0.000000 -0.070711
vn 0.000000 -0.100000 0.000000
vn 0.000000 -0.100000 0.000000
vn 0.000000 -0.100000 0.000000
vn 0.000000 -0.100000 0.000000
vn 0.000000 -0.100000 0.000000
vn 0.000000 -0.100000 0.000000
vn 0.000000 -0.100000 0.000000
vn 0.000000 -0.100000 0.000000
vn 0.000000 -0.100000 0.000000
vn 0.000000 -0.100000 0.000000
vn 0.000000 -0.100000 0.000000
vn 0.000000 -0.100000 0.000000
vn 0.000000 -0.100000 0.000000
vn 0.000000 -0.100000 0.000000
vn 0.000000 -0.100000 0.000000
vn 0.000000 -0.100000 0.000000
vn 0.092388 0.000000 -0.038268
vn 0.092388 0.000000 -0.038268
vn 0.100000 0.000000 -0.000000
vn 0.100000 0.000000 -0.000000
vn 0.092388 -0.000000 0.038268
vn 0.092388 -0.000000 0.038268
vn 0.070711 -0.000000 0.070711
vn 0.070711 -0.000000 0.070711
vn 0.038268 -0.000000 0.092388
vn 0.038268 -0.000000 0.092388
vn -0.000000 0.000000 0.100000
vn -0.000000 0.000000 0.100000
vn -0.038268 0.000000 0.092388
vn -0.038268 0.000000 0.092388
vn -0.070711 0.000000 0.070711
vn -0.070711 0.000000 0.070711
vn -0.092388 0.000000 0.038268
vn -0.092388 0.000000 0.038268
vn -0.100000 0.000000 0.000000
vn -0.100000 0.000000 0.000000
vn -0.092388 0.000000 -0.038268
vn -0.092388 0.000000 -0.038268
vn -0.070711 0.000000 -0.070711
vn -0.070711 0.000000 -0.070711
vn -0.038268 0.000000 -0.092388
vn -0.038268 0.000000 -0.092388
vn -0.000000 0.000000 -0.100000
vn -0.000000 0.000000 -0.100000
vn 0.038268 0.000000 -0.092388
vn 0.038268 0.000000 -0.092388
vn 0.070711 0.000000 -0.070711
vn 0.070711 0.000000 -0.070711
vn 0.000000 -0.100000 0.000000
vn 0.000000 -0.100000 0.000000
vn 0.000000 -0.100000 0.000000
vn 0.000000 -0.100000 0.000000
vn 0.000000 -0.100000 0.000000
vn 0.000000 -0.100000 0.000000
vn 0.000000 -0.100000 0.000000
vn 0.000000 -0.100000 0.000000
vn 0.000000 -0.100000 0.000000
vn 0.000000 -0.100000 0.000000
vn 0.000000 -0.100000 0.000000
vn 0.000000 -0.100000 0.000000
vn 0.000000 -0.100000 0.000000
vn 0.000000 -0.100000 0.000000
vn 0.000000 -0.100000 0.000000
vn 0.000000 -0.100000 0.000000
vn 0.092388 0.000000 -0.038268
vn 0.092388 0.000000 -0.038268
vn 0.100000 0.000000 -0.000000
vn 0.100000 0.000000 -0.000000
vn 0.092388 -0.000000 0.038268
vn 0.092388 -0.000000 0.038268
vn 0.070711 -0.000000 0.070711
vn 0.070711 -0.000000 0.070711
vn 0.038268 -0.000000 0.092388
vn 0.038268 -0.000000 0.092388
vn -0.000000 0.000000 0.100000
vn -0.000000 0.000000 0.100000
vn -0.038268 0.000000 0.092388
vn -0.038268 0.000000 0.092388
vn -0.070711 0.000000 0.070711
vn -0.070711 0.000000 0.070711
vn -0.092388 0.000000 0.038268
vn -0.092388 0.000000 0.038268
vn -0.100000 0.000000 0.000000
vn -0.100000 0.000000 0.000000
vn -0.092388 0.000000 -0.038268
vn -0.092388 0.000000 -0.038268
vn -0.070711 0.000000 -0.070711
vn -0.070711 0.000000 -0.070711
vn -0.038268 0.000000 -0.092388
vn -0.038268 0.000000 -0.092388
vn -0.000000 0.000000 -0.100000
vn -0.000000 0.000000 -0.100000
vn 0.038268 0.000000 -0.092388
vn 0.038268 0.000000 -0.092388
vn 0.070711 0.000000 -0.070711
vn 0.070711 0.000000 -0.070711
vn 0.000000 -0.100000 0.000000
vn 0.000000 -0.100000 0.000000
vn 0.000000 -0.100000 0.000000
vn 0.000000 -0.100000 0.000000
vn 0.000000 -0.100000 0.000000
vn 0.000000 -0.100000 0.000000
vn 0.000000 -0.100000 0.000000
vn 0.000000 -0.100000 0.000000
vn 0.000000 -0.100000 0.000000
vn 0.000000 -0.100000 0.000000
vn 0.000000 -0.100000 0.000000
vn 0.000000 -0.100000 0.000000
vn 0.000000 -0.100000 0.000000
vn 0.000000 -0.100000 0.000000
vn 0.000000 -0.100000 0.000000
vn 0.000000 -0.100000 0.000000
vn 0.092388 0.000000 -0.038268
vn 0.092388 0.000000 -0.038268
vn 0.100000 0.000000 -0.000000
vn 0.100000 0.000000 -0.000000
vn 0.092388 -0.000000 0.038268
vn 0.092388 -0.000000 0.038268
vn 0.070711 -0.000000 0.070711
vn 0.070711 -0.000000 0.070711
vn 0.038268 -0.000000 0.092388
vn 0.038268 -0.000000 0.092388
vn -0.000000 0.000000 0.100000
vn -0.000000 0.000000 0.100000
vn -0.038268 0.000000 0.092388
vn -0.038268 0.000000 0.092388
vn -0.070711 0.000000 0.070711
vn -0.070711 0.000000 0.070711
vn -0.092388 0.000000 0.038268
vn -0.092388 0.000000 0.038268
vn -0.100000 0.000000 0.000000
vn -0.100000 0.000000 0.000000
vn -0.092388 0.000000 -0.038268
vn -0.092388 0.000000 -0.038268
vn -0.070711 0.000000 -0.070711
vn -0.070711 0.000000 -0.070711
vn -0.038268 0.000000 -0.092388
vn -0.038268 0.000000 -0.092388
vn -0.000000 0.000000 -0.100000
vn -0.000000 0.000000 -0.100000
vn 0.038268 0.000000 -0.092388
vn 0.038268 0.000000 -0.092388
vn 0.070711 0.000000 -0.070711
vn 0.070711 0.000000 -0.070711
vn 0.000000 -0.100000 0.000000
vn 0.000000 -0.100000 0.000000
vn 0.000000 -0.100000 0.000000
vn 0.000000 -0.100000 0.000000
vn 0.000000 -0.100000 0.000000
vn 0.000000 -0.100000 0.000000
vn 0.000000 -0.100000 0.000000
vn 0.000000 -0.100000 0.000000
vn 0.000000 -0.100000 0.000000
vn 0.000000 -0.100000 0.000000
vn 0.000000 -0.100000 0.000000
vn 0.000000 -0.100000 0.000000
vn 0.000000 -0.100000 0.000000
vn 0.000000 -0.100000 0.000000
vn 0.000000 -0.100000 0.000000
vn 0.000000 -0.100000 0.000000
vn 0.092388 0.000000 -0.038268
vn 0.092388 0.000000 -0.038268
vn 0.100000 0.000000 -0.000000
vn 0.100000 0.000000 -0.000000
vn 0.092388 -0.000000 0.038268
vn 0.092388 -0.000000 0.038268
vn 0.070711 -0.000000 0.070711
vn 0.070711 -0.000000 0.070711
vn 0.038268 -0.000000 0.092388
vn 0.038268 -0.000000 0.092388
vn -0.000000 0.000000 0.100000
vn -0.000000 0.000000 0.100000
vn -0.038268 0.000000 0.092388
vn -0.038268 0.000000 0.092388
vn -0.070711 0.000000 0.070711
vn -0.070711 0.000000 0.070711
vn -0.092388 0.000000 0.038268
vn -0.092388 0.000000 0.038268
vn -0.100000 0.000000 0.000000
vn -0.100000 0.000000 0.000000
vn -0.092388 0.000000 -0.038268
vn -0.092388 0.000000 -0.038268
vn -0.070711 0.000000 -0.070711
vn -0.070711 0.000000 -0.070711
vn -0.038268 0.000000 -0.092388
vn -0.038268 0.000000 -0.092388
vn -0.000000 0.000000 -0.100000
vn -0.000000 0.000000 -0.100000
vn 0.038268 0.000000 -0.092388
vn 0.038268 0.000000 -0.092388
vn 0.070711 0.000000 -0.070711
vn 0.070711 0.000000 -0.070711
vn 0.000000 -0.100000 0.000000
vn 0.000000 -0.100000 0.000000
vn 0.000000 -0.100000 0.000000
vn 0.000000 -0.100000 0.000000
vn 0.000000 -0.100000 0.000000
vn 0.000000 -0.100000 0.000000
vn 0.000000 -0.100000 0.000000
vn 0.000000 -0.100000 0.000000
vn 0.000000 -0.100000 0.000000
vn 0.000000 -0.100000 0.000000
vn 0.000000 -0.100000 0.000000
vn 0.000000 -0.100000 0.000000
vn 0.000000 -0.100000 0.000000
vn 0.000000 -0.100000 0.000000
vn 0.000000 -0.100000 0.000000
vn 0.000000 -0.100000 0.000000
vn 0.000000 0.092388 -0.038268
vn 0.000000 0.092388 -0.038268
vn 0.000000 0.100000 -0.000000
vn 0.000000 0.100000 -0.000000
vn 0.000000 0.092388 0.038268
vn 0.000000 0.092388 0.038268
vn 0.000000 0.070711 0.070711
vn 0.000000 0.070711 0.070711
vn 0.000000 0.038268 0.092388
vn 0.000000 0.038268 0.092388
vn 0.000000 -0.000000 0.100000
vn 0.000000 -0.000000 0.100000
vn 0.000000 -0.038268 0.092388
vn 0.000000 -0.038268 0.092388
vn 0.000000 -0.070711 0.070711
vn 0.000000 -0.070711 0.070711
vn 0.000000 -0.092388 0.038268
vn 0.000000 -0.092388 0.038268
vn 0.000000 -0.100000 0.000000
vn 0.000000 -0.100000 0.000000
vn 0.000000 -0.092388 -0.038268
vn 0.000000 -0.092388 -0.038268
vn 0.000000 -0.070711 -0.070711
vn 0.000000 -0.070711 -0.070711
vn 0.000000 -0.038268 -0.092388
vn 0.000000 -0.038268 -0.092388
vn 0.000000 -0.000000 -0.100000
vn 0.000000 -0.000000 -0.100000
vn 0.000000 0.038268 -0.092388
vn 0.000000 0.038268 -0.092388
vn 0.000000 0.070711 -0.070711
vn 0.000000 0.070711 -0.070711
vn 0.100000 0.000000 0.000000
vn 0.100000 0.000000 0.000000
vn 0.100000 0.000000 0.000000
vn 0.100000 0.000000 0.000000
vn 0.100000 0.000000 0.000000
vn 0.100000 0.000000 0.000000
vn 0.100000 0.000000 0.000000
vn 0.100000 0.000000 0.000000
vn 0.100000 0.000000 0.000000
vn 0.100000 0.000000 0.000000
vn 0.100000 0.000000 0.000000
vn 0.100000 0.000000 0.000000
vn 0.100000 0.000000 0.000000
vn 0.100000 0.000000 0.000000
vn 0.100000 0.000000 0.000000
vn 0.100000 0.000000 0.000000
vn 0.000000 0.092388 -0.038268
vn 0.000000 0.092388 -0.038268
vn 0.000000 0.100000 -0.000000
vn 0.000000 0.100000 -0.000000
vn 0.000000 0.092388 0.038268
vn 0.000000 0.092388 0.038268
vn 0.000000 0.070711 0.070711
vn 0.000000 0.070711 0.070711
vn 0.000000 0.038268 0.092388
vn 0.000000 0.038268 0.092388
vn 0.000000 -0.000000 0.100000
vn 0.000000 -0.000000 0.100000
vn 0.000000 -0.038268 0.092388
vn 0.000000 -0.038268 0.092388
vn 0.000000 -0.070711 0.070711
vn 0.000000 -0.070711 0.070711
vn 0.000000 -0.092388 0.038268
vn 0.000000 -0.092388 0.038268
vn 0.000000 -0.100000 0.000000
vn 0.000000 -0.100000 0.000000
vn 0.000000 -0.092388 -0.038268
vn 0.000000 -0.092388 -0.038268
vn 0.000000 -0.070711 -0.070711
vn 0.000000 -0.070711 -0.070711
vn 0.000000 -0.038268 -0.092388
vn 0.000000 -0.038268 -0.092388
vn 0.000000 -0.000000 -0.100000
vn 0.000000 -0.000000 -0.100000
vn 0.000000 0.038268 -0.092388
vn 0.000000 0.038268 -0.092388
vn 0.000000 0.070711 -0.070711
vn 0.000000 0.070711 -0.070711
vn 0.100000 0.000000 0.000000
vn 0.100000 0.000000 0.000000
vn 0.100000 0.000000 0.000000
vn 0.100000 0.000000 0.000000
vn 0.100000 0.000000 0.000000
vn 0.100000 0.000000 0.000000
vn 0.100000 0.000000 0.000000
vn 0.100000 0.000000 0.000000
vn 0.100000 0.000000 0.000000
vn 0.100000 0.000000 0.000000
vn 0.100000 0.000000 0.000000
vn 0.100000 0.000000 0.000000
vn 0.100000 0.000000 0.000000
vn 0.100000 0.000000 0.000000
vn 0.100000 0.000000 0.000000
vn 0.100000 0.000000 0.000000
vn 0.000000 0.092388 -0.038268
vn 0.000000 0.092388 -0.038268
vn 0.000000 0.100000 -0.000000
vn 0.000000 0.100000 -0.000000
vn 0.000000 0.092388 0.038268
vn 0.000000 0.092388 0.038268
vn 0.000000 0.070711 0.070711
vn 0.000000 0.070711 0.070711
vn 0.000000 0.038268 0.092388
vn 0.000000 0.038268 0.092388
vn 0.000000 -0.000000 0.100000
vn 0.000000 -0.000000 0.100000
vn 0.000000 -0.038268 0.092388
vn 0.000000 -0.038268 0.092388
vn 0.000000 -0.070711 0.070711
vn 0.000000 -0.070711 0.070711
vn 0.000000 -0.092388 0.038268
vn 0.000000 -0.092388 0.038268
vn 0.000000 -0.100000 0.000000
vn 0.000000 -0.100000 0.000000
vn 0.000000 -0.092388 -0.038268
vn 0.000000 -0.092388 -0.038268
vn 0.000000 -0.070711 -0.070711
vn 0.000000 -0.070711 -0.070711
vn 0.000000 -0.038268 -0.092388
vn 0.000000 -0.038268 -0.092388
vn 0.000000 -0.000000 -0.100000
vn 0.000000 -0.000000 -0.100000
vn 0.000000 0.038268 -0.092388
vn 0.000000 0.038268 -0.092388
vn 0.000000 0.070711 -0.070711
vn 0.000000 0.070711 -0.070711
vn 0.100000 0.000000 0.000000
vn 0.100000 0.000000 0.000000
vn 0.100000 0.000000 0.000000
vn 0.100000 0.000000 0.000000
vn 0.100000 0.000000 0.000000
vn 0.100000 0.000000 0.000000
vn 0.100000 0.000000 0.000000
vn 0.100000 0.000000 0.000000
vn 0.100000 0.000000 0.000000
vn 0.100000 0.000000 0.000000
vn 0.100000 0.000000 0.000000
vn 0.100000 0.000000 0.000000
vn 0.100000 0.000000 0.000000
vn 0.100000 0.000000 0.000000
vn 0.100000 0.000000 0.000000
vn 0.100000 0.000000 0.000000
vn 0.000000 -0.092388 -0.038268
vn 0.000000 -0.092388 -0.038268
vn 0.000000 -0.100000 -0.000000
vn 0.000000 -0.100000 -0.000000
vn 0.000000 -0.092388 0.038268
vn 0.000000 -0.092388 0.038268
vn 0.000000 -0.070711 0.070711
vn 0.000000 -0.070711 0.070711
vn 0.000000 -0.038268 0.092388
vn 0.000000 -0.038268 0.092388
vn 0.000000 0.000000 0.100000
vn 0.000000 0.000000 0.100000
vn 0.000000 0.038268 0.092388
vn 0.000000 0.038268 0.092388
vn 0.000000 0.070711 0.070711
vn 0.000000 0.070711 0.070711
vn 0.000000 0.092388 0.038268
vn 0.000000 0.092388 0.038268
vn 0.000000 0.100000 0.000000
vn 0.000000 0.100000 0.000000
vn 0.000000 0.092388 -0.038268
vn 0.000000 0.092388 -0.038268
vn 0.000000 0.070711 -0.070711
vn 0.000000 0.070711 -0.070711
vn 0.000000 0.038268 -0.092388
vn 0.000000 0.038268 -0.092388
vn 0.000000 0.000000 -0.100000
vn 0.000000 0.000000 -0.100000
vn 0.000000 -0.038268 -0.092388
vn 0.000000 -0.038268 -0.092388
vn 0.000000 -0.070711 -0.070711
vn 0.000000 -0.070711 -0.070711
vn -0.100000 0.000000 0.000000
vn -0.100000 0.000000 0.000000
vn -0.100000 0.000000 0.000000
vn -0.100000 0.000000 0.000000
vn -0.100000 0.000000 0.000000
vn -0.100000 0.000000 0.000000
vn -0.100000 0.000000 0.000000
vn -0.100000 0.000000 0.000000
vn -0.100000 0.000000 0.000000
vn -0.100000 0.000000 0.000000
vn -0.100000 0.000000 0.000000
vn -0.100000 0.000000 0.000000
vn -0.100000 0.000000 0.000000
vn -0.100000 0.000000 0.000000
vn -0.100000 0.000000 0.000000
vn -0.100000 0.000000 0.000000
vn 0.000000 -0.092388 -0.038268
vn 0.000000 -0.092388 -0.038268
vn 0.000000 -0.100000 -0.000000
vn 0.000000 -0.100000 -0.000000
vn 0.000000 -0.092388 0.038268
vn 0.000000 -0.092388 0.038268
vn 0.000000 -0.070711 0.070711
vn 0.000000 -0.070711 0.070711
vn 0.000000 -0.038268 0.092388
vn 0.000000 -0.038268 0.092388
vn 0.000000 0.000000 0.100000
vn 0.000000 0.000000 0.100000
vn 0.000000 0.038268 0.092388
vn 0.000000 0.038268 0.092388
vn 0.000000 0.070711 0.070711
vn 0.000000 0.070711 0.070711
vn 0.000000 0.092388 0.038268
vn 0.000000 0.092388 0.038268
vn 0.000000 0.100000 0.000000
vn 0.000000 0.100000 0.000000
vn 0.000000 0.092388 -0.038268
vn 0.000000 0.092388 -0.038268
vn 0.000000 0.070711 -0.070711
vn 0.000000 0.070711 -0.070711
vn 0.000000 0.038268 -0.092388
vn 0.000000 0.038268 -0.092388
vn 0.000000 0.000000 -0.100000
vn 0.000000 0.000000 -0.100000
vn 0.000000 -0.038268 -0.092388
vn 0.000000 -0.038268 -0.092388
vn 0.000000 -0.070711 -0.070711
vn 0.000000 -0.070711 -0.070711
vn -0.100000 0.000000 0.000000
vn -0.100000 0.000000 0.000000
vn -0.100000 0.000000 0.000000
vn -0.100000 0.000000 0.000000
vn -0.100000 0.000000 0.000000
vn -0.100000 0.000000 0.000000
vn -0.100000 0.000000 0.000000
vn -0.100000 0.000000 0.000000
vn -0.100000 0.000000 0.000000
vn -0.100000 0.000000 0.000000
vn -0.100000 0.000000 0.000000
vn -0.100000 0.000000 0.000000
vn -0.100000 0.000000 0.000000
vn -0.100000 0.000000 0.000000
vn -0.100000 0.000000 0.000000
vn -0.100000 0.000000 0.000000
vn 0.000000 -0.092388 -0.038268
vn 0.000000 -0.092388 -0.038268
vn 0.000000 -0.100000 -0.000000
vn 0.000000 -0.100000 -0.000000
vn 0.000000 -0.092388 0.038268
vn 0.000000 -0.092388 0.038268
vn 0.000000 -0.070711 0.070711
vn 0.000000 -0.070711 0.070711
vn 0.000000 -0.038268 0.092388
vn 0.000000 -0.038268 0.092388
vn 0.000000 0.000000 0.100000
vn 0.000000 0.000000 0.100000
vn 0.000000 0.038268 0.092388
vn 0.000000 0.038268 0.092388
vn 0.000000 0.070711 0.070711
vn 0.000000 0.070711 0.070711
vn 0.000000 0.092388 0.038268
vn 0.000000 0.092388 0.038268
vn 0.000000 0.100000 0.000000
vn 0.000000 0.100000 0.000000
vn 0.000000 0.092388 -0.038268
vn 0.000000 0.092388 -0.038268
vn 0.000000 0.070711 -0.070711
vn 0.000000 0.070711 -0.070711
vn 0.000000 0.038268 -0.092388
vn 0.000000 0.038268 -0.092388
vn 0.000000 0.000000 -0.100000
vn 0.000000 0.000000 -0.100000
vn 0.000000 -0.038268 -0.092388
vn 0.000000 -0.038268 -0.092388
vn 0.000000 -0.070711 -0.070711
vn 0.000000 -0.070711 -0.070711
vn -0.100000 0.000000 0.000000
vn -0.100000 0.000000 0.000000
vn -0.100000 0.000000 0.000000
vn -0.100000 0.000000 0.000000
vn -0.100000 0.000000 0.000000
vn -0.100000 0.000000 0.000000
vn -0.100000 0.000000 0.000000
vn -0.100000 0.000000 0.000000
vn -0.100000 0.000000 0.000000
vn -0.100000 0.000000 0.000000
vn -0.100000 0.000000 0.000000
vn -0.100000 0.000000 0.000000
vn -0.100000 0.000000 0.000000
vn -0.100000 0.000000 0.000000
vn -0.100000 0.000000 0.000000
vn -0.100000 0.000000 0.000000
vn 0.000000 -0.092388 -0.038268
vn 0.000000 -0.092388 -0.038268
vn 0.000000 -0.100000 -0.000000
vn 0.000000 -0.100000 -0.000000
vn 0.000000 -0.092388 0.038268
vn 0.000000 -0.092388 0.038268
vn 0.000000 -0.070711 0.070711
vn 0.000000 -0.070711 0.070711
vn 0.000000 -0.038268 0.092388
vn 0.000000 -0.038268 0.092388
vn 0.000000 0.000000 0.100000
vn 0.000000 0.000000 0.100000
vn 0.000000 0.038268 0.092388
vn 0.000000 0.038268 0.092388
vn 0.000000 0.070711 0.070711
vn 0.000000 0.070711 0.070711
vn 0.000000 0.092388 0.038268
vn 0.000000 0.092388 0.038268
vn 0.000000 0.100000 0.000000
vn 0.000000 0.100000 0.000000
vn 0.000000 0.092388 -0.038268
vn 0.000000 0.092388 -0.038268
vn 0.000000 0.070711 -0.070711
vn 0.000000 0.070711 -0.070711
vn 0.000000 0.038268 -0.092388
vn 0.000000 0.038268 -0.092388
vn 0.000000 0.000000 -0.100000
vn 0.000000 0.000000 -0.100000
vn 0.000000 -0.038268 -0.092388
vn 0.000000 -0.038268 -0.092388
vn 0.000000 -0.070711 -0.070711
vn 0.000000 -0.070711 -0.070711
vn -0.100000 0.000000 0.000000
vn -0.100000 0.000000 0.000000
vn -0.100000 0.000000 0.000000
vn -0.100000 0.000000 0.000000
vn -0.100000 0.000000 0.000000
vn -0.100000 0.000000 0.000000
vn -0.100000 0.000000 0.000000
vn -0.100000 0.000000 0.000000
vn -0.100000 0.000000 0.000000
vn -0.100000 0.000000 0.000000
vn -0.100000 0.000000 0.000000
vn -0.100000 0.000000 0.000000
vn -0.100000 0.000000 0.000000
vn -0.100000 0.000000 0.000000
vn -0.100000 0.000000 0.000000
vn -0.100000 0.000000 0.000000
vn 0.092388 0.038268 0.000000
vn 0.092388 0.038268 0.000000
vn 0.100000 0.000000 0.000000
vn 0.100000 0.000000 0.000000
vn 0.092388 -0.038268 0.000000
vn 0.092388 -0.038268 0.000000
vn 0.070711 -0.070711 0.000000
vn 0.070711 -0.070711 0.000000
vn 0.038268 -0.092388 0.000000
vn 0.038268 -0.092388 0.000000
vn -0.000000 -0.100000 0.000000
vn -0.000000 -0.100000 0.000000
vn -0.038268 -0.092388 0.000000
vn -0.038268 -0.092388 0.000000
vn -0.070711 -0.070711 0.000000
vn -0.070711 -0.070711 0.000000
vn -0.092388 -0.038268 0.000000
vn -0.092388 -0.038268 0.000000
vn -0.100000 0.000000 0.000000
vn -0.100000 0.000000 0.000000
vn -0.092388 0.038268 0.000000
vn -0.092388 0.038268 0.000000
vn -0.070711 0.070711 0.000000
vn -0.070711 0.070711 0.000000
vn -0.038268 0.092388 0.000000
vn -0.038268 0.092388 0.000000
vn -0.000000 0.100000 0.000000
vn -0.000000 0.100000 0.000000
vn 0.038268 0.092388 0.000000
vn 0.038268 0.092388 0.000000
vn 0.070711 0.070711 0.000000
vn 0.070711 0.070711 0.000000
vn 0.000000 0.000000 -0.100000
vn 0.000000 0.000000 -0.100000
vn 0.000000 0.000000 -0.100000
vn 0.000000 0.000000 -0.100000
vn 0.000000 0.000000 -0.100000
vn 0.000000 0.000000 -0.100000
vn 0.000000 0.000000 -0.100000
vn 0.000000 0.000000 -0.100000
vn 0.000000 0.000000 -0.100000
vn 0.000000 0.000000 -0.100000
vn 0.000000 0.000000 -0.100000
vn 0.000000 0.000000 -0.100000
vn 0.000000 0.000000 -0.100000
vn 0.000000 0.000000 -0.100000
vn 0.000000 0.000000 -0.100000
vn 0.000000 0.000000 -0.100000
vn 0.000000 0.092388 -0.038268
vn 0.000000 0.100000 0.000000
vn 0.030328 0.089455 -0.032832
vn 0.038268 0.092388 0.000000
vn 0.065328 0.065328 -0.038268
vn 0.070711 0.070711 0.000000
vn 0.092388 0.038268 0.000000
vn 0.089455 0.030328 -0.032832
vn 0.100000 -0.000000 0.000000
vn 0.092388 -0.000000 -0.038268
vn 0.074382 0.014630 -0.065217
vn 0.070711 -0.000000 -0.070711
vn 0.038268 0.000000 -0.092388
vn 0.000000 0.000000 -0.100000
vn 0.027060 0.027060 -0.092388
vn 0.050000 0.050000 -0.070711
vn 0.000000 0.038268 -0.092388
vn 0.014630 0.074382 -0.065217
vn 0.000000 0.070711 -0.070711
vn -0.092388 0.000000 -0.038268
vn -0.100000 0.000000 0.000000
vn -0.089455 0.032832 -0.030328
vn -0.092388 0.038268 0.000000
vn -0.074382 0.065217 -0.014630
vn -0.070711 0.070711 0.000000
vn -0.038268 0.092388 0.000000
vn 0.000000 0.100000 0.000000
vn -0.027060 0.092388 -0.027060
vn -0.050000 0.070711 -0.050000
vn -0.065328 0.038268 -0.065328
vn 0.000000 0.092388 -0.038268
vn 0.000000 0.070711 -0.070711
vn -0.014630 0.065217 -0.074382
vn -0.030328 0.032832 -0.089455
vn 0.000000 0.038268 -0.092388
vn 0.000000 0.000000 -0.100000
vn -0.038268 0.000000 -0.092388
vn -0.070711 0.000000 -0.070711
vn -0.000000 0.038268 -0.092388
vn -0.000000 0.070711 -0.070711
vn -0.000000 0.092388 -0.038268
vn 0.038268 -0.092388 0.000000
vn 0.000000 -0.100000 0.000000
vn 0.030328 -0.089455 -0.032832
vn 0.000000 -0.092388 -0.038268
vn 0.014630 -0.074382 -0.065217
vn 0.000000 -0.070711 -0.070711
vn 0.000000 -0.038268 -0.092388
vn 0.000000 0.000000 -0.100000
vn 0.027060 -0.027060 -0.092388
vn 0.050000 -0.050000 -0.070711
vn 0.065328 -0.065328 -0.038268
vn 0.038268 0.000000 -0.092388
vn 0.074382 -0.014630 -0.065217
vn 0.089455 -0.030328 -0.032832
vn 0.092388 -0.038268 0.000000
vn 0.070711 -0.070711 0.000000
vn 0.070711 0.000000 -0.070711
vn 0.092388 0.000000 -0.038268
vn 0.100000 0.000000 0.000000
vn 0.038268 0.000000 -0.092388
vn 0.070711 0.000000 -0.070711
vn 0.092388 0.000000 -0.038268
vn 0.000000 0.038268 0.092388
vn 0.000000 0.000000 0.100000
vn 0.027060 0.027060 0.092388
vn 0.038268 0.000000 0.092388
vn 0.070711 0.000000 0.070711
vn 0.092388 0.000000 0.038268
vn 0.074382 0.014630 0.065217
vn 0.050000 0.050000 0.070711
vn 0.089455 0.030328 0.032832
vn 0.100000 0.000000 0.000000
vn 0.092388 0.038268 0.000000
vn 0.065328 0.065328 0.038268
vn 0.070711 0.070711 0.000000
vn 0.038268 0.092388 0.000000
vn 0.030328 0.089455 0.032832
vn 0.000000 0.100000 0.000000
vn 0.000000 0.092388 0.038268
vn 0.014630 0.074382 0.065217
vn 0.000000 0.070711 0.070711
vn 0.038268 0.092388 0.000000
vn 0.070711 0.070711 0.000000
vn 0.092388 0.038268 0.000000
vn 0.000000 -0.092388 -0.038268
vn 0.000000 -0.100000 -0.000000
vn -0.027060 -0.092388 -0.027060
vn -0.038268 -0.092388 -0.000000
vn -0.074382 -0.065217 -0.014630
vn -0.070711 -0.070711 -0.000000
vn -0.092388 -0.038268 0.000000
vn -0.089455 -0.032832 -0.030328
vn -0.100000 0.000000 -0.000000
vn -0.092388 0.000000 -0.038268
vn -0.065328 -0.038268 -0.065328
vn -0.070711 0.000000 -0.070711
vn -0.038268 0.000000 -0.092388
vn -0.030328 -0.032832 -0.089455
vn 0.000000 0.000000 -0.100000
vn 0.000000 -0.038268 -0.092388
vn -0.014630 -0.065217 -0.074382
vn 0.000000 -0.070711 -0.070711
vn -0.050000 -0.070711 -0.050000
vn -0.038268 0.000000 -0.092388
vn -0.070711 0.000000 -0.070711
vn -0.092388 0.000000 -0.038268
vn 0.000000 -0.038268 -0.092388
vn 0.000000 -0.070711 -0.070711
vn 0.000000 -0.092388 -0.038268
vn -0.038268 -0.000000 0.092388
vn 0.000000 -0.000000 0.100000
vn -0.030328 0.032832 0.089455
vn 0.000000 0.038268 0.092388
vn -0.014630 0.065217 0.074382
vn 0.000000 0.070711 0.070711
vn 0.000000 0.092388 0.038268
vn 0.000000 0.100000 0.000000
vn -0.027060 0.092388 0.027060
vn -0.050000 0.070711 0.050000
vn -0.065328 0.038268 0.065328
vn -0.038268 0.092388 0.000000
vn -0.070711 0.070711 0.000000
vn -0.074382 0.065217 0.014630
vn -0.089455 0.032832 0.030328
vn -0.092388 0.038268 0.000000
vn -0.100000 0.000000 0.000000
vn -0.092388 0.000000 0.038268
vn -0.070711 0.000000 0.070711
vn -0.092388 0.038268 -0.000000
vn -0.070711 0.070711 -0.000000
vn -0.038268 0.092388 -0.000000
vn 0.038268 0.000000 0.092388
vn 0.000000 0.000000 0.100000
vn 0.030328 -0.032832 0.089455
vn 0.000000 -0.038268 0.092388
vn 0.014630 -0.065217 0.074382
vn 0.000000 -0.070711 0.070711
vn 0.000000 -0.092388 0.038268
vn 0.000000 -0.100000 0.000000
vn 0.027060 -0.092388 0.027060
vn 0.050000 -0.070711 0.050000
vn 0.065328 -0.038268 0.065328
vn 0.038268 -0.092388 0.000000
vn 0.074382 -0.065217 0.014630
vn 0.089455 -0.032832 0.030328
vn 0.092388 0.000000 0.038268
vn 0.070711 0.000000 0.070711
vn 0.070711 -0.070711 0.000000
vn 0.092388 -0.038268 0.000000
vn 0.100000 0.000000 0.000000
vn 0.092388 -0.038268 0.000000
vn 0.070711 -0.070711 0.000000
vn 0.038268 -0.092388 0.000000
vn 0.092388 -0.000000 0.038268
vn 0.070711 -0.000000 0.070711
vn 0.038268 -0.000000 0.092388
vn 0.000000 -0.038268 0.092388
vn 0.000000 0.000000 0.100000
vn -0.032832 -0.030328 0.089455
vn -0.038268 0.000000 0.092388
vn -0.065217 -0.014630 0.074382
vn -0.070711 0.000000 0.070711
vn -0.092388 0.000000 0.038268
vn -0.100000 0.000000 0.000000
vn -0.092388 -0.027060 0.027060
vn -0.070711 -0.050000 0.050000
vn -0.038268 -0.065328 0.065328
vn -0.092388 -0.038268 0.000000
vn -0.065217 -0.074382 0.014630
vn -0.032832 -0.089455 0.030328
vn 0.000000 -0.092388 0.038268
vn 0.000000 -0.070711 0.070711
vn -0.070711 -0.070711 0.000000
vn -0.038268 -0.092388 0.000000
vn 0.000000 -0.100000 0.000000
vn -0.038268 -0.092388 0.000000
vn -0.070711 -0.070711 0.000000
vn -0.092388 -0.038268 0.000000
vn 0.000000 -0.092388 0.038268
vn 0.000000 -0.070711 0.070711
vn 0.000000 -0.038268 0.092388
vn -0.092388 0.000000 0.038268
vn -0.070711 0.000000 0.070711
vn -0.038268 0.000000 0.092388
vn 0.000000 0.092388 0.038268
vn 0.000000 0.070711 0.070711
vn 0.000000 0.038268 0.092388
vn 0.000000 0.100000 0.000000
vn 0.000000 0.100000 0.000000
vn 0.000000 0.100000 0.000000
vn 0.000000 0.100000 0.000000
vn 0.000000 0.100000 0.000000
vn 0.000000 0.100000 0.000000
vn 0.000000 0.100000 0.000000
vn 0.000000 0.100000 0.000000
vn 0.000000 0.100000 0.000000
vn 0.000000 0.100000 0.000000
vn 0.000000 0.100000 0.000000
vn 0.000000 0.100000 0.000000
vn 0.000000 0.100000 0.000000
vn 0.000000 0.100000 0.000000
vn 0.000000 0.100000 0.000000
vn 0.000000 0.100000 0.000000
vn 0.000000 0.100000 0.000000
vn 0.000000 0.100000 0.000000
vn 0.000000 0.100000 0.000000
vn 0.000000 0.100000 0.000000
vn 0.000000 0.100000 0.000000
vn 0.000000 0.100000 0.000000
vn 0.000000 0.100000 0.000000
vn 0.000000 0.100000 0.000000
vn 0.000000 0.100000 0.000000
vn 0.000000 0.100000 0.000000
vn 0.000000 0.100000 0.000000
vn 0.000000 0.100000 0.000000
vn 0.000000 0.100000 0.000000
vn 0.000000 0.100000 0.000000
vn 0.000000 0.100000 0.000000
vn 0.000000 0.100000 0.000000
vn 0.000000 0.000000 -0.100000
vn 0.000000 0.000000 -0.100000
vn 0.000000 0.000000 -0.100000
vn 0.000000 0.000000 -0.100000
vn 0.000000 0.000000 -0.100000
vn 0.000000 0.000000 -0.100000
vn 0.000000 0.000000 -0.100000
vn 0.000000 0.000000 -0.100000
vn 0.000000 0.000000 -0.100000
vn 0.000000 0.000000 -0.100000
vn 0.000000 0.000000 -0.100000
vn 0.000000 0.000000 -0.100000
vn 0.000000 0.000000 -0.100000
vn 0.000000 0.000000 -0.100000
vn 0.000000 0.000000 -0.100000
vn 0.000000 0.000000 -0.100000
vn 0.100000 0.000000 0.000000
vn 0.100000 0.000000 0.000000
vn 0.100000 0.000000 0.000000
vn 0.100000 0.000000 0.000000
vn 0.100000 0.000000 0.000000
vn 0.100000 0.000000 0.000000
vn 0.100000 0.000000 0.000000
vn 0.100000 0.000000 0.000000
vn 0.100000 0.000000 0.000000
vn 0.100000 0.000000 0.000000
vn 0.100000 0.000000 0.000000
vn 0.100000 0.000000 0.000000
vn 0.100000 0.000000 0.000000
vn 0.100000 0.000000 0.000000
vn 0.100000 0.000000 0.000000
vn 0.100000 0.000000 0.000000
vn 0.100000 0.000000 0.000000
vn 0.100000 0.000000 0.000000
vn 0.100000 0.000000 0.000000
vn 0.100000 0.000000 0.000000
vn 0.100000 0.000000 0.000000
vn 0.100000 0.000000 0.000000
vn 0.100000 0.000000 0.000000
vn 0.100000 0.000000 0.000000
vn 0.100000 0.000000 0.000000
vn 0.100000 0.000000 0.000000
vn 0.100000 0.000000 0.000000
vn 0.100000 0.000000 0.000000
vn 0.100000 0.000000 0.000000
vn 0.100000 0.000000 0.000000
vn 0.100000 0.000000 0.000000
vn 0.100000 0.000000 0.000000
vn 0.100000 0.000000 0.000000
vn 0.100000 0.000000 0.000000
vn 0.100000 0.000000 0.000000
vn 0.100000 0.000000 0.000000
vn 0.100000 0.000000 0.000000
vn 0.100000 0.000000 0.000000
vn 0.100000 0.000000 0.000000
vn 0.100000 0.000000 0.000000
vn 0.100000 0.000000 0.000000
vn 0.100000 0.000000 0.000000
vn 0.100000 0.000000 0.000000
vn 0.100000 0.000000 0.000000
vn 0.100000 0.000000 0.000000
vn 0.100000 0.000000 0.000000
vn 0.100000 0.000000 0.000000
vn 0.100000 0.000000 0.000000
vn -0.100000 0.000000 0.000000
vn -0.100000 0.000000 0.000000
vn -0.100000 0.000000 0.000000
vn -0.100000 0.000000 0.000000
vn -0.100000 0.000000 0.000000
vn -0.100000 0.000000 0.000000
vn -0.100000 0.000000 0.000000
vn -0.100000 0.000000 0.000000
vn -0.100000 0.000000 0.000000
vn -0.100000 0.000000 0.000000
vn -0.100000 0.000000 0.000000
vn -0.100000 0.000000 0.000000
vn -0.100000 0.000000 0.000000
vn -0.100000 0.000000 0.000000
vn -0.100000 0.000000 0.000000
vn -0.100000 0.000000 0.000000
vn -0.100000 0.000000 0.000000
vn -0.100000 0.000000 0.000000
vn -0.100000 0.000000 0.000000
vn -0.100000 0.000000 0.000000
vn -0.100000 0.000000 0.000000
vn -0.100000 0.000000 0.000000
vn -0.100000 0.000000 0.000000
vn -0.100000 0.000000 0.000000
vn -0.100000 0.000000 0.000000
vn -0.100000 0.000000 0.000000
vn -0.100000 0.000000 0.000000
vn -0.100000 0.000000 0.000000
vn -0.100000 0.000000 0.000000
vn -0.100000 0.000000 0.000000
vn -0.100000 0.000000 0.000000
vn -0.100000 0.000000 0.000000
vn -0.100000 0.000000 0.000000
vn -0.100000 0.000000 0.000000
vn -0.100000 0.000000 0.000000
vn -0.100000 0.000000 0.000000
vn -0.100000 0.000000 0.000000
vn -0.100000 0.000000 0.000000
vn -0.100000 0.000000 0.000000
vn -0.100000 0.000000 0.000000
vn -0.100000 0.000000 0.000000
vn -0.100000 0.000000 0.000000
vn -0.100000 0.000000 0.000000
vn -0.100000 0.000000 0.000000
vn -0.100000 0.000000 0.000000
vn -0.100000 0.000000 0.000000
vn -0.100000 0.000000 0.000000
vn -0.100000 0.000000 0.000000
vn -0.100000 0.000000 0.000000
vn -0.100000 0.000000 0.000000
vn -0.100000 0.000000 0.000000
vn -0.100000 0.000000 0.000000
vn -0.100000 0.000000 0.000000
vn -0.100000 0.000000 0.000000
vn -0.100000 0.000000 0.000000
vn -0.100000 0.000000 0.000000
vn -0.100000 0.000000 0.000000
vn -0.100000 0.000000 0.000000
vn -0.100000 0.000000 0.000000
vn -0.100000 0.000000 0.000000
vn -0.100000 0.000000 0.000000
vn -0.100000 0.000000 0.000000
vn -0.100000 0.000000 0.000000
vn -0.100000 0.000000 0.000000
vn 0.000000 -0.100000 0.000000
vn 0.000000 -0.100000 0.000000
vn 0.000000 -0.100000 0.000000
vn 0.000000 -0.100000 0.000000
vn 0.000000 -0.100000 0.000000
vn 0.000000 -0.100000 0.000000
vn 0.000000 -0.100000 0.000000
vn 0.000000 -0.100000 0.000000
vn 0.000000 -0.100000 0.000000
vn 0.000000 -0.100000 0.000000
vn 0.000000 -0.100000 0.000000
vn 0.000000 -0.100000 0.000000
vn 0.000000 -0.100000 0.000000
vn 0.000000 -0.100000 0.000000
vn 0.000000 -0.100000 0.000000
vn 0.000000 -0.100000 0.000000
vn 0.000000 -0.100000 0.000000
vn 0.000000 -0.100000 0.000000
vn 0.000000 -0.100000 0.000000
vn 0.000000 -0.100000 0.000000
vn 0.000000 -0.100000 0.000000
vn 0.000000 -0.100000 0.000000
vn 0.000000 -0.100000 0.000000
vn 0.000000 -0.100000 0.000000
vn 0.000000 -0.100000 0.000000
vn 0.000000 -0.100000 0.000000
vn 0.000000 -0.100000 0.000000
vn 0.000000 -0.100000 0.000000
vn 0.000000 -0.100000 0.000000
vn 0.000000 -0.100000 0.000000
vn 0.000000 -0.100000 0.000000
vn 0.000000 -0.100000 0.000000
vn 0.000000 -0.100000 0.000000
vn 0.000000 -0.100000 0.000000
vn 0.000000 -0.100000 0.000000
vn 0.000000 -0.100000 0.000000
vn 0.000000 -0.100000 0.000000
vn 0.000000 -0.100000 0.000000
vn 0.000000 -0.100000 0.000000
vn 0.000000 -0.100000 0.000000
vn 0.000000 -0.100000 0.000000
vn 0.000000 -0.100000 0.000000
vn 0.000000 -0.100000 0.000000
vn 0.000000 -0.100000 0.000000
vn 0.000000 -0.100000 0.000000
vn 0.000000 -0.100000 0.000000
vn 0.000000 -0.100000 0.000000
vn 0.000000 -0.100000 0.000000
vn 0.000000 -0.100000 0.000000
vn 0.000000 -0.100000 0.000000
vn 0.000000 -0.100000 0.000000
vn 0.000000 -0.100000 0.000000
vn 0.000000 -0.100000 0.000000
vn 0.000000 -0.100000 0.000000
vn 0.000000 -0.100000 0.000000
vn 0.000000 -0.100000 0.000000
vn 0.000000 -0.100000 0.000000
vn 0.000000 -0.100000 0.000000
vn 0.000000 -0.100000 0.000000
vn 0.000000 -0.100000 0.000000
vn 0.000000 -0.100000 0.000000
vn 0.000000 -0.100000 0.000000
vn 0.000000 -0.100000 0.000000
vn 0.000000 -0.100000 0.000000
vn 0.000000 -0.100000 0.000000
vn 0.000000 -0.100000 0.000000
vn 0.000000 -0.100000 0.000000
vn 0.000000 -0.100000 0.000000
vn 0.000000 -0.100000 0.000000
vn 0.000000 -0.100000 0.000000
vn 0.000000 -0.100000 0.000000
vn 0.000000 -0.100000 0.000000
vn 0.000000 -0.100000 0.000000
vn 0.000000 -0.100000 0.000000
vn 0.000000 -0.100000 0.000000
vn 0.000000 -0.100000 0.000000
vn 0.000000 -0.100000 0.000000
vn 0.000000 -0.100000 0.000000
vn 0.000000 -0.100000 0.000000
vn 0.000000 -0.100000 0.000000
vn 0.000000 0.000000 0.100000
vn 0.000000 0.000000 0.100000
vn 0.000000 0.000000 0.100000
vn 0.000000 0.000000 0.100000
vn 0.000000 0.000000 0.100000
vn 0.000000 0.000000 0.100000
vn 0.000000 0.000000 0.100000
vn 0.000000 0.000000 0.100000
vn 0.000000 0.000000 0.100000
vn 0.000000 0.000000 0.100000
vn 0.000000 0.000000 0.100000
vn 0.000000 0.000000 0.100000
vn 0.000000 0.000000 0.100000
vn 0.000000 0.000000 0.100000
vn 0.000000 0.000000 0.100000
vn 0.000000 0.000000 0.100000
vn 0.000000 0.000000 0.100000
vn 0.000000 0.000000 0.100000
vn 0.000000 0.000000 0.100000
vn 0.000000 0.000000 0.100000
vn 0.000000 0.000000 0.100000
vn 0.000000 0.000000 0.100000
vn 0.000000 0.000000 0.100000
vn 0.000000 0.000000 0.100000
vn 0.000000 0.000000 0.100000
vn 0.000000 0.000000 0.100000
vn 0.000000 0.000000 0.100000
vn 0.000000 0.000000 0.100000
vn 0.000000 0.000000 0.100000
vn 0.000000 0.000000 0.100000
vn 0.000000 0.000000 0.100000
vn 0.000000 0.000000 0.100000
vn 0.000000 0.000000 0.100000
vn 0.000000 0.000000 0.100000
vn 0.000000 0.000000 0.100000
vn 0.000000 0.000000 0.100000
vn 0.000000 0.000000 0.100000
vn 0.000000 0.000000 0.100000
vn 0.000000 0.000000 0.100000
vn 0.000000 0.000000 0.100000
vn 0.000000 0.000000 0.100000
vn 0.000000 0.000000 0.100000
vn 0.000000 0.000000 0.100000
vn 0.000000 0.000000 0.100000
vn 0.000000 0.000000 0.100000
vn 0.000000 0.000000 0.100000
vn 0.000000 0.000000 0.100000
vn 0.000000 0.000000 0.100000
vn 0.000000 0.000000 0.100000
vn 0.000000 0.000000 0.100000
vn 0.000000 0.000000 0.100000
vn 0.000000 0.000000 0.100000
vn 0.000000 0.000000 0.100000
vn 0.000000 0.000000 0.100000
vn 0.000000 0.000000 0.100000
vn 0.000000 0.000000 0.100000
vn 0.000000 0.000000 0.100000
vn 0.000000 0.000000 0.100000
vn 0.000000 0.000000 0.100000
vn 0.000000 0.000000 0.100000
vn 0.000000 0.000000 0.100000
vn 0.000000 0.000000 0.100000
vn 0.000000 0.000000 0.100000
vn 0.000000 0.000000 0.100000
vn 0.000000 0.000000 0.100000
vn 0.000000 0.000000 0.100000
vn 0.000000 0.000000 0.100000
vn 0.000000 0.000000 0.100000
vn 0.000000 0.000000 0.100000
vn 0.000000 0.000000 0.100000
vn 0.000000 0.000000 0.100000
vn 0.000000 0.000000 0.100000
vn 0.000000 0.000000 0.100000
vn 0.000000 0.000000 0.100000
vn 0.000000 0.000000 0.100000
vn 0.000000 0.000000 0.100000
vn 0.000000 0.000000 0.100000
vn 0.000000 0.000000 0.100000
vn 0.000000 0.000000 0.100000
vn 0.000000 0.000000 0.100000
vn 0.000000 0.000000 0.100000
vn 0.000000 0.000000 0.100000
vn 0.000000 0.000000 0.100000
vn 0.000000 0.000000 0.100000
vn 0.000000 0.000000 0.100000
vn 0.000000 0.000000 0.100000
vn 0.000000 0.000000 0.100000
vn 0.000000 0.000000 0.100000
vn 0.000000 0.000000 0.100000
vn 0.000000 0.000000 0.100000
vn 0.000000 0.000000 0.100000
vn 0.000000 0.000000 0.100000
vn 0.000000 0.000000 0.100000
vn 0.000000 0.000000 0.100000
vn 0.000000 0.000000 0.100000
vn 0.000000 0.000000 0.100000
vn -0.092388 0.038268 0.000000
vn -0.092388 0.038268 0.000000
vn -0.100000 0.000000 0.000000
vn -0.100000 0.000000 0.000000
vn -0.092388 -0.038268 0.000000
vn -0.092388 -0.038268 0.000000
vn -0.070711 -0.070711 0.000000
vn -0.070711 -0.070711 0.000000
vn -0.038268 -0.092388 0.000000
vn -0.038268 -0.092388 0.000000
vn 0.000000 -0.100000 0.000000
vn 0.000000 -0.100000 0.000000
vn 0.038268 -0.092388 0.000000
vn 0.038268 -0.092388 0.000000
vn 0.070711 -0.070711 0.000000
vn 0.070711 -0.070711 0.000000
vn 0.092388 -0.038268 0.000000
vn 0.092388 -0.038268 0.000000
vn 0.100000 -0.000000 0.000000
vn 0.100000 -0.000000 0.000000
vn 0.092388 0.038268 0.000000
vn 0.092388 0.038268 0.000000
vn 0.070711 0.070711 0.000000
vn 0.070711 0.070711 0.000000
vn 0.038268 0.092388 0.000000
vn 0.038268 0.092388 0.000000
vn 0.000000 0.100000 0.000000
vn 0.000000 0.100000 0.000000
vn -0.038268 0.092388 0.000000
vn -0.038268 0.092388 0.000000
vn -0.070711 0.070711 0.000000
vn -0.070711 0.070711 0.000000
vn 0.000000 0.000000 0.100000
vn 0.000000 0.000000 0.100000
vn 0.000000 0.000000 0.100000
vn 0.000000 0.000000 0.100000
vn 0.000000 0.000000 0.100000
vn 0.000000 0.000000 0.100000
vn 0.000000 0.000000 0.100000
vn 0.000000 0.000000 0.100000
vn 0.000000 0.000000 0.100000
vn 0.000000 0.000000 0.100000
vn 0.000000 0.000000 0.100000
vn 0.000000 0.000000 0.100000
vn 0.000000 0.000000 0.100000
vn 0.000000 0.000000 0.100000
vn 0.000000 0.000000 0.100000
vn 0.000000 0.000000 0.100000
vn -0.092388 0.038268 0.000000
vn -0.092388 0.038268 0.000000
vn -0.100000 0.000000 0.000000
vn -0.100000 0.000000 0.000000
vn -0.092388 -0.038268 0.000000
vn -0.092388 -0.038268 0.000000
vn -0.070711 -0.070711 0.000000
vn -0.070711 -0.070711 0.000000
vn -0.038268 -0.092388 0.000000
vn -0.038268 -0.092388 0.000000
vn 0.000000 -0.100000 0.000000
vn 0.000000 -0.100000 0.000000
vn 0.038268 -0.092388 0.000000
vn 0.038268 -0.092388 0.000000
vn 0.070711 -0.070711 0.000000
vn 0.070711 -0.070711 0.000000
vn 0.092388 -0.038268 0.000000
vn 0.092388 -0.038268 0.000000
vn 0.100000 -0.000000 0.000000
vn 0.100000 -0.000000 0.000000
vn 0.092388 0.038268 0.000000
vn 0.092388 0.038268 0.000000
vn 0.070711 0.070711 0.000000
vn 0.070711 0.070711 0.000000
vn 0.038268 0.092388 0.000000
vn 0.038268 0.092388 0.000000
vn 0.000000 0.100000 0.000000
vn 0.000000 0.100000 0.000000
vn -0.038268 0.092388 0.000000
vn -0.038268 0.092388 0.000000
vn -0.070711 0.070711 0.000000
vn -0.070711 0.070711 0.000000
vn 0.000000 0.000000 0.100000
vn 0.000000 0.000000 0.100000
vn 0.000000 0.000000 0.100000
vn 0.000000 0.000000 0.100000
vn 0.000000 0.000000 0.100000
vn 0.000000 0.000000 0.100000
vn 0.000000 0.000000 0.100000
vn 0.000000 0.000000 0.100000
vn 0.000000 0.000000 0.100000
vn 0.000000 0.000000 0.100000
vn 0.000000 0.000000 0.100000
vn 0.000000 0.000000 0.100000
vn 0.000000 0.000000 0.100000
vn 0.000000 0.000000 0.100000
vn 0.000000 0.000000 0.100000
vn 0.000000 0.000000 0.100000
vn -0.092388 0.038268 0.000000
vn -0.092388 0.038268 0.000000
vn -0.100000 0.000000 0.000000
vn -0.100000 0.000000 0.000000
vn -0.092388 -0.038268 0.000000
vn -0.092388 -0.038268 0.000000
vn -0.070711 -0.070711 0.000000
vn -0.070711 -0.070711 0.000000
vn -0.038268 -0.092388 0.000000
vn -0.038268 -0.092388 0.000000
vn 0.000000 -0.100000 0.000000
vn 0.000000 -0.100000 0.000000
vn 0.038268 -0.092388 0.000000
vn 0.038268 -0.092388 0.000000
vn 0.070711 -0.070711 0.000000
vn 0.070711 -0.070711 0.000000
vn 0.092388 -0.038268 0.000000
vn 0.092388 -0.038268 0.000000
vn 0.100000 -0.000000 0.000000
vn 0.100000 -0.000000 0.000000
vn 0.092388 0.038268 0.000000
vn 0.092388 0.038268 0.000000
vn 0.070711 0.070711 0.000000
vn 0.070711 0.070711 0.000000
vn 0.038268 0.092388 0.000000
vn 0.038268 0.092388 0.000000
vn 0.000000 0.100000 0.000000
vn 0.000000 0.100000 0.000000
vn -0.038268 0.092388 0.000000
vn -0.038268 0.092388 0.000000
vn -0.070711 0.070711 0.000000
vn -0.070711 0.070711 0.000000
vn 0.000000 0.000000 0.100000
vn 0.000000 0.000000 0.100000
vn 0.000000 0.000000 0.100000
vn 0.000000 0.000000 0.100000
vn 0.000000 0.000000 0.100000
vn 0.000000 0.000000 0.100000
vn 0.000000 0.000000 0.100000
vn 0.000000 0.000000 0.100000
vn 0.000000 0.000000 0.100000
vn 0.000000 0.000000 0.100000
vn 0.000000 0.000000 0.100000
vn 0.000000 0.000000 0.100000
vn 0.000000 0.000000 0.100000
vn 0.000000 0.000000 0.100000
vn 0.000000 0.000000 0.100000
vn 0.000000 0.000000 0.100000
vn -0.092388 0.038268 0.000000
vn -0.092388 0.038268 0.000000
vn -0.100000 0.000000 0.000000
vn -0.100000 0.000000 0.000000
vn -0.092388 -0.038268 0.000000
vn -0.092388 -0.038268 0.000000
vn -0.070711 -0.070711 0.000000
vn -0.070711 -0.070711 0.000000
vn -0.038268 -0.092388 0.000000
vn -0.038268 -0.092388 0.000000
vn 0.000000 -0.100000 0.000000
vn 0.000000 -0.100000 0.000000
vn 0.038268 -0.092388 0.000000
vn 0.038268 -0.092388 0.000000
vn 0.070711 -0.070711 0.000000
vn 0.070711 -0.070711 0.000000
vn 0.092388 -0.038268 0.000000
vn 0.092388 -0.038268 0.000000
vn 0.100000 -0.000000 0.000000
vn 0.100000 -0.000000 0.000000
vn 0.092388 0.038268 0.000000
vn 0.092388 0.038268 0.000000
vn 0.070711 0.070711 0.000000
vn 0.070711 0.070711 0.000000
vn 0.038268 0.092388 0.000000
vn 0.038268 0.092388 0.000000
vn 0.000000 0.100000 0.000000
vn 0.000000 0.100000 0.000000
vn -0.038268 0.092388 0.000000
vn -0.038268 0.092388 0.000000
vn -0.070711 0.070711 0.000000
vn -0.070711 0.070711 0.000000
vn 0.000000 0.000000 0.100000
vn 0.000000 0.000000 0.100000
vn 0.000000 0.000000 0.100000
vn 0.000000 0.000000 0.100000
vn 0.000000 0.000000 0.100000
vn 0.000000 0.000000 0.100000
vn 0.000000 0.000000 0.100000
vn 0.000000 0.000000 0.100000
vn 0.000000 0.000000 0.100000
vn 0.000000 0.000000 0.100000
vn 0.000000 0.000000 0.100000
vn 0.000000 0.000000 0.100000
vn 0.000000 0.000000 0.100000
vn 0.000000 0.000000 0.100000
vn 0.000000 0.000000 0.100000
vn 0.000000 0.000000 0.100000
vn -0.092388 0.038268 0.000000
vn -0.092388 0.038268 0.000000
vn -0.100000 0.000000 0.000000
vn -0.100000 0.000000 0.000000
vn -0.092388 -0.038268 0.000000
vn -0.092388 -0.038268 0.000000
vn -0.070711 -0.070711 0.000000
vn -0.070711 -0.070711 0.000000
vn -0.038268 -0.092388 0.000000
vn -0.038268 -0.092388 0.000000
vn 0.000000 -0.100000 0.000000
vn 0.000000 -0.100000 0.000000
vn 0.038268 -0.092388 0.000000
vn 0.038268 -0.092388 0.000000
vn 0.070711 -0.070711 0.000000
vn 0.070711 -0.070711 0.000000
vn 0.092388 -0.038268 0.000000
vn 0.092388 -0.038268 0.000000
vn 0.100000 -0.000000 0.000000
vn 0.100000 -0.000000 0.000000
vn 0.092388 0.038268 0.000000
vn 0.092388 0.038268 0.000000
vn 0.070711 0.070711 0.000000
vn 0.070711 0.070711 0.000000
vn 0.038268 0.092388 0.000000
vn 0.038268 0.092388 0.000000
vn 0.000000 0.100000 0.000000
vn 0.000000 0.100000 0.000000
vn -0.038268 0.092388 0.000000
vn -0.038268 0.092388 0.000000
vn -0.070711 0.070711 0.000000
vn -0.070711 0.070711 0.000000
vn 0.000000 0.000000 0.100000
vn 0.000000 0.000000 0.100000
vn 0.000000 0.000000 0.100000
vn 0.000000 0.000000 0.100000
vn 0.000000 0.000000 0.100000
vn 0.000000 0.000000 0.100000
vn 0.000000 0.000000 0.100000
vn 0.000000 0.000000 0.100000
vn 0.000000 0.000000 0.100000
vn 0.000000 0.000000 0.100000
vn 0.000000 0.000000 0.100000
vn 0.000000 0.000000 0.100000
vn 0.000000 0.000000 0.100000
vn 0.000000 0.000000 0.100000
vn 0.000000 0.000000 0.100000
vn 0.000000 0.000000 0.100000
vn -0.092388 0.038268 0.000000
vn -0.092388 0.038268 0.000000
vn -0.100000 0.000000 0.000000
vn -0.100000 0.000000 0.000000
vn -0.092388 -0.038268 0.000000
vn -0.092388 -0.038268 0.000000
vn -0.070711 -0.070711 0.000000
vn -0.070711 -0.070711 0.000000
vn -0.038268 -0.092388 0.000000
vn -0.038268 -0.092388 0.000000
vn 0.000000 -0.100000 0.000000
vn 0.000000 -0.100000 0.000000
vn 0.038268 -0.092388 0.000000
vn 0.038268 -0.092388 0.000000
vn 0.070711 -0.070711 0.000000
vn 0.070711 -0.070711 0.000000
vn 0.092388 -0.038268 0.000000
vn 0.092388 -0.038268 0.000000
vn 0.100000 -0.000000 0.000000
vn 0.100000 -0.000000 0.000000
vn 0.092388 0.038268 0.000000
vn 0.092388 0.038268 0.000000
vn 0.070711 0.070711 0.000000
vn 0.070711 0.070711 0.000000
vn 0.038268 0.092388 0.000000
vn 0.038268 0.092388 0.000000
vn 0.000000 0.100000 0.000000
vn 0.000000 0.100000 0.000000
vn -0.038268 0.092388 0.000000
vn -0.038268 0.092388 0.000000
vn -0.070711 0.070711 0.000000
vn -0.070711 0.070711 0.000000
vn 0.000000 0.000000 0.100000
vn 0.000000 0.000000 0.100000
vn 0.000000 0.000000 0.100000
vn 0.000000 0.000000 0.100000
vn 0.000000 0.000000 0.100000
vn 0.000000 0.000000 0.100000
vn 0.000000 0.000000 0.100000
vn 0.000000 0.000000 0.100000
vn 0.000000 0.000000 0.100000
vn 0.000000 0.000000 0.100000
vn 0.000000 0.000000 0.100000
vn 0.000000 0.000000 0.100000
vn 0.000000 0.000000 0.100000
vn 0.000000 0.000000 0.100000
vn 0.000000 0.000000 0.100000
vn 0.000000 0.000000 0.100000
usemtl Plastic_-_Matte_(Black)
f 2/1/1 8/2/2 1/3/3
f 1/3/3 8/2/2 9/4/4
f 1/3/3 9/4/4 16/5/5
f 16/5/5 9/4/4 10/6/6
f 16/5/5 10/6/6 15/7/7
f 15/7/7 10/6/6 11/8/8
f 15/7/7 11/8/8 14/9/9
f 14/9/9 11/8/8 12/10/10
f 14/9/9 12/10/10 13/11/11
f 8/2/2 2/1/1 7/12/12
f 7/12/12 2/1/1 3/13/13
f 7/12/12 3/13/13 6/14/14
f 6/14/14 3/13/13 4/15/15
f 6/14/14 4/15/15 5/16/16
usemtl Plastic_-_Matte_(Black)_(1)_(1)
f 16/17/17 32/18/18 1/19/19
f 1/19/19 32/18/18 17/20/20
f 1/21/19 17/22/20 2/23/21
f 2/23/21 17/22/20 18/24/22
f 2/23/21 18/24/22 3/25/23
f 3/25/23 18/24/22 19/26/24
f 3/25/23 19/26/24 4/27/25
f 4/27/25 19/26/24 20/28/26
f 4/27/25 20/28/26 5/29/27
f 5/29/27 20/28/26 21/30/28
f 5/29/27 21/30/28 6/31/29
f 6/31/29 21/30/28 22/32/30
f 6/31/29 22/32/30 7/33/31
f 7/33/31 22/32/30 23/34/32
f 7/33/31 23/34/32 8/35/33
f 8/35/33 23/34/32 24/36/34
f 8/35/33 24/36/34 9/37/35
f 9/37/35 24/36/34 25/38/36
f 9/37/35 25/38/36 10/39/37
f 10/39/37 25/38/36 26/40/38
f 10/39/37 26/40/38 11/41/39
f 11/41/39 26/40/38 27/42/40
f 11/41/39 27/42/40 12/43/41
f 12/43/41 27/42/40 28/44/42
f 12/43/41 28/44/42 13/45/43
f 13/45/43 28/44/42 29/46/44
f 13/45/43 29/46/44 14/47/45
f 14/47/45 29/46/44 30/48/46
f 14/47/45 30/48/46 15/49/47
f 15/49/47 30/48/46 31/50/48
f 15/49/47 31/50/48 16/17/17
f 16/17/17 31/50/48 32/18/18
usemtl Plastic_-_Matte_(Black)
f 34/51/49 40/52/50 33/53/51
f 33/53/51 40/52/50 41/54/52
f 33/53/51 41/54/52 48/55/53
f 48/55/53 41/54/52 42/56/54
f 48/55/53 42/56/54 47/57/55
f 47/57/55 42/56/54 43/58/56
f 47/57/55 43/58/56 46/59/57
f 46/59/57 43/58/56 44/60/58
f 46/59/57 44/60/58 45/61/59
f 40/52/50 34/51/49 39/62/60
f 39/62/60 34/51/49 35/63/61
f 39/62/60 35/63/61 38/64/62
f 38/64/62 35/63/61 36/65/63
f 38/64/62 36/65/63 37/66/64
usemtl Plastic_-_Matte_(Black)_(1)_(1)
f 48/67/65 64/68/66 33/69/67
f 33/69/67 64/68/66 49/70/68
f 33/71/67 49/72/68 34/73/69
f 34/73/69 49/72/68 50/74/70
f 34/73/69 50/74/70 35/75/71
f 35/75/71 50/74/70 51/76/72
f 35/75/71 51/76/72 36/77/73
f 36/77/73 51/76/72 52/78/74
f 36/77/73 52/78/74 37/79/75
f 37/79/75 52/78/74 53/80/76
f 37/79/75 53/80/76 38/81/77
f 38/81/77 53/80/76 54/82/78
f 38/81/77 54/82/78 39/83/79
f 39/83/79 54/82/78 55/84/80
f 39/83/79 55/84/80 40/85/81
f 40/85/81 55/84/80 56/86/82
f 40/85/81 56/86/82 41/87/83
f 41/87/83 56/86/82 57/88/84
f 41/87/83 57/88/84 42/89/85
f 42/89/85 57/88/84 58/90/86
f 42/89/85 58/90/86 43/91/87
f 43/91/87 58/90/86 59/92/88
f 43/91/87 59/92/88 44/93/89
f 44/93/89 59/92/88 60/94/90
f 44/93/89 60/94/90 45/95/91
f 45/95/91 60/94/90 61/96/92
f 45/95/91 61/96/92 46/97/93
f 46/97/93 61/96/92 62/98/94
f 46/97/93 62/98/94 47/99/95
f 47/99/95 62/98/94 63/100/96
f 47/99/95 63/100/96 48/67/65
f 48/67/65 63/100/96 64/68/66
f 66/101/97 96/102/98 65/103/99
f 65/103/99 96/102/98 81/104/100
f 65/105/99 81/106/100 80/107/101
f 80/107/101 81/106/100 82/108/102
f 80/107/101 82/108/102 79/109/103
f 79/109/103 82/108/102 83/110/104
f 79/109/103 83/110/104 78/111/105
f 78/111/105 83/110/104 84/112/106
f 78/111/105 84/112/106 77/113/107
f 77/113/107 84/112/106 85/114/108
f 77/113/107 85/114/108 76/115/109
f 76/115/109 85/114/108 86/116/110
f 76/115/109 86/116/110 75/117/111
f 75/117/111 86/116/110 87/118/112
f 75/117/111 87/118/112 74/119/113
f 74/119/113 87/118/112 88/120/114
f 74/119/113 88/120/114 73/121/115
f 73/121/115 88/120/114 89/122/116
f 73/121/115 89/122/116 72/123/117
f 72/123/117 89/122/116 90/124/118
f 72/123/117 90/124/118 71/125/119
f 71/125/119 90/124/118 91/126/120
f 71/125/119 91/126/120 70/127/121
f 70/127/121 91/126/120 92/128/122
f 70/127/121 92/128/122 69/129/123
f 69/129/123 92/128/122 93/130/124
f 69/129/123 93/130/124 68/131/125
f 68/131/125 93/130/124 94/132/126
f 68/131/125 94/132/126 67/133/127
f 67/133/127 94/132/126 95/134/128
f 67/133/127 95/134/128 66/101/97
f 66/101/97 95/134/128 96/102/98
usemtl Plastic_-_Matte_(Black)
f 80/135/129 74/136/130 65/137/131
f 65/137/131 74/136/130 73/138/132
f 65/137/131 73/138/132 66/139/133
f 66/139/133 73/138/132 72/140/134
f 66/139/133 72/140/134 67/141/135
f 67/141/135 72/140/134 71/142/136
f 67/141/135 71/142/136 68/143/137
f 68/143/137 71/142/136 70/144/138
f 68/143/137 70/144/138 69/145/139
f 74/136/130 80/135/129 75/146/140
f 75/146/140 80/135/129 79/147/141
f 75/146/140 79/147/141 76/148/142
f 76/148/142 79/147/141 78/149/143
f 76/148/142 78/149/143 77/150/144
usemtl Plastic_-_Matte_(Black)_(1)_(1)
f 98/151/145 128/152/146 97/153/147
f 97/153/147 128/152/146 113/154/148
f 97/155/147 113/156/148 112/157/149
f 112/157/149 113/156/148 114/158/150
f 112/157/149 114/158/150 111/159/151
f 111/159/151 114/158/150 115/160/152
f 111/159/151 115/160/152 110/161/153
f 110/161/153 115/160/152 116/162/154
f 110/161/153 116/162/154 109/163/155
f 109/163/155 116/162/154 117/164/156
f 109/163/155 117/164/156 108/165/157
f 108/165/157 117/164/156 118/166/158
f 108/165/157 118/166/158 107/167/159
f 107/167/159 118/166/158 119/168/160
f 107/167/159 119/168/160 106/169/161
f 106/169/161 119/168/160 120/170/162
f 106/169/161 120/170/162 105/171/163
f 105/171/163 120/170/162 121/172/164
f 105/171/163 121/172/164 104/173/165
f 104/173/165 121/172/164 122/174/166
f 104/173/165 122/174/166 103/175/167
f 103/175/167 122/174/166 123/176/168
f 103/175/167 123/176/168 102/177/169
f 102/177/169 123/176/168 124/178/170
f 102/177/169 124/178/170 101/179/171
f 101/179/171 124/178/170 125/180/172
f 101/179/171 125/180/172 100/181/173
f 100/181/173 125/180/172 126/182/174
f 100/181/173 126/182/174 99/183/175
f 99/183/175 126/182/174 127/184/176
f 99/183/175 127/184/176 98/151/145
f 98/151/145 127/184/176 128/152/146
usemtl Plastic_-_Matte_(Black)
f 112/185/177 106/186/178 97/187/179
f 97/187/179 106/186/178 105/188/180
f 97/187/179 105/188/180 98/189/181
f 98/189/181 105/188/180 104/190/182
f 98/189/181 104/190/182 99/191/183
f 99/191/183 104/190/182 103/192/184
f 99/191/183 103/192/184 100/193/185
f 100/193/185 103/192/184 102/194/186
f 100/193/185 102/194/186 101/195/187
f 106/186/178 112/185/177 107/196/188
f 107/196/188 112/185/177 111/197/189
f 107/196/188 111/197/189 108/198/190
f 108/198/190 111/197/189 110/199/191
f 108/198/190 110/199/191 109/200/192
usemtl Plastic_-_Matte_(Black)_(1)_(1)
f 130/201/193 160/202/194 129/203/195
f 129/203/195 160/202/194 145/204/196
f 129/205/195 145/206/196 144/207/197
f 144/207/197 145/206/196 146/208/198
f 144/207/197 146/208/198 143/209/199
f 143/209/199 146/208/198 147/210/200
f 143/209/199 147/210/200 142/211/201
f 142/211/201 147/210/200 148/212/202
f 142/211/201 148/212/202 141/213/203
f 141/213/203 148/212/202 149/214/204
f 141/213/203 149/214/204 140/215/205
f 140/215/205 149/214/204 150/216/206
f 140/215/205 150/216/206 139/217/207
f 139/217/207 150/216/206 151/218/208
f 139/217/207 151/218/208 138/219/209
f 138/219/209 151/218/208 152/220/210
f 138/219/209 152/220/210 137/221/211
f 137/221/211 152/220/210 153/222/212
f 137/221/211 153/222/212 136/223/213
f 136/223/213 153/222/212 154/224/214
f 136/223/213 154/224/214 135/225/215
f 135/225/215 154/224/214 155/226/216
f 135/225/215 155/226/216 134/227/217
f 134/227/217 155/226/216 156/228/218
f 134/227/217 156/228/218 133/229/219
f 133/229/219 156/228/218 157/230/220
f 133/229/219 157/230/220 132/231/221
f 132/231/221 157/230/220 158/232/222
f 132/231/221 158/232/222 131/233/223
f 131/233/223 158/232/222 159/234/224
f 131/233/223 159/234/224 130/201/193
f 130/201/193 159/234/224 160/202/194
usemtl Plastic_-_Matte_(Black)
f 144/235/225 138/236/226 129/237/227
f 129/237/227 138/236/226 137/238/228
f 129/237/227 137/238/228 130/239/229
f 130/239/229 137/238/228 136/240/230
f 130/239/229 136/240/230 131/241/231
f 131/241/231 136/240/230 135/242/232
f 131/241/231 135/242/232 132/243/233
f 132/243/233 135/242/232 134/244/234
f 132/243/233 134/244/234 133/245/235
f 138/236/226 144/235/225 139/246/236
f 139/246/236 144/235/225 143/247/237
f 139/246/236 143/247/237 140/248/238
f 140/248/238 143/247/237 142/249/239
f 140/248/238 142/249/239 141/250/240
usemtl Plastic_-_Matte_(Black)_(1)_(1)
f 162/251/241 192/252/242 161/253/243
f 161/253/243 192/252/242 177/254/244
f 161/255/243 177/256/244 176/257/245
f 176/257/245 177/256/244 178/258/246
f 176/257/245 178/258/246 175/259/247
f 175/259/247 178/258/246 179/260/248
f 175/259/247 179/260/248 174/261/249
f 174/261/249 179/260/248 180/262/250
f 174/261/249 180/262/250 173/263/251
f 173/263/251 180/262/250 181/264/252
f 173/263/251 181/264/252 172/265/253
f 172/265/253 181/264/252 182/266/254
f 172/265/253 182/266/254 171/267/255
f 171/267/255 182/266/254 183/268/256
f 171/267/255 183/268/256 170/269/257
f 170/269/257 183/268/256 184/270/258
f 170/269/257 184/270/258 169/271/259
f 169/271/259 184/270/258 185/272/260
f 169/271/259 185/272/260 168/273/261
f 168/273/261 185/272/260 186/274/262
f 168/273/261 186/274/262 167/275/263
f 167/275/263 186/274/262 187/276/264
f 167/275/263 187/276/264 166/277/265
f 166/277/265 187/276/264 188/278/266
f 166/277/265 188/278/266 165/279/267
f 165/279/267 188/278/266 189/280/268
f 165/279/267 189/280/268 164/281/269
f 164/281/269 189/280/268 190/282/270
f 164/281/269 190/282/270 163/283/271
f 163/283/271 190/282/270 191/284/272
f 163/283/271 191/284/272 162/251/241
f 162/251/241 191/284/272 192/252/242
usemtl Plastic_-_Matte_(Black)
f 176/285/273 170/286/274 161/287/275
f 161/287/275 170/286/274 169/288/276
f 161/287/275 169/288/276 162/289/277
f 162/289/277 169/288/276 168/290/278
f 162/289/277 168/290/278 163/291/279
f 163/291/279 168/290/278 167/292/280
f 163/291/279 167/292/280 164/293/281
f 164/293/281 167/292/280 166/294/282
f 164/293/281 166/294/282 165/295/283
f 170/286/274 176/285/273 171/296/284
f 171/296/284 176/285/273 175/297/285
f 171/296/284 175/297/285 172/298/286
f 172/298/286 175/297/285 174/299/287
f 172/298/286 174/299/287 173/300/288
usemtl Plastic_-_Matte_(Black)_(1)_(1)
f 194/301/289 224/302/290 193/303/291
f 193/303/291 224/302/290 209/304/292
f 193/305/291 209/306/292 208/307/293
f 208/307/293 209/306/292 210/308/294
f 208/307/293 210/308/294 207/309/295
f 207/309/295 210/308/294 211/310/296
f 207/309/295 211/310/296 206/311/297
f 206/311/297 211/310/296 212/312/298
f 206/311/297 212/312/298 205/313/299
f 205/313/299 212/312/298 213/314/300
f 205/313/299 213/314/300 204/315/301
f 204/315/301 213/314/300 214/316/302
f 204/315/301 214/316/302 203/317/303
f 203/317/303 214/316/302 215/318/304
f 203/317/303 215/318/304 202/319/305
f 202/319/305 215/318/304 216/320/306
f 202/319/305 216/320/306 201/321/307
f 201/321/307 216/320/306 217/322/308
f 201/321/307 217/322/308 200/323/309
f 200/323/309 217/322/308 218/324/310
f 200/323/309 218/324/310 199/325/311
f 199/325/311 218/324/310 219/326/312
f 199/325/311 219/326/312 198/327/313
f 198/327/313 219/326/312 220/328/314
f 198/327/313 220/328/314 197/329/315
f 197/329/315 220/328/314 221/330/316
f 197/329/315 221/330/316 196/331/317
f 196/331/317 221/330/316 222/332/318
f 196/331/317 222/332/318 195/333/319
f 195/333/319 222/332/318 223/334/320
f 195/333/319 223/334/320 194/301/289
f 194/301/289 223/334/320 224/302/290
usemtl Plastic_-_Matte_(Black)
f 208/335/321 202/336/322 193/337/323
f 193/337/323 202/336/322 201/338/324
f 193/337/323 201/338/324 194/339/325
f 194/339/325 201/338/324 200/340/326
f 194/339/325 200/340/326 195/341/327
f 195/341/327 200/340/326 199/342/328
f 195/341/327 199/342/328 196/343/329
f 196/343/329 199/342/328 198/344/330
f 196/343/329 198/344/330 197/345/331
f 202/336/322 208/335/321 203/346/332
f 203/346/332 208/335/321 207/347/333
f 203/346/332 207/347/333 204/348/334
f 204/348/334 207/347/333 206/349/335
f 204/348/334 206/349/335 205/350/336
usemtl Plastic_-_Matte_(Black)_(1)_(1)
f 226/351/337 256/352/338 225/353/339
f 225/353/339 256/352/338 241/354/340
f 225/355/339 241/356/340 240/357/341
f 240/357/341 241/356/340 242/358/342
f 240/357/341 242/358/342 239/359/343
f 239/359/343 242/358/342 243/360/344
f 239/359/343 243/360/344 238/361/345
f 238/361/345 243/360/344 244/362/346
f 238/361/345 244/362/346 237/363/347
f 237/363/347 244/362/346 245/364/348
f 237/363/347 245/364/348 236/365/349
f 236/365/349 245/364/348 246/366/350
f 236/365/349 246/366/350 235/367/351
f 235/367/351 246/366/350 247/368/352
f 235/367/351 247/368/352 234/369/353
f 234/369/353 247/368/352 248/370/354
f 234/369/353 248/370/354 233/371/355
f 233/371/355 248/370/354 249/372/356
f 233/371/355 249/372/356 232/373/357
f 232/373/357 249/372/356 250/374/358
f 232/373/357 250/374/358 231/375/359
f 231/375/359 250/374/358 251/376/360
f 231/375/359 251/376/360 230/377/361
f 230/377/361 251/376/360 252/378/362
f 230/377/361 252/378/362 229/379/363
f 229/379/363 252/378/362 253/380/364
f 229/379/363 253/380/364 228/381/365
f 228/381/365 253/380/364 254/382/366
f 228/381/365 254/382/366 227/383/367
f 227/383/367 254/382/366 255/384/368
f 227/383/367 255/384/368 226/351/337
f 226/351/337 255/384/368 256/352/338
usemtl Plastic_-_Matte_(Black)
f 240/385/369 234/386/370 225/387/371
f 225/387/371 234/386/370 233/388/372
f 225/387/371 233/388/372 226/389/373
f 226/389/373 233/388/372 232/390/374
f 226/389/373 232/390/374 227/391/375
f 227/391/375 232/390/374 231/392/376
f 227/391/375 231/392/376 228/393/377
f 228/393/377 231/392/376 230/394/378
f 228/393/377 230/394/378 229/395/379
f 234/386/370 240/385/369 235/396/380
f 235/396/380 240/385/369 239/397/381
f 235/396/380 239/397/381 236/398/382
f 236/398/382 239/397/381 238/399/383
f 236/398/382 238/399/383 237/400/384
usemtl Plastic_-_Matte_(Black)_(1)_(1)
f 258/401/385 288/402/386 257/403/387
f 257/403/387 288/402/386 273/404/388
f 257/405/387 273/406/388 272/407/389
f 272/407/389 273/406/388 274/408/390
f 272/407/389 274/408/390 271/409/391
f 271/409/391 274/408/390 275/410/392
f 271/409/391 275/410/392 270/411/393
f 270/411/393 275/410/392 276/412/394
f 270/411/393 276/412/394 269/413/395
f 269/413/395 276/412/394 277/414/396
f 269/413/395 277/414/396 268/415/397
f 268/415/397 277/414/396 278/416/398
f 268/415/397 278/416/398 267/417/399
f 267/417/399 278/416/398 279/418/400
f 267/417/399 279/418/400 266/419/401
f 266/419/401 279/418/400 280/420/402
f 266/419/401 280/420/402 265/421/403
f 265/421/403 280/420/402 281/422/404
f 265/421/403 281/422/404 264/423/405
f 264/423/405 281/422/404 282/424/406
f 264/423/405 282/424/406 263/425/407
f 263/425/407 282/424/406 283/426/408
f 263/425/407 283/426/408 262/427/409
f 262/427/409 283/426/408 284/428/410
f 262/427/409 284/428/410 261/429/411
f 261/429/411 284/428/410 285/430/412
f 261/429/411 285/430/412 260/431/413
f 260/431/413 285/430/412 286/432/414
f 260/431/413 286/432/414 259/433/415
f 259/433/415 286/432/414 287/434/416
f 259/433/415 287/434/416 258/401/385
f 258/401/385 287/434/416 288/402/386
usemtl Plastic_-_Matte_(Black)
f 272/435/417 266/436/418 257/437/419
f 257/437/419 266/436/418 265/438/420
f 257/437/419 265/438/420 258/439/421
f 258/439/421 265/438/420 264/440/422
f 258/439/421 264/440/422 259/441/423
f 259/441/423 264/440/422 263/442/424
f 259/441/423 263/442/424 260/443/425
f 260/443/425 263/442/424 262/444/426
f 260/443/425 262/444/426 261/445/427
f 266/436/418 272/435/417 267/446/428
f 267/446/428 272/435/417 271/447/429
f 267/446/428 271/447/429 268/448/430
f 268/448/430 271/447/429 270/449/431
f 268/448/430 270/449/431 269/450/432
usemtl Plastic_-_Matte_(Black)_(1)_(1)
f 290/451/433 320/452/434 289/453/435
f 289/453/435 320/452/434 305/454/436
f 289/455/435 305/456/436 304/457/437
f 304/457/437 305/456/436 306/458/438
f 304/457/437 306/458/438 303/459/439
f 303/459/439 306/458/438 307/460/440
f 303/459/439 307/460/440 302/461/441
f 302/461/441 307/460/440 308/462/442
f 302/461/441 308/462/442 301/463/443
f 301/463/443 308/462/442 309/464/444
f 301/463/443 309/464/444 300/465/445
f 300/465/445 309/464/444 310/466/446
f 300/465/445 310/466/446 299/467/447
f 299/467/447 310/466/446 311/468/448
f 299/467/447 311/468/448 298/469/449
f 298/469/449 311/468/448 312/470/450
f 298/469/449 312/470/450 297/471/451
f 297/471/451 312/470/450 313/472/452
f 297/471/451 313/472/452 296/473/453
f 296/473/453 313/472/452 314/474/454
f 296/473/453 314/474/454 295/475/455
f 295/475/455 314/474/454 315/476/456
f 295/475/455 315/476/456 294/477/457
f 294/477/457 315/476/456 316/478/458
f 294/477/457 316/478/458 293/479/459
f 293/479/459 316/478/458 317/480/460
f 293/479/459 317/480/460 292/481/461
f 292/481/461 317/480/460 318/482/462
f 292/481/461 318/482/462 291/483/463
f 291/483/463 318/482/462 319/484/464
f 291/483/463 319/484/464 290/451/433
f 290/451/433 319/484/464 320/452/434
usemtl Plastic_-_Matte_(Black)
f 304/485/465 298/486/466 289/487/467
f 289/487/467 298/486/466 297/488/468
f 289/487/467 297/488/468 290/489/469
f 290/489/469 297/488/468 296/490/470
f 290/489/469 296/490/470 291/491/471
f 291/491/471 296/490/470 295/492/472
f 291/491/471 295/492/472 292/493/473
f 292/493/473 295/492/472 294/494/474
f 292/493/473 294/494/474 293/495/475
f 298/486/466 304/485/465 299/496/476
f 299/496/476 304/485/465 303/497/477
f 299/496/476 303/497/477 300/498/478
f 300/498/478 303/497/477 302/499/479
f 300/498/478 302/499/479 301/500/480
usemtl Plastic_-_Matte_(Black)_(1)_(1)
f 322/501/481 352/502/482 321/503/483
f 321/503/483 352/502/482 337/504/484
f 321/505/483 337/506/484 336/507/485
f 336/507/485 337/506/484 338/508/486
f 336/507/485 338/508/486 335/509/487
f 335/509/487 338/508/486 339/510/488
f 335/509/487 339/510/488 334/511/489
f 334/511/489 339/510/488 340/512/490
f 334/511/489 340/512/490 333/513/491
f 333/513/491 340/512/490 341/514/492
f 333/513/491 341/514/492 332/515/493
f 332/515/493 341/514/492 342/516/494
f 332/515/493 342/516/494 331/517/495
f 331/517/495 342/516/494 343/518/496
f 331/517/495 343/518/496 330/519/497
f 330/519/497 343/518/496 344/520/498
f 330/519/497 344/520/498 329/521/499
f 329/521/499 344/520/498 345/522/500
f 329/521/499 345/522/500 328/523/501
f 328/523/501 345/522/500 346/524/502
f 328/523/501 346/524/502 327/525/503
f 327/525/503 346/524/502 347/526/504
f 327/525/503 347/526/504 326/527/505
f 326/527/505 347/526/504 348/528/506
f 326/527/505 348/528/506 325/529/507
f 325/529/507 348/528/506 349/530/508
f 325/529/507 349/530/508 324/531/509
f 324/531/509 349/530/508 350/532/510
f 324/531/509 350/532/510 323/533/511
f 323/533/511 350/532/510 351/534/512
f 323/533/511 351/534/512 322/501/481
f 322/501/481 351/534/512 352/502/482
usemtl Plastic_-_Matte_(Black)
f 336/535/513 330/536/514 321/537/515
f 321/537/515 330/536/514 329/538/516
f 321/537/515 329/538/516 322/539/517
f 322/539/517 329/538/516 328/540/518
f 322/539/517 328/540/518 323/541/519
f 323/541/519 328/540/518 327/542/520
f 323/541/519 327/542/520 324/543/521
f 324/543/521 327/542/520 326/544/522
f 324/543/521 326/544/522 325/545/523
f 330/536/514 336/535/513 331/546/524
f 331/546/524 336/535/513 335/547/525
f 331/546/524 335/547/525 332/548/526
f 332/548/526 335/547/525 334/549/527
f 332/548/526 334/549/527 333/550/528
usemtl Plastic_-_Matte_(Black)_(1)_(1)
f 354/551/529 384/552/530 353/553/531
f 353/553/531 384/552/530 369/554/532
f 353/555/531 369/556/532 368/557/533
f 368/557/533 369/556/532 370/558/534
f 368/557/533 370/558/534 367/559/535
f 367/559/535 370/558/534 371/560/536
f 367/559/535 371/560/536 366/561/537
f 366/561/537 371/560/536 372/562/538
f 366/561/537 372/562/538 365/563/539
f 365/563/539 372/562/538 373/564/540
f 365/563/539 373/564/540 364/565/541
f 364/565/541 373/564/540 374/566/542
f 364/565/541 374/566/542 363/567/543
f 363/567/543 374/566/542 375/568/544
f 363/567/543 375/568/544 362/569/545
f 362/569/545 375/568/544 376/570/546
f 362/569/545 376/570/546 361/571/547
f 361/571/547 376/570/546 377/572/548
f 361/571/547 377/572/548 360/573/549
f 360/573/549 377/572/548 378/574/550
f 360/573/549 378/574/550 359/575/551
f 359/575/551 378/574/550 379/576/552
f 359/575/551 379/576/552 358/577/553
f 358/577/553 379/576/552 380/578/554
f 358/577/553 380/578/554 357/579/555
f 357/579/555 380/578/554 381/580/556
f 357/579/555 381/580/556 356/581/557
f 356/581/557 381/580/556 382/582/558
f 356/581/557 382/582/558 355/583/559
f 355/583/559 382/582/558 383/584/560
f 355/583/559 383/584/560 354/551/529
f 354/551/529 383/584/560 384/552/530
usemtl Plastic_-_Matte_(Black)
f 368/585/561 362/586/562 353/587/563
f 353/587/563 362/586/562 361/588/564
f 353/587/563 361/588/564 354/589/565
f 354/589/565 361/588/564 360/590/566
f 354/589/565 360/590/566 355/591/567
f 355/591/567 360/590/566 359/592/568
f 355/591/567 359/592/568 356/593/569
f 356/593/569 359/592/568 358/594/570
f 356/593/569 358/594/570 357/595/571
f 362/586/562 368/585/561 363/596/572
f 363/596/572 368/585/561 367/597/573
f 363/596/572 367/597/573 364/598/574
f 364/598/574 367/597/573 366/599/575
f 364/598/574 366/599/575 365/600/576
usemtl Plastic_-_Matte_(Black)_(1)_(1)
f 386/601/577 416/602/578 385/603/579
f 385/603/579 416/602/578 401/604/580
f 385/605/579 401/606/580 400/607/581
f 400/607/581 401/606/580 402/608/582
f 400/607/581 402/608/582 399/609/583
f 399/609/583 402/608/582 403/610/584
f 399/609/583 403/610/584 398/611/585
f 398/611/585 403/610/584 404/612/586
f 398/611/585 404/612/586 397/613/587
f 397/613/587 404/612/586 405/614/588
f 397/613/587 405/614/588 396/615/589
f 396/615/589 405/614/588 406/616/590
f 396/615/589 406/616/590 395/617/591
f 395/617/591 406/616/590 407/618/592
f 395/617/591 407/618/592 394/619/593
f 394/619/593 407/618/592 408/620/594
f 394/619/593 408/620/594 393/621/595
f 393/621/595 408/620/594 409/622/596
f 393/621/595 409/622/596 392/623/597
f 392/623/597 409/622/596 410/624/598
f 392/623/597 410/624/598 391/625/599
f 391/625/599 410/624/598 411/626/600
f 391/625/599 411/626/600 390/627/601
f 390/627/601 411/626/600 412/628/602
f 390/627/601 412/628/602 389/629/603
f 389/629/603 412/628/602 413/630/604
f 389/629/603 413/630/604 388/631/605
f 388/631/605 413/630/604 414/632/606
f 388/631/605 414/632/606 387/633/607
f 387/633/607 414/632/606 415/634/608
f 387/633/607 415/634/608 386/601/577
f 386/601/577 415/634/608 416/602/578
usemtl Plastic_-_Matte_(Black)
f 400/635/609 394/636/610 385/637/611
f 385/637/611 394/636/610 393/638/612
f 385/637/611 393/638/612 386/639/613
f 386/639/613 393/638/612 392/640/614
f 386/639/613 392/640/614 387/641/615
f 387/641/615 392/640/614 391/642/616
f 387/641/615 391/642/616 388/643/617
f 388/643/617 391/642/616 390/644/618
f 388/643/617 390/644/618 389/645/619
f 394/636/610 400/635/609 395/646/620
f 395/646/620 400/635/609 399/647/621
f 395/646/620 399/647/621 396/648/622
f 396/648/622 399/647/621 398/649/623
f 396/648/622 398/649/623 397/650/624
usemtl Plastic_-_Matte_(Black)_(1)_(1)
f 418/651/625 448/652/626 417/653/627
f 417/653/627 448/652/626 433/654/628
f 417/655/627 433/656/628 432/657/629
f 432/657/629 433/656/628 434/658/630
f 432/657/629 434/658/630 431/659/631
f 431/659/631 434/658/630 435/660/632
f 431/659/631 435/660/632 430/661/633
f 430/661/633 435/660/632 436/662/634
f 430/661/633 436/662/634 429/663/635
f 429/663/635 436/662/634 437/664/636
f 429/663/635 437/664/636 428/665/637
f 428/665/637 437/664/636 438/666/638
f 428/665/637 438/666/638 427/667/639
f 427/667/639 438/666/638 439/668/640
f 427/667/639 439/668/640 426/669/641
f 426/669/641 439/668/640 440/670/642
f 426/669/641 440/670/642 425/671/643
f 425/671/643 440/670/642 441/672/644
f 425/671/643 441/672/644 424/673/645
f 424/673/645 441/672/644 442/674/646
f 424/673/645 442/674/646 423/675/647
f 423/675/647 442/674/646 443/676/648
f 423/675/647 443/676/648 422/677/649
f 422/677/649 443/676/648 444/678/650
f 422/677/649 444/678/650 421/679/651
f 421/679/651 444/678/650 445/680/652
f 421/679/651 445/680/652 420/681/653
f 420/681/653 445/680/652 446/682/654
f 420/681/653 446/682/654 419/683/655
f 419/683/655 446/682/654 447/684/656
f 419/683/655 447/684/656 418/651/625
f 418/651/625 447/684/656 448/652/626
usemtl Plastic_-_Matte_(Black)
f 432/685/657 426/686/658 417/687/659
f 417/687/659 426/686/658 425/688/660
f 417/687/659 425/688/660 418/689/661
f 418/689/661 425/688/660 424/690/662
f 418/689/661 424/690/662 419/691/663
f 419/691/663 424/690/662 423/692/664
f 419/691/663 423/692/664 420/693/665
f 420/693/665 423/692/664 422/694/666
f 420/693/665 422/694/666 421/695/667
f 426/686/658 432/685/657 427/696/668
f 427/696/668 432/685/657 431/697/669
f 427/696/668 431/697/669 428/698/670
f 428/698/670 431/697/669 430/699/671
f 428/698/670 430/699/671 429/700/672
usemtl Plastic_-_Matte_(Black)_(1)_(1)
f 450/701/673 480/702/674 449/703/675
f 449/703/675 480/702/674 465/704/676
f 449/705/675 465/706/676 464/707/677
f 464/707/677 465/706/676 466/708/678
f 464/707/677 466/708/678 463/709/679
f 463/709/679 466/708/678 467/710/680
f 463/709/679 467/710/680 462/711/681
f 462/711/681 467/710/680 468/712/682
f 462/711/681 468/712/682 461/713/683
f 461/713/683 468/712/682 469/714/684
f 461/713/683 469/714/684 460/715/685
f 460/715/685 469/714/684 470/716/686
f 460/715/685 470/716/686 459/717/687
f 459/717/687 470/716/686 471/718/688
f 459/717/687 471/718/688 458/719/689
f 458/719/689 471/718/688 472/720/690
f 458/719/689 472/720/690 457/721/691
f 457/721/691 472/720/690 473/722/692
f 457/721/691 473/722/692 456/723/693
f 456/723/693 473/722/692 474/724/694
f 456/723/693 474/724/694 455/725/695
f 455/725/695 474/724/694 475/726/696
f 455/725/695 475/726/696 454/727/697
f 454/727/697 475/726/696 476/728/698
f 454/727/697 476/728/698 453/729/699
f 453/729/699 476/728/698 477/730/700
f 453/729/699 477/730/700 452/731/701
f 452/731/701 477/730/700 478/732/702
f 452/731/701 478/732/702 451/733/703
f 451/733/703 478/732/702 479/734/704
f 451/733/703 479/734/704 450/701/673
f 450/701/673 479/734/704 480/702/674
usemtl Plastic_-_Matte_(Black)
f 464/735/705 458/736/706 449/737/707
f 449/737/707 458/736/706 457/738/708
f 449/737/707 457/738/708 450/739/709
f 450/739/709 457/738/708 456/740/710
f 450/739/709 456/740/710 451/741/711
f 451/741/711 456/740/710 455/742/712
f 451/741/711 455/742/712 452/743/713
f 452/743/713 455/742/712 454/744/714
f 452/743/713 454/744/714 453/745/715
f 458/736/706 464/735/705 459/746/716
f 459/746/716 464/735/705 463/747/717
f 459/746/716 463/747/717 460/748/718
f 460/748/718 463/747/717 462/749/719
f 460/748/718 462/749/719 461/750/720
usemtl Plastic_-_Matte_(Black)_(1)_(1)
f 492/751/721 481/752/722 493/753/723
f 493/753/723 481/752/722 482/754/724
f 493/753/723 482/754/724 497/755/725
f 497/755/725 482/754/724 483/756/726
f 497/755/725 483/756/726 484/757/727
f 497/755/725 484/757/727 498/758/728
f 498/758/728 484/757/727 485/759/729
f 498/758/728 485/759/729 486/760/730
f 498/758/728 486/760/730 499/761/731
f 499/761/731 486/760/730 487/762/732
f 499/761/731 487/762/732 488/763/733
f 489/764/734 495/765/735 488/763/733
f 488/763/733 495/765/735 496/766/736
f 488/763/733 496/766/736 499/761/731
f 499/761/731 496/766/736 497/755/725
f 499/761/731 497/755/725 498/758/728
f 489/764/734 490/767/737 495/765/735
f 495/765/735 490/767/737 494/768/738
f 495/765/735 494/768/738 496/766/736
f 496/766/736 494/768/738 493/753/723
f 496/766/736 493/753/723 497/755/725
f 490/767/737 491/769/739 494/768/738
f 494/768/738 491/769/739 492/751/721
f 494/768/738 492/751/721 493/753/723
f 511/770/740 500/771/741 513/772/742
f 513/772/742 500/771/741 501/773/743
f 513/772/742 501/773/743 512/774/744
f 512/774/744 501/773/743 502/775/745
f 512/774/744 502/775/745 503/776/746
f 504/777/747 514/778/748 503/776/746
f 503/776/746 514/778/748 515/779/749
f 503/776/746 515/779/749 512/774/744
f 512/774/744 515/779/749 516/780/750
f 512/774/744 516/780/750 513/772/742
f 513/772/742 516/780/750 511/770/740
f 504/777/747 505/781/751 514/778/748
f 514/778/748 505/781/751 506/782/752
f 514/778/748 506/782/752 515/779/749
f 515/779/749 506/782/752 517/783/753
f 515/779/749 517/783/753 518/784/754
f 518/784/754 517/783/753 507/785/755
f 518/784/754 507/785/755 508/786/756
f 506/782/752 507/785/755 517/783/753
f 508/786/756 509/787/757 518/784/754
f 518/784/754 509/787/757 516/780/750
f 518/784/754 516/780/750 515/779/749
f 509/787/757 510/788/758 516/780/750
f 516/780/750 510/788/758 511/770/740
f 489/789/734 508/790/756 519/791/759
f 519/791/759 508/790/756 507/792/755
f 519/791/759 507/792/755 520/793/760
f 520/793/760 507/792/755 506/794/752
f 520/793/760 506/794/752 521/795/761
f 521/795/761 506/794/752 505/796/751
f 521/795/761 505/796/751 504/797/747
f 504/797/747 481/798/722 521/795/761
f 521/795/761 481/798/722 492/799/721
f 521/795/761 492/799/721 520/793/760
f 520/793/760 492/799/721 491/800/739
f 520/793/760 491/800/739 519/791/759
f 519/791/759 491/800/739 490/801/737
f 519/791/759 490/801/737 489/789/734
f 533/802/762 522/803/763 535/804/764
f 535/804/764 522/803/763 523/805/765
f 535/804/764 523/805/765 534/806/766
f 534/806/766 523/805/765 524/807/767
f 534/806/766 524/807/767 525/808/768
f 526/809/769 536/810/770 525/808/768
f 525/808/768 536/810/770 537/811/771
f 525/808/768 537/811/771 534/806/766
f 534/806/766 537/811/771 538/812/772
f 534/806/766 538/812/772 535/804/764
f 535/804/764 538/812/772 533/802/762
f 526/809/769 527/813/773 536/810/770
f 536/810/770 527/813/773 539/814/774
f 536/810/770 539/814/774 537/811/771
f 537/811/771 539/814/774 540/815/775
f 537/811/771 540/815/775 538/812/772
f 538/812/772 540/815/775 531/816/776
f 538/812/772 531/816/776 532/817/777
f 527/813/773 528/818/778 539/814/774
f 539/814/774 528/818/778 529/819/779
f 539/814/774 529/819/779 540/815/775
f 540/815/775 529/819/779 530/820/780
f 540/815/775 530/820/780 531/816/776
f 532/817/777 533/802/762 538/812/772
f 526/821/769 489/822/734 541/823/781
f 541/823/781 489/822/734 488/824/733
f 541/823/781 488/824/733 542/825/782
f 542/825/782 488/824/733 487/826/732
f 542/825/782 487/826/732 543/827/783
f 543/827/783 487/826/732 486/828/730
f 543/827/783 486/828/730 485/829/729
f 485/829/729 530/830/780 543/827/783
f 543/827/783 530/830/780 529/831/779
f 543/827/783 529/831/779 542/825/782
f 542/825/782 529/831/779 528/832/778
f 542/825/782 528/832/778 541/823/781
f 541/823/781 528/832/778 527/833/773
f 541/823/781 527/833/773 526/821/769
f 555/834/784 544/835/785 558/836/786
f 558/836/786 544/835/785 545/837/787
f 558/836/786 545/837/787 546/838/788
f 547/839/789 559/840/790 546/838/788
f 546/838/788 559/840/790 557/841/791
f 546/838/788 557/841/791 558/836/786
f 558/836/786 557/841/791 555/834/784
f 559/840/790 547/839/789 560/842/792
f 560/842/792 547/839/789 548/843/793
f 560/842/792 548/843/793 549/844/794
f 560/842/792 549/844/794 556/845/795
f 556/845/795 549/844/794 550/846/796
f 556/845/795 550/846/796 551/847/797
f 556/845/795 551/847/797 561/848/798
f 561/848/798 551/847/797 552/849/799
f 561/848/798 552/849/799 553/850/800
f 561/848/798 553/850/800 562/851/801
f 562/851/801 553/850/800 554/852/802
f 562/851/801 554/852/802 555/834/784
f 559/840/790 560/842/792 557/841/791
f 557/841/791 560/842/792 556/845/795
f 557/841/791 556/845/795 562/851/801
f 562/851/801 556/845/795 561/848/798
f 555/834/784 557/841/791 562/851/801
f 481/853/722 552/854/799 563/855/803
f 563/855/803 552/854/799 551/856/797
f 563/855/803 551/856/797 564/857/804
f 564/857/804 551/856/797 550/858/796
f 564/857/804 550/858/796 565/859/805
f 565/859/805 550/858/796 549/860/794
f 565/859/805 549/860/794 548/861/793
f 548/861/793 485/862/729 565/859/805
f 565/859/805 485/862/729 484/863/727
f 565/859/805 484/863/727 564/857/804
f 564/857/804 484/863/727 483/864/726
f 564/857/804 483/864/726 563/855/803
f 563/855/803 483/864/726 482/865/724
f 563/855/803 482/865/724 481/853/722
f 577/866/806 566/867/807 580/868/808
f 580/868/808 566/867/807 567/869/809
f 580/868/808 567/869/809 581/870/810
f 581/870/810 567/869/809 568/871/811
f 581/870/810 568/871/811 569/872/812
f 581/870/810 569/872/812 582/873/813
f 582/873/813 569/872/812 570/874/814
f 582/873/813 570/874/814 571/875/815
f 582/873/813 571/875/815 578/876/816
f 578/876/816 571/875/815 572/877/817
f 578/876/816 572/877/817 573/878/818
f 578/876/816 573/878/818 583/879/819
f 583/879/819 573/878/818 574/880/820
f 583/879/819 574/880/820 575/881/821
f 583/879/819 575/881/821 584/882/822
f 584/882/822 575/881/821 576/883/823
f 584/882/822 576/883/823 577/866/806
f 581/870/810 582/873/813 579/884/824
f 579/884/824 582/873/813 578/876/816
f 579/884/824 578/876/816 584/882/822
f 584/882/822 578/876/816 583/879/819
f 577/866/806 580/868/808 579/884/824
f 579/884/824 580/868/808 581/870/810
f 577/866/806 579/884/824 584/882/822
f 508/885/756 574/886/820 585/887/825
f 585/887/825 574/886/820 573/888/818
f 585/887/825 573/888/818 586/889/826
f 586/889/826 573/888/818 572/890/817
f 586/889/826 572/890/817 587/891/827
f 587/891/827 572/890/817 571/892/815
f 587/891/827 571/892/815 570/893/814
f 570/893/814 500/894/741 587/891/827
f 587/891/827 500/894/741 511/895/740
f 587/891/827 511/895/740 586/889/826
f 586/889/826 511/895/740 510/896/758
f 586/889/826 510/896/758 585/887/825
f 585/887/825 510/896/758 509/897/757
f 585/887/825 509/897/757 508/885/756
f 574/898/820 526/899/769 588/900/828
f 588/900/828 526/899/769 525/901/768
f 588/900/828 525/901/768 589/902/829
f 589/902/829 525/901/768 524/903/767
f 589/902/829 524/903/767 590/904/830
f 590/904/830 524/903/767 523/905/765
f 590/904/830 523/905/765 522/906/763
f 522/906/763 566/907/807 590/904/830
f 590/904/830 566/907/807 577/908/806
f 590/904/830 577/908/806 589/902/829
f 589/902/829 577/908/806 576/909/823
f 589/902/829 576/909/823 588/900/828
f 588/900/828 576/909/823 575/910/821
f 588/900/828 575/910/821 574/898/820
f 602/911/831 591/912/832 604/913/833
f 604/913/833 591/912/832 592/914/834
f 604/913/833 592/914/834 603/915/835
f 603/915/835 592/914/834 593/916/836
f 603/915/835 593/916/836 594/917/837
f 595/918/838 605/919/839 594/917/837
f 594/917/837 605/919/839 606/920/840
f 594/917/837 606/920/840 603/915/835
f 603/915/835 606/920/840 607/921/841
f 603/915/835 607/921/841 604/913/833
f 604/913/833 607/921/841 602/911/831
f 595/918/838 596/922/842 605/919/839
f 605/919/839 596/922/842 597/923/843
f 605/919/839 597/923/843 606/920/840
f 606/920/840 597/923/843 608/924/844
f 606/920/840 608/924/844 609/925/845
f 609/925/845 608/924/844 598/926/846
f 609/925/845 598/926/846 599/927/847
f 597/923/843 598/926/846 608/924/844
f 599/927/847 600/928/848 609/925/845
f 609/925/845 600/928/848 607/921/841
f 609/925/845 607/921/841 606/920/840
f 600/928/848 601/929/849 607/921/841
f 607/921/841 601/929/849 602/911/831
f 500/930/741 599/931/847 610/932/850
f 610/932/850 599/931/847 598/933/846
f 610/932/850 598/933/846 611/934/851
f 611/934/851 598/933/846 597/935/843
f 611/934/851 597/935/843 612/936/852
f 612/936/852 597/935/843 596/937/842
f 612/936/852 596/937/842 595/938/838
f 595/938/838 504/939/747 612/936/852
f 612/936/852 504/939/747 503/940/746
f 612/936/852 503/940/746 611/934/851
f 611/934/851 503/940/746 502/941/745
f 611/934/851 502/941/745 610/932/850
f 610/932/850 502/941/745 501/942/743
f 610/932/850 501/942/743 500/930/741
f 624/943/853 613/944/854 626/945/855
f 626/945/855 613/944/854 614/946/856
f 626/945/855 614/946/856 625/947/857
f 625/947/857 614/946/856 615/948/858
f 625/947/857 615/948/858 616/949/859
f 617/950/860 627/951/861 616/949/859
f 616/949/859 627/951/861 628/952/862
f 616/949/859 628/952/862 625/947/857
f 625/947/857 628/952/862 629/953/863
f 625/947/857 629/953/863 626/945/855
f 626/945/855 629/953/863 624/943/853
f 617/950/860 618/954/864 627/951/861
f 627/951/861 618/954/864 630/955/865
f 627/951/861 630/955/865 628/952/862
f 628/952/862 630/955/865 631/956/866
f 628/952/862 631/956/866 629/953/863
f 629/953/863 631/956/866 622/957/867
f 629/953/863 622/957/867 623/958/868
f 618/954/864 619/959/869 630/955/865
f 630/955/865 619/959/869 620/960/870
f 630/955/865 620/960/870 631/956/866
f 631/956/866 620/960/870 621/961/871
f 631/956/866 621/961/871 622/957/867
f 623/958/868 624/943/853 629/953/863
f 530/962/780 621/963/871 632/964/872
f 632/964/872 621/963/871 620/965/870
f 632/964/872 620/965/870 633/966/873
f 633/966/873 620/965/870 619/967/869
f 633/966/873 619/967/869 634/968/874
f 634/968/874 619/967/869 618/969/864
f 634/968/874 618/969/864 617/970/860
f 617/970/860 522/971/763 634/968/874
f 634/968/874 522/971/763 533/972/762
f 634/968/874 533/972/762 633/966/873
f 633/966/873 533/972/762 532/973/777
f 633/966/873 532/973/777 632/964/872
f 632/964/872 532/973/777 531/974/776
f 632/964/872 531/974/776 530/962/780
f 621/975/871 548/976/793 635/977/875
f 635/977/875 548/976/793 547/978/789
f 635/977/875 547/978/789 636/979/876
f 636/979/876 547/978/789 546/980/788
f 636/979/876 546/980/788 637/981/877
f 637/981/877 546/980/788 545/982/787
f 637/981/877 545/982/787 544/983/785
f 544/983/785 613/984/854 637/981/877
f 637/981/877 613/984/854 624/985/853
f 637/981/877 624/985/853 636/979/876
f 636/979/876 624/985/853 623/986/868
f 636/979/876 623/986/868 635/977/875
f 635/977/875 623/986/868 622/987/867
f 635/977/875 622/987/867 621/975/871
f 649/988/878 638/989/879 651/990/880
f 651/990/880 638/989/879 639/991/881
f 651/990/880 639/991/881 650/992/882
f 650/992/882 639/991/881 640/993/883
f 650/992/882 640/993/883 641/994/884
f 642/995/885 652/996/886 641/994/884
f 641/994/884 652/996/886 653/997/887
f 641/994/884 653/997/887 650/992/882
f 650/992/882 653/997/887 654/998/888
f 650/992/882 654/998/888 651/990/880
f 651/990/880 654/998/888 649/988/878
f 642/995/885 643/999/889 652/996/886
f 652/996/886 643/999/889 655/1000/890
f 652/996/886 655/1000/890 653/997/887
f 653/997/887 655/1000/890 656/1001/891
f 653/997/887 656/1001/891 654/998/888
f 654/998/888 656/1001/891 647/1002/892
f 654/998/888 647/1002/892 648/1003/893
f 643/999/889 644/1004/894 655/1000/890
f 655/1000/890 644/1004/894 645/1005/895
f 655/1000/890 645/1005/895 656/1001/891
f 656/1001/891 645/1005/895 646/1006/896
f 656/1001/891 646/1006/896 647/1002/892
f 648/1003/893 649/988/878 654/998/888
f 566/1007/807 646/1008/896 657/1009/897
f 657/1009/897 646/1008/896 645/1010/895
f 657/1009/897 645/1010/895 658/1011/898
f 658/1011/898 645/1010/895 644/1012/894
f 658/1011/898 644/1012/894 659/1013/899
f 659/1013/899 644/1012/894 643/1014/889
f 659/1013/899 643/1014/889 642/1015/885
f 642/1015/885 570/1016/814 659/1013/899
f 659/1013/899 570/1016/814 569/1017/812
f 659/1013/899 569/1017/812 658/1011/898
f 658/1011/898 569/1017/812 568/1018/811
f 658/1011/898 568/1018/811 657/1009/897
f 657/1009/897 568/1018/811 567/1019/809
f 657/1009/897 567/1019/809 566/1007/807
f 646/1020/896 617/1021/860 660/1022/900
f 660/1022/900 617/1021/860 616/1023/859
f 660/1022/900 616/1023/859 661/1024/901
f 661/1024/901 616/1023/859 615/1025/858
f 661/1024/901 615/1025/858 662/1026/902
f 662/1026/902 615/1025/858 614/1027/856
f 662/1026/902 614/1027/856 613/1028/854
f 613/1028/854 638/1029/879 662/1026/902
f 662/1026/902 638/1029/879 649/1030/878
f 662/1026/902 649/1030/878 661/1024/901
f 661/1024/901 649/1030/878 648/1031/893
f 661/1024/901 648/1031/893 660/1022/900
f 660/1022/900 648/1031/893 647/1032/892
f 660/1022/900 647/1032/892 646/1020/896
f 599/1033/847 642/1034/885 663/1035/903
f 663/1035/903 642/1034/885 641/1036/884
f 663/1035/903 641/1036/884 664/1037/904
f 664/1037/904 641/1036/884 640/1038/883
f 664/1037/904 640/1038/883 665/1039/905
f 665/1039/905 640/1038/883 639/1040/881
f 665/1039/905 639/1040/881 638/1041/879
f 638/1041/879 591/1042/832 665/1039/905
f 665/1039/905 591/1042/832 602/1043/831
f 665/1039/905 602/1043/831 664/1037/904
f 664/1037/904 602/1043/831 601/1044/849
f 664/1037/904 601/1044/849 663/1035/903
f 663/1035/903 601/1044/849 600/1045/848
f 663/1035/903 600/1045/848 599/1033/847
f 552/1046/799 595/1047/838 666/1048/906
f 666/1048/906 595/1047/838 594/1049/837
f 666/1048/906 594/1049/837 667/1050/907
f 667/1050/907 594/1049/837 593/1051/836
f 667/1050/907 593/1051/836 668/1052/908
f 668/1052/908 593/1051/836 592/1053/834
f 668/1052/908 592/1053/834 591/1054/832
f 591/1054/832 544/1055/785 668/1052/908
f 668/1052/908 544/1055/785 555/1056/784
f 668/1052/908 555/1056/784 667/1050/907
f 667/1050/907 555/1056/784 554/1057/802
f 667/1050/907 554/1057/802 666/1048/906
f 666/1048/906 554/1057/802 553/1058/800
f 666/1048/906 553/1058/800 552/1046/799
f 32/1059/909 504/1060/747 17/1061/910
f 17/1061/910 504/1060/747 61/1062/911
f 17/1061/910 61/1062/911 60/1063/912
f 32/1059/909 31/1064/913 504/1060/747
f 504/1060/747 31/1064/913 30/1065/914
f 504/1060/747 30/1065/914 481/1066/722
f 481/1066/722 30/1065/914 29/1067/915
f 481/1066/722 29/1067/915 28/1068/916
f 28/1068/916 27/1069/917 481/1066/722
f 481/1066/722 27/1069/917 26/1070/918
f 481/1066/722 26/1070/918 25/1071/919
f 25/1071/919 24/1072/920 481/1066/722
f 481/1066/722 24/1072/920 552/1073/799
f 552/1073/799 24/1072/920 23/1074/921
f 552/1073/799 23/1074/921 22/1075/922
f 22/1075/922 21/1076/923 552/1073/799
f 552/1073/799 21/1076/923 57/1077/924
f 552/1073/799 57/1077/924 56/1078/925
f 21/1076/923 20/1079/926 57/1077/924
f 57/1077/924 20/1079/926 58/1080/927
f 58/1080/927 20/1079/926 19/1081/928
f 58/1080/927 19/1081/928 59/1082/929
f 59/1082/929 19/1081/928 18/1083/930
f 59/1082/929 18/1083/930 60/1063/912
f 60/1063/912 18/1083/930 17/1061/910
f 50/1084/931 49/1085/932 595/1086/838
f 595/1086/838 49/1085/932 64/1087/933
f 595/1086/838 64/1087/933 504/1060/747
f 504/1060/747 64/1087/933 63/1088/934
f 504/1060/747 63/1088/934 62/1089/935
f 62/1089/935 61/1062/911 504/1060/747
f 56/1078/925 55/1090/936 552/1073/799
f 552/1073/799 55/1090/936 54/1091/937
f 552/1073/799 54/1091/937 595/1086/838
f 595/1086/838 54/1091/937 53/1092/938
f 595/1086/838 53/1092/938 52/1093/939
f 52/1093/939 51/1094/940 595/1086/838
f 595/1086/838 51/1094/940 50/1084/931
f 480/1095/941 574/1096/820 465/1097/942
f 465/1097/942 574/1096/820 508/1098/756
f 465/1097/942 508/1098/756 466/1099/943
f 466/1099/943 508/1098/756 467/1100/944
f 467/1100/944 508/1098/756 468/1101/945
f 468/1101/945 508/1098/756 469/1102/946
f 469/1102/946 508/1098/756 489/1103/734
f 469/1102/946 489/1103/734 470/1104/947
f 470/1104/947 489/1103/734 471/1105/948
f 471/1105/948 489/1103/734 472/1106/949
f 472/1106/949 489/1103/734 473/1107/950
f 473/1107/950 489/1103/734 526/1108/769
f 473/1107/950 526/1108/769 474/1109/951
f 474/1109/951 526/1108/769 475/1110/952
f 475/1110/952 526/1108/769 476/1111/953
f 476/1111/953 526/1108/769 477/1112/954
f 477/1112/954 526/1108/769 574/1096/820
f 477/1112/954 574/1096/820 478/1113/955
f 478/1113/955 574/1096/820 479/1114/956
f 479/1114/956 574/1096/820 480/1095/941
f 256/1115/957 277/1116/958 241/1117/959
f 241/1117/959 277/1116/958 276/1118/960
f 241/1117/959 276/1118/960 242/1119/961
f 242/1119/961 276/1118/960 530/1120/780
f 242/1119/961 530/1120/780 243/1121/962
f 243/1121/962 530/1120/780 244/1122/963
f 244/1122/963 530/1120/780 485/1123/729
f 244/1122/963 485/1123/729 245/1124/964
f 245/1124/964 485/1123/729 246/1125/965
f 246/1125/965 485/1123/729 247/1126/966
f 247/1126/966 485/1123/729 248/1127/967
f 248/1127/967 485/1123/729 249/1128/968
f 249/1128/968 485/1123/729 250/1129/969
f 250/1129/969 485/1123/729 548/1130/793
f 250/1129/969 548/1130/793 251/1131/970
f 251/1131/970 548/1130/793 252/1132/971
f 252/1132/971 548/1130/793 282/1133/972
f 252/1132/971 282/1133/972 281/1134/973
f 277/1116/958 256/1115/957 278/1135/974
f 278/1135/974 256/1115/957 255/1136/975
f 278/1135/974 255/1136/975 279/1137/976
f 279/1137/976 255/1136/975 254/1138/977
f 279/1137/976 254/1138/977 280/1139/978
f 280/1139/978 254/1138/977 253/1140/979
f 280/1139/978 253/1140/979 281/1134/973
f 281/1134/973 253/1140/979 252/1132/971
f 288/1141/980 309/1142/981 273/1143/982
f 273/1143/982 309/1142/981 308/1144/983
f 273/1143/982 308/1144/983 274/1145/984
f 274/1145/984 308/1144/983 530/1120/780
f 274/1145/984 530/1120/780 275/1146/985
f 275/1146/985 530/1120/780 276/1118/960
f 309/1142/981 288/1141/980 310/1147/986
f 310/1147/986 288/1141/980 287/1148/987
f 310/1147/986 287/1148/987 311/1149/988
f 311/1149/988 287/1148/987 286/1150/989
f 311/1149/988 286/1150/989 312/1151/990
f 312/1151/990 286/1150/989 285/1152/991
f 312/1151/990 285/1152/991 313/1153/992
f 313/1153/992 285/1152/991 284/1154/993
f 313/1153/992 284/1154/993 314/1155/994
f 314/1155/994 284/1154/993 548/1130/793
f 314/1155/994 548/1130/793 315/1156/995
f 315/1156/995 548/1130/793 316/1157/996
f 316/1157/996 548/1130/793 621/1158/871
f 316/1157/996 621/1158/871 317/1159/997
f 317/1159/997 621/1158/871 318/1160/998
f 318/1160/998 621/1158/871 319/1161/999
f 319/1161/999 621/1158/871 320/1162/1000
f 320/1162/1000 621/1158/871 305/1163/1001
f 305/1163/1001 621/1158/871 306/1164/1002
f 306/1164/1002 621/1158/871 530/1120/780
f 306/1164/1002 530/1120/780 307/1165/1003
f 307/1165/1003 530/1120/780 308/1144/983
f 284/1154/993 283/1166/1004 548/1130/793
f 548/1130/793 283/1166/1004 282/1133/972
f 352/1167/1005 378/1168/1006 337/1169/1007
f 337/1169/1007 378/1168/1006 377/1170/1008
f 337/1169/1007 377/1170/1008 338/1171/1009
f 338/1171/1009 377/1170/1008 376/1172/1010
f 338/1171/1009 376/1172/1010 339/1173/1011
f 339/1173/1011 376/1172/1010 375/1174/1012
f 339/1173/1011 375/1174/1012 340/1175/1013
f 340/1175/1013 375/1174/1012 374/1176/1014
f 340/1175/1013 374/1176/1014 570/1177/814
f 570/1177/814 374/1176/1014 500/1178/741
f 500/1178/741 374/1176/1014 373/1179/1015
f 500/1178/741 373/1179/1015 372/1180/1016
f 378/1168/1006 352/1167/1005 379/1181/1017
f 379/1181/1017 352/1167/1005 351/1182/1018
f 379/1181/1017 351/1182/1018 439/1183/1019
f 439/1183/1019 351/1182/1018 403/1184/1020
f 439/1183/1019 403/1184/1020 440/1185/1021
f 440/1185/1021 403/1184/1020 402/1186/1022
f 440/1185/1021 402/1186/1022 441/1187/1023
f 441/1187/1023 402/1186/1022 401/1188/1024
f 441/1187/1023 401/1188/1024 442/1189/1025
f 442/1189/1025 401/1188/1024 416/1190/1026
f 442/1189/1025 416/1190/1026 443/1191/1027
f 443/1191/1027 416/1190/1026 415/1192/1028
f 443/1191/1027 415/1192/1028 444/1193/1029
f 444/1193/1029 415/1192/1028 414/1194/1030
f 444/1193/1029 414/1194/1030 599/1195/847
f 599/1195/847 414/1194/1030 642/1196/885
f 642/1196/885 414/1194/1030 413/1197/1031
f 642/1196/885 413/1197/1031 412/1198/1032
f 403/1184/1020 351/1182/1018 404/1199/1033
f 404/1199/1033 351/1182/1018 350/1200/1034
f 404/1199/1033 350/1200/1034 405/1201/1035
f 405/1201/1035 350/1200/1034 349/1202/1036
f 405/1201/1035 349/1202/1036 348/1203/1037
f 405/1201/1035 348/1203/1037 406/1204/1038
f 406/1204/1038 348/1203/1037 347/1205/1039
f 406/1204/1038 347/1205/1039 407/1206/1040
f 407/1206/1040 347/1205/1039 346/1207/1041
f 407/1206/1040 346/1207/1041 408/1208/1042
f 408/1208/1042 346/1207/1041 570/1177/814
f 408/1208/1042 570/1177/814 642/1196/885
f 346/1207/1041 345/1209/1043 570/1177/814
f 570/1177/814 345/1209/1043 344/1210/1044
f 570/1177/814 344/1210/1044 343/1211/1045
f 343/1211/1045 342/1212/1046 570/1177/814
f 570/1177/814 342/1212/1046 341/1213/1047
f 570/1177/814 341/1213/1047 340/1175/1013
f 370/1214/1048 369/1215/1049 500/1178/741
f 500/1178/741 369/1215/1049 384/1216/1050
f 500/1178/741 384/1216/1050 434/1217/1051
f 434/1217/1051 384/1216/1050 435/1218/1052
f 435/1218/1052 384/1216/1050 383/1219/1053
f 435/1218/1052 383/1219/1053 436/1220/1054
f 436/1220/1054 383/1219/1053 382/1221/1055
f 436/1220/1054 382/1221/1055 437/1222/1056
f 437/1222/1056 382/1221/1055 381/1223/1057
f 437/1222/1056 381/1223/1057 380/1224/1058
f 437/1222/1056 380/1224/1058 438/1225/1059
f 438/1225/1059 380/1224/1058 379/1181/1017
f 438/1225/1059 379/1181/1017 439/1183/1019
f 372/1180/1016 371/1226/1060 500/1178/741
f 500/1178/741 371/1226/1060 370/1214/1048
f 412/1198/1032 411/1227/1061 642/1196/885
f 642/1196/885 411/1227/1061 410/1228/1062
f 642/1196/885 410/1228/1062 409/1229/1063
f 409/1229/1063 408/1208/1042 642/1196/885
f 434/1217/1051 433/1230/1064 599/1195/847
f 599/1195/847 433/1230/1064 448/1231/1065
f 599/1195/847 448/1231/1065 447/1232/1066
f 447/1232/1066 446/1233/1067 599/1195/847
f 599/1195/847 446/1233/1067 445/1234/1068
f 599/1195/847 445/1234/1068 444/1193/1029
f 500/1178/741 434/1217/1051 599/1195/847
f 96/1235/1069 154/1236/1070 81/1237/1071
f 81/1237/1071 154/1236/1070 153/1238/1072
f 81/1237/1071 153/1238/1072 189/1239/1073
f 189/1239/1073 153/1238/1072 190/1240/1074
f 190/1240/1074 153/1238/1072 152/1241/1075
f 190/1240/1074 152/1241/1075 191/1242/1076
f 191/1242/1076 152/1241/1075 151/1243/1077
f 191/1242/1076 151/1243/1077 192/1244/1078
f 192/1244/1078 151/1243/1077 150/1245/1079
f 192/1244/1078 150/1245/1079 177/1246/1080
f 177/1246/1080 150/1245/1079 149/1247/1081
f 177/1246/1080 149/1247/1081 221/1248/1082
f 221/1248/1082 149/1247/1081 222/1249/1083
f 222/1249/1083 149/1247/1081 148/1250/1084
f 222/1249/1083 148/1250/1084 223/1251/1085
f 223/1251/1085 148/1250/1084 147/1252/1086
f 223/1251/1085 147/1252/1086 224/1253/1087
f 224/1253/1087 147/1252/1086 146/1254/1088
f 224/1253/1087 146/1254/1088 646/1255/896
f 646/1255/896 146/1254/1088 145/1256/1089
f 646/1255/896 145/1256/1089 160/1257/1090
f 154/1236/1070 96/1235/1069 155/1258/1091
f 155/1258/1091 96/1235/1069 95/1259/1092
f 155/1258/1091 95/1259/1092 156/1260/1093
f 156/1260/1093 95/1259/1092 94/1261/1094
f 156/1260/1093 94/1261/1094 646/1255/896
f 646/1255/896 94/1261/1094 617/1262/860
f 617/1262/860 94/1261/1094 93/1263/1095
f 617/1262/860 93/1263/1095 92/1264/1096
f 92/1264/1096 91/1265/1097 617/1262/860
f 617/1262/860 91/1265/1097 90/1266/1098
f 617/1262/860 90/1266/1098 89/1267/1099
f 89/1267/1099 88/1268/1100 617/1262/860
f 617/1262/860 88/1268/1100 122/1269/1101
f 617/1262/860 122/1269/1101 522/1270/763
f 522/1270/763 122/1269/1101 121/1271/1102
f 522/1270/763 121/1271/1102 120/1272/1103
f 88/1268/1100 87/1273/1104 122/1269/1101
f 122/1269/1101 87/1273/1104 123/1274/1105
f 123/1274/1105 87/1273/1104 86/1275/1106
f 123/1274/1105 86/1275/1106 124/1276/1107
f 124/1276/1107 86/1275/1106 85/1277/1108
f 124/1276/1107 85/1277/1108 125/1278/1109
f 125/1278/1109 85/1277/1108 185/1279/1110
f 125/1278/1109 185/1279/1110 126/1280/1111
f 126/1280/1111 185/1279/1110 184/1281/1112
f 126/1280/1111 184/1281/1112 127/1282/1113
f 127/1282/1113 184/1281/1112 183/1283/1114
f 127/1282/1113 183/1283/1114 128/1284/1115
f 128/1284/1115 183/1283/1114 182/1285/1116
f 128/1284/1115 182/1285/1116 113/1286/1117
f 113/1286/1117 182/1285/1116 181/1287/1118
f 113/1286/1117 181/1287/1118 217/1288/1119
f 217/1288/1119 181/1287/1118 180/1289/1120
f 217/1288/1119 180/1289/1120 218/1290/1121
f 218/1290/1121 180/1289/1120 179/1291/1122
f 218/1290/1121 179/1291/1122 219/1292/1123
f 219/1292/1123 179/1291/1122 178/1293/1124
f 219/1292/1123 178/1293/1124 220/1294/1125
f 220/1294/1125 178/1293/1124 177/1246/1080
f 220/1294/1125 177/1246/1080 221/1248/1082
f 85/1277/1108 84/1295/1126 185/1279/1110
f 185/1279/1110 84/1295/1126 186/1296/1127
f 186/1296/1127 84/1295/1126 83/1297/1128
f 186/1296/1127 83/1297/1128 187/1298/1129
f 187/1298/1129 83/1297/1128 82/1299/1130
f 187/1298/1129 82/1299/1130 188/1300/1131
f 188/1300/1131 82/1299/1130 81/1237/1071
f 188/1300/1131 81/1237/1071 189/1239/1073
f 120/1272/1103 119/1301/1132 522/1270/763
f 522/1270/763 119/1301/1132 118/1302/1133
f 522/1270/763 118/1302/1133 117/1303/1134
f 117/1303/1134 116/1304/1135 522/1270/763
f 522/1270/763 116/1304/1135 214/1305/1136
f 522/1270/763 214/1305/1136 566/1306/807
f 566/1306/807 214/1305/1136 213/1307/1137
f 566/1306/807 213/1307/1137 212/1308/1138
f 214/1305/1136 116/1304/1135 215/1309/1139
f 215/1309/1139 116/1304/1135 115/1310/1140
f 215/1309/1139 115/1310/1140 216/1311/1141
f 216/1311/1141 115/1310/1140 114/1312/1142
f 216/1311/1141 114/1312/1142 217/1288/1119
f 217/1288/1119 114/1312/1142 113/1286/1117
f 160/1257/1090 159/1313/1143 646/1255/896
f 646/1255/896 159/1313/1143 158/1314/1144
f 646/1255/896 158/1314/1144 157/1315/1145
f 157/1315/1145 156/1260/1093 646/1255/896
f 210/1316/1146 209/1317/1147 566/1306/807
f 566/1306/807 209/1317/1147 224/1253/1087
f 566/1306/807 224/1253/1087 646/1255/896
f 212/1308/1138 211/1318/1148 566/1306/807
f 566/1306/807 211/1318/1148 210/1316/1146
f 684/1319/1149 669/1320/1150 544/1321/785
f 544/1321/785 669/1320/1150 670/1322/1151
f 544/1321/785 670/1322/1151 613/1323/854
f 613/1323/854 670/1322/1151 748/1324/1152
f 613/1323/854 748/1324/1152 733/1325/1153
f 670/1322/1151 671/1326/1154 748/1324/1152
f 748/1324/1152 671/1326/1154 747/1327/1155
f 747/1327/1155 671/1326/1154 672/1328/1156
f 747/1327/1155 672/1328/1156 746/1329/1157
f 746/1329/1157 672/1328/1156 673/1330/1158
f 746/1329/1157 673/1330/1158 745/1331/1159
f 745/1331/1159 673/1330/1158 744/1332/1160
f 744/1332/1160 673/1330/1158 674/1333/1161
f 744/1332/1160 674/1333/1161 720/1334/1162
f 720/1334/1162 674/1333/1161 719/1335/1163
f 719/1335/1163 674/1333/1161 675/1336/1164
f 719/1335/1163 675/1336/1164 718/1337/1165
f 718/1337/1165 675/1336/1164 676/1338/1166
f 718/1337/1165 676/1338/1166 717/1339/1167
f 717/1339/1167 676/1338/1166 677/1340/1168
f 717/1339/1167 677/1340/1168 732/1341/1169
f 732/1341/1169 677/1340/1168 678/1342/1170
f 732/1341/1169 678/1342/1170 731/1343/1171
f 731/1343/1171 678/1342/1170 679/1344/1172
f 731/1343/1171 679/1344/1172 730/1345/1173
f 730/1345/1173 679/1344/1172 680/1346/1174
f 730/1345/1173 680/1346/1174 544/1321/785
f 544/1321/785 680/1346/1174 681/1347/1175
f 544/1321/785 681/1347/1175 682/1348/1176
f 682/1348/1176 683/1349/1177 544/1321/785
f 544/1321/785 683/1349/1177 684/1319/1149
f 686/1350/1178 740/1351/1179 685/1352/1180
f 685/1352/1180 740/1351/1179 741/1353/1181
f 685/1352/1180 741/1353/1181 700/1354/1182
f 700/1354/1182 741/1353/1181 742/1355/1183
f 700/1354/1182 742/1355/1183 699/1356/1184
f 699/1356/1184 742/1355/1183 743/1357/1185
f 699/1356/1184 743/1357/1185 698/1358/1186
f 698/1358/1186 743/1357/1185 744/1332/1160
f 698/1358/1186 744/1332/1160 720/1334/1162
f 740/1351/1179 686/1350/1178 739/1359/1187
f 739/1359/1187 686/1350/1178 687/1360/1188
f 739/1359/1187 687/1360/1188 738/1361/1189
f 738/1361/1189 687/1360/1188 688/1362/1190
f 738/1361/1189 688/1362/1190 613/1323/854
f 613/1323/854 688/1362/1190 689/1363/1191
f 613/1323/854 689/1363/1191 638/1364/879
f 638/1364/879 689/1363/1191 690/1365/1192
f 638/1364/879 690/1365/1192 704/1366/1193
f 704/1366/1193 690/1365/1192 703/1367/1194
f 703/1367/1194 690/1365/1192 691/1368/1195
f 703/1367/1194 691/1368/1195 702/1369/1196
f 702/1369/1196 691/1368/1195 692/1370/1197
f 702/1369/1196 692/1370/1197 701/1371/1198
f 701/1371/1198 692/1370/1197 693/1372/1199
f 701/1371/1198 693/1372/1199 716/1373/1200
f 716/1373/1200 693/1372/1199 694/1374/1201
f 716/1373/1200 694/1374/1201 715/1375/1202
f 715/1375/1202 694/1374/1201 695/1376/1203
f 715/1375/1202 695/1376/1203 714/1377/1204
f 714/1377/1204 695/1376/1203 696/1378/1205
f 714/1377/1204 696/1378/1205 752/1379/1206
f 752/1379/1206 696/1378/1205 722/1380/1207
f 752/1379/1206 722/1380/1207 751/1381/1208
f 751/1381/1208 722/1380/1207 723/1382/1209
f 751/1381/1208 723/1382/1209 750/1383/1210
f 750/1383/1210 723/1382/1209 724/1384/1211
f 750/1383/1210 724/1384/1211 749/1385/1212
f 749/1385/1212 724/1384/1211 725/1386/1213
f 749/1385/1212 725/1386/1213 764/1387/1214
f 764/1387/1214 725/1386/1213 726/1388/1215
f 764/1387/1214 726/1388/1215 763/1389/1216
f 763/1389/1216 726/1388/1215 727/1390/1217
f 763/1389/1216 727/1390/1217 762/1391/1218
f 762/1391/1218 727/1390/1217 728/1392/1219
f 762/1391/1218 728/1392/1219 591/1393/832
f 591/1393/832 728/1392/1219 729/1394/1220
f 591/1393/832 729/1394/1220 544/1321/785
f 544/1321/785 729/1394/1220 730/1345/1173
f 722/1380/1207 696/1378/1205 721/1395/1221
f 721/1395/1221 696/1378/1205 697/1396/1222
f 721/1395/1221 697/1396/1222 698/1358/1186
f 704/1366/1193 705/1397/1223 638/1364/879
f 638/1364/879 705/1397/1223 706/1398/1224
f 638/1364/879 706/1398/1224 707/1399/1225
f 707/1399/1225 708/1400/1226 638/1364/879
f 638/1364/879 708/1400/1226 709/1401/1227
f 638/1364/879 709/1401/1227 710/1402/1228
f 711/1403/1229 755/1404/1230 710/1402/1228
f 710/1402/1228 755/1404/1230 756/1405/1231
f 710/1402/1228 756/1405/1231 638/1364/879
f 638/1364/879 756/1405/1231 591/1393/832
f 591/1393/832 756/1405/1231 757/1406/1232
f 591/1393/832 757/1406/1232 758/1407/1233
f 755/1404/1230 711/1403/1229 754/1408/1234
f 754/1408/1234 711/1403/1229 712/1409/1235
f 754/1408/1234 712/1409/1235 753/1410/1236
f 753/1410/1236 712/1409/1235 713/1411/1237
f 753/1410/1236 713/1411/1237 714/1377/1204
f 720/1334/1162 721/1395/1221 698/1358/1186
f 733/1325/1153 734/1412/1238 613/1323/854
f 613/1323/854 734/1412/1238 735/1413/1239
f 613/1323/854 735/1413/1239 736/1414/1240
f 736/1414/1240 737/1415/1241 613/1323/854
f 613/1323/854 737/1415/1241 738/1361/1189
f 752/1379/1206 753/1410/1236 714/1377/1204
f 758/1407/1233 759/1416/1242 591/1393/832
f 591/1393/832 759/1416/1242 760/1417/1243
f 591/1393/832 760/1417/1243 761/1418/1244
f 761/1418/1244 762/1391/1218 591/1393/832
f 766/1419/1245 750/1420/1246 765/1421/1247
f 765/1421/1247 750/1420/1246 749/1422/1248
f 765/1423/1247 749/1424/1248 780/1425/1249
f 780/1425/1249 749/1424/1248 764/1426/1250
f 780/1425/1249 764/1426/1250 779/1427/1251
f 779/1427/1251 764/1426/1250 763/1428/1252
f 779/1427/1251 763/1428/1252 778/1429/1253
f 778/1429/1253 763/1428/1252 762/1430/1254
f 778/1429/1253 762/1430/1254 777/1431/1255
f 777/1431/1255 762/1430/1254 761/1432/1256
f 777/1431/1255 761/1432/1256 776/1433/1257
f 776/1433/1257 761/1432/1256 760/1434/1258
f 776/1433/1257 760/1434/1258 775/1435/1259
f 775/1435/1259 760/1434/1258 759/1436/1260
f 775/1435/1259 759/1436/1260 774/1437/1261
f 774/1437/1261 759/1436/1260 758/1438/1262
f 774/1437/1261 758/1438/1262 773/1439/1263
f 773/1439/1263 758/1438/1262 757/1440/1264
f 773/1439/1263 757/1440/1264 772/1441/1265
f 772/1441/1265 757/1440/1264 756/1442/1266
f 772/1441/1265 756/1442/1266 771/1443/1267
f 771/1443/1267 756/1442/1266 755/1444/1268
f 771/1443/1267 755/1444/1268 770/1445/1269
f 770/1445/1269 755/1444/1268 754/1446/1270
f 770/1445/1269 754/1446/1270 769/1447/1271
f 769/1447/1271 754/1446/1270 753/1448/1272
f 769/1447/1271 753/1448/1272 768/1449/1273
f 768/1449/1273 753/1448/1272 752/1450/1274
f 768/1449/1273 752/1450/1274 767/1451/1275
f 767/1451/1275 752/1450/1274 751/1452/1276
f 767/1451/1275 751/1452/1276 766/1419/1245
f 766/1419/1245 751/1452/1276 750/1420/1246
usemtl Plastic_-_Matte_(Black)
f 780/1453/1277 774/1454/1278 765/1455/1279
f 765/1455/1279 774/1454/1278 773/1456/1280
f 765/1455/1279 773/1456/1280 766/1457/1281
f 766/1457/1281 773/1456/1280 772/1458/1282
f 766/1457/1281 772/1458/1282 767/1459/1283
f 767/1459/1283 772/1458/1282 771/1460/1284
f 767/1459/1283 771/1460/1284 768/1461/1285
f 768/1461/1285 771/1460/1284 770/1462/1286
f 768/1461/1285 770/1462/1286 769/1463/1287
f 774/1454/1278 780/1453/1277 775/1464/1288
f 775/1464/1288 780/1453/1277 779/1465/1289
f 775/1464/1288 779/1465/1289 776/1466/1290
f 776/1466/1290 779/1465/1289 778/1467/1291
f 776/1466/1290 778/1467/1291 777/1468/1292
usemtl Plastic_-_Matte_(Black)_(1)_(1)
f 782/1469/1293 734/1470/1294 781/1471/1295
f 781/1471/1295 734/1470/1294 733/1472/1296
f 781/1473/1295 733/1474/1296 796/1475/1297
f 796/1475/1297 733/1474/1296 748/1476/1298
f 796/1475/1297 748/1476/1298 795/1477/1299
f 795/1477/1299 748/1476/1298 747/1478/1300
f 795/1477/1299 747/1478/1300 794/1479/1301
f 794/1479/1301 747/1478/1300 746/1480/1302
f 794/1479/1301 746/1480/1302 793/1481/1303
f 793/1481/1303 746/1480/1302 745/1482/1304
f 793/1481/1303 745/1482/1304 792/1483/1305
f 792/1483/1305 745/1482/1304 744/1484/1306
f 792/1483/1305 744/1484/1306 791/1485/1307
f 791/1485/1307 744/1484/1306 743/1486/1308
f 791/1485/1307 743/1486/1308 790/1487/1309
f 790/1487/1309 743/1486/1308 742/1488/1310
f 790/1487/1309 742/1488/1310 789/1489/1311
f 789/1489/1311 742/1488/1310 741/1490/1312
f 789/1489/1311 741/1490/1312 788/1491/1313
f 788/1491/1313 741/1490/1312 740/1492/1314
f 788/1491/1313 740/1492/1314 787/1493/1315
f 787/1493/1315 740/1492/1314 739/1494/1316
f 787/1493/1315 739/1494/1316 786/1495/1317
f 786/1495/1317 739/1494/1316 738/1496/1318
f 786/1495/1317 738/1496/1318 785/1497/1319
f 785/1497/1319 738/1496/1318 737/1498/1320
f 785/1497/1319 737/1498/1320 784/1499/1321
f 784/1499/1321 737/1498/1320 736/1500/1322
f 784/1499/1321 736/1500/1322 783/1501/1323
f 783/1501/1323 736/1500/1322 735/1502/1324
f 783/1501/1323 735/1502/1324 782/1469/1293
f 782/1469/1293 735/1502/1324 734/1470/1294
usemtl Plastic_-_Matte_(Black)
f 796/1503/1325 790/1504/1326 781/1505/1327
f 781/1505/1327 790/1504/1326 789/1506/1328
f 781/1505/1327 789/1506/1328 782/1507/1329
f 782/1507/1329 789/1506/1328 788/1508/1330
f 782/1507/1329 788/1508/1330 783/1509/1331
f 783/1509/1331 788/1508/1330 787/1510/1332
f 783/1509/1331 787/1510/1332 784/1511/1333
f 784/1511/1333 787/1510/1332 786/1512/1334
f 784/1511/1333 786/1512/1334 785/1513/1335
f 790/1504/1326 796/1503/1325 791/1514/1336
f 791/1514/1336 796/1503/1325 795/1515/1337
f 791/1514/1336 795/1515/1337 792/1516/1338
f 792/1516/1338 795/1515/1337 794/1517/1339
f 792/1516/1338 794/1517/1339 793/1518/1340
usemtl Plastic_-_Matte_(Black)_(1)_(1)
f 798/1519/1341 718/1520/1342 797/1521/1343
f 797/1521/1343 718/1520/1342 717/1522/1344
f 797/1523/1343 717/1524/1344 812/1525/1345
f 812/1525/1345 717/1524/1344 732/1526/1346
f 812/1525/1345 732/1526/1346 811/1527/1347
f 811/1527/1347 732/1526/1346 731/1528/1348
f 811/1527/1347 731/1528/1348 810/1529/1349
f 810/1529/1349 731/1528/1348 730/1530/1350
f 810/1529/1349 730/1530/1350 809/1531/1351
f 809/1531/1351 730/1530/1350 729/1532/1352
f 809/1531/1351 729/1532/1352 808/1533/1353
f 808/1533/1353 729/1532/1352 728/1534/1354
f 808/1533/1353 728/1534/1354 807/1535/1355
f 807/1535/1355 728/1534/1354 727/1536/1356
f 807/1535/1355 727/1536/1356 806/1537/1357
f 806/1537/1357 727/1536/1356 726/1538/1358
f 806/1537/1357 726/1538/1358 805/1539/1359
f 805/1539/1359 726/1538/1358 725/1540/1360
f 805/1539/1359 725/1540/1360 804/1541/1361
f 804/1541/1361 725/1540/1360 724/1542/1362
f 804/1541/1361 724/1542/1362 803/1543/1363
f 803/1543/1363 724/1542/1362 723/1544/1364
f 803/1543/1363 723/1544/1364 802/1545/1365
f 802/1545/1365 723/1544/1364 722/1546/1366
f 802/1545/1365 722/1546/1366 801/1547/1367
f 801/1547/1367 722/1546/1366 721/1548/1368
f 801/1547/1367 721/1548/1368 800/1549/1369
f 800/1549/1369 721/1548/1368 720/1550/1370
f 800/1549/1369 720/1550/1370 799/1551/1371
f 799/1551/1371 720/1550/1370 719/1552/1372
f 799/1551/1371 719/1552/1372 798/1519/1341
f 798/1519/1341 719/1552/1372 718/1520/1342
usemtl Plastic_-_Matte_(Black)
f 812/1553/1373 806/1554/1374 797/1555/1375
f 797/1555/1375 806/1554/1374 805/1556/1376
f 797/1555/1375 805/1556/1376 798/1557/1377
f 798/1557/1377 805/1556/1376 804/1558/1378
f 798/1557/1377 804/1558/1378 799/1559/1379
f 799/1559/1379 804/1558/1378 803/1560/1380
f 799/1559/1379 803/1560/1380 800/1561/1381
f 800/1561/1381 803/1560/1380 802/1562/1382
f 800/1561/1381 802/1562/1382 801/1563/1383
f 806/1554/1374 812/1553/1373 807/1564/1384
f 807/1564/1384 812/1553/1373 811/1565/1385
f 807/1564/1384 811/1565/1385 808/1566/1386
f 808/1566/1386 811/1565/1385 810/1567/1387
f 808/1566/1386 810/1567/1387 809/1568/1388
usemtl Plastic_-_Matte_(Black)_(1)_(1)
f 814/1569/1389 702/1570/1390 813/1571/1391
f 813/1571/1391 702/1570/1390 701/1572/1392
f 813/1573/1391 701/1574/1392 828/1575/1393
f 828/1575/1393 701/1574/1392 716/1576/1394
f 828/1575/1393 716/1576/1394 827/1577/1395
f 827/1577/1395 716/1576/1394 715/1578/1396
f 827/1577/1395 715/1578/1396 826/1579/1397
f 826/1579/1397 715/1578/1396 714/1580/1398
f 826/1579/1397 714/1580/1398 825/1581/1399
f 825/1581/1399 714/1580/1398 713/1582/1400
f 825/1581/1399 713/1582/1400 824/1583/1401
f 824/1583/1401 713/1582/1400 712/1584/1402
f 824/1583/1401 712/1584/1402 823/1585/1403
f 823/1585/1403 712/1584/1402 711/1586/1404
f 823/1585/1403 711/1586/1404 822/1587/1405
f 822/1587/1405 711/1586/1404 710/1588/1406
f 822/1587/1405 710/1588/1406 821/1589/1407
f 821/1589/1407 710/1588/1406 709/1590/1408
f 821/1589/1407 709/1590/1408 820/1591/1409
f 820/1591/1409 709/1590/1408 708/1592/1410
f 820/1591/1409 708/1592/1410 819/1593/1411
f 819/1593/1411 708/1592/1410 707/1594/1412
f 819/1593/1411 707/1594/1412 818/1595/1413
f 818/1595/1413 707/1594/1412 706/1596/1414
f 818/1595/1413 706/1596/1414 817/1597/1415
f 817/1597/1415 706/1596/1414 705/1598/1416
f 817/1597/1415 705/1598/1416 816/1599/1417
f 816/1599/1417 705/1598/1416 704/1600/1418
f 816/1599/1417 704/1600/1418 815/1601/1419
f 815/1601/1419 704/1600/1418 703/1602/1420
f 815/1601/1419 703/1602/1420 814/1569/1389
f 814/1569/1389 703/1602/1420 702/1570/1390
usemtl Plastic_-_Matte_(Black)
f 828/1603/1421 822/1604/1422 813/1605/1423
f 813/1605/1423 822/1604/1422 821/1606/1424
f 813/1605/1423 821/1606/1424 814/1607/1425
f 814/1607/1425 821/1606/1424 820/1608/1426
f 814/1607/1425 820/1608/1426 815/1609/1427
f 815/1609/1427 820/1608/1426 819/1610/1428
f 815/1609/1427 819/1610/1428 816/1611/1429
f 816/1611/1429 819/1610/1428 818/1612/1430
f 816/1611/1429 818/1612/1430 817/1613/1431
f 822/1604/1422 828/1603/1421 823/1614/1432
f 823/1614/1432 828/1603/1421 827/1615/1433
f 823/1614/1432 827/1615/1433 824/1616/1434
f 824/1616/1434 827/1615/1433 826/1617/1435
f 824/1616/1434 826/1617/1435 825/1618/1436
usemtl Plastic_-_Matte_(Black)_(1)_(1)
f 830/1619/1437 686/1620/1438 829/1621/1439
f 829/1621/1439 686/1620/1438 685/1622/1440
f 829/1623/1439 685/1624/1440 844/1625/1441
f 844/1625/1441 685/1624/1440 700/1626/1442
f 844/1625/1441 700/1626/1442 843/1627/1443
f 843/1627/1443 700/1626/1442 699/1628/1444
f 843/1627/1443 699/1628/1444 842/1629/1445
f 842/1629/1445 699/1628/1444 698/1630/1446
f 842/1629/1445 698/1630/1446 841/1631/1447
f 841/1631/1447 698/1630/1446 697/1632/1448
f 841/1631/1447 697/1632/1448 840/1633/1449
f 840/1633/1449 697/1632/1448 696/1634/1450
f 840/1633/1449 696/1634/1450 839/1635/1451
f 839/1635/1451 696/1634/1450 695/1636/1452
f 839/1635/1451 695/1636/1452 838/1637/1453
f 838/1637/1453 695/1636/1452 694/1638/1454
f 838/1637/1453 694/1638/1454 837/1639/1455
f 837/1639/1455 694/1638/1454 693/1640/1456
f 837/1639/1455 693/1640/1456 836/1641/1457
f 836/1641/1457 693/1640/1456 692/1642/1458
f 836/1641/1457 692/1642/1458 835/1643/1459
f 835/1643/1459 692/1642/1458 691/1644/1460
f 835/1643/1459 691/1644/1460 834/1645/1461
f 834/1645/1461 691/1644/1460 690/1646/1462
f 834/1645/1461 690/1646/1462 833/1647/1463
f 833/1647/1463 690/1646/1462 689/1648/1464
f 833/1647/1463 689/1648/1464 832/1649/1465
f 832/1649/1465 689/1648/1464 688/1650/1466
f 832/1649/1465 688/1650/1466 831/1651/1467
f 831/1651/1467 688/1650/1466 687/1652/1468
f 831/1651/1467 687/1652/1468 830/1619/1437
f 830/1619/1437 687/1652/1468 686/1620/1438
usemtl Plastic_-_Matte_(Black)
f 844/1653/1469 838/1654/1470 829/1655/1471
f 829/1655/1471 838/1654/1470 837/1656/1472
f 829/1655/1471 837/1656/1472 830/1657/1473
f 830/1657/1473 837/1656/1472 836/1658/1474
f 830/1657/1473 836/1658/1474 831/1659/1475
f 831/1659/1475 836/1658/1474 835/1660/1476
f 831/1659/1475 835/1660/1476 832/1661/1477
f 832/1661/1477 835/1660/1476 834/1662/1478
f 832/1661/1477 834/1662/1478 833/1663/1479
f 838/1654/1470 844/1653/1469 839/1664/1480
f 839/1664/1480 844/1653/1469 843/1665/1481
f 839/1664/1480 843/1665/1481 840/1666/1482
f 840/1666/1482 843/1665/1481 842/1667/1483
f 840/1666/1482 842/1667/1483 841/1668/1484
usemtl Plastic_-_Matte_(Black)_(1)_(1)
f 846/1669/1485 670/1670/1486 845/1671/1487
f 845/1671/1487 670/1670/1486 669/1672/1488
f 845/1673/1487 669/1674/1488 860/1675/1489
f 860/1675/1489 669/1674/1488 684/1676/1490
f 860/1675/1489 684/1676/1490 859/1677/1491
f 859/1677/1491 684/1676/1490 683/1678/1492
f 859/1677/1491 683/1678/1492 858/1679/1493
f 858/1679/1493 683/1678/1492 682/1680/1494
f 858/1679/1493 682/1680/1494 857/1681/1495
f 857/1681/1495 682/1680/1494 681/1682/1496
f 857/1681/1495 681/1682/1496 856/1683/1497
f 856/1683/1497 681/1682/1496 680/1684/1498
f 856/1683/1497 680/1684/1498 855/1685/1499
f 855/1685/1499 680/1684/1498 679/1686/1500
f 855/1685/1499 679/1686/1500 854/1687/1501
f 854/1687/1501 679/1686/1500 678/1688/1502
f 854/1687/1501 678/1688/1502 853/1689/1503
f 853/1689/1503 678/1688/1502 677/1690/1504
f 853/1689/1503 677/1690/1504 852/1691/1505
f 852/1691/1505 677/1690/1504 676/1692/1506
f 852/1691/1505 676/1692/1506 851/1693/1507
f 851/1693/1507 676/1692/1506 675/1694/1508
f 851/1693/1507 675/1694/1508 850/1695/1509
f 850/1695/1509 675/1694/1508 674/1696/1510
f 850/1695/1509 674/1696/1510 849/1697/1511
f 849/1697/1511 674/1696/1510 673/1698/1512
f 849/1697/1511 673/1698/1512 848/1699/1513
f 848/1699/1513 673/1698/1512 672/1700/1514
f 848/1699/1513 672/1700/1514 847/1701/1515
f 847/1701/1515 672/1700/1514 671/1702/1516
f 847/1701/1515 671/1702/1516 846/1669/1485
f 846/1669/1485 671/1702/1516 670/1670/1486
usemtl Plastic_-_Matte_(Black)
f 860/1703/1517 854/1704/1518 845/1705/1519
f 845/1705/1519 854/1704/1518 853/1706/1520
f 845/1705/1519 853/1706/1520 846/1707/1521
f 846/1707/1521 853/1706/1520 852/1708/1522
f 846/1707/1521 852/1708/1522 847/1709/1523
f 847/1709/1523 852/1708/1522 851/1710/1524
f 847/1709/1523 851/1710/1524 848/1711/1525
f 848/1711/1525 851/1710/1524 850/1712/1526
f 848/1711/1525 850/1712/1526 849/1713/1527
f 854/1704/1518 860/1703/1517 855/1714/1528
f 855/1714/1528 860/1703/1517 859/1715/1529
f 855/1714/1528 859/1715/1529 856/1716/1530
f 856/1716/1530 859/1715/1529 858/1717/1531
f 856/1716/1530 858/1717/1531 857/1718/1532
# 860 vertices
# 1718 texture params
# 1532 normals
# 1716 facets

# 1 groups
