# WaveFront *.obj file (generated by Autodesk ATF)

mtllib Era.mtl

g Body351

v 78.598585 -406.420530 17.590792
v 83.474889 -417.381985 17.851891
v 84.641934 -416.826460 19.378128
v 79.765630 -405.865005 19.117029
v 86.656181 -402.950453 12.787282
v 85.489136 -403.505979 11.261045
v 91.532485 -413.911908 13.048381
v 90.365440 -414.467434 11.522145
v 84.949910 -402.106056 11.163819
v 91.045289 -415.807875 11.490193
v 90.170006 -416.224519 10.345515
v 84.074627 -402.522700 10.019141
v 84.610915 -417.299188 17.346210
v 84.816049 -417.307641 17.192429
v 84.996501 -417.472419 17.114422
v 85.067836 -417.716422 17.148689
v 84.996674 -417.925477 17.279196
v 84.816314 -418.001765 17.444877
v 84.611147 -417.909591 17.568209
v 84.477175 -417.692083 17.591482
v 84.477083 -417.451016 17.503808
v 84.435858 -417.382517 17.117274
v 84.302026 -417.534345 17.274873
v 84.302118 -417.775412 17.362547
v 84.436091 -417.992920 17.339273
v 84.641257 -418.085094 17.215942
v 84.821617 -418.008806 17.050260
v 84.892779 -417.799751 16.919754
v 84.821445 -417.555748 16.885487
v 84.640992 -417.390970 16.963494
v 84.398455 -402.737027 12.208279
v 84.603589 -402.745480 12.054499
v 84.784041 -402.910258 11.976492
v 84.855376 -403.154261 12.010758
v 84.784214 -403.363316 12.141265
v 84.603854 -403.439604 12.306946
v 84.398687 -403.347430 12.430278
v 84.264715 -403.129922 12.453552
v 84.264623 -402.888855 12.365878
v 84.223398 -402.820356 11.979344
v 84.089566 -402.972184 12.136942
v 84.089658 -403.213251 12.224616
v 84.223631 -403.430759 12.201343
v 84.428797 -403.522933 12.078011
v 84.609157 -403.446645 11.912330
v 84.680319 -403.237590 11.781823
v 84.608984 -402.993587 11.747556
v 84.428532 -402.828809 11.825563
v 79.125074 -404.967551 17.052473
v 79.330208 -404.976004 16.898693
v 79.510660 -405.140782 16.820686
v 79.581994 -405.384785 16.854953
v 79.510833 -405.593840 16.985459
v 79.330473 -405.670128 17.151140
v 79.125306 -405.577954 17.274472
v 78.991334 -405.360446 17.297746
v 78.991242 -405.119379 17.210072
v 78.950017 -405.050880 16.823538
v 78.816185 -405.202708 16.981136
v 78.816277 -405.443775 17.068810
v 78.950250 -405.661283 17.045537
v 79.155416 -405.753457 16.922205
v 79.335776 -405.677169 16.756524
v 79.406938 -405.468114 16.626017
v 79.335603 -405.224111 16.591750
v 79.155151 -405.059333 16.669757
v 89.884296 -415.068664 12.502016
v 90.089430 -415.077117 12.348235
v 90.269882 -415.241895 12.270228
v 90.341217 -415.485898 12.304495
v 90.270055 -415.694953 12.435002
v 90.089695 -415.771241 12.600683
v 89.884529 -415.679067 12.724015
v 89.750556 -415.461559 12.747288
v 89.750464 -415.220492 12.659614
v 89.709239 -415.151993 12.273080
v 89.575407 -415.303821 12.430679
v 89.575499 -415.544888 12.518353
v 89.709472 -415.762396 12.495079
v 89.914638 -415.854570 12.371748
v 90.094998 -415.778282 12.206066
v 90.166160 -415.569226 12.075560
v 90.094826 -415.325224 12.041293
v 89.914374 -415.160446 12.119300
v 86.368709 -416.555680 15.731478
v 86.573843 -416.564133 15.577698
v 86.754295 -416.728911 15.499691
v 86.825629 -416.972914 15.533958
v 86.754468 -417.181969 15.664464
v 86.574107 -417.258257 15.830146
v 86.368941 -417.166083 15.953477
v 86.234968 -416.948575 15.976751
v 86.234877 -416.707508 15.889077
v 86.193652 -416.639009 15.502543
v 86.059820 -416.790837 15.660141
v 86.059912 -417.031904 15.747815
v 86.193884 -417.249412 15.724542
v 86.399051 -417.341586 15.601210
v 86.579411 -417.265298 15.435529
v 86.650573 -417.056243 15.305022
v 86.579238 -416.812240 15.270755
v 86.398786 -416.647462 15.348763
v 82.640661 -403.480535 13.823011
v 82.845795 -403.488988 13.669230
v 83.026248 -403.653766 13.591223
v 83.097582 -403.897769 13.625490
v 83.026420 -404.106824 13.755997
v 82.846060 -404.183112 13.921678
v 82.640894 -404.090938 14.045009
v 82.506921 -403.873430 14.068283
v 82.506829 -403.632363 13.980609
v 82.465604 -403.563864 13.594075
v 82.331772 -403.715692 13.751673
v 82.331864 -403.956759 13.839348
v 82.465837 -404.174267 13.816074
v 82.671003 -404.266441 13.692742
v 82.851363 -404.190153 13.527061
v 82.922525 -403.981098 13.396554
v 82.851191 -403.737095 13.362288
v 82.670739 -403.572317 13.440295
v 80.882867 -404.224043 15.437742
v 81.088002 -404.232496 15.283961
v 81.268454 -404.397274 15.205954
v 81.339788 -404.641277 15.240221
v 81.268627 -404.850332 15.370728
v 81.088266 -404.926620 15.536409
v 80.883100 -404.834446 15.659741
v 80.749127 -404.616938 15.683014
v 80.749035 -404.375871 15.595340
v 80.707811 -404.307372 15.208806
v 80.573979 -404.459200 15.366405
v 80.574070 -404.700267 15.454079
v 80.708043 -404.917775 15.430805
v 80.913210 -405.009949 15.307474
v 81.093570 -404.933661 15.141792
v 81.164731 -404.724606 15.011286
v 81.093397 -404.480603 14.977019
v 80.912945 -404.315825 15.055026
v 88.126502 -415.812172 14.116747
v 88.331637 -415.820625 13.962967
v 88.512089 -415.985403 13.884960
v 88.583423 -416.229406 13.919226
v 88.512261 -416.438461 14.049733
v 88.331901 -416.514749 14.215414
v 88.126735 -416.422575 14.338746
v 87.992762 -416.205067 14.362020
v 87.992670 -415.964000 14.274345
v 87.951445 -415.895501 13.887812
v 87.817613 -416.047329 14.045410
v 87.817705 -416.288396 14.133084
v 87.951678 -416.505904 14.109810
v 88.156844 -416.598078 13.986479
v 88.337205 -416.521790 13.820798
v 88.408366 -416.312735 13.690291
v 88.337032 -416.068732 13.656024
v 88.156580 -415.903954 13.734031
v 83.138831 -419.198551 16.804441
v 84.014115 -418.781907 17.949118
v 77.918736 -405.080089 17.622744
v 77.043452 -405.496732 16.478067
v 87.500001 -405.100006 1.500000
v 75.500001 -405.100006 1.500000
v 75.500001 -405.100006 3.500000
v 87.500001 -405.100006 3.500000
v 87.500001 -414.900006 3.500000
v 87.500001 -414.900006 1.500000
v 75.500001 -414.900006 3.500000
v 75.500001 -414.900006 1.500000
v 89.000001 -415.000006 1.500000
v 74.000001 -415.000006 1.500000
v 74.000001 -415.000006 0.000000
v 89.000001 -415.000006 0.000000
v 75.125001 -406.250006 1.800000
v 75.037268 -406.491051 1.800000
v 74.815119 -406.619309 1.800000
v 74.562501 -406.574766 1.800000
v 74.397616 -406.378264 1.800000
v 74.397616 -406.121748 1.800000
v 74.562501 -405.925247 1.800000
v 74.815119 -405.880703 1.800000
v 75.037268 -406.008961 1.800000
v 75.125001 -406.250006 1.500000
v 75.037268 -406.008961 1.500000
v 74.815119 -405.880703 1.500000
v 74.562501 -405.925247 1.500000
v 74.397616 -406.121748 1.500000
v 74.397616 -406.378264 1.500000
v 74.562501 -406.574766 1.500000
v 74.815119 -406.619309 1.500000
v 75.037268 -406.491051 1.500000
v 88.625001 -413.750006 1.800000
v 88.537268 -413.991052 1.800000
v 88.315119 -414.119309 1.800000
v 88.062501 -414.074766 1.800000
v 87.897617 -413.878264 1.800000
v 87.897617 -413.621749 1.800000
v 88.062501 -413.425247 1.800000
v 88.315119 -413.380703 1.800000
v 88.537268 -413.508961 1.800000
v 88.625001 -413.750006 1.500000
v 88.537268 -413.508961 1.500000
v 88.315119 -413.380703 1.500000
v 88.062501 -413.425247 1.500000
v 87.897617 -413.621749 1.500000
v 87.897617 -413.878264 1.500000
v 88.062501 -414.074766 1.500000
v 88.315119 -414.119309 1.500000
v 88.537268 -413.991052 1.500000
v 88.625001 -406.250006 1.800000
v 88.537268 -406.491051 1.800000
v 88.315119 -406.619309 1.800000
v 88.062501 -406.574766 1.800000
v 87.897617 -406.378264 1.800000
v 87.897617 -406.121748 1.800000
v 88.062501 -405.925247 1.800000
v 88.315119 -405.880703 1.800000
v 88.537268 -406.008961 1.800000
v 88.625001 -406.250006 1.500000
v 88.537268 -406.008961 1.500000
v 88.315119 -405.880703 1.500000
v 88.062501 -405.925247 1.500000
v 87.897617 -406.121748 1.500000
v 87.897617 -406.378264 1.500000
v 88.062501 -406.574766 1.500000
v 88.315119 -406.619309 1.500000
v 88.537268 -406.491051 1.500000
v 75.125001 -413.750006 1.800000
v 75.037268 -413.991052 1.800000
v 74.815119 -414.119309 1.800000
v 74.562501 -414.074766 1.800000
v 74.397616 -413.878264 1.800000
v 74.397616 -413.621749 1.800000
v 74.562501 -413.425247 1.800000
v 74.815119 -413.380703 1.800000
v 75.037268 -413.508961 1.800000
v 75.125001 -413.750006 1.500000
v 75.037268 -413.508961 1.500000
v 74.815119 -413.380703 1.500000
v 74.562501 -413.425247 1.500000
v 74.397616 -413.621749 1.500000
v 74.397616 -413.878264 1.500000
v 74.562501 -414.074766 1.500000
v 74.815119 -414.119309 1.500000
v 75.037268 -413.991052 1.500000
v 75.125001 -408.750006 1.800000
v 75.037268 -408.991051 1.800000
v 74.815119 -409.119309 1.800000
v 74.562501 -409.074766 1.800000
v 74.397616 -408.878264 1.800000
v 74.397616 -408.621749 1.800000
v 74.562501 -408.425247 1.800000
v 74.815119 -408.380703 1.800000
v 75.037268 -408.508961 1.800000
v 75.125001 -408.750006 1.500000
v 75.037268 -408.508961 1.500000
v 74.815119 -408.380703 1.500000
v 74.562501 -408.425247 1.500000
v 74.397616 -408.621749 1.500000
v 74.397616 -408.878264 1.500000
v 74.562501 -409.074766 1.500000
v 74.815119 -409.119309 1.500000
v 75.037268 -408.991051 1.500000
v 88.625001 -411.250006 1.800000
v 88.537268 -411.491051 1.800000
v 88.315119 -411.619309 1.800000
v 88.062501 -411.574766 1.800000
v 87.897617 -411.378264 1.800000
v 87.897617 -411.121749 1.800000
v 88.062501 -410.925247 1.800000
v 88.315119 -410.880703 1.800000
v 88.537268 -411.008961 1.800000
v 88.625001 -411.250006 1.500000
v 88.537268 -411.008961 1.500000
v 88.315119 -410.880703 1.500000
v 88.062501 -410.925247 1.500000
v 87.897617 -411.121749 1.500000
v 87.897617 -411.378264 1.500000
v 88.062501 -411.574766 1.500000
v 88.315119 -411.619309 1.500000
v 88.537268 -411.491051 1.500000
v 88.625001 -408.750006 1.800000
v 88.537268 -408.991051 1.800000
v 88.315119 -409.119309 1.800000
v 88.062501 -409.074766 1.800000
v 87.897617 -408.878264 1.800000
v 87.897617 -408.621749 1.800000
v 88.062501 -408.425247 1.800000
v 88.315119 -408.380703 1.800000
v 88.537268 -408.508961 1.800000
v 88.625001 -408.750006 1.500000
v 88.537268 -408.508961 1.500000
v 88.315119 -408.380703 1.500000
v 88.062501 -408.425247 1.500000
v 87.897617 -408.621749 1.500000
v 87.897617 -408.878264 1.500000
v 88.062501 -409.074766 1.500000
v 88.315119 -409.119309 1.500000
v 88.537268 -408.991051 1.500000
v 75.125001 -411.250006 1.800000
v 75.037268 -411.491051 1.800000
v 74.815119 -411.619309 1.800000
v 74.562501 -411.574766 1.800000
v 74.397616 -411.378264 1.800000
v 74.397616 -411.121749 1.800000
v 74.562501 -410.925247 1.800000
v 74.815119 -410.880703 1.800000
v 75.037268 -411.008961 1.800000
v 75.125001 -411.250006 1.500000
v 75.037268 -411.008961 1.500000
v 74.815119 -410.880703 1.500000
v 74.562501 -410.925247 1.500000
v 74.397616 -411.121749 1.500000
v 74.397616 -411.378264 1.500000
v 74.562501 -411.574766 1.500000
v 74.815119 -411.619309 1.500000
v 75.037268 -411.491051 1.500000
v 74.000001 -405.000006 0.000000
v 74.000001 -405.000006 1.500000
v 89.000001 -405.000006 1.500000
v 89.000001 -405.000006 0.000000
v 78.070797 -404.802646 8.426845
v 87.467723 -408.222847 8.426845
v 82.818090 -420.997609 2.087570
v 73.421164 -417.577407 2.087570
v 77.482987 -406.710021 9.152379
v 86.691975 -410.061818 9.152379
v 82.972268 -420.281627 4.080960
v 73.763281 -416.929830 4.080960
v 79.426149 -419.352623 3.922478
v 79.625463 -419.509783 3.885400
v 79.677125 -419.742843 3.791516
v 79.556962 -419.942751 3.684755
v 79.321201 -420.015967 3.615072
v 79.080155 -419.928234 3.615072
v 78.946614 -419.720602 3.684755
v 78.983062 -419.490225 3.791516
v 79.172446 -419.344899 3.885400
v 77.076918 -418.497572 3.922478
v 77.276231 -418.654733 3.885400
v 77.327893 -418.887793 3.791516
v 77.207731 -419.087700 3.684755
v 76.971969 -419.160917 3.615072
v 76.730924 -419.073183 3.615072
v 76.597382 -418.865552 3.684755
v 76.633831 -418.635175 3.791516
v 76.823214 -418.489848 3.885400
v 81.775381 -420.207673 3.922478
v 81.974694 -420.364834 3.885400
v 82.026356 -420.597893 3.791516
v 81.906194 -420.797801 3.684755
v 81.670432 -420.871018 3.615072
v 81.429387 -420.783284 3.615072
v 81.295846 -420.575652 3.684755
v 81.332294 -420.345275 3.791516
v 81.521677 -420.199949 3.885400
v 74.727686 -417.642522 3.922478
v 74.926999 -417.799683 3.885400
v 74.978662 -418.032742 3.791516
v 74.858499 -418.232650 3.684755
v 74.622737 -418.305866 3.615072
v 74.381692 -418.218133 3.615072
v 74.248151 -418.010501 3.684755
v 74.284599 -417.780124 3.791516
v 74.473982 -417.634798 3.885400
v 85.960050 -408.710388 9.627824
v 86.159364 -408.867549 9.590747
v 86.211026 -409.100608 9.496863
v 86.090863 -409.300516 9.390102
v 85.855102 -409.373732 9.320418
v 85.614056 -409.285999 9.320418
v 85.480515 -409.078367 9.390102
v 85.516963 -408.847990 9.496863
v 85.706347 -408.702664 9.590747
v 78.912356 -406.145237 9.627824
v 79.111669 -406.302397 9.590747
v 79.163331 -406.535457 9.496863
v 79.043169 -406.735365 9.390102
v 78.807407 -406.808581 9.320418
v 78.566362 -406.720848 9.320418
v 78.432820 -406.513216 9.390102
v 78.469269 -406.282839 9.496863
v 78.658652 -406.137513 9.590747
v 83.610819 -407.855338 9.627824
v 83.810132 -408.012498 9.590747
v 83.861794 -408.245558 9.496863
v 83.741632 -408.445465 9.390102
v 83.505870 -408.518682 9.320418
v 83.264825 -408.430949 9.320418
v 83.131284 -408.223317 9.390102
v 83.167732 -407.992940 9.496863
v 83.357115 -407.847613 9.590747
v 81.261587 -407.000287 9.627824
v 81.460901 -407.157448 9.590747
v 81.512563 -407.390507 9.496863
v 81.392400 -407.590415 9.390102
v 81.156639 -407.663632 9.320418
v 80.915593 -407.575898 9.320418
v 80.782052 -407.368267 9.390102
v 80.818500 -407.137889 9.496863
v 81.007884 -406.992563 9.590747
v 77.853981 -405.398343 9.786306
v 73.204348 -418.173104 3.447032
v 82.601274 -421.593305 3.447032
v 87.250907 -408.818544 9.786306
v 73.474193 -417.724092 5.893575
v 82.683180 -421.075890 5.893575
v 79.382786 -419.471762 4.194370
v 79.129082 -419.464038 4.157292
v 78.939699 -419.609364 4.063408
v 78.903251 -419.839741 3.956647
v 79.036792 -420.047373 3.886964
v 79.277837 -420.135107 3.886964
v 79.513599 -420.061890 3.956647
v 79.633762 -419.861982 4.063408
v 79.582099 -419.628923 4.157292
v 81.218224 -407.119427 9.899717
v 80.964520 -407.111702 9.862639
v 80.775137 -407.257029 9.768755
v 80.738689 -407.487406 9.661994
v 80.872230 -407.695038 9.592311
v 81.113275 -407.782771 9.592311
v 81.349037 -407.709554 9.661994
v 81.469200 -407.509647 9.768755
v 81.417537 -407.276587 9.862639
v 83.567456 -407.974477 9.899717
v 83.313752 -407.966753 9.862639
v 83.124369 -408.112079 9.768755
v 83.087920 -408.342456 9.661994
v 83.221462 -408.550088 9.592311
v 83.462507 -408.637821 9.592311
v 83.698269 -408.564605 9.661994
v 83.818431 -408.364697 9.768755
v 83.766769 -408.131638 9.862639
v 77.033555 -418.616712 4.194370
v 76.779851 -418.608988 4.157292
v 76.590468 -418.754314 4.063408
v 76.554019 -418.984691 3.956647
v 76.687560 -419.192323 3.886964
v 76.928606 -419.280056 3.886964
v 77.164367 -419.206840 3.956647
v 77.284530 -419.006932 4.063408
v 77.232868 -418.773872 4.157292
v 81.732018 -420.326813 4.194370
v 81.478314 -420.319088 4.157292
v 81.288931 -420.464415 4.063408
v 81.252482 -420.694792 3.956647
v 81.386024 -420.902424 3.886964
v 81.627069 -420.990157 3.886964
v 81.862831 -420.916940 3.956647
v 81.982993 -420.717033 4.063408
v 81.931331 -420.483973 4.157292
v 78.868993 -406.264376 9.899717
v 78.615289 -406.256652 9.862639
v 78.425905 -406.401978 9.768755
v 78.389457 -406.632356 9.661994
v 78.522998 -406.839987 9.592311
v 78.764044 -406.927721 9.592311
v 78.999805 -406.854504 9.661994
v 79.119968 -406.654596 9.768755
v 79.068306 -406.421537 9.862639
v 85.916687 -408.829527 9.899717
v 85.662984 -408.821803 9.862639
v 85.473600 -408.967130 9.768755
v 85.437152 -409.197507 9.661994
v 85.570693 -409.405138 9.592311
v 85.811738 -409.492872 9.592311
v 86.047500 -409.419655 9.661994
v 86.167663 -409.219748 9.768755
v 86.116001 -408.986688 9.862639
v 74.684323 -417.761661 4.194370
v 74.430619 -417.753937 4.157292
v 74.241236 -417.899264 4.063408
v 74.204788 -418.129641 3.956647
v 74.338329 -418.337272 3.886964
v 74.579374 -418.425006 3.886964
v 74.815136 -418.351789 3.956647
v 74.935298 -418.151882 4.063408
v 74.883636 -417.918822 4.157292
v 86.402887 -410.856081 10.964994
v 77.193899 -407.504283 10.964994
vt -0.100000 -0.600000 0.000000
vt 0.100000 -0.600000 0.000000
vt -0.100000 0.600000 0.000000
vt 0.100000 0.600000 0.000000
vt 0.990000 0.200000 0.000000
vt 0.010000 0.200000 0.000000
vt 0.990000 0.000000 0.000000
vt 0.010000 0.000000 0.000000
vt 0.600000 0.490000 0.000000
vt -0.600000 0.490000 0.000000
vt 0.600000 -0.490000 0.000000
vt -0.600000 -0.490000 0.000000
vt 0.100000 0.600000 0.000000
vt -0.100000 0.600000 0.000000
vt 0.100000 -0.600000 0.000000
vt -0.100000 -0.600000 0.000000
vt 1.500000 0.150000 0.000000
vt 0.000000 0.150000 0.000000
vt 1.500000 0.000000 0.000000
vt 0.000000 0.000000 0.000000
vt -0.030000 0.091630 0.000000
vt -0.000000 0.091630 0.000000
vt -0.030000 0.117810 0.000000
vt -0.000000 0.117810 0.000000
vt -0.030000 -0.117810 0.000000
vt -0.000000 -0.117810 0.000000
vt -0.030000 -0.091630 0.000000
vt 0.000000 -0.091630 0.000000
vt -0.030000 -0.065450 0.000000
vt 0.000000 -0.065450 0.000000
vt -0.030000 -0.039270 0.000000
vt -0.000000 -0.039270 0.000000
vt -0.030000 -0.013090 0.000000
vt -0.000000 -0.013090 0.000000
vt -0.030000 0.013090 0.000000
vt -0.000000 0.013090 0.000000
vt -0.030000 0.039270 0.000000
vt -0.000000 0.039270 0.000000
vt -0.030000 0.065450 0.000000
vt 0.000000 0.065450 0.000000
vt -0.037500 0.000000 0.000000
vt -0.028727 -0.024105 0.000000
vt -0.028727 0.024105 0.000000
vt -0.006512 -0.036930 0.000000
vt -0.006512 0.036930 0.000000
vt 0.018750 -0.032476 0.000000
vt 0.018750 0.032476 0.000000
vt 0.035238 -0.012826 0.000000
vt 0.035238 0.012826 0.000000
vt -0.030000 0.091630 0.000000
vt -0.000000 0.091630 0.000000
vt -0.030000 0.117810 0.000000
vt -0.000000 0.117810 0.000000
vt -0.030000 -0.117810 0.000000
vt -0.000000 -0.117810 0.000000
vt -0.030000 -0.091630 0.000000
vt 0.000000 -0.091630 0.000000
vt -0.030000 -0.065450 0.000000
vt 0.000000 -0.065450 0.000000
vt -0.030000 -0.039270 0.000000
vt -0.000000 -0.039270 0.000000
vt -0.030000 -0.013090 0.000000
vt -0.000000 -0.013090 0.000000
vt -0.030000 0.013090 0.000000
vt -0.000000 0.013090 0.000000
vt -0.030000 0.039270 0.000000
vt -0.000000 0.039270 0.000000
vt -0.030000 0.065450 0.000000
vt 0.000000 0.065450 0.000000
vt -0.037500 -0.000000 0.000000
vt -0.028727 -0.024105 0.000000
vt -0.028727 0.024105 0.000000
vt -0.006512 -0.036930 0.000000
vt -0.006512 0.036930 0.000000
vt 0.018750 -0.032476 0.000000
vt 0.018750 0.032476 0.000000
vt 0.035238 -0.012826 0.000000
vt 0.035238 0.012826 0.000000
vt -0.030000 0.091630 0.000000
vt -0.000000 0.091630 0.000000
vt -0.030000 0.117810 0.000000
vt 0.000000 0.117810 0.000000
vt -0.030000 -0.117810 0.000000
vt 0.000000 -0.117810 0.000000
vt -0.030000 -0.091630 0.000000
vt 0.000000 -0.091630 0.000000
vt -0.030000 -0.065450 0.000000
vt 0.000000 -0.065450 0.000000
vt -0.030000 -0.039270 0.000000
vt 0.000000 -0.039270 0.000000
vt -0.030000 -0.013090 0.000000
vt 0.000000 -0.013090 0.000000
vt -0.030000 0.013090 0.000000
vt -0.000000 0.013090 0.000000
vt -0.030000 0.039270 0.000000
vt -0.000000 0.039270 0.000000
vt -0.030000 0.065450 0.000000
vt -0.000000 0.065450 0.000000
vt -0.037500 -0.000000 0.000000
vt -0.028727 -0.024105 0.000000
vt -0.028727 0.024105 0.000000
vt -0.006512 -0.036930 0.000000
vt -0.006512 0.036930 0.000000
vt 0.018750 -0.032476 0.000000
vt 0.018750 0.032476 0.000000
vt 0.035238 -0.012826 0.000000
vt 0.035238 0.012826 0.000000
vt -0.030000 0.091630 0.000000
vt -0.000000 0.091630 0.000000
vt -0.030000 0.117810 0.000000
vt -0.000000 0.117810 0.000000
vt -0.030000 -0.117810 0.000000
vt -0.000000 -0.117810 0.000000
vt -0.030000 -0.091630 0.000000
vt 0.000000 -0.091630 0.000000
vt -0.030000 -0.065450 0.000000
vt 0.000000 -0.065450 0.000000
vt -0.030000 -0.039270 0.000000
vt -0.000000 -0.039270 0.000000
vt -0.030000 -0.013090 0.000000
vt -0.000000 -0.013090 0.000000
vt -0.030000 0.013090 0.000000
vt -0.000000 0.013090 0.000000
vt -0.030000 0.039270 0.000000
vt -0.000000 0.039270 0.000000
vt -0.030000 0.065450 0.000000
vt 0.000000 0.065450 0.000000
vt -0.037500 -0.000000 0.000000
vt -0.028727 -0.024105 0.000000
vt -0.028727 0.024105 0.000000
vt -0.006512 -0.036930 0.000000
vt -0.006512 0.036930 0.000000
vt 0.018750 -0.032476 0.000000
vt 0.018750 0.032476 0.000000
vt 0.035238 -0.012826 0.000000
vt 0.035238 0.012826 0.000000
vt -0.030000 0.091630 0.000000
vt -0.000000 0.091630 0.000000
vt -0.030000 0.117810 0.000000
vt 0.000000 0.117810 0.000000
vt -0.030000 -0.117810 0.000000
vt 0.000000 -0.117810 0.000000
vt -0.030000 -0.091630 0.000000
vt 0.000000 -0.091630 0.000000
vt -0.030000 -0.065450 0.000000
vt 0.000000 -0.065450 0.000000
vt -0.030000 -0.039270 0.000000
vt -0.000000 -0.039270 0.000000
vt -0.030000 -0.013090 0.000000
vt 0.000000 -0.013090 0.000000
vt -0.030000 0.013090 0.000000
vt -0.000000 0.013090 0.000000
vt -0.030000 0.039270 0.000000
vt -0.000000 0.039270 0.000000
vt -0.030000 0.065450 0.000000
vt -0.000000 0.065450 0.000000
vt -0.037500 0.000000 0.000000
vt -0.028727 -0.024105 0.000000
vt -0.028727 0.024105 0.000000
vt -0.006512 -0.036930 0.000000
vt -0.006512 0.036930 0.000000
vt 0.018750 -0.032476 0.000000
vt 0.018750 0.032476 0.000000
vt 0.035238 -0.012826 0.000000
vt 0.035238 0.012826 0.000000
vt -0.030000 0.091630 0.000000
vt -0.000000 0.091630 0.000000
vt -0.030000 0.117810 0.000000
vt 0.000000 0.117810 0.000000
vt -0.030000 -0.117810 0.000000
vt 0.000000 -0.117810 0.000000
vt -0.030000 -0.091630 0.000000
vt 0.000000 -0.091630 0.000000
vt -0.030000 -0.065450 0.000000
vt 0.000000 -0.065450 0.000000
vt -0.030000 -0.039270 0.000000
vt -0.000000 -0.039270 0.000000
vt -0.030000 -0.013090 0.000000
vt 0.000000 -0.013090 0.000000
vt -0.030000 0.013090 0.000000
vt -0.000000 0.013090 0.000000
vt -0.030000 0.039270 0.000000
vt -0.000000 0.039270 0.000000
vt -0.030000 0.065450 0.000000
vt -0.000000 0.065450 0.000000
vt -0.037500 -0.000000 0.000000
vt -0.028727 -0.024105 0.000000
vt -0.028727 0.024105 0.000000
vt -0.006512 -0.036930 0.000000
vt -0.006512 0.036930 0.000000
vt 0.018750 -0.032476 0.000000
vt 0.018750 0.032476 0.000000
vt 0.035238 -0.012826 0.000000
vt 0.035238 0.012826 0.000000
vt -0.030000 0.091630 0.000000
vt -0.000000 0.091630 0.000000
vt -0.030000 0.117810 0.000000
vt -0.000000 0.117810 0.000000
vt -0.030000 -0.117810 0.000000
vt -0.000000 -0.117810 0.000000
vt -0.030000 -0.091630 0.000000
vt 0.000000 -0.091630 0.000000
vt -0.030000 -0.065450 0.000000
vt 0.000000 -0.065450 0.000000
vt -0.030000 -0.039270 0.000000
vt -0.000000 -0.039270 0.000000
vt -0.030000 -0.013090 0.000000
vt 0.000000 -0.013090 0.000000
vt -0.030000 0.013090 0.000000
vt -0.000000 0.013090 0.000000
vt -0.030000 0.039270 0.000000
vt -0.000000 0.039270 0.000000
vt -0.030000 0.065450 0.000000
vt -0.000000 0.065450 0.000000
vt -0.037500 0.000000 0.000000
vt -0.028727 -0.024105 0.000000
vt -0.028727 0.024105 0.000000
vt -0.006512 -0.036930 0.000000
vt -0.006512 0.036930 0.000000
vt 0.018750 -0.032476 0.000000
vt 0.018750 0.032476 0.000000
vt 0.035238 -0.012826 0.000000
vt 0.035238 0.012826 0.000000
vt -0.030000 0.091630 0.000000
vt -0.000000 0.091630 0.000000
vt -0.030000 0.117810 0.000000
vt 0.000000 0.117810 0.000000
vt -0.030000 -0.117810 0.000000
vt 0.000000 -0.117810 0.000000
vt -0.030000 -0.091630 0.000000
vt 0.000000 -0.091630 0.000000
vt -0.030000 -0.065450 0.000000
vt 0.000000 -0.065450 0.000000
vt -0.030000 -0.039270 0.000000
vt -0.000000 -0.039270 0.000000
vt -0.030000 -0.013090 0.000000
vt 0.000000 -0.013090 0.000000
vt -0.030000 0.013090 0.000000
vt -0.000000 0.013090 0.000000
vt -0.030000 0.039270 0.000000
vt -0.000000 0.039270 0.000000
vt -0.030000 0.065450 0.000000
vt -0.000000 0.065450 0.000000
vt -0.037500 0.000000 0.000000
vt -0.028727 -0.024105 0.000000
vt -0.028727 0.024105 0.000000
vt -0.006512 -0.036930 0.000000
vt -0.006512 0.036930 0.000000
vt 0.018750 -0.032476 0.000000
vt 0.018750 0.032476 0.000000
vt 0.035238 -0.012826 0.000000
vt 0.035238 0.012826 0.000000
vt 0.010000 0.000000 0.000000
vt 0.990000 0.000000 0.000000
vt 0.010000 0.200000 0.000000
vt 0.990000 0.200000 0.000000
vt 0.000000 0.000000 0.000000
vt 1.000000 -0.000000 0.000000
vt 0.000000 0.150000 0.000000
vt 1.000000 0.150000 0.000000
vt 1.500000 0.150000 0.000000
vt 0.000000 0.150000 0.000000
vt 1.500000 0.000000 0.000000
vt 0.000000 0.000000 0.000000
vt 0.000000 0.000000 0.000000
vt 1.000000 -0.000000 0.000000
vt -0.000000 0.150000 0.000000
vt 1.000000 0.150000 0.000000
vt 0.600000 -0.490000 0.000000
vt 0.639762 -0.112174 0.000000
vt 0.600000 0.490000 0.000000
vt 0.639762 0.112174 0.000000
vt 0.639762 0.137826 0.000000
vt -0.600000 -0.490000 0.000000
vt 0.750000 -0.500000 0.000000
vt 0.681512 -0.411930 0.000000
vt 0.656250 -0.407476 0.000000
vt -0.600000 0.490000 0.000000
vt -0.637500 -0.125000 0.000000
vt -0.637500 -0.375000 0.000000
vt -0.646273 -0.399105 0.000000
vt -0.750000 0.500000 0.000000
vt -0.668488 0.411930 0.000000
vt -0.646273 0.399105 0.000000
vt -0.646273 -0.350895 0.000000
vt -0.646273 -0.149105 0.000000
vt -0.668488 -0.338070 0.000000
vt -0.668488 -0.161930 0.000000
vt -0.693750 -0.342524 0.000000
vt -0.693750 -0.157476 0.000000
vt -0.710238 -0.362174 0.000000
vt -0.710238 -0.137826 0.000000
vt -0.750000 -0.500000 0.000000
vt -0.710238 -0.112174 0.000000
vt -0.710238 0.112174 0.000000
vt -0.693750 0.092524 0.000000
vt -0.693750 -0.092524 0.000000
vt -0.668488 0.088070 0.000000
vt -0.668488 -0.088070 0.000000
vt -0.646273 -0.100895 0.000000
vt -0.646273 0.100895 0.000000
vt -0.637500 0.125000 0.000000
vt -0.637500 0.375000 0.000000
vt -0.710238 0.137826 0.000000
vt -0.710238 0.362174 0.000000
vt -0.693750 0.157476 0.000000
vt -0.693750 0.342524 0.000000
vt -0.668488 0.161930 0.000000
vt -0.668488 0.338070 0.000000
vt -0.646273 0.149105 0.000000
vt -0.646273 0.350895 0.000000
vt -0.668488 -0.411930 0.000000
vt -0.693750 -0.407476 0.000000
vt -0.710238 -0.387826 0.000000
vt -0.710238 0.387826 0.000000
vt -0.693750 0.407476 0.000000
vt 0.703727 -0.399105 0.000000
vt 0.712500 -0.375000 0.000000
vt 0.712500 -0.125000 0.000000
vt 0.703727 -0.149105 0.000000
vt 0.639762 -0.387826 0.000000
vt 0.639762 -0.362174 0.000000
vt 0.639762 -0.137826 0.000000
vt 0.656250 -0.342524 0.000000
vt 0.656250 -0.157476 0.000000
vt 0.681512 -0.338070 0.000000
vt 0.681512 -0.161930 0.000000
vt 0.703727 -0.350895 0.000000
vt 0.703727 0.350895 0.000000
vt 0.703727 0.149105 0.000000
vt 0.712500 0.375000 0.000000
vt 0.712500 0.125000 0.000000
vt 0.750000 0.500000 0.000000
vt 0.681512 0.161930 0.000000
vt 0.681512 0.338070 0.000000
vt 0.656250 0.157476 0.000000
vt 0.656250 0.342524 0.000000
vt 0.639762 0.362174 0.000000
vt 0.639762 0.387826 0.000000
vt 0.656250 0.407476 0.000000
vt 0.681512 0.411930 0.000000
vt 0.703727 0.399105 0.000000
vt 0.656250 0.092524 0.000000
vt 0.656250 -0.092524 0.000000
vt 0.681512 0.088070 0.000000
vt 0.681512 -0.088070 0.000000
vt 0.703727 -0.100895 0.000000
vt 0.703727 0.100895 0.000000
vt -0.750000 -0.500000 0.000000
vt 0.750000 -0.500000 0.000000
vt -0.750000 0.500000 0.000000
vt 0.750000 0.500000 0.000000
vt -0.100000 -0.600000 0.000000
vt 0.100000 -0.600000 0.000000
vt -0.100000 0.600000 0.000000
vt 0.100000 0.600000 0.000000
vt 0.990000 0.200000 0.000000
vt 0.010000 0.200000 0.000000
vt 0.990000 0.000000 0.000000
vt 0.010000 0.000000 0.000000
vt 0.600000 0.490000 0.000000
vt -0.600000 0.490000 0.000000
vt 0.600000 -0.490000 0.000000
vt -0.600000 -0.490000 0.000000
vt 0.100000 0.600000 0.000000
vt -0.100000 0.600000 0.000000
vt 0.100000 -0.600000 0.000000
vt -0.100000 -0.600000 0.000000
vt 1.500000 0.150000 0.000000
vt 0.000000 0.150000 0.000000
vt 1.500000 0.000000 0.000000
vt 0.000000 0.000000 0.000000
vt -0.030000 0.091630 0.000000
vt -0.000000 0.091630 0.000000
vt -0.030000 0.117810 0.000000
vt -0.000000 0.117810 0.000000
vt -0.030000 -0.117810 0.000000
vt -0.000000 -0.117810 0.000000
vt -0.030000 -0.091630 0.000000
vt -0.000000 -0.091630 0.000000
vt -0.030000 -0.065450 0.000000
vt -0.000000 -0.065450 0.000000
vt -0.030000 -0.039270 0.000000
vt -0.000000 -0.039270 0.000000
vt -0.030000 -0.013090 0.000000
vt -0.000000 -0.013090 0.000000
vt -0.030000 0.013090 0.000000
vt -0.000000 0.013090 0.000000
vt -0.030000 0.039270 0.000000
vt -0.000000 0.039270 0.000000
vt -0.030000 0.065450 0.000000
vt -0.000000 0.065450 0.000000
vt -0.037500 0.000000 0.000000
vt -0.028727 -0.024105 0.000000
vt -0.028727 0.024105 0.000000
vt -0.006512 -0.036930 0.000000
vt -0.006512 0.036930 0.000000
vt 0.018750 -0.032476 0.000000
vt 0.018750 0.032476 0.000000
vt 0.035238 -0.012826 0.000000
vt 0.035238 0.012826 0.000000
vt -0.030000 0.091630 0.000000
vt -0.000000 0.091630 0.000000
vt -0.030000 0.117810 0.000000
vt -0.000000 0.117810 0.000000
vt -0.030000 -0.117810 0.000000
vt -0.000000 -0.117810 0.000000
vt -0.030000 -0.091630 0.000000
vt -0.000000 -0.091630 0.000000
vt -0.030000 -0.065450 0.000000
vt -0.000000 -0.065450 0.000000
vt -0.030000 -0.039270 0.000000
vt -0.000000 -0.039270 0.000000
vt -0.030000 -0.013090 0.000000
vt -0.000000 -0.013090 0.000000
vt -0.030000 0.013090 0.000000
vt -0.000000 0.013090 0.000000
vt -0.030000 0.039270 0.000000
vt -0.000000 0.039270 0.000000
vt -0.030000 0.065450 0.000000
vt -0.000000 0.065450 0.000000
vt -0.037500 0.000000 0.000000
vt -0.028727 -0.024105 0.000000
vt -0.028727 0.024105 0.000000
vt -0.006512 -0.036930 0.000000
vt -0.006512 0.036930 0.000000
vt 0.018750 -0.032476 0.000000
vt 0.018750 0.032476 0.000000
vt 0.035238 -0.012826 0.000000
vt 0.035238 0.012826 0.000000
vt -0.030000 0.091630 0.000000
vt -0.000000 0.091630 0.000000
vt -0.030000 0.117810 0.000000
vt -0.000000 0.117810 0.000000
vt -0.030000 -0.117810 0.000000
vt -0.000000 -0.117810 0.000000
vt -0.030000 -0.091630 0.000000
vt -0.000000 -0.091630 0.000000
vt -0.030000 -0.065450 0.000000
vt -0.000000 -0.065450 0.000000
vt -0.030000 -0.039270 0.000000
vt -0.000000 -0.039270 0.000000
vt -0.030000 -0.013090 0.000000
vt -0.000000 -0.013090 0.000000
vt -0.030000 0.013090 0.000000
vt -0.000000 0.013090 0.000000
vt -0.030000 0.039270 0.000000
vt -0.000000 0.039270 0.000000
vt -0.030000 0.065450 0.000000
vt -0.000000 0.065450 0.000000
vt -0.037500 0.000000 0.000000
vt -0.028727 -0.024105 0.000000
vt -0.028727 0.024105 0.000000
vt -0.006512 -0.036930 0.000000
vt -0.006512 0.036930 0.000000
vt 0.018750 -0.032476 0.000000
vt 0.018750 0.032476 0.000000
vt 0.035238 -0.012826 0.000000
vt 0.035238 0.012826 0.000000
vt -0.030000 0.091630 0.000000
vt -0.000000 0.091630 0.000000
vt -0.030000 0.117810 0.000000
vt -0.000000 0.117810 0.000000
vt -0.030000 -0.117810 0.000000
vt -0.000000 -0.117810 0.000000
vt -0.030000 -0.091630 0.000000
vt -0.000000 -0.091630 0.000000
vt -0.030000 -0.065450 0.000000
vt -0.000000 -0.065450 0.000000
vt -0.030000 -0.039270 0.000000
vt -0.000000 -0.039270 0.000000
vt -0.030000 -0.013090 0.000000
vt -0.000000 -0.013090 0.000000
vt -0.030000 0.013090 0.000000
vt -0.000000 0.013090 0.000000
vt -0.030000 0.039270 0.000000
vt -0.000000 0.039270 0.000000
vt -0.030000 0.065450 0.000000
vt -0.000000 0.065450 0.000000
vt -0.037500 0.000000 0.000000
vt -0.028727 -0.024105 0.000000
vt -0.028727 0.024105 0.000000
vt -0.006512 -0.036930 0.000000
vt -0.006512 0.036930 0.000000
vt 0.018750 -0.032476 0.000000
vt 0.018750 0.032476 0.000000
vt 0.035238 -0.012826 0.000000
vt 0.035238 0.012826 0.000000
vt -0.030000 0.091630 0.000000
vt -0.000000 0.091630 0.000000
vt -0.030000 0.117810 0.000000
vt -0.000000 0.117810 0.000000
vt -0.030000 -0.117810 0.000000
vt -0.000000 -0.117810 0.000000
vt -0.030000 -0.091630 0.000000
vt -0.000000 -0.091630 0.000000
vt -0.030000 -0.065450 0.000000
vt -0.000000 -0.065450 0.000000
vt -0.030000 -0.039270 0.000000
vt -0.000000 -0.039270 0.000000
vt -0.030000 -0.013090 0.000000
vt -0.000000 -0.013090 0.000000
vt -0.030000 0.013090 0.000000
vt -0.000000 0.013090 0.000000
vt -0.030000 0.039270 0.000000
vt -0.000000 0.039270 0.000000
vt -0.030000 0.065450 0.000000
vt -0.000000 0.065450 0.000000
vt -0.037500 0.000000 0.000000
vt -0.028727 -0.024105 0.000000
vt -0.028727 0.024105 0.000000
vt -0.006512 -0.036930 0.000000
vt -0.006512 0.036930 0.000000
vt 0.018750 -0.032476 0.000000
vt 0.018750 0.032476 0.000000
vt 0.035238 -0.012826 0.000000
vt 0.035238 0.012826 0.000000
vt -0.030000 0.091630 0.000000
vt -0.000000 0.091630 0.000000
vt -0.030000 0.117810 0.000000
vt -0.000000 0.117810 0.000000
vt -0.030000 -0.117810 0.000000
vt -0.000000 -0.117810 0.000000
vt -0.030000 -0.091630 0.000000
vt -0.000000 -0.091630 0.000000
vt -0.030000 -0.065450 0.000000
vt -0.000000 -0.065450 0.000000
vt -0.030000 -0.039270 0.000000
vt -0.000000 -0.039270 0.000000
vt -0.030000 -0.013090 0.000000
vt -0.000000 -0.013090 0.000000
vt -0.030000 0.013090 0.000000
vt -0.000000 0.013090 0.000000
vt -0.030000 0.039270 0.000000
vt -0.000000 0.039270 0.000000
vt -0.030000 0.065450 0.000000
vt -0.000000 0.065450 0.000000
vt -0.037500 0.000000 0.000000
vt -0.028727 -0.024105 0.000000
vt -0.028727 0.024105 0.000000
vt -0.006512 -0.036930 0.000000
vt -0.006512 0.036930 0.000000
vt 0.018750 -0.032476 0.000000
vt 0.018750 0.032476 0.000000
vt 0.035238 -0.012826 0.000000
vt 0.035238 0.012826 0.000000
vt -0.030000 0.091630 0.000000
vt -0.000000 0.091630 0.000000
vt -0.030000 0.117810 0.000000
vt -0.000000 0.117810 0.000000
vt -0.030000 -0.117810 0.000000
vt -0.000000 -0.117810 0.000000
vt -0.030000 -0.091630 0.000000
vt -0.000000 -0.091630 0.000000
vt -0.030000 -0.065450 0.000000
vt -0.000000 -0.065450 0.000000
vt -0.030000 -0.039270 0.000000
vt -0.000000 -0.039270 0.000000
vt -0.030000 -0.013090 0.000000
vt -0.000000 -0.013090 0.000000
vt -0.030000 0.013090 0.000000
vt -0.000000 0.013090 0.000000
vt -0.030000 0.039270 0.000000
vt -0.000000 0.039270 0.000000
vt -0.030000 0.065450 0.000000
vt -0.000000 0.065450 0.000000
vt -0.037500 0.000000 0.000000
vt -0.028727 -0.024105 0.000000
vt -0.028727 0.024105 0.000000
vt -0.006512 -0.036930 0.000000
vt -0.006512 0.036930 0.000000
vt 0.018750 -0.032476 0.000000
vt 0.018750 0.032476 0.000000
vt 0.035238 -0.012826 0.000000
vt 0.035238 0.012826 0.000000
vt -0.030000 0.091630 0.000000
vt -0.000000 0.091630 0.000000
vt -0.030000 0.117810 0.000000
vt -0.000000 0.117810 0.000000
vt -0.030000 -0.117810 0.000000
vt -0.000000 -0.117810 0.000000
vt -0.030000 -0.091630 0.000000
vt -0.000000 -0.091630 0.000000
vt -0.030000 -0.065450 0.000000
vt -0.000000 -0.065450 0.000000
vt -0.030000 -0.039270 0.000000
vt -0.000000 -0.039270 0.000000
vt -0.030000 -0.013090 0.000000
vt -0.000000 -0.013090 0.000000
vt -0.030000 0.013090 0.000000
vt -0.000000 0.013090 0.000000
vt -0.030000 0.039270 0.000000
vt -0.000000 0.039270 0.000000
vt -0.030000 0.065450 0.000000
vt -0.000000 0.065450 0.000000
vt -0.037500 0.000000 0.000000
vt -0.028727 -0.024105 0.000000
vt -0.028727 0.024105 0.000000
vt -0.006512 -0.036930 0.000000
vt -0.006512 0.036930 0.000000
vt 0.018750 -0.032476 0.000000
vt 0.018750 0.032476 0.000000
vt 0.035238 -0.012826 0.000000
vt 0.035238 0.012826 0.000000
vt 0.010000 0.000000 0.000000
vt 0.990000 0.000000 0.000000
vt 0.010000 0.200000 0.000000
vt 0.990000 0.200000 0.000000
vt 0.000000 0.000000 0.000000
vt 1.000000 0.000000 0.000000
vt 0.000000 0.150000 0.000000
vt 1.000000 0.150000 0.000000
vt 1.500000 0.150000 0.000000
vt 0.000000 0.150000 0.000000
vt 1.500000 0.000000 0.000000
vt 0.000000 0.000000 0.000000
vt 0.000000 0.000000 0.000000
vt 1.000000 0.000000 0.000000
vt 0.000000 0.150000 0.000000
vt 1.000000 0.150000 0.000000
vt 0.600000 -0.490000 0.000000
vt 0.639762 -0.112174 0.000000
vt 0.600000 0.490000 0.000000
vt 0.639762 0.112174 0.000000
vt 0.639762 0.137826 0.000000
vt -0.600000 -0.490000 0.000000
vt 0.750000 -0.500000 0.000000
vt 0.681512 -0.411930 0.000000
vt 0.656250 -0.407476 0.000000
vt -0.600000 0.490000 0.000000
vt -0.637500 -0.125000 0.000000
vt -0.637500 -0.375000 0.000000
vt -0.646273 -0.399105 0.000000
vt -0.750000 0.500000 0.000000
vt -0.668488 0.411930 0.000000
vt -0.646273 0.399105 0.000000
vt -0.646273 -0.350895 0.000000
vt -0.646273 -0.149105 0.000000
vt -0.668488 -0.338070 0.000000
vt -0.668488 -0.161930 0.000000
vt -0.693750 -0.342524 0.000000
vt -0.693750 -0.157476 0.000000
vt -0.710238 -0.362174 0.000000
vt -0.710238 -0.137826 0.000000
vt -0.750000 -0.500000 0.000000
vt -0.710238 -0.112174 0.000000
vt -0.710238 0.112174 0.000000
vt -0.693750 0.092524 0.000000
vt -0.693750 -0.092524 0.000000
vt -0.668488 0.088070 0.000000
vt -0.668488 -0.088070 0.000000
vt -0.646273 -0.100895 0.000000
vt -0.646273 0.100895 0.000000
vt -0.637500 0.125000 0.000000
vt -0.637500 0.375000 0.000000
vt -0.710238 0.137826 0.000000
vt -0.710238 0.362174 0.000000
vt -0.693750 0.157476 0.000000
vt -0.693750 0.342524 0.000000
vt -0.668488 0.161930 0.000000
vt -0.668488 0.338070 0.000000
vt -0.646273 0.149105 0.000000
vt -0.646273 0.350895 0.000000
vt -0.668488 -0.411930 0.000000
vt -0.693750 -0.407476 0.000000
vt -0.710238 -0.387826 0.000000
vt -0.710238 0.387826 0.000000
vt -0.693750 0.407476 0.000000
vt 0.703727 -0.399105 0.000000
vt 0.712500 -0.375000 0.000000
vt 0.712500 -0.125000 0.000000
vt 0.703727 -0.149105 0.000000
vt 0.639762 -0.387826 0.000000
vt 0.639762 -0.362174 0.000000
vt 0.639762 -0.137826 0.000000
vt 0.656250 -0.342524 0.000000
vt 0.656250 -0.157476 0.000000
vt 0.681512 -0.338070 0.000000
vt 0.681512 -0.161930 0.000000
vt 0.703727 -0.350895 0.000000
vt 0.703727 0.350895 0.000000
vt 0.703727 0.149105 0.000000
vt 0.712500 0.375000 0.000000
vt 0.712500 0.125000 0.000000
vt 0.750000 0.500000 0.000000
vt 0.681512 0.161930 0.000000
vt 0.681512 0.338070 0.000000
vt 0.656250 0.157476 0.000000
vt 0.656250 0.342524 0.000000
vt 0.639762 0.362174 0.000000
vt 0.639762 0.387826 0.000000
vt 0.656250 0.407476 0.000000
vt 0.681512 0.411930 0.000000
vt 0.703727 0.399105 0.000000
vt 0.656250 0.092524 0.000000
vt 0.656250 -0.092524 0.000000
vt 0.681512 0.088070 0.000000
vt 0.681512 -0.088070 0.000000
vt 0.703727 -0.100895 0.000000
vt 0.703727 0.100895 0.000000
vt -0.750000 -0.500000 0.000000
vt 0.750000 -0.500000 0.000000
vt -0.750000 0.500000 0.000000
vt 0.750000 0.500000 0.000000
vt -0.750000 -0.500000 0.000000
vt 0.750000 -0.500000 0.000000
vt -0.750000 0.500000 0.000000
vt 0.750000 0.500000 0.000000
vt 0.600000 -0.490000 0.000000
vt 0.639762 -0.112174 0.000000
vt 0.600000 0.490000 0.000000
vt 0.639762 0.112174 0.000000
vt 0.639762 0.137826 0.000000
vt -0.600000 -0.490000 0.000000
vt 0.750000 -0.500000 0.000000
vt 0.681512 -0.411930 0.000000
vt 0.656250 -0.407476 0.000000
vt -0.600000 0.490000 0.000000
vt -0.637500 -0.125000 0.000000
vt -0.637500 -0.375000 0.000000
vt -0.646273 -0.399105 0.000000
vt -0.750000 0.500000 0.000000
vt -0.668488 0.411930 0.000000
vt -0.646273 0.399105 0.000000
vt -0.646273 -0.350895 0.000000
vt -0.646273 -0.149105 0.000000
vt -0.668488 -0.338070 0.000000
vt -0.668488 -0.161930 0.000000
vt -0.693750 -0.342524 0.000000
vt -0.693750 -0.157476 0.000000
vt -0.710238 -0.362174 0.000000
vt -0.710238 -0.137826 0.000000
vt -0.750000 -0.500000 0.000000
vt -0.710238 -0.112174 0.000000
vt -0.710238 0.112174 0.000000
vt -0.693750 0.092524 0.000000
vt -0.693750 -0.092524 0.000000
vt -0.668488 0.088070 0.000000
vt -0.668488 -0.088070 0.000000
vt -0.646273 -0.100895 0.000000
vt -0.646273 0.100895 0.000000
vt -0.637500 0.125000 0.000000
vt -0.637500 0.375000 0.000000
vt -0.710238 0.137826 0.000000
vt -0.710238 0.362174 0.000000
vt -0.693750 0.157476 0.000000
vt -0.693750 0.342524 0.000000
vt -0.668488 0.161930 0.000000
vt -0.668488 0.338070 0.000000
vt -0.646273 0.149105 0.000000
vt -0.646273 0.350895 0.000000
vt -0.668488 -0.411930 0.000000
vt -0.693750 -0.407476 0.000000
vt -0.710238 -0.387826 0.000000
vt -0.710238 0.387826 0.000000
vt -0.693750 0.407476 0.000000
vt 0.703727 -0.399105 0.000000
vt 0.712500 -0.375000 0.000000
vt 0.712500 -0.125000 0.000000
vt 0.703727 -0.149105 0.000000
vt 0.639762 -0.387826 0.000000
vt 0.639762 -0.362174 0.000000
vt 0.639762 -0.137826 0.000000
vt 0.656250 -0.342524 0.000000
vt 0.656250 -0.157476 0.000000
vt 0.681512 -0.338070 0.000000
vt 0.681512 -0.161930 0.000000
vt 0.703727 -0.350895 0.000000
vt 0.703727 0.350895 0.000000
vt 0.703727 0.149105 0.000000
vt 0.712500 0.375000 0.000000
vt 0.712500 0.125000 0.000000
vt 0.750000 0.500000 0.000000
vt 0.681512 0.161930 0.000000
vt 0.681512 0.338070 0.000000
vt 0.656250 0.157476 0.000000
vt 0.656250 0.342524 0.000000
vt 0.639762 0.362174 0.000000
vt 0.639762 0.387826 0.000000
vt 0.656250 0.407476 0.000000
vt 0.681512 0.411930 0.000000
vt 0.703727 0.399105 0.000000
vt 0.656250 0.092524 0.000000
vt 0.656250 -0.092524 0.000000
vt 0.681512 0.088070 0.000000
vt 0.681512 -0.088070 0.000000
vt 0.703727 -0.100895 0.000000
vt 0.703727 0.100895 0.000000
vt 0.000000 0.000000 0.000000
vt 1.000000 -0.000000 0.000000
vt -0.000000 0.150000 0.000000
vt 1.000000 0.150000 0.000000
vt 1.500000 0.150000 0.000000
vt 0.000000 0.150000 0.000000
vt 1.500000 0.000000 0.000000
vt -0.000000 0.000000 0.000000
vt 0.000000 0.000000 0.000000
vt 1.000000 -0.000000 0.000000
vt 0.000000 0.150000 0.000000
vt 1.000000 0.150000 0.000000
vt 0.010000 -0.000000 0.000000
vt 0.990000 -0.000000 0.000000
vt 0.010000 0.200000 0.000000
vt 0.990000 0.200000 0.000000
vt -0.037500 0.000000 0.000000
vt -0.028727 -0.024105 0.000000
vt -0.028727 0.024105 0.000000
vt -0.006512 -0.036930 0.000000
vt -0.006512 0.036930 0.000000
vt 0.018750 -0.032476 0.000000
vt 0.018750 0.032476 0.000000
vt 0.035238 -0.012826 0.000000
vt 0.035238 0.012826 0.000000
vt -0.030000 0.091630 0.000000
vt 0.000000 0.091630 0.000000
vt -0.030000 0.117810 0.000000
vt -0.000000 0.117810 0.000000
vt -0.030000 -0.117810 0.000000
vt -0.000000 -0.117810 0.000000
vt -0.030000 -0.091630 0.000000
vt -0.000000 -0.091630 0.000000
vt -0.030000 -0.065450 0.000000
vt -0.000000 -0.065450 0.000000
vt -0.030000 -0.039270 0.000000
vt 0.000000 -0.039270 0.000000
vt -0.030000 -0.013090 0.000000
vt -0.000000 -0.013090 0.000000
vt -0.030000 0.013090 0.000000
vt 0.000000 0.013090 0.000000
vt -0.030000 0.039270 0.000000
vt 0.000000 0.039270 0.000000
vt -0.030000 0.065450 0.000000
vt -0.000000 0.065450 0.000000
vt -0.037500 0.000000 0.000000
vt -0.028727 -0.024105 0.000000
vt -0.028727 0.024105 0.000000
vt -0.006512 -0.036930 0.000000
vt -0.006512 0.036930 0.000000
vt 0.018750 -0.032476 0.000000
vt 0.018750 0.032476 0.000000
vt 0.035238 -0.012826 0.000000
vt 0.035238 0.012826 0.000000
vt -0.030000 0.091630 0.000000
vt 0.000000 0.091630 0.000000
vt -0.030000 0.117810 0.000000
vt 0.000000 0.117810 0.000000
vt -0.030000 -0.117810 0.000000
vt 0.000000 -0.117810 0.000000
vt -0.030000 -0.091630 0.000000
vt -0.000000 -0.091630 0.000000
vt -0.030000 -0.065450 0.000000
vt -0.000000 -0.065450 0.000000
vt -0.030000 -0.039270 0.000000
vt -0.000000 -0.039270 0.000000
vt -0.030000 -0.013090 0.000000
vt -0.000000 -0.013090 0.000000
vt -0.030000 0.013090 0.000000
vt 0.000000 0.013090 0.000000
vt -0.030000 0.039270 0.000000
vt 0.000000 0.039270 0.000000
vt -0.030000 0.065450 0.000000
vt -0.000000 0.065450 0.000000
vt -0.037500 -0.000000 0.000000
vt -0.028727 -0.024105 0.000000
vt -0.028727 0.024105 0.000000
vt -0.006512 -0.036930 0.000000
vt -0.006512 0.036930 0.000000
vt 0.018750 -0.032476 0.000000
vt 0.018750 0.032476 0.000000
vt 0.035238 -0.012826 0.000000
vt 0.035238 0.012826 0.000000
vt -0.030000 0.091630 0.000000
vt 0.000000 0.091630 0.000000
vt -0.030000 0.117810 0.000000
vt -0.000000 0.117810 0.000000
vt -0.030000 -0.117810 0.000000
vt -0.000000 -0.117810 0.000000
vt -0.030000 -0.091630 0.000000
vt -0.000000 -0.091630 0.000000
vt -0.030000 -0.065450 0.000000
vt -0.000000 -0.065450 0.000000
vt -0.030000 -0.039270 0.000000
vt -0.000000 -0.039270 0.000000
vt -0.030000 -0.013090 0.000000
vt -0.000000 -0.013090 0.000000
vt -0.030000 0.013090 0.000000
vt 0.000000 0.013090 0.000000
vt -0.030000 0.039270 0.000000
vt 0.000000 0.039270 0.000000
vt -0.030000 0.065450 0.000000
vt -0.000000 0.065450 0.000000
vt -0.037500 0.000000 0.000000
vt -0.028727 -0.024105 0.000000
vt -0.028727 0.024105 0.000000
vt -0.006512 -0.036930 0.000000
vt -0.006512 0.036930 0.000000
vt 0.018750 -0.032476 0.000000
vt 0.018750 0.032476 0.000000
vt 0.035238 -0.012826 0.000000
vt 0.035238 0.012826 0.000000
vt -0.030000 0.091630 0.000000
vt 0.000000 0.091630 0.000000
vt -0.030000 0.117810 0.000000
vt 0.000000 0.117810 0.000000
vt -0.030000 -0.117810 0.000000
vt 0.000000 -0.117810 0.000000
vt -0.030000 -0.091630 0.000000
vt -0.000000 -0.091630 0.000000
vt -0.030000 -0.065450 0.000000
vt -0.000000 -0.065450 0.000000
vt -0.030000 -0.039270 0.000000
vt 0.000000 -0.039270 0.000000
vt -0.030000 -0.013090 0.000000
vt -0.000000 -0.013090 0.000000
vt -0.030000 0.013090 0.000000
vt 0.000000 0.013090 0.000000
vt -0.030000 0.039270 0.000000
vt 0.000000 0.039270 0.000000
vt -0.030000 0.065450 0.000000
vt -0.000000 0.065450 0.000000
vt -0.037500 -0.000000 0.000000
vt -0.028727 -0.024105 0.000000
vt -0.028727 0.024105 0.000000
vt -0.006512 -0.036930 0.000000
vt -0.006512 0.036930 0.000000
vt 0.018750 -0.032476 0.000000
vt 0.018750 0.032476 0.000000
vt 0.035238 -0.012826 0.000000
vt 0.035238 0.012826 0.000000
vt -0.030000 0.091630 0.000000
vt 0.000000 0.091630 0.000000
vt -0.030000 0.117810 0.000000
vt 0.000000 0.117810 0.000000
vt -0.030000 -0.117810 0.000000
vt 0.000000 -0.117810 0.000000
vt -0.030000 -0.091630 0.000000
vt -0.000000 -0.091630 0.000000
vt -0.030000 -0.065450 0.000000
vt -0.000000 -0.065450 0.000000
vt -0.030000 -0.039270 0.000000
vt -0.000000 -0.039270 0.000000
vt -0.030000 -0.013090 0.000000
vt -0.000000 -0.013090 0.000000
vt -0.030000 0.013090 0.000000
vt -0.000000 0.013090 0.000000
vt -0.030000 0.039270 0.000000
vt 0.000000 0.039270 0.000000
vt -0.030000 0.065450 0.000000
vt -0.000000 0.065450 0.000000
vt -0.037500 -0.000000 0.000000
vt -0.028727 -0.024105 0.000000
vt -0.028727 0.024105 0.000000
vt -0.006512 -0.036930 0.000000
vt -0.006512 0.036930 0.000000
vt 0.018750 -0.032476 0.000000
vt 0.018750 0.032476 0.000000
vt 0.035238 -0.012826 0.000000
vt 0.035238 0.012826 0.000000
vt -0.030000 0.091630 0.000000
vt 0.000000 0.091630 0.000000
vt -0.030000 0.117810 0.000000
vt 0.000000 0.117810 0.000000
vt -0.030000 -0.117810 0.000000
vt 0.000000 -0.117810 0.000000
vt -0.030000 -0.091630 0.000000
vt -0.000000 -0.091630 0.000000
vt -0.030000 -0.065450 0.000000
vt -0.000000 -0.065450 0.000000
vt -0.030000 -0.039270 0.000000
vt -0.000000 -0.039270 0.000000
vt -0.030000 -0.013090 0.000000
vt -0.000000 -0.013090 0.000000
vt -0.030000 0.013090 0.000000
vt -0.000000 0.013090 0.000000
vt -0.030000 0.039270 0.000000
vt 0.000000 0.039270 0.000000
vt -0.030000 0.065450 0.000000
vt -0.000000 0.065450 0.000000
vt -0.037500 -0.000000 0.000000
vt -0.028727 -0.024105 0.000000
vt -0.028727 0.024105 0.000000
vt -0.006512 -0.036930 0.000000
vt -0.006512 0.036930 0.000000
vt 0.018750 -0.032476 0.000000
vt 0.018750 0.032476 0.000000
vt 0.035238 -0.012826 0.000000
vt 0.035238 0.012826 0.000000
vt -0.030000 0.091630 0.000000
vt 0.000000 0.091630 0.000000
vt -0.030000 0.117810 0.000000
vt -0.000000 0.117810 0.000000
vt -0.030000 -0.117810 0.000000
vt -0.000000 -0.117810 0.000000
vt -0.030000 -0.091630 0.000000
vt -0.000000 -0.091630 0.000000
vt -0.030000 -0.065450 0.000000
vt -0.000000 -0.065450 0.000000
vt -0.030000 -0.039270 0.000000
vt -0.000000 -0.039270 0.000000
vt -0.030000 -0.013090 0.000000
vt -0.000000 -0.013090 0.000000
vt -0.030000 0.013090 0.000000
vt -0.000000 0.013090 0.000000
vt -0.030000 0.039270 0.000000
vt 0.000000 0.039270 0.000000
vt -0.030000 0.065450 0.000000
vt -0.000000 0.065450 0.000000
vt -0.037500 0.000000 0.000000
vt -0.028727 -0.024105 0.000000
vt -0.028727 0.024105 0.000000
vt -0.006512 -0.036930 0.000000
vt -0.006512 0.036930 0.000000
vt 0.018750 -0.032476 0.000000
vt 0.018750 0.032476 0.000000
vt 0.035238 -0.012826 0.000000
vt 0.035238 0.012826 0.000000
vt -0.030000 0.091630 0.000000
vt 0.000000 0.091630 0.000000
vt -0.030000 0.117810 0.000000
vt -0.000000 0.117810 0.000000
vt -0.030000 -0.117810 0.000000
vt -0.000000 -0.117810 0.000000
vt -0.030000 -0.091630 0.000000
vt -0.000000 -0.091630 0.000000
vt -0.030000 -0.065450 0.000000
vt -0.000000 -0.065450 0.000000
vt -0.030000 -0.039270 0.000000
vt -0.000000 -0.039270 0.000000
vt -0.030000 -0.013090 0.000000
vt -0.000000 -0.013090 0.000000
vt -0.030000 0.013090 0.000000
vt -0.000000 0.013090 0.000000
vt -0.030000 0.039270 0.000000
vt 0.000000 0.039270 0.000000
vt -0.030000 0.065450 0.000000
vt -0.000000 0.065450 0.000000
vt 1.500000 0.150000 0.000000
vt -0.000000 0.150000 0.000000
vt 1.500000 0.000000 0.000000
vt 0.000000 0.000000 0.000000
vt 0.100000 0.600000 0.000000
vt -0.100000 0.600000 0.000000
vt 0.100000 -0.600000 0.000000
vt -0.100000 -0.600000 0.000000
vt 0.600000 0.490000 0.000000
vt -0.600000 0.490000 0.000000
vt 0.600000 -0.490000 0.000000
vt -0.600000 -0.490000 0.000000
vt 0.990000 0.200000 0.000000
vt 0.010000 0.200000 0.000000
vt 0.990000 0.000000 0.000000
vt 0.010000 -0.000000 0.000000
vt -0.100000 -0.600000 0.000000
vt 0.100000 -0.600000 0.000000
vt -0.100000 0.600000 0.000000
vt 0.100000 0.600000 0.000000
vn -0.070312 -0.029740 0.064589
vn -0.070312 -0.029740 0.064589
vn -0.070312 -0.029740 0.064589
vn -0.070312 -0.029740 0.064589
vn -0.040636 0.091345 -0.002176
vn -0.040636 0.091345 -0.002176
vn -0.040636 0.091345 -0.002176
vn -0.040636 0.091345 -0.002176
vn 0.058352 0.027776 0.076312
vn 0.058352 0.027776 0.076312
vn 0.058352 0.027776 0.076312
vn 0.058352 0.027776 0.076312
vn 0.070312 0.029740 -0.064589
vn 0.070312 0.029740 -0.064589
vn 0.070312 0.029740 -0.064589
vn 0.070312 0.029740 -0.064589
vn 0.070312 0.029740 -0.064589
vn 0.070312 0.029740 -0.064589
vn 0.070312 0.029740 -0.064589
vn 0.070312 0.029740 -0.064589
vn 0.014067 0.089091 -0.043184
vn 0.014067 0.089091 -0.043184
vn -0.040636 0.091345 -0.002176
vn -0.040636 0.091345 -0.002176
vn -0.076324 0.050858 0.039850
vn -0.076324 0.050858 0.039850
vn -0.076300 -0.013427 0.063230
vn -0.076300 -0.013427 0.063230
vn -0.040574 -0.071429 0.057024
vn -0.040574 -0.071429 0.057024
vn 0.014137 -0.096008 0.024135
vn 0.014137 -0.096008 0.024135
vn 0.062233 -0.075665 -0.020046
vn 0.062233 -0.075665 -0.020046
vn 0.081210 -0.019917 -0.054848
vn 0.081210 -0.019917 -0.054848
vn 0.062187 0.045150 -0.063986
vn 0.062187 0.045150 -0.063986
vn 0.058352 0.027776 0.076312
vn 0.058352 0.027776 0.076312
vn 0.058352 0.027776 0.076312
vn 0.058352 0.027776 0.076312
vn 0.058352 0.027776 0.076312
vn 0.058352 0.027776 0.076312
vn 0.058352 0.027776 0.076312
vn 0.058352 0.027776 0.076312
vn 0.058352 0.027776 0.076312
vn 0.014067 0.089091 -0.043184
vn 0.014067 0.089091 -0.043184
vn -0.040636 0.091345 -0.002176
vn -0.040636 0.091345 -0.002176
vn -0.076324 0.050858 0.039850
vn -0.076324 0.050858 0.039850
vn -0.076300 -0.013427 0.063230
vn -0.076300 -0.013427 0.063230
vn -0.040574 -0.071429 0.057024
vn -0.040574 -0.071429 0.057024
vn 0.014137 -0.096008 0.024135
vn 0.014137 -0.096008 0.024135
vn 0.062233 -0.075665 -0.020046
vn 0.062233 -0.075665 -0.020046
vn 0.081210 -0.019917 -0.054848
vn 0.081210 -0.019917 -0.054848
vn 0.062187 0.045150 -0.063986
vn 0.062187 0.045150 -0.063986
vn 0.058352 0.027776 0.076312
vn 0.058352 0.027776 0.076312
vn 0.058352 0.027776 0.076312
vn 0.058352 0.027776 0.076312
vn 0.058352 0.027776 0.076312
vn 0.058352 0.027776 0.076312
vn 0.058352 0.027776 0.076312
vn 0.058352 0.027776 0.076312
vn 0.058352 0.027776 0.076312
vn 0.014067 0.089091 -0.043184
vn 0.014067 0.089091 -0.043184
vn -0.040636 0.091345 -0.002176
vn -0.040636 0.091345 -0.002176
vn -0.076324 0.050858 0.039850
vn -0.076324 0.050858 0.039850
vn -0.076300 -0.013427 0.063230
vn -0.076300 -0.013427 0.063230
vn -0.040574 -0.071429 0.057024
vn -0.040574 -0.071429 0.057024
vn 0.014137 -0.096008 0.024135
vn 0.014137 -0.096008 0.024135
vn 0.062233 -0.075665 -0.020046
vn 0.062233 -0.075665 -0.020046
vn 0.081210 -0.019917 -0.054848
vn 0.081210 -0.019917 -0.054848
vn 0.062187 0.045150 -0.063986
vn 0.062187 0.045150 -0.063986
vn 0.058352 0.027776 0.076312
vn 0.058352 0.027776 0.076312
vn 0.058352 0.027776 0.076312
vn 0.058352 0.027776 0.076312
vn 0.058352 0.027776 0.076312
vn 0.058352 0.027776 0.076312
vn 0.058352 0.027776 0.076312
vn 0.058352 0.027776 0.076312
vn 0.058352 0.027776 0.076312
vn 0.014067 0.089091 -0.043184
vn 0.014067 0.089091 -0.043184
vn -0.040636 0.091345 -0.002176
vn -0.040636 0.091345 -0.002176
vn -0.076324 0.050858 0.039850
vn -0.076324 0.050858 0.039850
vn -0.076300 -0.013427 0.063230
vn -0.076300 -0.013427 0.063230
vn -0.040574 -0.071429 0.057024
vn -0.040574 -0.071429 0.057024
vn 0.014137 -0.096008 0.024135
vn 0.014137 -0.096008 0.024135
vn 0.062233 -0.075665 -0.020046
vn 0.062233 -0.075665 -0.020046
vn 0.081210 -0.019917 -0.054848
vn 0.081210 -0.019917 -0.054848
vn 0.062187 0.045150 -0.063986
vn 0.062187 0.045150 -0.063986
vn 0.058352 0.027776 0.076312
vn 0.058352 0.027776 0.076312
vn 0.058352 0.027776 0.076312
vn 0.058352 0.027776 0.076312
vn 0.058352 0.027776 0.076312
vn 0.058352 0.027776 0.076312
vn 0.058352 0.027776 0.076312
vn 0.058352 0.027776 0.076312
vn 0.058352 0.027776 0.076312
vn 0.014067 0.089091 -0.043184
vn 0.014067 0.089091 -0.043184
vn -0.040636 0.091345 -0.002176
vn -0.040636 0.091345 -0.002176
vn -0.076324 0.050858 0.039850
vn -0.076324 0.050858 0.039850
vn -0.076300 -0.013427 0.063230
vn -0.076300 -0.013427 0.063230
vn -0.040574 -0.071429 0.057024
vn -0.040574 -0.071429 0.057024
vn 0.014137 -0.096008 0.024135
vn 0.014137 -0.096008 0.024135
vn 0.062233 -0.075665 -0.020046
vn 0.062233 -0.075665 -0.020046
vn 0.081210 -0.019917 -0.054848
vn 0.081210 -0.019917 -0.054848
vn 0.062187 0.045150 -0.063986
vn 0.062187 0.045150 -0.063986
vn 0.058352 0.027776 0.076312
vn 0.058352 0.027776 0.076312
vn 0.058352 0.027776 0.076312
vn 0.058352 0.027776 0.076312
vn 0.058352 0.027776 0.076312
vn 0.058352 0.027776 0.076312
vn 0.058352 0.027776 0.076312
vn 0.058352 0.027776 0.076312
vn 0.058352 0.027776 0.076312
vn 0.014067 0.089091 -0.043184
vn 0.014067 0.089091 -0.043184
vn -0.040636 0.091345 -0.002176
vn -0.040636 0.091345 -0.002176
vn -0.076324 0.050858 0.039850
vn -0.076324 0.050858 0.039850
vn -0.076300 -0.013427 0.063230
vn -0.076300 -0.013427 0.063230
vn -0.040574 -0.071429 0.057024
vn -0.040574 -0.071429 0.057024
vn 0.014137 -0.096008 0.024135
vn 0.014137 -0.096008 0.024135
vn 0.062233 -0.075665 -0.020046
vn 0.062233 -0.075665 -0.020046
vn 0.081210 -0.019917 -0.054848
vn 0.081210 -0.019917 -0.054848
vn 0.062187 0.045150 -0.063986
vn 0.062187 0.045150 -0.063986
vn 0.058352 0.027776 0.076312
vn 0.058352 0.027776 0.076312
vn 0.058352 0.027776 0.076312
vn 0.058352 0.027776 0.076312
vn 0.058352 0.027776 0.076312
vn 0.058352 0.027776 0.076312
vn 0.058352 0.027776 0.076312
vn 0.058352 0.027776 0.076312
vn 0.058352 0.027776 0.076312
vn 0.014067 0.089091 -0.043184
vn 0.014067 0.089091 -0.043184
vn -0.040636 0.091345 -0.002176
vn -0.040636 0.091345 -0.002176
vn -0.076324 0.050858 0.039850
vn -0.076324 0.050858 0.039850
vn -0.076300 -0.013427 0.063230
vn -0.076300 -0.013427 0.063230
vn -0.040574 -0.071429 0.057024
vn -0.040574 -0.071429 0.057024
vn 0.014137 -0.096008 0.024135
vn 0.014137 -0.096008 0.024135
vn 0.062233 -0.075665 -0.020046
vn 0.062233 -0.075665 -0.020046
vn 0.081210 -0.019917 -0.054848
vn 0.081210 -0.019917 -0.054848
vn 0.062187 0.045150 -0.063986
vn 0.062187 0.045150 -0.063986
vn 0.058352 0.027776 0.076312
vn 0.058352 0.027776 0.076312
vn 0.058352 0.027776 0.076312
vn 0.058352 0.027776 0.076312
vn 0.058352 0.027776 0.076312
vn 0.058352 0.027776 0.076312
vn 0.058352 0.027776 0.076312
vn 0.058352 0.027776 0.076312
vn 0.058352 0.027776 0.076312
vn 0.014067 0.089091 -0.043184
vn 0.014067 0.089091 -0.043184
vn -0.040636 0.091345 -0.002176
vn -0.040636 0.091345 -0.002176
vn -0.076324 0.050858 0.039850
vn -0.076324 0.050858 0.039850
vn -0.076300 -0.013427 0.063230
vn -0.076300 -0.013427 0.063230
vn -0.040574 -0.071429 0.057024
vn -0.040574 -0.071429 0.057024
vn 0.014137 -0.096008 0.024135
vn 0.014137 -0.096008 0.024135
vn 0.062233 -0.075665 -0.020046
vn 0.062233 -0.075665 -0.020046
vn 0.081210 -0.019917 -0.054848
vn 0.081210 -0.019917 -0.054848
vn 0.062187 0.045150 -0.063986
vn 0.062187 0.045150 -0.063986
vn 0.058352 0.027776 0.076312
vn 0.058352 0.027776 0.076312
vn 0.058352 0.027776 0.076312
vn 0.058352 0.027776 0.076312
vn 0.058352 0.027776 0.076312
vn 0.058352 0.027776 0.076312
vn 0.058352 0.027776 0.076312
vn 0.058352 0.027776 0.076312
vn 0.058352 0.027776 0.076312
vn 0.040636 -0.091345 0.002176
vn 0.040636 -0.091345 0.002176
vn 0.040636 -0.091345 0.002176
vn 0.040636 -0.091345 0.002176
vn 0.040636 -0.091345 0.002176
vn 0.040636 -0.091345 0.002176
vn 0.040636 -0.091345 0.002176
vn 0.040636 -0.091345 0.002176
vn -0.070312 -0.029740 0.064589
vn -0.070312 -0.029740 0.064589
vn -0.070312 -0.029740 0.064589
vn -0.070312 -0.029740 0.064589
vn -0.040636 0.091345 -0.002176
vn -0.040636 0.091345 -0.002176
vn -0.040636 0.091345 -0.002176
vn -0.040636 0.091345 -0.002176
vn 0.058352 0.027776 0.076312
vn 0.058352 0.027776 0.076312
vn 0.058352 0.027776 0.076312
vn 0.058352 0.027776 0.076312
vn 0.058352 0.027776 0.076312
vn 0.058352 0.027776 0.076312
vn 0.058352 0.027776 0.076312
vn 0.058352 0.027776 0.076312
vn 0.058352 0.027776 0.076312
vn 0.058352 0.027776 0.076312
vn 0.058352 0.027776 0.076312
vn 0.058352 0.027776 0.076312
vn 0.058352 0.027776 0.076312
vn 0.058352 0.027776 0.076312
vn 0.058352 0.027776 0.076312
vn 0.058352 0.027776 0.076312
vn 0.058352 0.027776 0.076312
vn 0.058352 0.027776 0.076312
vn 0.058352 0.027776 0.076312
vn 0.058352 0.027776 0.076312
vn 0.058352 0.027776 0.076312
vn 0.058352 0.027776 0.076312
vn 0.058352 0.027776 0.076312
vn 0.058352 0.027776 0.076312
vn 0.058352 0.027776 0.076312
vn 0.058352 0.027776 0.076312
vn 0.058352 0.027776 0.076312
vn 0.058352 0.027776 0.076312
vn 0.058352 0.027776 0.076312
vn 0.058352 0.027776 0.076312
vn 0.058352 0.027776 0.076312
vn 0.058352 0.027776 0.076312
vn 0.058352 0.027776 0.076312
vn 0.058352 0.027776 0.076312
vn 0.058352 0.027776 0.076312
vn 0.058352 0.027776 0.076312
vn 0.058352 0.027776 0.076312
vn 0.058352 0.027776 0.076312
vn 0.058352 0.027776 0.076312
vn 0.058352 0.027776 0.076312
vn 0.058352 0.027776 0.076312
vn 0.058352 0.027776 0.076312
vn 0.058352 0.027776 0.076312
vn 0.058352 0.027776 0.076312
vn 0.058352 0.027776 0.076312
vn 0.058352 0.027776 0.076312
vn 0.058352 0.027776 0.076312
vn 0.058352 0.027776 0.076312
vn 0.058352 0.027776 0.076312
vn 0.058352 0.027776 0.076312
vn 0.058352 0.027776 0.076312
vn 0.058352 0.027776 0.076312
vn 0.058352 0.027776 0.076312
vn 0.058352 0.027776 0.076312
vn 0.058352 0.027776 0.076312
vn 0.058352 0.027776 0.076312
vn 0.058352 0.027776 0.076312
vn 0.058352 0.027776 0.076312
vn 0.058352 0.027776 0.076312
vn 0.058352 0.027776 0.076312
vn 0.058352 0.027776 0.076312
vn 0.058352 0.027776 0.076312
vn 0.058352 0.027776 0.076312
vn 0.058352 0.027776 0.076312
vn 0.058352 0.027776 0.076312
vn 0.058352 0.027776 0.076312
vn 0.058352 0.027776 0.076312
vn 0.058352 0.027776 0.076312
vn 0.058352 0.027776 0.076312
vn 0.058352 0.027776 0.076312
vn 0.058352 0.027776 0.076312
vn 0.058352 0.027776 0.076312
vn 0.058352 0.027776 0.076312
vn 0.058352 0.027776 0.076312
vn 0.058352 0.027776 0.076312
vn 0.058352 0.027776 0.076312
vn 0.058352 0.027776 0.076312
vn 0.058352 0.027776 0.076312
vn 0.058352 0.027776 0.076312
vn 0.058352 0.027776 0.076312
vn -0.058352 -0.027776 -0.076312
vn -0.058352 -0.027776 -0.076312
vn -0.058352 -0.027776 -0.076312
vn -0.058352 -0.027776 -0.076312
vn 0.000000 0.100000 0.000000
vn 0.000000 0.100000 0.000000
vn 0.000000 0.100000 0.000000
vn 0.000000 0.100000 0.000000
vn 0.100000 0.000000 0.000000
vn 0.100000 0.000000 0.000000
vn 0.100000 0.000000 0.000000
vn 0.100000 0.000000 0.000000
vn 0.000000 0.000000 0.100000
vn 0.000000 0.000000 0.100000
vn 0.000000 0.000000 0.100000
vn 0.000000 0.000000 0.100000
vn 0.000000 -0.100000 0.000000
vn 0.000000 -0.100000 0.000000
vn 0.000000 -0.100000 0.000000
vn 0.000000 -0.100000 0.000000
vn 0.000000 -0.100000 0.000000
vn 0.000000 -0.100000 0.000000
vn 0.000000 -0.100000 0.000000
vn 0.000000 -0.100000 0.000000
vn 0.076604 -0.064279 0.000000
vn 0.076604 -0.064279 0.000000
vn 0.100000 -0.000000 0.000000
vn 0.100000 -0.000000 0.000000
vn 0.076604 0.064279 0.000000
vn 0.076604 0.064279 0.000000
vn 0.017365 0.098481 0.000000
vn 0.017365 0.098481 0.000000
vn -0.050000 0.086603 -0.000000
vn -0.050000 0.086603 -0.000000
vn -0.093969 0.034202 -0.000000
vn -0.093969 0.034202 -0.000000
vn -0.093969 -0.034202 0.000000
vn -0.093969 -0.034202 0.000000
vn -0.050000 -0.086603 0.000000
vn -0.050000 -0.086603 0.000000
vn 0.017365 -0.098481 0.000000
vn 0.017365 -0.098481 0.000000
vn 0.000000 0.000000 0.100000
vn 0.000000 0.000000 0.100000
vn 0.000000 0.000000 0.100000
vn 0.000000 0.000000 0.100000
vn 0.000000 0.000000 0.100000
vn 0.000000 0.000000 0.100000
vn 0.000000 0.000000 0.100000
vn 0.000000 0.000000 0.100000
vn 0.000000 0.000000 0.100000
vn 0.076604 -0.064279 0.000000
vn 0.076604 -0.064279 0.000000
vn 0.100000 -0.000000 0.000000
vn 0.100000 -0.000000 0.000000
vn 0.076604 0.064279 0.000000
vn 0.076604 0.064279 0.000000
vn 0.017365 0.098481 0.000000
vn 0.017365 0.098481 0.000000
vn -0.050000 0.086603 -0.000000
vn -0.050000 0.086603 -0.000000
vn -0.093969 0.034202 -0.000000
vn -0.093969 0.034202 -0.000000
vn -0.093969 -0.034202 0.000000
vn -0.093969 -0.034202 0.000000
vn -0.050000 -0.086603 0.000000
vn -0.050000 -0.086603 0.000000
vn 0.017365 -0.098481 0.000000
vn 0.017365 -0.098481 0.000000
vn 0.000000 0.000000 0.100000
vn 0.000000 0.000000 0.100000
vn 0.000000 0.000000 0.100000
vn 0.000000 0.000000 0.100000
vn 0.000000 0.000000 0.100000
vn 0.000000 0.000000 0.100000
vn 0.000000 0.000000 0.100000
vn 0.000000 0.000000 0.100000
vn 0.000000 0.000000 0.100000
vn 0.076604 -0.064279 0.000000
vn 0.076604 -0.064279 0.000000
vn 0.100000 -0.000000 0.000000
vn 0.100000 -0.000000 0.000000
vn 0.076604 0.064279 0.000000
vn 0.076604 0.064279 0.000000
vn 0.017365 0.098481 0.000000
vn 0.017365 0.098481 0.000000
vn -0.050000 0.086603 -0.000000
vn -0.050000 0.086603 -0.000000
vn -0.093969 0.034202 -0.000000
vn -0.093969 0.034202 -0.000000
vn -0.093969 -0.034202 0.000000
vn -0.093969 -0.034202 0.000000
vn -0.050000 -0.086603 0.000000
vn -0.050000 -0.086603 0.000000
vn 0.017365 -0.098481 0.000000
vn 0.017365 -0.098481 0.000000
vn 0.000000 0.000000 0.100000
vn 0.000000 0.000000 0.100000
vn 0.000000 0.000000 0.100000
vn 0.000000 0.000000 0.100000
vn 0.000000 0.000000 0.100000
vn 0.000000 0.000000 0.100000
vn 0.000000 0.000000 0.100000
vn 0.000000 0.000000 0.100000
vn 0.000000 0.000000 0.100000
vn 0.076604 -0.064279 0.000000
vn 0.076604 -0.064279 0.000000
vn 0.100000 -0.000000 0.000000
vn 0.100000 -0.000000 0.000000
vn 0.076604 0.064279 0.000000
vn 0.076604 0.064279 0.000000
vn 0.017365 0.098481 0.000000
vn 0.017365 0.098481 0.000000
vn -0.050000 0.086603 -0.000000
vn -0.050000 0.086603 -0.000000
vn -0.093969 0.034202 -0.000000
vn -0.093969 0.034202 -0.000000
vn -0.093969 -0.034202 0.000000
vn -0.093969 -0.034202 0.000000
vn -0.050000 -0.086603 0.000000
vn -0.050000 -0.086603 0.000000
vn 0.017365 -0.098481 0.000000
vn 0.017365 -0.098481 0.000000
vn 0.000000 0.000000 0.100000
vn 0.000000 0.000000 0.100000
vn 0.000000 0.000000 0.100000
vn 0.000000 0.000000 0.100000
vn 0.000000 0.000000 0.100000
vn 0.000000 0.000000 0.100000
vn 0.000000 0.000000 0.100000
vn 0.000000 0.000000 0.100000
vn 0.000000 0.000000 0.100000
vn 0.076604 -0.064279 0.000000
vn 0.076604 -0.064279 0.000000
vn 0.100000 -0.000000 0.000000
vn 0.100000 -0.000000 0.000000
vn 0.076604 0.064279 0.000000
vn 0.076604 0.064279 0.000000
vn 0.017365 0.098481 0.000000
vn 0.017365 0.098481 0.000000
vn -0.050000 0.086603 -0.000000
vn -0.050000 0.086603 -0.000000
vn -0.093969 0.034202 -0.000000
vn -0.093969 0.034202 -0.000000
vn -0.093969 -0.034202 0.000000
vn -0.093969 -0.034202 0.000000
vn -0.050000 -0.086603 0.000000
vn -0.050000 -0.086603 0.000000
vn 0.017365 -0.098481 0.000000
vn 0.017365 -0.098481 0.000000
vn 0.000000 0.000000 0.100000
vn 0.000000 0.000000 0.100000
vn 0.000000 0.000000 0.100000
vn 0.000000 0.000000 0.100000
vn 0.000000 0.000000 0.100000
vn 0.000000 0.000000 0.100000
vn 0.000000 0.000000 0.100000
vn 0.000000 0.000000 0.100000
vn 0.000000 0.000000 0.100000
vn 0.076604 -0.064279 0.000000
vn 0.076604 -0.064279 0.000000
vn 0.100000 -0.000000 0.000000
vn 0.100000 -0.000000 0.000000
vn 0.076604 0.064279 0.000000
vn 0.076604 0.064279 0.000000
vn 0.017365 0.098481 0.000000
vn 0.017365 0.098481 0.000000
vn -0.050000 0.086603 -0.000000
vn -0.050000 0.086603 -0.000000
vn -0.093969 0.034202 -0.000000
vn -0.093969 0.034202 -0.000000
vn -0.093969 -0.034202 0.000000
vn -0.093969 -0.034202 0.000000
vn -0.050000 -0.086603 0.000000
vn -0.050000 -0.086603 0.000000
vn 0.017365 -0.098481 0.000000
vn 0.017365 -0.098481 0.000000
vn 0.000000 0.000000 0.100000
vn 0.000000 0.000000 0.100000
vn 0.000000 0.000000 0.100000
vn 0.000000 0.000000 0.100000
vn 0.000000 0.000000 0.100000
vn 0.000000 0.000000 0.100000
vn 0.000000 0.000000 0.100000
vn 0.000000 0.000000 0.100000
vn 0.000000 0.000000 0.100000
vn 0.076604 -0.064279 0.000000
vn 0.076604 -0.064279 0.000000
vn 0.100000 -0.000000 0.000000
vn 0.100000 -0.000000 0.000000
vn 0.076604 0.064279 0.000000
vn 0.076604 0.064279 0.000000
vn 0.017365 0.098481 0.000000
vn 0.017365 0.098481 0.000000
vn -0.050000 0.086603 -0.000000
vn -0.050000 0.086603 -0.000000
vn -0.093969 0.034202 -0.000000
vn -0.093969 0.034202 -0.000000
vn -0.093969 -0.034202 0.000000
vn -0.093969 -0.034202 0.000000
vn -0.050000 -0.086603 0.000000
vn -0.050000 -0.086603 0.000000
vn 0.017365 -0.098481 0.000000
vn 0.017365 -0.098481 0.000000
vn 0.000000 0.000000 0.100000
vn 0.000000 0.000000 0.100000
vn 0.000000 0.000000 0.100000
vn 0.000000 0.000000 0.100000
vn 0.000000 0.000000 0.100000
vn 0.000000 0.000000 0.100000
vn 0.000000 0.000000 0.100000
vn 0.000000 0.000000 0.100000
vn 0.000000 0.000000 0.100000
vn 0.076604 -0.064279 0.000000
vn 0.076604 -0.064279 0.000000
vn 0.100000 -0.000000 0.000000
vn 0.100000 -0.000000 0.000000
vn 0.076604 0.064279 0.000000
vn 0.076604 0.064279 0.000000
vn 0.017365 0.098481 0.000000
vn 0.017365 0.098481 0.000000
vn -0.050000 0.086603 -0.000000
vn -0.050000 0.086603 -0.000000
vn -0.093969 0.034202 -0.000000
vn -0.093969 0.034202 -0.000000
vn -0.093969 -0.034202 0.000000
vn -0.093969 -0.034202 0.000000
vn -0.050000 -0.086603 0.000000
vn -0.050000 -0.086603 0.000000
vn 0.017365 -0.098481 0.000000
vn 0.017365 -0.098481 0.000000
vn 0.000000 0.000000 0.100000
vn 0.000000 0.000000 0.100000
vn 0.000000 0.000000 0.100000
vn 0.000000 0.000000 0.100000
vn 0.000000 0.000000 0.100000
vn 0.000000 0.000000 0.100000
vn 0.000000 0.000000 0.100000
vn 0.000000 0.000000 0.100000
vn 0.000000 0.000000 0.100000
vn -0.100000 0.000000 0.000000
vn -0.100000 0.000000 0.000000
vn -0.100000 0.000000 0.000000
vn -0.100000 0.000000 0.000000
vn -0.100000 0.000000 0.000000
vn -0.100000 0.000000 0.000000
vn -0.100000 0.000000 0.000000
vn -0.100000 0.000000 0.000000
vn 0.000000 0.100000 0.000000
vn 0.000000 0.100000 0.000000
vn 0.000000 0.100000 0.000000
vn 0.000000 0.100000 0.000000
vn 0.100000 0.000000 0.000000
vn 0.100000 0.000000 0.000000
vn 0.100000 0.000000 0.000000
vn 0.100000 0.000000 0.000000
vn 0.000000 0.000000 0.100000
vn 0.000000 0.000000 0.100000
vn 0.000000 0.000000 0.100000
vn 0.000000 0.000000 0.100000
vn 0.000000 0.000000 0.100000
vn 0.000000 0.000000 0.100000
vn 0.000000 0.000000 0.100000
vn 0.000000 0.000000 0.100000
vn 0.000000 0.000000 0.100000
vn 0.000000 0.000000 0.100000
vn 0.000000 0.000000 0.100000
vn 0.000000 0.000000 0.100000
vn 0.000000 0.000000 0.100000
vn 0.000000 0.000000 0.100000
vn 0.000000 0.000000 0.100000
vn 0.000000 0.000000 0.100000
vn 0.000000 0.000000 0.100000
vn 0.000000 0.000000 0.100000
vn 0.000000 0.000000 0.100000
vn 0.000000 0.000000 0.100000
vn 0.000000 0.000000 0.100000
vn 0.000000 0.000000 0.100000
vn 0.000000 0.000000 0.100000
vn 0.000000 0.000000 0.100000
vn 0.000000 0.000000 0.100000
vn 0.000000 0.000000 0.100000
vn 0.000000 0.000000 0.100000
vn 0.000000 0.000000 0.100000
vn 0.000000 0.000000 0.100000
vn 0.000000 0.000000 0.100000
vn 0.000000 0.000000 0.100000
vn 0.000000 0.000000 0.100000
vn 0.000000 0.000000 0.100000
vn 0.000000 0.000000 0.100000
vn 0.000000 0.000000 0.100000
vn 0.000000 0.000000 0.100000
vn 0.000000 0.000000 0.100000
vn 0.000000 0.000000 0.100000
vn 0.000000 0.000000 0.100000
vn 0.000000 0.000000 0.100000
vn 0.000000 0.000000 0.100000
vn 0.000000 0.000000 0.100000
vn 0.000000 0.000000 0.100000
vn 0.000000 0.000000 0.100000
vn 0.000000 0.000000 0.100000
vn 0.000000 0.000000 0.100000
vn 0.000000 0.000000 0.100000
vn 0.000000 0.000000 0.100000
vn 0.000000 0.000000 0.100000
vn 0.000000 0.000000 0.100000
vn 0.000000 0.000000 0.100000
vn 0.000000 0.000000 0.100000
vn 0.000000 0.000000 0.100000
vn 0.000000 0.000000 0.100000
vn 0.000000 0.000000 0.100000
vn 0.000000 0.000000 0.100000
vn 0.000000 0.000000 0.100000
vn 0.000000 0.000000 0.100000
vn 0.000000 0.000000 0.100000
vn 0.000000 0.000000 0.100000
vn 0.000000 0.000000 0.100000
vn 0.000000 0.000000 0.100000
vn 0.000000 0.000000 0.100000
vn 0.000000 0.000000 0.100000
vn 0.000000 0.000000 0.100000
vn 0.000000 0.000000 0.100000
vn 0.000000 0.000000 0.100000
vn 0.000000 0.000000 0.100000
vn 0.000000 0.000000 0.100000
vn 0.000000 0.000000 0.100000
vn 0.000000 0.000000 0.100000
vn 0.000000 0.000000 0.100000
vn 0.000000 0.000000 0.100000
vn 0.000000 0.000000 0.100000
vn 0.000000 0.000000 0.100000
vn 0.000000 0.000000 0.100000
vn 0.000000 0.000000 0.100000
vn 0.000000 0.000000 0.100000
vn 0.000000 0.000000 0.100000
vn 0.000000 0.000000 0.100000
vn 0.000000 0.000000 -0.100000
vn 0.000000 0.000000 -0.100000
vn 0.000000 0.000000 -0.100000
vn 0.000000 0.000000 -0.100000
vn 0.014454 0.039713 -0.090631
vn 0.014454 0.039713 -0.090631
vn 0.014454 0.039713 -0.090631
vn 0.014454 0.039713 -0.090631
vn -0.014454 -0.039713 0.090631
vn -0.014454 -0.039713 0.090631
vn -0.014454 -0.039713 0.090631
vn -0.014454 -0.039713 0.090631
vn -0.014454 -0.039713 0.090631
vn -0.014454 -0.039713 0.090631
vn -0.014454 -0.039713 0.090631
vn -0.014454 -0.039713 0.090631
vn -0.014454 -0.039713 0.090631
vn -0.014454 -0.039713 0.090631
vn -0.014454 -0.039713 0.090631
vn -0.014454 -0.039713 0.090631
vn -0.014454 -0.039713 0.090631
vn -0.014454 -0.039713 0.090631
vn -0.014454 -0.039713 0.090631
vn -0.014454 -0.039713 0.090631
vn -0.014454 -0.039713 0.090631
vn -0.014454 -0.039713 0.090631
vn -0.014454 -0.039713 0.090631
vn -0.014454 -0.039713 0.090631
vn -0.014454 -0.039713 0.090631
vn -0.014454 -0.039713 0.090631
vn -0.014454 -0.039713 0.090631
vn -0.014454 -0.039713 0.090631
vn -0.014454 -0.039713 0.090631
vn -0.014454 -0.039713 0.090631
vn -0.014454 -0.039713 0.090631
vn -0.014454 -0.039713 0.090631
vn -0.014454 -0.039713 0.090631
vn -0.014454 -0.039713 0.090631
vn -0.014454 -0.039713 0.090631
vn -0.014454 -0.039713 0.090631
vn -0.014454 -0.039713 0.090631
vn -0.014454 -0.039713 0.090631
vn -0.014454 -0.039713 0.090631
vn -0.014454 -0.039713 0.090631
vn -0.014454 -0.039713 0.090631
vn -0.014454 -0.039713 0.090631
vn -0.014454 -0.039713 0.090631
vn -0.014454 -0.039713 0.090631
vn -0.014454 -0.039713 0.090631
vn -0.014454 -0.039713 0.090631
vn -0.014454 -0.039713 0.090631
vn -0.014454 -0.039713 0.090631
vn -0.014454 -0.039713 0.090631
vn -0.014454 -0.039713 0.090631
vn -0.014454 -0.039713 0.090631
vn -0.014454 -0.039713 0.090631
vn -0.014454 -0.039713 0.090631
vn -0.014454 -0.039713 0.090631
vn -0.014454 -0.039713 0.090631
vn -0.014454 -0.039713 0.090631
vn -0.014454 -0.039713 0.090631
vn -0.014454 -0.039713 0.090631
vn -0.014454 -0.039713 0.090631
vn -0.014454 -0.039713 0.090631
vn -0.014454 -0.039713 0.090631
vn -0.014454 -0.039713 0.090631
vn -0.014454 -0.039713 0.090631
vn -0.014454 -0.039713 0.090631
vn -0.014454 -0.039713 0.090631
vn -0.014454 -0.039713 0.090631
vn -0.014454 -0.039713 0.090631
vn -0.014454 -0.039713 0.090631
vn -0.014454 -0.039713 0.090631
vn -0.014454 -0.039713 0.090631
vn -0.014454 -0.039713 0.090631
vn -0.014454 -0.039713 0.090631
vn -0.014454 -0.039713 0.090631
vn -0.014454 -0.039713 0.090631
vn -0.014454 -0.039713 0.090631
vn -0.014454 -0.039713 0.090631
vn -0.014454 -0.039713 0.090631
vn -0.014454 -0.039713 0.090631
vn -0.014454 -0.039713 0.090631
vn -0.014454 -0.039713 0.090631
vn -0.014454 -0.039713 0.090631
vn -0.014454 -0.039713 0.090631
vn -0.014454 -0.039713 0.090631
vn -0.014454 -0.039713 0.090631
vn 0.030998 0.085165 0.042262
vn 0.030998 0.085165 0.042262
vn 0.030998 0.085165 0.042262
vn 0.030998 0.085165 0.042262
vn -0.093969 0.034202 -0.000000
vn -0.093969 0.034202 -0.000000
vn -0.093969 0.034202 -0.000000
vn -0.093969 0.034202 -0.000000
vn -0.030998 -0.085165 -0.042262
vn -0.030998 -0.085165 -0.042262
vn -0.030998 -0.085165 -0.042262
vn -0.030998 -0.085165 -0.042262
vn -0.030998 -0.085165 -0.042262
vn -0.030998 -0.085165 -0.042262
vn -0.030998 -0.085165 -0.042262
vn -0.030998 -0.085165 -0.042262
vn -0.014454 -0.039713 0.090631
vn -0.014454 -0.039713 0.090631
vn -0.014454 -0.039713 0.090631
vn -0.014454 -0.039713 0.090631
vn -0.014454 -0.039713 0.090631
vn -0.014454 -0.039713 0.090631
vn -0.014454 -0.039713 0.090631
vn -0.014454 -0.039713 0.090631
vn -0.014454 -0.039713 0.090631
vn 0.084148 0.043256 0.032374
vn 0.084148 0.043256 0.032374
vn 0.030998 0.085165 0.042262
vn 0.030998 0.085165 0.042262
vn -0.036657 0.087225 0.032374
vn -0.036657 0.087225 0.032374
vn -0.087159 0.048471 0.007339
vn -0.087159 0.048471 0.007339
vn -0.096879 -0.012963 -0.021131
vn -0.096879 -0.012963 -0.021131
vn -0.061268 -0.068331 -0.039713
vn -0.061268 -0.068331 -0.039713
vn 0.003011 -0.091727 -0.039713
vn 0.003011 -0.091727 -0.039713
vn 0.065881 -0.072202 -0.021131
vn 0.065881 -0.072202 -0.021131
vn 0.097924 -0.018894 0.007339
vn 0.097924 -0.018894 0.007339
vn -0.014454 -0.039713 0.090631
vn -0.014454 -0.039713 0.090631
vn -0.014454 -0.039713 0.090631
vn -0.014454 -0.039713 0.090631
vn -0.014454 -0.039713 0.090631
vn -0.014454 -0.039713 0.090631
vn -0.014454 -0.039713 0.090631
vn -0.014454 -0.039713 0.090631
vn -0.014454 -0.039713 0.090631
vn 0.084148 0.043256 0.032374
vn 0.084148 0.043256 0.032374
vn 0.030998 0.085165 0.042262
vn 0.030998 0.085165 0.042262
vn -0.036657 0.087225 0.032374
vn -0.036657 0.087225 0.032374
vn -0.087159 0.048471 0.007339
vn -0.087159 0.048471 0.007339
vn -0.096879 -0.012963 -0.021131
vn -0.096879 -0.012963 -0.021131
vn -0.061268 -0.068331 -0.039713
vn -0.061268 -0.068331 -0.039713
vn 0.003011 -0.091727 -0.039713
vn 0.003011 -0.091727 -0.039713
vn 0.065881 -0.072202 -0.021131
vn 0.065881 -0.072202 -0.021131
vn 0.097924 -0.018894 0.007339
vn 0.097924 -0.018894 0.007339
vn -0.014454 -0.039713 0.090631
vn -0.014454 -0.039713 0.090631
vn -0.014454 -0.039713 0.090631
vn -0.014454 -0.039713 0.090631
vn -0.014454 -0.039713 0.090631
vn -0.014454 -0.039713 0.090631
vn -0.014454 -0.039713 0.090631
vn -0.014454 -0.039713 0.090631
vn -0.014454 -0.039713 0.090631
vn 0.084148 0.043256 0.032374
vn 0.084148 0.043256 0.032374
vn 0.030998 0.085165 0.042262
vn 0.030998 0.085165 0.042262
vn -0.036657 0.087225 0.032374
vn -0.036657 0.087225 0.032374
vn -0.087159 0.048471 0.007339
vn -0.087159 0.048471 0.007339
vn -0.096879 -0.012963 -0.021131
vn -0.096879 -0.012963 -0.021131
vn -0.061268 -0.068331 -0.039713
vn -0.061268 -0.068331 -0.039713
vn 0.003011 -0.091727 -0.039713
vn 0.003011 -0.091727 -0.039713
vn 0.065881 -0.072202 -0.021131
vn 0.065881 -0.072202 -0.021131
vn 0.097924 -0.018894 0.007339
vn 0.097924 -0.018894 0.007339
vn -0.014454 -0.039713 0.090631
vn -0.014454 -0.039713 0.090631
vn -0.014454 -0.039713 0.090631
vn -0.014454 -0.039713 0.090631
vn -0.014454 -0.039713 0.090631
vn -0.014454 -0.039713 0.090631
vn -0.014454 -0.039713 0.090631
vn -0.014454 -0.039713 0.090631
vn -0.014454 -0.039713 0.090631
vn 0.084148 0.043256 0.032374
vn 0.084148 0.043256 0.032374
vn 0.030998 0.085165 0.042262
vn 0.030998 0.085165 0.042262
vn -0.036657 0.087225 0.032374
vn -0.036657 0.087225 0.032374
vn -0.087159 0.048471 0.007339
vn -0.087159 0.048471 0.007339
vn -0.096879 -0.012963 -0.021131
vn -0.096879 -0.012963 -0.021131
vn -0.061268 -0.068331 -0.039713
vn -0.061268 -0.068331 -0.039713
vn 0.003011 -0.091727 -0.039713
vn 0.003011 -0.091727 -0.039713
vn 0.065881 -0.072202 -0.021131
vn 0.065881 -0.072202 -0.021131
vn 0.097924 -0.018894 0.007339
vn 0.097924 -0.018894 0.007339
vn -0.014454 -0.039713 0.090631
vn -0.014454 -0.039713 0.090631
vn -0.014454 -0.039713 0.090631
vn -0.014454 -0.039713 0.090631
vn -0.014454 -0.039713 0.090631
vn -0.014454 -0.039713 0.090631
vn -0.014454 -0.039713 0.090631
vn -0.014454 -0.039713 0.090631
vn -0.014454 -0.039713 0.090631
vn 0.084148 0.043256 0.032374
vn 0.084148 0.043256 0.032374
vn 0.030998 0.085165 0.042262
vn 0.030998 0.085165 0.042262
vn -0.036657 0.087225 0.032374
vn -0.036657 0.087225 0.032374
vn -0.087159 0.048471 0.007339
vn -0.087159 0.048471 0.007339
vn -0.096879 -0.012963 -0.021131
vn -0.096879 -0.012963 -0.021131
vn -0.061268 -0.068331 -0.039713
vn -0.061268 -0.068331 -0.039713
vn 0.003011 -0.091727 -0.039713
vn 0.003011 -0.091727 -0.039713
vn 0.065881 -0.072202 -0.021131
vn 0.065881 -0.072202 -0.021131
vn 0.097924 -0.018894 0.007339
vn 0.097924 -0.018894 0.007339
vn -0.014454 -0.039713 0.090631
vn -0.014454 -0.039713 0.090631
vn -0.014454 -0.039713 0.090631
vn -0.014454 -0.039713 0.090631
vn -0.014454 -0.039713 0.090631
vn -0.014454 -0.039713 0.090631
vn -0.014454 -0.039713 0.090631
vn -0.014454 -0.039713 0.090631
vn -0.014454 -0.039713 0.090631
vn 0.084148 0.043256 0.032374
vn 0.084148 0.043256 0.032374
vn 0.030998 0.085165 0.042262
vn 0.030998 0.085165 0.042262
vn -0.036657 0.087225 0.032374
vn -0.036657 0.087225 0.032374
vn -0.087159 0.048471 0.007339
vn -0.087159 0.048471 0.007339
vn -0.096879 -0.012963 -0.021131
vn -0.096879 -0.012963 -0.021131
vn -0.061268 -0.068331 -0.039713
vn -0.061268 -0.068331 -0.039713
vn 0.003011 -0.091727 -0.039713
vn 0.003011 -0.091727 -0.039713
vn 0.065881 -0.072202 -0.021131
vn 0.065881 -0.072202 -0.021131
vn 0.097924 -0.018894 0.007339
vn 0.097924 -0.018894 0.007339
vn -0.014454 -0.039713 0.090631
vn -0.014454 -0.039713 0.090631
vn -0.014454 -0.039713 0.090631
vn -0.014454 -0.039713 0.090631
vn -0.014454 -0.039713 0.090631
vn -0.014454 -0.039713 0.090631
vn -0.014454 -0.039713 0.090631
vn -0.014454 -0.039713 0.090631
vn -0.014454 -0.039713 0.090631
vn 0.084148 0.043256 0.032374
vn 0.084148 0.043256 0.032374
vn 0.030998 0.085165 0.042262
vn 0.030998 0.085165 0.042262
vn -0.036657 0.087225 0.032374
vn -0.036657 0.087225 0.032374
vn -0.087159 0.048471 0.007339
vn -0.087159 0.048471 0.007339
vn -0.096879 -0.012963 -0.021131
vn -0.096879 -0.012963 -0.021131
vn -0.061268 -0.068331 -0.039713
vn -0.061268 -0.068331 -0.039713
vn 0.003011 -0.091727 -0.039713
vn 0.003011 -0.091727 -0.039713
vn 0.065881 -0.072202 -0.021131
vn 0.065881 -0.072202 -0.021131
vn 0.097924 -0.018894 0.007339
vn 0.097924 -0.018894 0.007339
vn -0.014454 -0.039713 0.090631
vn -0.014454 -0.039713 0.090631
vn -0.014454 -0.039713 0.090631
vn -0.014454 -0.039713 0.090631
vn -0.014454 -0.039713 0.090631
vn -0.014454 -0.039713 0.090631
vn -0.014454 -0.039713 0.090631
vn -0.014454 -0.039713 0.090631
vn -0.014454 -0.039713 0.090631
vn 0.084148 0.043256 0.032374
vn 0.084148 0.043256 0.032374
vn 0.030998 0.085165 0.042262
vn 0.030998 0.085165 0.042262
vn -0.036657 0.087225 0.032374
vn -0.036657 0.087225 0.032374
vn -0.087159 0.048471 0.007339
vn -0.087159 0.048471 0.007339
vn -0.096879 -0.012963 -0.021131
vn -0.096879 -0.012963 -0.021131
vn -0.061268 -0.068331 -0.039713
vn -0.061268 -0.068331 -0.039713
vn 0.003011 -0.091727 -0.039713
vn 0.003011 -0.091727 -0.039713
vn 0.065881 -0.072202 -0.021131
vn 0.065881 -0.072202 -0.021131
vn 0.097924 -0.018894 0.007339
vn 0.097924 -0.018894 0.007339
vn 0.093969 -0.034202 0.000000
vn 0.093969 -0.034202 0.000000
vn 0.093969 -0.034202 0.000000
vn 0.093969 -0.034202 0.000000
vn 0.093969 -0.034202 0.000000
vn 0.093969 -0.034202 0.000000
vn 0.093969 -0.034202 0.000000
vn 0.093969 -0.034202 0.000000
vn -0.014454 -0.039713 0.090631
vn -0.014454 -0.039713 0.090631
vn -0.014454 -0.039713 0.090631
vn -0.014454 -0.039713 0.090631
vn 0.030998 0.085165 0.042262
vn 0.030998 0.085165 0.042262
vn 0.030998 0.085165 0.042262
vn 0.030998 0.085165 0.042262
vn -0.093969 0.034202 -0.000000
vn -0.093969 0.034202 -0.000000
vn -0.093969 0.034202 -0.000000
vn -0.093969 0.034202 -0.000000
usemtl Plastic_-_Matte_(Black)_(1)
f 2/1/1 3/2/2 1/3/3
f 1/3/3 3/2/2 4/4/4
f 4/5/5 5/6/6 1/7/7
f 1/7/7 5/6/6 6/8/8
f 4/9/9 3/10/10 5/11/11
f 5/11/11 3/10/10 7/12/12
f 6/13/13 5/14/14 8/15/15
f 8/15/15 5/14/14 7/16/16
f 9/17/17 10/18/18 12/19/19
f 12/19/19 10/18/18 11/20/20
f 14/21/21 30/22/22 13/23/23
f 13/23/23 30/22/22 22/24/24
f 13/25/23 22/26/24 21/27/25
f 21/27/25 22/26/24 23/28/26
f 21/27/25 23/28/26 20/29/27
f 20/29/27 23/28/26 24/30/28
f 20/29/27 24/30/28 19/31/29
f 19/31/29 24/30/28 25/32/30
f 19/31/29 25/32/30 18/33/31
f 18/33/31 25/32/30 26/34/32
f 18/33/31 26/34/32 17/35/33
f 17/35/33 26/34/32 27/36/34
f 17/35/33 27/36/34 16/37/35
f 16/37/35 27/36/34 28/38/36
f 16/37/35 28/38/36 15/39/37
f 15/39/37 28/38/36 29/40/38
f 15/39/37 29/40/38 14/21/21
f 14/21/21 29/40/38 30/22/22
f 13/41/39 21/42/40 14/43/41
f 14/43/41 21/42/40 20/44/42
f 14/43/41 20/44/42 15/45/43
f 15/45/43 20/44/42 19/46/44
f 15/45/43 19/46/44 16/47/45
f 16/47/45 19/46/44 18/48/46
f 16/47/45 18/48/46 17/49/47
f 32/50/48 48/51/49 31/52/50
f 31/52/50 48/51/49 40/53/51
f 31/54/50 40/55/51 39/56/52
f 39/56/52 40/55/51 41/57/53
f 39/56/52 41/57/53 38/58/54
f 38/58/54 41/57/53 42/59/55
f 38/58/54 42/59/55 37/60/56
f 37/60/56 42/59/55 43/61/57
f 37/60/56 43/61/57 36/62/58
f 36/62/58 43/61/57 44/63/59
f 36/62/58 44/63/59 35/64/60
f 35/64/60 44/63/59 45/65/61
f 35/64/60 45/65/61 34/66/62
f 34/66/62 45/65/61 46/67/63
f 34/66/62 46/67/63 33/68/64
f 33/68/64 46/67/63 47/69/65
f 33/68/64 47/69/65 32/50/48
f 32/50/48 47/69/65 48/51/49
f 31/70/66 39/71/67 32/72/68
f 32/72/68 39/71/67 38/73/69
f 32/72/68 38/73/69 33/74/70
f 33/74/70 38/73/69 37/75/71
f 33/74/70 37/75/71 34/76/72
f 34/76/72 37/75/71 36/77/73
f 34/76/72 36/77/73 35/78/74
f 50/79/75 66/80/76 49/81/77
f 49/81/77 66/80/76 58/82/78
f 49/83/77 58/84/78 57/85/79
f 57/85/79 58/84/78 59/86/80
f 57/85/79 59/86/80 56/87/81
f 56/87/81 59/86/80 60/88/82
f 56/87/81 60/88/82 55/89/83
f 55/89/83 60/88/82 61/90/84
f 55/89/83 61/90/84 54/91/85
f 54/91/85 61/90/84 62/92/86
f 54/91/85 62/92/86 53/93/87
f 53/93/87 62/92/86 63/94/88
f 53/93/87 63/94/88 52/95/89
f 52/95/89 63/94/88 64/96/90
f 52/95/89 64/96/90 51/97/91
f 51/97/91 64/96/90 65/98/92
f 51/97/91 65/98/92 50/79/75
f 50/79/75 65/98/92 66/80/76
f 49/99/93 57/100/94 50/101/95
f 50/101/95 57/100/94 56/102/96
f 50/101/95 56/102/96 51/103/97
f 51/103/97 56/102/96 55/104/98
f 51/103/97 55/104/98 52/105/99
f 52/105/99 55/104/98 54/106/100
f 52/105/99 54/106/100 53/107/101
f 68/108/102 84/109/103 67/110/104
f 67/110/104 84/109/103 76/111/105
f 67/112/104 76/113/105 75/114/106
f 75/114/106 76/113/105 77/115/107
f 75/114/106 77/115/107 74/116/108
f 74/116/108 77/115/107 78/117/109
f 74/116/108 78/117/109 73/118/110
f 73/118/110 78/117/109 79/119/111
f 73/118/110 79/119/111 72/120/112
f 72/120/112 79/119/111 80/121/113
f 72/120/112 80/121/113 71/122/114
f 71/122/114 80/121/113 81/123/115
f 71/122/114 81/123/115 70/124/116
f 70/124/116 81/123/115 82/125/117
f 70/124/116 82/125/117 69/126/118
f 69/126/118 82/125/117 83/127/119
f 69/126/118 83/127/119 68/108/102
f 68/108/102 83/127/119 84/109/103
f 67/128/120 75/129/121 68/130/122
f 68/130/122 75/129/121 74/131/123
f 68/130/122 74/131/123 69/132/124
f 69/132/124 74/131/123 73/133/125
f 69/132/124 73/133/125 70/134/126
f 70/134/126 73/133/125 72/135/127
f 70/134/126 72/135/127 71/136/128
f 86/137/129 102/138/130 85/139/131
f 85/139/131 102/138/130 94/140/132
f 85/141/131 94/142/132 93/143/133
f 93/143/133 94/142/132 95/144/134
f 93/143/133 95/144/134 92/145/135
f 92/145/135 95/144/134 96/146/136
f 92/145/135 96/146/136 91/147/137
f 91/147/137 96/146/136 97/148/138
f 91/147/137 97/148/138 90/149/139
f 90/149/139 97/148/138 98/150/140
f 90/149/139 98/150/140 89/151/141
f 89/151/141 98/150/140 99/152/142
f 89/151/141 99/152/142 88/153/143
f 88/153/143 99/152/142 100/154/144
f 88/153/143 100/154/144 87/155/145
f 87/155/145 100/154/144 101/156/146
f 87/155/145 101/156/146 86/137/129
f 86/137/129 101/156/146 102/138/130
f 85/157/147 93/158/148 86/159/149
f 86/159/149 93/158/148 92/160/150
f 86/159/149 92/160/150 87/161/151
f 87/161/151 92/160/150 91/162/152
f 87/161/151 91/162/152 88/163/153
f 88/163/153 91/162/152 90/164/154
f 88/163/153 90/164/154 89/165/155
f 104/166/156 120/167/157 103/168/158
f 103/168/158 120/167/157 112/169/159
f 103/170/158 112/171/159 111/172/160
f 111/172/160 112/171/159 113/173/161
f 111/172/160 113/173/161 110/174/162
f 110/174/162 113/173/161 114/175/163
f 110/174/162 114/175/163 109/176/164
f 109/176/164 114/175/163 115/177/165
f 109/176/164 115/177/165 108/178/166
f 108/178/166 115/177/165 116/179/167
f 108/178/166 116/179/167 107/180/168
f 107/180/168 116/179/167 117/181/169
f 107/180/168 117/181/169 106/182/170
f 106/182/170 117/181/169 118/183/171
f 106/182/170 118/183/171 105/184/172
f 105/184/172 118/183/171 119/185/173
f 105/184/172 119/185/173 104/166/156
f 104/166/156 119/185/173 120/167/157
f 103/186/174 111/187/175 104/188/176
f 104/188/176 111/187/175 110/189/177
f 104/188/176 110/189/177 105/190/178
f 105/190/178 110/189/177 109/191/179
f 105/190/178 109/191/179 106/192/180
f 106/192/180 109/191/179 108/193/181
f 106/192/180 108/193/181 107/194/182
f 122/195/183 138/196/184 121/197/185
f 121/197/185 138/196/184 130/198/186
f 121/199/185 130/200/186 129/201/187
f 129/201/187 130/200/186 131/202/188
f 129/201/187 131/202/188 128/203/189
f 128/203/189 131/202/188 132/204/190
f 128/203/189 132/204/190 127/205/191
f 127/205/191 132/204/190 133/206/192
f 127/205/191 133/206/192 126/207/193
f 126/207/193 133/206/192 134/208/194
f 126/207/193 134/208/194 125/209/195
f 125/209/195 134/208/194 135/210/196
f 125/209/195 135/210/196 124/211/197
f 124/211/197 135/210/196 136/212/198
f 124/211/197 136/212/198 123/213/199
f 123/213/199 136/212/198 137/214/200
f 123/213/199 137/214/200 122/195/183
f 122/195/183 137/214/200 138/196/184
f 121/215/201 129/216/202 122/217/203
f 122/217/203 129/216/202 128/218/204
f 122/217/203 128/218/204 123/219/205
f 123/219/205 128/218/204 127/220/206
f 123/219/205 127/220/206 124/221/207
f 124/221/207 127/220/206 126/222/208
f 124/221/207 126/222/208 125/223/209
f 140/224/210 156/225/211 139/226/212
f 139/226/212 156/225/211 148/227/213
f 139/228/212 148/229/213 147/230/214
f 147/230/214 148/229/213 149/231/215
f 147/230/214 149/231/215 146/232/216
f 146/232/216 149/231/215 150/233/217
f 146/232/216 150/233/217 145/234/218
f 145/234/218 150/233/217 151/235/219
f 145/234/218 151/235/219 144/236/220
f 144/236/220 151/235/219 152/237/221
f 144/236/220 152/237/221 143/238/222
f 143/238/222 152/237/221 153/239/223
f 143/238/222 153/239/223 142/240/224
f 142/240/224 153/239/223 154/241/225
f 142/240/224 154/241/225 141/242/226
f 141/242/226 154/241/225 155/243/227
f 141/242/226 155/243/227 140/224/210
f 140/224/210 155/243/227 156/225/211
f 139/244/228 147/245/229 140/246/230
f 140/246/230 147/245/229 146/247/231
f 140/246/230 146/247/231 141/248/232
f 141/248/232 146/247/231 145/249/233
f 141/248/232 145/249/233 142/250/234
f 142/250/234 145/249/233 144/251/235
f 142/250/234 144/251/235 143/252/236
f 2/253/237 8/254/238 3/255/239
f 3/255/239 8/254/238 7/256/240
f 157/257/241 11/258/242 158/259/243
f 158/259/243 11/258/242 10/260/244
f 158/261/245 159/262/246 157/263/247
f 157/263/247 159/262/246 160/264/248
f 12/265/249 160/266/250 9/267/251
f 9/267/251 160/266/250 159/268/252
f 6/269/253 116/270/254 1/271/255
f 1/271/255 116/270/254 135/272/256
f 1/271/255 135/272/256 134/273/257
f 8/274/258 9/275/259 6/269/253
f 6/269/253 9/275/259 47/276/260
f 6/269/253 47/276/260 46/277/261
f 2/278/262 148/279/263 8/274/258
f 8/274/258 148/279/263 76/280/264
f 8/274/258 76/280/264 84/281/265
f 1/271/255 158/282/266 2/278/262
f 2/278/262 158/282/266 24/283/267
f 2/278/262 24/283/267 23/284/268
f 76/280/264 148/279/263 77/285/269
f 77/285/269 148/279/263 156/286/270
f 77/285/269 156/286/270 78/287/271
f 78/287/271 156/286/270 155/288/272
f 78/287/271 155/288/272 79/289/273
f 79/289/273 155/288/272 154/290/274
f 79/289/273 154/290/274 80/291/275
f 80/291/275 154/290/274 153/292/276
f 80/291/275 153/292/276 10/293/277
f 10/293/277 153/292/276 152/294/278
f 10/293/277 152/294/278 99/295/279
f 99/295/279 152/294/278 100/296/280
f 100/296/280 152/294/278 151/297/281
f 100/296/280 151/297/281 101/298/282
f 101/298/282 151/297/281 150/299/283
f 101/298/282 150/299/283 149/300/284
f 101/298/282 149/300/284 102/301/285
f 102/301/285 149/300/284 148/279/263
f 102/301/285 148/279/263 94/302/286
f 94/302/286 148/279/263 2/278/262
f 94/302/286 2/278/262 22/303/287
f 22/303/287 2/278/262 23/284/268
f 10/293/277 99/295/279 158/282/266
f 158/282/266 99/295/279 98/304/288
f 158/282/266 98/304/288 27/305/289
f 27/305/289 98/304/288 97/306/290
f 27/305/289 97/306/290 28/307/291
f 28/307/291 97/306/290 96/308/292
f 28/307/291 96/308/292 29/309/293
f 29/309/293 96/308/292 95/310/294
f 29/309/293 95/310/294 30/311/295
f 30/311/295 95/310/294 94/302/286
f 30/311/295 94/302/286 22/303/287
f 84/281/265 83/312/296 8/274/258
f 8/274/258 83/312/296 10/293/277
f 8/274/258 10/293/277 9/275/259
f 83/312/296 82/313/297 10/293/277
f 10/293/277 82/313/297 81/314/298
f 10/293/277 81/314/298 80/291/275
f 27/305/289 26/315/299 158/282/266
f 158/282/266 26/315/299 25/316/300
f 158/282/266 25/316/300 24/283/267
f 48/317/301 9/275/259 40/318/302
f 40/318/302 9/275/259 112/319/303
f 40/318/302 112/319/303 120/320/304
f 48/317/301 47/276/260 9/275/259
f 46/277/261 45/321/305 6/269/253
f 6/269/253 45/321/305 44/322/306
f 6/269/253 44/322/306 117/323/307
f 117/323/307 44/322/306 43/324/308
f 117/323/307 43/324/308 118/325/309
f 118/325/309 43/324/308 42/326/310
f 118/325/309 42/326/310 119/327/311
f 119/327/311 42/326/310 41/328/312
f 119/327/311 41/328/312 120/320/304
f 120/320/304 41/328/312 40/318/302
f 66/329/313 131/330/314 58/331/315
f 58/331/315 131/330/314 130/332/316
f 58/331/315 130/332/316 159/333/317
f 159/333/317 130/332/316 9/275/259
f 9/275/259 130/332/316 112/319/303
f 131/330/314 66/329/313 132/334/318
f 132/334/318 66/329/313 65/335/319
f 132/334/318 65/335/319 133/336/320
f 133/336/320 65/335/319 64/337/321
f 133/336/320 64/337/321 134/273/257
f 134/273/257 64/337/321 63/338/322
f 134/273/257 63/338/322 1/271/255
f 1/271/255 63/338/322 62/339/323
f 1/271/255 62/339/323 61/340/324
f 61/340/324 60/341/325 1/271/255
f 1/271/255 60/341/325 159/333/317
f 1/271/255 159/333/317 158/282/266
f 60/341/325 59/342/326 159/333/317
f 159/333/317 59/342/326 58/331/315
f 117/323/307 116/270/254 6/269/253
f 135/272/256 116/270/254 136/343/327
f 136/343/327 116/270/254 115/344/328
f 136/343/327 115/344/328 137/345/329
f 137/345/329 115/344/328 114/346/330
f 137/345/329 114/346/330 113/347/331
f 137/345/329 113/347/331 138/348/332
f 138/348/332 113/347/331 112/319/303
f 138/348/332 112/319/303 130/332/316
f 12/349/333 11/350/334 160/351/335
f 160/351/335 11/350/334 157/352/336
f 162/353/337 163/354/338 161/355/339
f 161/355/339 163/354/338 164/356/340
f 164/357/341 165/358/342 161/359/343
f 161/359/343 165/358/342 166/360/344
f 164/361/345 163/362/346 165/363/347
f 165/363/347 163/362/346 167/364/348
f 166/365/349 165/366/350 168/367/351
f 168/367/351 165/366/350 167/368/352
f 169/369/353 170/370/354 172/371/355
f 172/371/355 170/370/354 171/372/356
f 174/373/357 190/374/358 173/375/359
f 173/375/359 190/374/358 182/376/360
f 173/377/359 182/378/360 181/379/361
f 181/379/361 182/378/360 183/380/362
f 181/379/361 183/380/362 180/381/363
f 180/381/363 183/380/362 184/382/364
f 180/381/363 184/382/364 179/383/365
f 179/383/365 184/382/364 185/384/366
f 179/383/365 185/384/366 178/385/367
f 178/385/367 185/384/366 186/386/368
f 178/385/367 186/386/368 177/387/369
f 177/387/369 186/386/368 187/388/370
f 177/387/369 187/388/370 176/389/371
f 176/389/371 187/388/370 188/390/372
f 176/389/371 188/390/372 175/391/373
f 175/391/373 188/390/372 189/392/374
f 175/391/373 189/392/374 174/373/357
f 174/373/357 189/392/374 190/374/358
f 173/393/375 181/394/376 174/395/377
f 174/395/377 181/394/376 180/396/378
f 174/395/377 180/396/378 175/397/379
f 175/397/379 180/396/378 179/398/380
f 175/397/379 179/398/380 176/399/381
f 176/399/381 179/398/380 178/400/382
f 176/399/381 178/400/382 177/401/383
f 192/402/384 208/403/385 191/404/386
f 191/404/386 208/403/385 200/405/387
f 191/406/386 200/407/387 199/408/388
f 199/408/388 200/407/387 201/409/389
f 199/408/388 201/409/389 198/410/390
f 198/410/390 201/409/389 202/411/391
f 198/410/390 202/411/391 197/412/392
f 197/412/392 202/411/391 203/413/393
f 197/412/392 203/413/393 196/414/394
f 196/414/394 203/413/393 204/415/395
f 196/414/394 204/415/395 195/416/396
f 195/416/396 204/415/395 205/417/397
f 195/416/396 205/417/397 194/418/398
f 194/418/398 205/417/397 206/419/399
f 194/418/398 206/419/399 193/420/400
f 193/420/400 206/419/399 207/421/401
f 193/420/400 207/421/401 192/402/384
f 192/402/384 207/421/401 208/403/385
f 191/422/402 199/423/403 192/424/404
f 192/424/404 199/423/403 198/425/405
f 192/424/404 198/425/405 193/426/406
f 193/426/406 198/425/405 197/427/407
f 193/426/406 197/427/407 194/428/408
f 194/428/408 197/427/407 196/429/409
f 194/428/408 196/429/409 195/430/410
f 210/431/411 226/432/412 209/433/413
f 209/433/413 226/432/412 218/434/414
f 209/435/413 218/436/414 217/437/415
f 217/437/415 218/436/414 219/438/416
f 217/437/415 219/438/416 216/439/417
f 216/439/417 219/438/416 220/440/418
f 216/439/417 220/440/418 215/441/419
f 215/441/419 220/440/418 221/442/420
f 215/441/419 221/442/420 214/443/421
f 214/443/421 221/442/420 222/444/422
f 214/443/421 222/444/422 213/445/423
f 213/445/423 222/444/422 223/446/424
f 213/445/423 223/446/424 212/447/425
f 212/447/425 223/446/424 224/448/426
f 212/447/425 224/448/426 211/449/427
f 211/449/427 224/448/426 225/450/428
f 211/449/427 225/450/428 210/431/411
f 210/431/411 225/450/428 226/432/412
f 209/451/429 217/452/430 210/453/431
f 210/453/431 217/452/430 216/454/432
f 210/453/431 216/454/432 211/455/433
f 211/455/433 216/454/432 215/456/434
f 211/455/433 215/456/434 212/457/435
f 212/457/435 215/456/434 214/458/436
f 212/457/435 214/458/436 213/459/437
f 228/460/438 244/461/439 227/462/440
f 227/462/440 244/461/439 236/463/441
f 227/464/440 236/465/441 235/466/442
f 235/466/442 236/465/441 237/467/443
f 235/466/442 237/467/443 234/468/444
f 234/468/444 237/467/443 238/469/445
f 234/468/444 238/469/445 233/470/446
f 233/470/446 238/469/445 239/471/447
f 233/470/446 239/471/447 232/472/448
f 232/472/448 239/471/447 240/473/449
f 232/472/448 240/473/449 231/474/450
f 231/474/450 240/473/449 241/475/451
f 231/474/450 241/475/451 230/476/452
f 230/476/452 241/475/451 242/477/453
f 230/476/452 242/477/453 229/478/454
f 229/478/454 242/477/453 243/479/455
f 229/478/454 243/479/455 228/460/438
f 228/460/438 243/479/455 244/461/439
f 227/480/456 235/481/457 228/482/458
f 228/482/458 235/481/457 234/483/459
f 228/482/458 234/483/459 229/484/460
f 229/484/460 234/483/459 233/485/461
f 229/484/460 233/485/461 230/486/462
f 230/486/462 233/485/461 232/487/463
f 230/486/462 232/487/463 231/488/464
f 246/489/465 262/490/466 245/491/467
f 245/491/467 262/490/466 254/492/468
f 245/493/467 254/494/468 253/495/469
f 253/495/469 254/494/468 255/496/470
f 253/495/469 255/496/470 252/497/471
f 252/497/471 255/496/470 256/498/472
f 252/497/471 256/498/472 251/499/473
f 251/499/473 256/498/472 257/500/474
f 251/499/473 257/500/474 250/501/475
f 250/501/475 257/500/474 258/502/476
f 250/501/475 258/502/476 249/503/477
f 249/503/477 258/502/476 259/504/478
f 249/503/477 259/504/478 248/505/479
f 248/505/479 259/504/478 260/506/480
f 248/505/479 260/506/480 247/507/481
f 247/507/481 260/506/480 261/508/482
f 247/507/481 261/508/482 246/489/465
f 246/489/465 261/508/482 262/490/466
f 245/509/483 253/510/484 246/511/485
f 246/511/485 253/510/484 252/512/486
f 246/511/485 252/512/486 247/513/487
f 247/513/487 252/512/486 251/514/488
f 247/513/487 251/514/488 248/515/489
f 248/515/489 251/514/488 250/516/490
f 248/515/489 250/516/490 249/517/491
f 264/518/492 280/519/493 263/520/494
f 263/520/494 280/519/493 272/521/495
f 263/522/494 272/523/495 271/524/496
f 271/524/496 272/523/495 273/525/497
f 271/524/496 273/525/497 270/526/498
f 270/526/498 273/525/497 274/527/499
f 270/526/498 274/527/499 269/528/500
f 269/528/500 274/527/499 275/529/501
f 269/528/500 275/529/501 268/530/502
f 268/530/502 275/529/501 276/531/503
f 268/530/502 276/531/503 267/532/504
f 267/532/504 276/531/503 277/533/505
f 267/532/504 277/533/505 266/534/506
f 266/534/506 277/533/505 278/535/507
f 266/534/506 278/535/507 265/536/508
f 265/536/508 278/535/507 279/537/509
f 265/536/508 279/537/509 264/518/492
f 264/518/492 279/537/509 280/519/493
f 263/538/510 271/539/511 264/540/512
f 264/540/512 271/539/511 270/541/513
f 264/540/512 270/541/513 265/542/514
f 265/542/514 270/541/513 269/543/515
f 265/542/514 269/543/515 266/544/516
f 266/544/516 269/543/515 268/545/517
f 266/544/516 268/545/517 267/546/518
f 282/547/519 298/548/520 281/549/521
f 281/549/521 298/548/520 290/550/522
f 281/551/521 290/552/522 289/553/523
f 289/553/523 290/552/522 291/554/524
f 289/553/523 291/554/524 288/555/525
f 288/555/525 291/554/524 292/556/526
f 288/555/525 292/556/526 287/557/527
f 287/557/527 292/556/526 293/558/528
f 287/557/527 293/558/528 286/559/529
f 286/559/529 293/558/528 294/560/530
f 286/559/529 294/560/530 285/561/531
f 285/561/531 294/560/530 295/562/532
f 285/561/531 295/562/532 284/563/533
f 284/563/533 295/562/532 296/564/534
f 284/563/533 296/564/534 283/565/535
f 283/565/535 296/564/534 297/566/536
f 283/565/535 297/566/536 282/547/519
f 282/547/519 297/566/536 298/548/520
f 281/567/537 289/568/538 282/569/539
f 282/569/539 289/568/538 288/570/540
f 282/569/539 288/570/540 283/571/541
f 283/571/541 288/570/540 287/572/542
f 283/571/541 287/572/542 284/573/543
f 284/573/543 287/572/542 286/574/544
f 284/573/543 286/574/544 285/575/545
f 300/576/546 316/577/547 299/578/548
f 299/578/548 316/577/547 308/579/549
f 299/580/548 308/581/549 307/582/550
f 307/582/550 308/581/549 309/583/551
f 307/582/550 309/583/551 306/584/552
f 306/584/552 309/583/551 310/585/553
f 306/584/552 310/585/553 305/586/554
f 305/586/554 310/585/553 311/587/555
f 305/586/554 311/587/555 304/588/556
f 304/588/556 311/587/555 312/589/557
f 304/588/556 312/589/557 303/590/558
f 303/590/558 312/589/557 313/591/559
f 303/590/558 313/591/559 302/592/560
f 302/592/560 313/591/559 314/593/561
f 302/592/560 314/593/561 301/594/562
f 301/594/562 314/593/561 315/595/563
f 301/594/562 315/595/563 300/576/546
f 300/576/546 315/595/563 316/577/547
f 299/596/564 307/597/565 300/598/566
f 300/598/566 307/597/565 306/599/567
f 300/598/566 306/599/567 301/600/568
f 301/600/568 306/599/567 305/601/569
f 301/600/568 305/601/569 302/602/570
f 302/602/570 305/601/569 304/603/571
f 302/602/570 304/603/571 303/604/572
f 162/605/573 168/606/574 163/607/575
f 163/607/575 168/606/574 167/608/576
f 317/609/577 171/610/578 318/611/579
f 318/611/579 171/610/578 170/612/580
f 318/613/581 319/614/582 317/615/583
f 317/615/583 319/614/582 320/616/584
f 172/617/585 320/618/586 169/619/587
f 169/619/587 320/618/586 319/620/588
f 166/621/589 276/622/590 161/623/591
f 161/623/591 276/622/590 295/624/592
f 161/623/591 295/624/592 294/625/593
f 168/626/594 169/627/595 166/621/589
f 166/621/589 169/627/595 207/628/596
f 166/621/589 207/628/596 206/629/597
f 162/630/598 308/631/599 168/626/594
f 168/626/594 308/631/599 236/632/600
f 168/626/594 236/632/600 244/633/601
f 161/623/591 318/634/602 162/630/598
f 162/630/598 318/634/602 184/635/603
f 162/630/598 184/635/603 183/636/604
f 236/632/600 308/631/599 237/637/605
f 237/637/605 308/631/599 316/638/606
f 237/637/605 316/638/606 238/639/607
f 238/639/607 316/638/606 315/640/608
f 238/639/607 315/640/608 239/641/609
f 239/641/609 315/640/608 314/642/610
f 239/641/609 314/642/610 240/643/611
f 240/643/611 314/642/610 313/644/612
f 240/643/611 313/644/612 170/645/613
f 170/645/613 313/644/612 312/646/614
f 170/645/613 312/646/614 259/647/615
f 259/647/615 312/646/614 260/648/616
f 260/648/616 312/646/614 311/649/617
f 260/648/616 311/649/617 261/650/618
f 261/650/618 311/649/617 310/651/619
f 261/650/618 310/651/619 309/652/620
f 261/650/618 309/652/620 262/653/621
f 262/653/621 309/652/620 308/631/599
f 262/653/621 308/631/599 254/654/622
f 254/654/622 308/631/599 162/630/598
f 254/654/622 162/630/598 182/655/623
f 182/655/623 162/630/598 183/636/604
f 170/645/613 259/647/615 318/634/602
f 318/634/602 259/647/615 258/656/624
f 318/634/602 258/656/624 187/657/625
f 187/657/625 258/656/624 257/658/626
f 187/657/625 257/658/626 188/659/627
f 188/659/627 257/658/626 256/660/628
f 188/659/627 256/660/628 189/661/629
f 189/661/629 256/660/628 255/662/630
f 189/661/629 255/662/630 190/663/631
f 190/663/631 255/662/630 254/654/622
f 190/663/631 254/654/622 182/655/623
f 244/633/601 243/664/632 168/626/594
f 168/626/594 243/664/632 170/645/613
f 168/626/594 170/645/613 169/627/595
f 243/664/632 242/665/633 170/645/613
f 170/645/613 242/665/633 241/666/634
f 170/645/613 241/666/634 240/643/611
f 187/657/625 186/667/635 318/634/602
f 318/634/602 186/667/635 185/668/636
f 318/634/602 185/668/636 184/635/603
f 208/669/637 169/627/595 200/670/638
f 200/670/638 169/627/595 272/671/639
f 200/670/638 272/671/639 280/672/640
f 208/669/637 207/628/596 169/627/595
f 206/629/597 205/673/641 166/621/589
f 166/621/589 205/673/641 204/674/642
f 166/621/589 204/674/642 277/675/643
f 277/675/643 204/674/642 203/676/644
f 277/675/643 203/676/644 278/677/645
f 278/677/645 203/676/644 202/678/646
f 278/677/645 202/678/646 279/679/647
f 279/679/647 202/678/646 201/680/648
f 279/679/647 201/680/648 280/672/640
f 280/672/640 201/680/648 200/670/638
f 226/681/649 291/682/650 218/683/651
f 218/683/651 291/682/650 290/684/652
f 218/683/651 290/684/652 319/685/653
f 319/685/653 290/684/652 169/627/595
f 169/627/595 290/684/652 272/671/639
f 291/682/650 226/681/649 292/686/654
f 292/686/654 226/681/649 225/687/655
f 292/686/654 225/687/655 293/688/656
f 293/688/656 225/687/655 224/689/657
f 293/688/656 224/689/657 294/625/593
f 294/625/593 224/689/657 223/690/658
f 294/625/593 223/690/658 161/623/591
f 161/623/591 223/690/658 222/691/659
f 161/623/591 222/691/659 221/692/660
f 221/692/660 220/693/661 161/623/591
f 161/623/591 220/693/661 319/685/653
f 161/623/591 319/685/653 318/634/602
f 220/693/661 219/694/662 319/685/653
f 319/685/653 219/694/662 218/683/651
f 277/675/643 276/622/590 166/621/589
f 295/624/592 276/622/590 296/695/663
f 296/695/663 276/622/590 275/696/664
f 296/695/663 275/696/664 297/697/665
f 297/697/665 275/696/664 274/698/666
f 297/697/665 274/698/666 273/699/667
f 297/697/665 273/699/667 298/700/668
f 298/700/668 273/699/667 272/671/639
f 298/700/668 272/671/639 290/684/652
f 172/701/669 171/702/670 320/703/671
f 320/703/671 171/702/670 317/704/672
f 322/705/673 323/706/674 321/707/675
f 321/707/675 323/706/674 324/708/676
f 326/709/677 388/710/678 325/711/679
f 325/711/679 388/710/678 396/712/680
f 325/711/679 396/712/680 397/713/681
f 327/714/682 404/715/683 326/709/677
f 326/709/677 404/715/683 367/716/684
f 326/709/677 367/716/684 368/717/685
f 328/718/686 329/719/687 327/714/682
f 327/714/682 329/719/687 347/720/688
f 327/714/682 347/720/688 348/721/689
f 325/711/679 402/722/690 328/718/686
f 328/718/686 402/722/690 363/723/691
f 328/718/686 363/723/691 364/724/692
f 347/720/688 329/719/687 355/725/693
f 355/725/693 329/719/687 330/726/694
f 355/725/693 330/726/694 354/727/695
f 354/727/695 330/726/694 331/728/696
f 354/727/695 331/728/696 353/729/697
f 353/729/697 331/728/696 332/730/698
f 353/729/697 332/730/698 352/731/699
f 352/731/699 332/730/698 333/732/700
f 352/731/699 333/732/700 403/733/701
f 403/733/701 333/732/700 334/734/702
f 403/733/701 334/734/702 342/735/703
f 342/735/703 334/734/702 341/736/704
f 341/736/704 334/734/702 335/737/705
f 341/736/704 335/737/705 340/738/706
f 340/738/706 335/737/705 336/739/707
f 340/738/706 336/739/707 337/740/708
f 340/738/706 337/740/708 339/741/709
f 339/741/709 337/740/708 329/719/687
f 339/741/709 329/719/687 338/742/710
f 338/742/710 329/719/687 328/718/686
f 338/742/710 328/718/686 356/743/711
f 356/743/711 328/718/686 364/724/692
f 403/733/701 342/735/703 402/722/690
f 402/722/690 342/735/703 343/744/712
f 402/722/690 343/744/712 360/745/713
f 360/745/713 343/744/712 344/746/714
f 360/745/713 344/746/714 359/747/715
f 359/747/715 344/746/714 345/748/716
f 359/747/715 345/748/716 358/749/717
f 358/749/717 345/748/716 346/750/718
f 358/749/717 346/750/718 357/751/719
f 357/751/719 346/750/718 338/742/710
f 357/751/719 338/742/710 356/743/711
f 348/721/689 349/752/720 327/714/682
f 327/714/682 349/752/720 403/733/701
f 327/714/682 403/733/701 404/715/683
f 349/752/720 350/753/721 403/733/701
f 403/733/701 350/753/721 351/754/722
f 403/733/701 351/754/722 352/731/699
f 360/745/713 361/755/723 402/722/690
f 402/722/690 361/755/723 362/756/724
f 402/722/690 362/756/724 363/723/691
f 366/757/725 404/715/683 365/758/726
f 365/758/726 404/715/683 383/759/727
f 365/758/726 383/759/727 384/760/728
f 366/757/725 367/716/684 404/715/683
f 368/717/685 369/761/729 326/709/677
f 326/709/677 369/761/729 370/762/730
f 326/709/677 370/762/730 387/763/731
f 387/763/731 370/762/730 371/764/732
f 387/763/731 371/764/732 386/765/733
f 386/765/733 371/764/732 372/766/734
f 386/765/733 372/766/734 385/767/735
f 385/767/735 372/766/734 373/768/736
f 385/767/735 373/768/736 384/760/728
f 384/760/728 373/768/736 365/758/726
f 375/769/737 400/770/738 374/771/739
f 374/771/739 400/770/738 392/772/740
f 374/771/739 392/772/740 401/773/741
f 401/773/741 392/772/740 404/715/683
f 404/715/683 392/772/740 383/759/727
f 400/770/738 375/769/737 399/774/742
f 399/774/742 375/769/737 376/775/743
f 399/774/742 376/775/743 398/776/744
f 398/776/744 376/775/743 377/777/745
f 398/776/744 377/777/745 397/713/681
f 397/713/681 377/777/745 378/778/746
f 397/713/681 378/778/746 325/711/679
f 325/711/679 378/778/746 379/779/747
f 325/711/679 379/779/747 380/780/748
f 380/780/748 381/781/749 325/711/679
f 325/711/679 381/781/749 401/773/741
f 325/711/679 401/773/741 402/722/690
f 381/781/749 382/782/750 401/773/741
f 401/773/741 382/782/750 374/771/739
f 387/763/731 388/710/678 326/709/677
f 396/712/680 388/710/678 395/783/751
f 395/783/751 388/710/678 389/784/752
f 395/783/751 389/784/752 394/785/753
f 394/785/753 389/784/752 390/786/754
f 394/785/753 390/786/754 391/787/755
f 394/785/753 391/787/755 393/788/756
f 393/788/756 391/787/755 383/759/727
f 393/788/756 383/759/727 392/772/740
f 322/789/757 321/790/758 404/791/759
f 404/791/759 321/790/758 401/792/760
f 402/793/761 401/794/762 324/795/763
f 324/795/763 401/794/762 321/796/764
f 324/797/765 323/798/766 402/799/767
f 402/799/767 323/798/766 403/800/768
f 328/801/769 327/802/770 405/803/771
f 405/803/771 327/802/770 406/804/772
f 407/805/773 408/806/774 415/807/775
f 415/807/775 408/806/774 409/808/776
f 415/807/775 409/808/776 414/809/777
f 414/809/777 409/808/776 410/810/778
f 414/809/777 410/810/778 413/811/779
f 413/811/779 410/810/778 411/812/780
f 413/811/779 411/812/780 412/813/781
f 415/814/782 330/815/783 407/816/784
f 407/816/784 330/815/783 329/817/785
f 407/818/784 329/819/785 408/820/786
f 408/820/786 329/819/785 337/821/787
f 408/820/786 337/821/787 409/822/788
f 409/822/788 337/821/787 336/823/789
f 409/822/788 336/823/789 410/824/790
f 410/824/790 336/823/789 335/825/791
f 410/824/790 335/825/791 411/826/792
f 411/826/792 335/825/791 334/827/793
f 411/826/792 334/827/793 412/828/794
f 412/828/794 334/827/793 333/829/795
f 412/828/794 333/829/795 413/830/796
f 413/830/796 333/829/795 332/831/797
f 413/830/796 332/831/797 414/832/798
f 414/832/798 332/831/797 331/833/799
f 414/832/798 331/833/799 415/814/782
f 415/814/782 331/833/799 330/815/783
f 416/834/800 417/835/801 424/836/802
f 424/836/802 417/835/801 418/837/803
f 424/836/802 418/837/803 423/838/804
f 423/838/804 418/837/803 419/839/805
f 423/838/804 419/839/805 422/840/806
f 422/840/806 419/839/805 420/841/807
f 422/840/806 420/841/807 421/842/808
f 424/843/809 393/844/810 416/845/811
f 416/845/811 393/844/810 392/846/812
f 416/847/811 392/848/812 417/849/813
f 417/849/813 392/848/812 400/850/814
f 417/849/813 400/850/814 418/851/815
f 418/851/815 400/850/814 399/852/816
f 418/851/815 399/852/816 419/853/817
f 419/853/817 399/852/816 398/854/818
f 419/853/817 398/854/818 420/855/819
f 420/855/819 398/854/818 397/856/820
f 420/855/819 397/856/820 421/857/821
f 421/857/821 397/856/820 396/858/822
f 421/857/821 396/858/822 422/859/823
f 422/859/823 396/858/822 395/860/824
f 422/859/823 395/860/824 423/861/825
f 423/861/825 395/860/824 394/862/826
f 423/861/825 394/862/826 424/843/809
f 424/843/809 394/862/826 393/844/810
f 425/863/827 426/864/828 433/865/829
f 433/865/829 426/864/828 427/866/830
f 433/865/829 427/866/830 432/867/831
f 432/867/831 427/866/830 428/868/832
f 432/867/831 428/868/832 431/869/833
f 431/869/833 428/868/832 429/870/834
f 431/869/833 429/870/834 430/871/835
f 433/872/836 384/873/837 425/874/838
f 425/874/838 384/873/837 383/875/839
f 425/876/838 383/877/839 426/878/840
f 426/878/840 383/877/839 391/879/841
f 426/878/840 391/879/841 427/880/842
f 427/880/842 391/879/841 390/881/843
f 427/880/842 390/881/843 428/882/844
f 428/882/844 390/881/843 389/883/845
f 428/882/844 389/883/845 429/884/846
f 429/884/846 389/883/845 388/885/847
f 429/884/846 388/885/847 430/886/848
f 430/886/848 388/885/847 387/887/849
f 430/886/848 387/887/849 431/888/850
f 431/888/850 387/887/849 386/889/851
f 431/888/850 386/889/851 432/890/852
f 432/890/852 386/889/851 385/891/853
f 432/890/852 385/891/853 433/872/836
f 433/872/836 385/891/853 384/873/837
f 434/892/854 435/893/855 442/894/856
f 442/894/856 435/893/855 436/895/857
f 442/894/856 436/895/857 441/896/858
f 441/896/858 436/895/857 437/897/859
f 441/896/858 437/897/859 440/898/860
f 440/898/860 437/897/859 438/899/861
f 440/898/860 438/899/861 439/900/862
f 442/901/863 339/902/864 434/903/865
f 434/903/865 339/902/864 338/904/866
f 434/905/865 338/906/866 435/907/867
f 435/907/867 338/906/866 346/908/868
f 435/907/867 346/908/868 436/909/869
f 436/909/869 346/908/868 345/910/870
f 436/909/869 345/910/870 437/911/871
f 437/911/871 345/910/870 344/912/872
f 437/911/871 344/912/872 438/913/873
f 438/913/873 344/912/872 343/914/874
f 438/913/873 343/914/874 439/915/875
f 439/915/875 343/914/874 342/916/876
f 439/915/875 342/916/876 440/917/877
f 440/917/877 342/916/876 341/918/878
f 440/917/877 341/918/878 441/919/879
f 441/919/879 341/918/878 340/920/880
f 441/919/879 340/920/880 442/901/863
f 442/901/863 340/920/880 339/902/864
f 443/921/881 444/922/882 451/923/883
f 451/923/883 444/922/882 445/924/884
f 451/923/883 445/924/884 450/925/885
f 450/925/885 445/924/884 446/926/886
f 450/925/885 446/926/886 449/927/887
f 449/927/887 446/926/886 447/928/888
f 449/927/887 447/928/888 448/929/889
f 451/930/890 348/931/891 443/932/892
f 443/932/892 348/931/891 347/933/893
f 443/934/892 347/935/893 444/936/894
f 444/936/894 347/935/893 355/937/895
f 444/936/894 355/937/895 445/938/896
f 445/938/896 355/937/895 354/939/897
f 445/938/896 354/939/897 446/940/898
f 446/940/898 354/939/897 353/941/899
f 446/940/898 353/941/899 447/942/900
f 447/942/900 353/941/899 352/943/901
f 447/942/900 352/943/901 448/944/902
f 448/944/902 352/943/901 351/945/903
f 448/944/902 351/945/903 449/946/904
f 449/946/904 351/945/903 350/947/905
f 449/946/904 350/947/905 450/948/906
f 450/948/906 350/947/905 349/949/907
f 450/948/906 349/949/907 451/930/890
f 451/930/890 349/949/907 348/931/891
f 452/950/908 453/951/909 460/952/910
f 460/952/910 453/951/909 454/953/911
f 460/952/910 454/953/911 459/954/912
f 459/954/912 454/953/911 455/955/913
f 459/954/912 455/955/913 458/956/914
f 458/956/914 455/955/913 456/957/915
f 458/956/914 456/957/915 457/958/916
f 460/959/917 375/960/918 452/961/919
f 452/961/919 375/960/918 374/962/920
f 452/963/919 374/964/920 453/965/921
f 453/965/921 374/964/920 382/966/922
f 453/965/921 382/966/922 454/967/923
f 454/967/923 382/966/922 381/968/924
f 454/967/923 381/968/924 455/969/925
f 455/969/925 381/968/924 380/970/926
f 455/969/925 380/970/926 456/971/927
f 456/971/927 380/970/926 379/972/928
f 456/971/927 379/972/928 457/973/929
f 457/973/929 379/972/928 378/974/930
f 457/973/929 378/974/930 458/975/931
f 458/975/931 378/974/930 377/976/932
f 458/975/931 377/976/932 459/977/933
f 459/977/933 377/976/932 376/978/934
f 459/977/933 376/978/934 460/959/917
f 460/959/917 376/978/934 375/960/918
f 461/979/935 462/980/936 469/981/937
f 469/981/937 462/980/936 463/982/938
f 469/981/937 463/982/938 468/983/939
f 468/983/939 463/982/938 464/984/940
f 468/983/939 464/984/940 467/985/941
f 467/985/941 464/984/940 465/986/942
f 467/985/941 465/986/942 466/987/943
f 469/988/944 366/989/945 461/990/946
f 461/990/946 366/989/945 365/991/947
f 461/992/946 365/993/947 462/994/948
f 462/994/948 365/993/947 373/995/949
f 462/994/948 373/995/949 463/996/950
f 463/996/950 373/995/949 372/997/951
f 463/996/950 372/997/951 464/998/952
f 464/998/952 372/997/951 371/999/953
f 464/998/952 371/999/953 465/1000/954
f 465/1000/954 371/999/953 370/1001/955
f 465/1000/954 370/1001/955 466/1002/956
f 466/1002/956 370/1001/955 369/1003/957
f 466/1002/956 369/1003/957 467/1004/958
f 467/1004/958 369/1003/957 368/1005/959
f 467/1004/958 368/1005/959 468/1006/960
f 468/1006/960 368/1005/959 367/1007/961
f 468/1006/960 367/1007/961 469/988/944
f 469/988/944 367/1007/961 366/989/945
f 470/1008/962 471/1009/963 478/1010/964
f 478/1010/964 471/1009/963 472/1011/965
f 478/1010/964 472/1011/965 477/1012/966
f 477/1012/966 472/1011/965 473/1013/967
f 477/1012/966 473/1013/967 476/1014/968
f 476/1014/968 473/1013/967 474/1015/969
f 476/1014/968 474/1015/969 475/1016/970
f 478/1017/971 357/1018/972 470/1019/973
f 470/1019/973 357/1018/972 356/1020/974
f 470/1021/973 356/1022/974 471/1023/975
f 471/1023/975 356/1022/974 364/1024/976
f 471/1023/975 364/1024/976 472/1025/977
f 472/1025/977 364/1024/976 363/1026/978
f 472/1025/977 363/1026/978 473/1027/979
f 473/1027/979 363/1026/978 362/1028/980
f 473/1027/979 362/1028/980 474/1029/981
f 474/1029/981 362/1028/980 361/1030/982
f 474/1029/981 361/1030/982 475/1031/983
f 475/1031/983 361/1030/982 360/1032/984
f 475/1031/983 360/1032/984 476/1033/985
f 476/1033/985 360/1032/984 359/1034/986
f 476/1033/985 359/1034/986 477/1035/987
f 477/1035/987 359/1034/986 358/1036/988
f 477/1035/987 358/1036/988 478/1017/971
f 478/1017/971 358/1036/988 357/1018/972
f 404/1037/989 403/1038/990 322/1039/991
f 322/1039/991 403/1038/990 323/1040/992
f 326/1041/993 479/1042/994 327/1043/995
f 327/1043/995 479/1042/994 406/1044/996
f 480/1045/997 405/1046/998 479/1047/999
f 479/1047/999 405/1046/998 406/1048/1000
f 480/1049/1001 479/1050/1002 325/1051/1003
f 325/1051/1003 479/1050/1002 326/1052/1004
f 328/1053/1005 405/1054/1006 325/1055/1007
f 325/1055/1007 405/1054/1006 480/1056/1008
# 480 vertices
# 1056 texture params
# 1008 normals
# 948 facets

# 1 groups
