# WaveFront *.obj file (generated by Autodesk ATF)

mtllib Gun Breech.mtl

g Body354

v 68.211039 -440.271614 10.114150
v 68.223316 -440.362748 10.107117
v 68.282099 -440.465696 10.096723
v 68.466167 -440.614517 10.077060
v 68.855606 -440.816715 10.041386
v 69.283851 -440.982622 10.004313
v 69.404858 -440.965752 10.008409
v 69.493657 -440.909005 10.021657
v 69.753430 -440.971734 10.395028
v 69.831829 -440.961087 10.847315
v 69.708315 -440.891308 11.284006
v 69.405708 -440.789336 11.613936
v 68.985283 -440.689024 11.768868
v 68.533614 -440.623869 11.718139
v 68.143985 -440.619817 11.475249
v 67.896355 -440.689695 11.094960
v 67.840197 -440.830455 10.661536
v 67.983864 -441.023827 10.270652
v 68.292806 -441.240246 10.008849
v 68.696980 -441.445198 9.934948
v 69.105897 -441.606629 10.067426
v 69.428047 -441.701832 10.380442
v 69.590554 -441.722322 10.809388
v 69.554819 -441.675654 11.264766
v 69.324812 -441.583807 11.651398
v 68.946221 -441.478458 11.888870
v 68.496635 -441.394185 11.928798
v 68.068891 -441.361041 11.765214
v 67.751134 -441.398099 11.435850
v 67.607893 -441.509358 11.014036
v 67.666222 -441.682884 10.592955
v 67.909894 -441.893372 10.265629
v 68.282883 -442.107582 10.104953
v 68.701394 -442.291473 10.148033
v 69.071859 -442.417514 10.388225
v 69.311026 -442.470598 10.776561
v 69.363835 -442.451283 11.232260
v 69.215245 -442.375672 11.660077
v 68.893459 -442.271958 11.970754
v 68.463870 -442.174367 12.100187
v 68.015021 -442.115811 12.023189
v 67.639588 -442.120821 11.758901
v 67.414485 -442.200276 11.366678
v 67.384345 -442.349073 10.933348
v 67.551936 -442.547217 10.554567
v 67.877570 -442.764116 10.314274
v 68.287620 -442.965154 10.266674
v 68.690335 -443.119118 10.424595
v 68.995538 -443.204905 10.756733
v 69.133990 -443.216049 11.194374
v 69.072258 -443.162115 11.646153
v 68.819896 -443.066639 12.017665
v 68.427389 -442.962081 12.231743
v 67.975318 -442.882847 12.245025
v 67.557050 -442.857908 12.057265
v 67.258698 -442.904575 11.711388
v 67.140622 -443.024785 11.284268
v 67.224474 -443.204680 10.870227
v 67.488546 -443.417590 10.560778
v 67.872431 -443.629752 10.424974
v 68.289995 -443.807566 10.494582
v 68.647874 -443.924808 10.757262
v 68.865516 -443.968257 11.159217
v 68.892486 -443.940541 11.616740
v 68.719290 -443.859568 12.034196
v 68.379414 -443.754682 12.324552
v 67.942137 -443.660360 12.428067
v 67.497651 -443.608812 12.325119
v 67.137697 -443.623065 12.040421
v 66.935863 -443.712013 11.637711
v 66.931788 -443.868514 11.206070
v 67.122641 -444.070919 10.840789
v 67.463740 -444.287722 10.622910
v 67.878138 -444.484326 10.601824
v 68.273149 -444.630472 10.784667
v 68.560250 -444.706733 11.134782
v 68.674090 -444.708692 11.579596
v 68.586521 -444.647883 12.026203
v 68.312644 -444.549321 12.381309
v 67.907565 -444.446126 12.571269
v 67.454563 -444.372413 12.557902
v 67.047207 -444.355968 12.346682
v 66.769265 -444.412277 11.985572
v 66.676715 -444.541206 11.554718
v 66.785729 -444.727026 11.149242
v 67.069194 -444.941794 10.858820
v 67.462540 -445.151349 10.748417
v 67.877602 -445.322651 10.844348
v 68.221551 -445.430871 11.128620
v 68.416830 -445.464730 11.542798
v 68.417802 -445.428913 12.000553
v 68.220558 -445.343066 12.406198
v 67.863747 -445.237582 12.675237
v 67.420283 -445.147065 12.752506
v 66.981689 -445.102910 12.624020
v 66.638439 -445.126553 12.319974
v 66.460536 -445.224875 11.908262
v 66.482478 -445.388720 11.479897
v 66.695850 -445.594861 11.129466
v 67.051132 -445.810991 10.934824
v 67.468333 -446.002658 10.940372
v 67.854165 -446.140661 11.147525
v 68.122076 -446.207324 11.514408
v 68.210835 -446.200288 11.964848
v 68.097681 -446.133022 12.404728
v 67.803207 -446.031925 12.742201
v 67.386943 -445.930662 12.907408
v 66.934569 -445.862934 12.867482
v 66.539520 -445.855240 12.633601
v 66.282920 -445.921188 12.258594
v 66.216166 -446.058574 11.825590
v 66.349889 -446.249855 11.430175
v 66.651672 -446.465912 11.159861
v 67.053011 -446.672310 11.075299
v 67.464024 -446.836684 11.197252
v 67.792752 -446.935696 11.502142
v 67.964906 -446.960042 11.927105
v 67.939816 -446.916450 12.383497
v 67.719167 -446.826237 12.775924
v 67.346635 -446.720731 13.022727
v 66.898511 -446.634543 13.073518
v 66.467316 -446.598137 12.919996
v 66.141937 -446.631286 12.597734
v 65.988539 -446.738829 12.178536
v 66.036358 -446.909630 11.755023
v 66.271423 -447.118969 11.420740
v 66.639556 -447.333853 11.250074
v 67.058005 -447.520095 11.282279
v 67.433216 -447.649661 11.513045
v 67.680916 -447.706686 11.895427
v 67.744216 -447.690882 12.349923
v 67.605819 -447.617598 12.781547
v 67.291740 -447.514527 13.100223
v 66.865719 -447.415758 13.240130
v 66.415531 -447.354455 13.173831
v 66.034140 -447.355739 12.918169
v 66.029588 -447.490042 12.915186
v 66.091227 -447.593871 12.856132
v 66.190216 -447.618642 12.768640
v 66.280235 -447.552764 12.693648
v 66.319165 -447.427063 12.666246
v 66.288789 -447.300356 12.699256
v 66.203321 -447.231930 12.777231
v 66.102752 -447.253802 12.863687
v 69.524648 -440.851882 10.034143
v 69.524200 -440.785018 10.047685
v 69.491410 -440.722193 10.059364
v 69.418983 -440.660124 10.069923
v 68.983380 -440.516353 10.090647
v 68.547772 -440.199767 10.118249
v 68.424018 -440.141899 10.120669
v 68.329548 -440.138018 10.120796
v 68.248652 -440.182606 10.119061
v 68.090148 -440.127535 10.391224
v 68.072980 -440.007899 10.703530
v 68.162926 -439.921752 11.014386
v 68.351143 -439.874317 11.287273
v 68.419755 -439.772380 11.232791
v 68.520324 -439.750508 11.146335
v 68.605792 -439.818934 11.068359
v 68.636168 -439.945641 11.035350
v 68.597238 -440.071342 11.062752
v 68.507219 -440.137220 11.137743
v 68.408231 -440.112449 11.225236
v 68.346592 -440.008620 11.284290
v 68.195200 -440.060301 10.294981
v 68.318162 -440.019422 10.328625
v 68.429685 -440.065631 10.387245
v 68.476546 -440.178260 10.443334
v 68.437746 -440.303542 10.470645
v 68.331112 -440.383917 10.456629
v 68.206345 -440.380471 10.407331
v 68.122183 -440.296068 10.346376
v 68.448704 -440.601413 10.088499
v 68.531018 -440.579981 10.191603
v 68.610075 -440.483447 10.240571
v 68.648875 -440.358165 10.213260
v 68.629591 -440.261695 10.122219
v 68.850242 -440.776307 10.094892
v 68.886806 -440.663580 10.157770
v 68.925605 -440.538298 10.130459
v 69.236236 -440.995749 10.099156
v 69.184775 -440.932237 10.205240
v 69.176931 -440.808367 10.256144
v 69.215731 -440.683085 10.228834
v 69.283349 -440.613951 10.135856
v 69.644209 -441.066600 10.375551
v 69.529484 -441.088622 10.440108
v 69.427357 -441.020902 10.493517
v 69.386601 -440.894299 10.510202
v 69.425401 -440.769017 10.482892
v 69.525931 -440.702616 10.424133
v 69.641301 -440.727573 10.361402
v 69.717227 -440.830833 10.324155
v 69.749094 -441.064308 10.885450
v 69.618806 -441.094893 10.888617
v 69.498925 -441.036942 10.871992
v 69.446636 -440.916684 10.843184
v 69.485435 -440.791402 10.815873
v 69.597499 -440.718656 10.802608
v 69.730624 -440.733844 10.809911
v 69.822112 -440.828541 10.834054
v 69.572942 -440.980566 11.369718
v 69.461921 -441.029809 11.314673
v 69.364021 -440.993141 11.231638
v 69.326010 -440.886710 11.159689
v 69.364810 -440.761428 11.132378
v 69.462594 -440.674855 11.162254
v 69.573738 -440.668759 11.235967
v 69.645959 -440.744799 11.318322
v 69.177437 -440.864856 11.689001
v 69.112869 -440.936718 11.596190
v 69.067963 -440.925855 11.470072
v 69.064377 -440.836186 11.370136
v 69.103177 -440.710904 11.342825
v 69.166536 -440.607569 11.400688
v 69.224686 -440.575668 11.517484
v 69.250454 -440.629089 11.637605
v 68.666477 -440.772704 11.736192
v 68.662671 -440.864265 11.639338
v 68.687082 -440.875875 11.508605
v 68.728525 -440.800805 11.405673
v 68.767325 -440.675523 11.378362
v 68.785656 -440.557589 11.439221
v 68.774488 -440.503215 11.560632
v 68.739494 -440.536937 11.684797
v 68.192511 -440.749709 11.518695
v 68.244882 -440.852398 11.450601
v 68.333381 -440.876704 11.352679
v 68.416455 -440.809881 11.271059
v 68.455255 -440.684599 11.243749
v 68.431954 -440.558418 11.283295
v 68.356699 -440.491349 11.371895
v 68.265528 -440.513941 11.467300
v 67.901311 -440.828412 11.094331
v 67.987207 -440.929626 11.080635
v 68.113953 -440.952248 11.044771
v 68.221873 -440.884332 11.003464
v 68.260673 -440.759050 10.976154
v 68.212527 -440.633963 10.975387
v 68.099024 -440.568576 11.001929
v 67.974328 -440.592644 11.042936
v 67.865656 -441.001011 10.602290
v 67.953408 -441.089112 10.651379
v 68.082270 -441.096776 10.687142
v 68.191564 -441.019143 10.692364
v 68.230364 -440.893861 10.665054
v 68.180843 -440.778490 10.617758
v 68.065225 -440.728063 10.572673
v 67.938674 -440.765243 10.550894
v 68.096551 -441.236582 10.200057
v 68.153123 -441.303767 10.300802
v 68.246414 -441.287569 10.395493
v 68.332602 -441.194434 10.438996
v 68.371402 -441.069152 10.411686
v 68.344988 -440.969283 10.326109
v 68.264940 -440.942718 10.222095
v 68.169568 -441.000815 10.148661
v 68.517291 -441.484030 10.013061
v 68.519155 -441.528826 10.138785
v 68.550035 -441.487086 10.261974
v 68.595680 -441.377360 10.323989
v 68.634480 -441.252078 10.296679
v 68.648608 -441.168800 10.192590
v 68.630972 -441.167776 10.060079
v 68.590309 -441.248262 9.961665
v 68.988562 -441.687540 10.099403
v 68.929455 -441.715393 10.216231
v 68.890779 -441.654324 10.329272
v 68.891239 -441.532042 10.384694
v 68.930039 -441.406760 10.357384
v 68.989352 -441.336038 10.259888
v 69.041272 -441.354344 10.137525
v 69.061579 -441.451773 10.048007
v 69.360195 -441.803148 10.447429
v 69.252466 -441.824951 10.522930
v 69.158321 -441.756982 10.588823
v 69.122749 -441.630216 10.613618
v 69.161549 -441.504934 10.586308
v 69.256894 -441.438696 10.519439
v 69.364283 -441.463902 10.444224
v 69.433212 -441.567380 10.396034
v 69.519760 -441.820834 10.943368
v 69.389691 -441.848724 10.959210
v 69.270061 -441.787698 10.957042
v 69.217934 -441.665443 10.937626
v 69.256734 -441.540161 10.910315
v 69.368634 -441.469412 10.887658
v 69.501509 -441.487675 10.880503
v 69.592777 -441.585066 10.891973
v 69.396506 -441.749703 11.444939
v 69.279149 -441.794687 11.400423
v 69.174020 -441.753163 11.329399
v 69.131313 -441.643576 11.265253
v 69.170113 -441.518294 11.237942
v 69.272593 -441.434877 11.260015
v 69.390966 -441.433638 11.321717
v 69.469523 -441.513936 11.393543
v 69.038639 -441.636204 11.807549
v 68.963070 -441.703534 11.719897
v 68.905614 -441.687501 11.599664
v 68.893875 -441.594474 11.503552
v 68.932675 -441.469192 11.476241
v 69.004187 -441.369215 11.530280
v 69.074887 -441.342485 11.641191
v 69.111656 -441.400437 11.756153
v 68.538812 -441.534899 11.912545
v 68.522625 -441.623062 11.813686
v 68.532912 -441.630797 11.680667
v 68.565180 -441.553209 11.576248
v 68.603980 -441.427927 11.548938
v 68.631486 -441.312511 11.611283
v 68.634442 -441.262013 11.734980
v 68.611829 -441.299131 11.861150
v 68.045616 -441.495226 11.744233
v 68.087989 -441.596585 11.668038
v 68.165083 -441.619373 11.560875
v 68.240748 -441.551564 11.473252
v 68.279548 -441.426282 11.445941
v 68.263656 -441.301087 11.491491
v 68.199806 -441.235536 11.589332
v 68.118633 -441.259459 11.692837
v 67.707770 -441.552300 11.352819
v 67.789450 -441.654864 11.326938
v 67.911386 -441.679027 11.277174
v 68.016181 -441.612111 11.226839
v 68.054981 -441.486829 11.199528
v 68.009959 -441.360741 11.207790
v 67.901267 -441.293815 11.248232
v 67.780787 -441.316533 11.301423
v 67.620036 -441.708552 10.861776
v 67.710026 -441.800030 10.898557
v 67.841441 -441.811546 10.920279
v 67.952394 -441.736414 10.916381
v 67.991194 -441.611132 10.889070
v 67.940014 -441.493260 10.850895
v 67.821843 -441.438981 10.819851
v 67.693054 -441.472785 10.810380
v 67.799004 -441.934806 10.428517
v 67.864250 -442.006521 10.520799
v 67.967436 -441.995492 10.605837
v 68.060051 -441.905715 10.643068
v 68.098851 -441.780433 10.615758
v 68.066010 -441.677206 10.536453
v 67.976067 -441.645472 10.442093
v 67.872022 -441.699038 10.377122
v 68.192823 -442.184392 10.193460
v 68.206696 -442.233454 10.316679
v 68.251277 -442.196581 10.437009
v 68.305822 -442.090016 10.497166
v 68.344622 -441.964734 10.469856
v 68.349851 -441.878295 10.367625
v 68.318514 -441.872405 10.237972
v 68.265840 -441.948625 10.142065
v 68.666007 -442.401232 10.221377
v 68.618673 -442.431698 10.342940
v 68.593427 -442.373612 10.461382
v 68.602612 -442.253266 10.520313
v 68.641412 -442.127984 10.493003
v 68.692000 -442.055326 10.391998
v 68.730490 -442.070649 10.264234
v 68.739024 -442.165464 10.169982
v 69.067879 -442.535871 10.525057
v 68.968175 -442.557930 10.610789
v 68.883185 -442.490252 10.688353
v 68.853561 -442.363675 10.720730
v 68.892360 -442.238393 10.693419
v 68.981758 -442.171966 10.618969
v 69.079992 -442.196881 10.532082
v 69.140896 -442.300104 10.473662
v 69.277797 -442.573419 11.001419
v 69.149513 -442.599103 11.029917
v 69.031918 -442.535560 11.042189
v 68.981114 -442.411670 11.032152
v 69.019914 -442.286388 11.004842
v 69.130492 -442.217275 10.972805
v 69.261330 -442.238054 10.951211
v 69.350814 -442.337652 10.950023
v 69.210905 -442.517179 11.514757
v 69.088348 -442.558111 11.481439
v 68.977286 -442.511965 11.423191
v 68.930725 -442.399375 11.367344
v 68.969525 -442.274093 11.340034
v 69.075859 -442.193679 11.353807
v 69.200165 -442.197062 11.402733
v 69.283922 -442.281411 11.463361
v 68.893360 -442.407922 11.915195
v 68.807593 -442.470674 11.834054
v 68.738503 -442.449419 11.721248
v 68.719207 -442.352999 11.629960
v 68.758007 -442.227717 11.602650
v 68.837076 -442.131133 11.651864
v 68.919410 -442.109624 11.755348
v 68.966377 -442.172154 11.863799
v 68.411372 -442.299513 12.078118
v 68.382777 -442.383979 11.978590
v 68.378908 -442.387496 11.844808
v 68.401980 -442.307169 11.739894
v 68.440780 -442.181887 11.712583
v 68.477482 -442.069210 11.775424
v 68.494594 -442.022930 11.899884
v 68.484390 -442.063746 12.026723
v 67.904987 -442.244688 11.960577
v 67.936586 -442.344228 11.877421
v 68.001389 -442.364940 11.762317
v 68.069070 -442.295783 11.669535
v 68.107869 -442.170501 11.642225
v 68.099962 -442.046655 11.692933
v 68.048403 -441.983178 11.798715
v 67.978004 -442.008921 11.909181
v 67.524391 -442.280203 11.607327
v 67.600595 -442.383619 11.569756
v 67.716284 -442.408755 11.506655
v 67.817020 -442.342471 11.447655
v 67.855820 -442.217189 11.420345
v 67.814857 -442.090469 11.437271
v 67.712412 -442.022570 11.491050
v 67.597408 -442.044435 11.555932
v 67.384981 -442.418861 11.123576
v 67.475899 -442.513372 11.147763
v 67.608374 -442.528348 11.155116
v 67.720014 -442.455464 11.141884
v 67.758814 -442.330182 11.114574
v 67.706947 -442.210062 11.085732
v 67.587716 -442.152323 11.069056
v 67.457998 -442.183094 11.072180
v 67.510371 -442.633902 10.665637
v 67.583185 -442.710040 10.748383
v 67.695006 -442.704057 10.822542
v 67.793230 -442.617557 10.852707
v 67.832030 -442.492275 10.825396
v 67.793579 -442.385771 10.753158
v 67.695002 -442.348991 10.669677
v 67.583388 -442.398134 10.614241
v 67.871422 -442.883463 10.384142
v 67.896926 -442.936951 10.503579
v 67.954774 -442.905127 10.619597
v 68.017938 -442.801842 10.676953
v 68.056738 -442.676560 10.649642
v 68.053348 -442.586841 10.550213
v 68.008743 -442.575902 10.424873
v 67.944440 -442.647696 10.332746
v 68.340109 -443.111219 10.355594
v 68.304962 -443.144759 10.480374
v 68.293619 -443.090178 10.602486
v 68.311836 -442.972109 10.663802
v 68.350636 -442.846827 10.636491
v 68.392193 -442.771892 10.533102
v 68.416779 -442.783709 10.401668
v 68.413126 -442.875452 10.304198
v 68.768088 -443.264808 10.609438
v 68.677336 -443.287591 10.704563
v 68.602558 -443.220739 10.792844
v 68.579567 -443.094700 10.832182
v 68.618367 -442.969418 10.804872
v 68.701131 -442.902453 10.723460
v 68.789153 -442.926542 10.625857
v 68.841105 -443.029041 10.558042
v 69.023959 -443.321882 11.061512
v 68.898932 -443.345871 11.102414
v 68.785052 -443.280394 11.128837
v 68.736661 -443.155247 11.127992
v 68.775461 -443.029965 11.100681
v 68.883626 -442.962108 11.059453
v 69.010749 -442.984821 11.023708
v 69.096977 -443.086115 11.010116
v 69.015416 -443.282554 11.580161
v 68.888883 -443.319695 11.558589
v 68.773287 -443.269223 11.513741
v 68.723780 -443.153824 11.466598
v 68.762580 -443.028542 11.439288
v 68.871860 -442.950937 11.444357
v 69.000700 -442.958646 11.479883
v 69.088433 -443.046787 11.528766
v 68.741246 -443.179630 12.013171
v 68.646129 -443.237806 11.939739
v 68.566371 -443.211330 11.835727
v 68.540146 -443.111519 11.750152
v 68.578946 -442.986237 11.722842
v 68.664945 -442.893044 11.766343
v 68.757946 -442.876757 11.861033
v 68.814264 -442.943863 11.961775
v 68.282999 -443.066312 12.232343
v 68.242111 -443.146811 12.133553
v 68.224218 -443.145801 12.000613
v 68.238180 -443.062532 11.896245
v 68.276980 -442.937250 11.868935
v 68.322791 -442.827515 11.931229
v 68.353928 -442.785761 12.054847
v 68.356017 -442.830545 12.180948
v 67.769366 -442.997737 12.167582
v 67.789571 -443.095013 12.078623
v 67.841374 -443.113143 11.956897
v 67.900610 -443.042308 11.859815
v 67.939410 -442.917026 11.832505
v 67.939947 -442.794857 11.887513
v 67.901388 -442.733963 11.999917
v 67.842384 -442.761970 12.116187
v 67.351384 -443.012461 11.856592
v 67.420827 -443.116190 11.807979
v 67.528802 -443.141683 11.732283
v 67.624528 -443.075631 11.665101
v 67.663328 -442.950349 11.637790
v 67.627375 -442.823397 11.662899
v 67.532644 -442.755141 11.729273
v 67.424401 -442.776694 11.805196
v 67.160273 -443.132147 11.386420
v 67.250837 -443.229322 11.397883
v 67.382908 -443.247337 11.390721
v 67.494287 -443.176428 11.368060
v 67.533087 -443.051146 11.340749
v 67.481481 -442.929051 11.321337
v 67.362654 -442.868273 11.319177
v 67.233290 -442.896380 11.335025
v 67.232115 -443.334460 10.910792
v 67.311211 -443.414840 10.983006
v 67.430200 -443.413695 11.045150
v 67.533080 -443.330339 11.067511
v 67.571880 -443.205057 11.040200
v 67.528773 -443.095409 10.975766
v 67.423029 -443.053791 10.904300
v 67.305132 -443.098693 10.859397
v 67.554236 -443.581690 10.584684
v 67.590847 -443.639709 10.699119
v 67.661367 -443.613053 10.809429
v 67.732762 -443.513125 10.863078
v 67.771562 -443.387843 10.835767
v 67.759940 -443.294767 10.740045
v 67.702664 -443.278659 10.620413
v 67.627254 -443.345923 10.533288
v 68.012892 -443.818110 10.502139
v 67.990096 -443.855106 10.628609
v 67.992843 -443.804469 10.752649
v 68.020213 -443.688962 10.815216
v 68.059012 -443.563680 10.787906
v 68.091416 -443.486183 10.683265
v 68.101913 -443.494057 10.549903
v 68.085909 -443.582343 10.450743
v 68.461551 -443.989948 10.701649
v 68.380587 -444.013927 10.805197
v 68.316974 -443.948438 10.903088
v 68.301237 -443.823284 10.948669
v 68.340037 -443.698002 10.921358
v 68.415548 -443.630152 10.833704
v 68.492404 -443.652877 10.726491
v 68.534569 -443.754181 10.650253
v 68.759300 -444.066370 11.124466
v 68.638870 -444.089156 11.177417
v 68.530235 -444.022306 11.217586
v 68.485251 -443.896268 11.225671
v 68.524051 -443.770986 11.198360
v 68.628809 -443.704020 11.148202
v 68.750687 -443.728106 11.098711
v 68.832317 -443.830603 11.073070
v 68.809210 -444.045375 11.642062
v 68.680031 -444.079041 11.632670
v 68.561415 -444.024604 11.601717
v 68.509946 -443.906630 11.563600
v 68.548746 -443.781348 11.536290
v 68.659988 -443.706319 11.532333
v 68.791848 -443.717992 11.553964
v 68.882227 -443.809607 11.590667
v 68.581835 -443.950933 12.102643
v 68.478272 -444.004582 12.037974
v 68.388878 -443.972943 11.943959
v 68.356393 -443.869778 11.864878
v 68.395193 -443.744496 11.837568
v 68.487452 -443.654657 11.874575
v 68.590089 -443.643533 11.959268
v 68.654853 -443.715166 12.051247
v 68.152574 -443.835099 12.374535
v 68.099647 -443.911383 12.277974
v 68.068020 -443.905566 12.147576
v 68.073060 -443.819174 12.044861
v 68.111860 -443.693892 12.017550
v 68.166593 -443.587280 12.078192
v 68.211464 -443.550334 12.199268
v 68.225591 -443.599332 12.323140
v 67.637520 -443.754050 12.364977
v 67.645862 -443.848657 12.271405
v 67.684132 -443.863743 12.144418
v 67.734577 -443.790931 12.043917
v 67.773377 -443.665649 12.016607
v 67.782705 -443.545457 12.075034
v 67.757679 -443.487608 12.192699
v 67.710537 -443.518282 12.313582
v 67.188627 -443.749389 12.098994
v 67.250038 -443.852853 12.040191
v 67.348851 -443.878042 11.952869
v 67.438625 -443.811793 11.878135
v 67.477425 -443.686511 11.850825
v 67.447424 -443.559756 11.883485
v 67.361855 -443.491804 11.961485
v 67.261644 -443.513622 12.047599
v 66.945819 -443.848658 11.649037
v 67.034759 -443.948098 11.647804
v 67.164976 -443.968696 11.626159
v 67.275151 -443.899465 11.594089
v 67.313951 -443.774183 11.566778
v 67.263549 -443.650410 11.556775
v 67.146576 -443.587049 11.569098
v 67.018836 -443.612891 11.597642
v 66.964943 -444.037122 11.162044
v 67.048949 -444.121483 11.222971
v 67.173537 -444.124879 11.272239
v 67.280056 -444.044474 11.286234
v 67.318855 -443.919192 11.258923
v 67.272111 -443.806594 11.202855
v 67.160766 -443.760433 11.144265
v 67.037961 -443.801355 11.110649
v 67.242455 -444.279506 10.794788
v 67.289503 -444.342106 10.903035
v 67.371931 -444.320677 11.006287
v 67.451061 -444.224145 11.055350
v 67.489861 -444.098863 11.028039
v 67.470504 -444.002391 10.936903
v 67.401321 -443.981057 10.824329
v 67.315472 -444.043739 10.743392
v 67.685402 -444.522383 10.660307
v 67.674990 -444.563161 10.787026
v 67.691866 -444.516837 10.911350
v 67.728413 -444.404132 10.974102
v 67.767213 -444.278850 10.946791
v 67.790439 -444.198551 10.841966
v 67.786808 -444.202111 10.708320
v 67.758420 -444.286616 10.608912
v 68.148897 -444.711237 10.802840
v 68.078478 -444.736887 10.913698
v 68.026897 -444.673306 11.019929
v 68.018975 -444.549392 11.070928
v 68.057775 -444.424110 11.043617
v 68.125470 -444.355021 10.950545
v 68.190296 -444.375838 10.834992
v 68.221915 -444.475469 10.751444
v 68.484780 -444.806985 11.191175
v 68.370170 -444.829048 11.255711
v 68.268175 -444.761374 11.309095
v 68.227503 -444.634800 11.325764
v 68.266303 -444.509518 11.298453
v 68.366748 -444.443088 11.239711
v 68.481987 -444.467999 11.177005
v 68.557798 -444.571218 11.139780
v 68.591361 -444.805173 11.701285
v 68.460978 -444.835739 11.704405
v 68.340988 -444.777765 11.687725
v 68.288628 -444.657493 11.658880
v 68.327428 -444.532211 11.631570
v 68.439562 -444.459480 11.618341
v 68.572795 -444.474689 11.625698
v 68.664378 -444.569405 11.649889
v 68.414554 -444.721412 12.184708
v 68.303519 -444.770638 12.129719
v 68.205603 -444.733951 12.046749
v 68.167581 -444.627508 11.974842
v 68.206381 -444.502226 11.947531
v 68.304176 -444.415666 11.977365
v 68.415336 -444.409589 12.051013
v 68.487571 -444.485645 12.133312
v 68.018620 -444.605535 12.504148
v 67.954091 -444.677401 12.411375
v 67.909230 -444.666542 12.285298
v 67.905672 -444.576876 12.185390
v 67.944472 -444.451594 12.158079
v 68.007803 -444.348256 12.215914
v 68.065908 -444.316351 12.332668
v 68.091637 -444.369768 12.452752
v 67.508242 -444.513339 12.552368
v 67.504403 -444.604909 12.455424
v 67.528777 -444.616530 12.324588
v 67.570195 -444.541467 12.221589
v 67.608995 -444.416185 12.194278
v 67.627350 -444.298244 12.255204
v 67.616220 -444.243860 12.376718
v 67.581259 -444.277571 12.500973
v 67.034536 -444.490827 12.333021
v 67.086841 -444.593466 12.265065
v 67.175266 -444.617714 12.167302
v 67.258292 -444.550854 12.085785
v 67.297092 -444.425572 12.058475
v 67.273839 -444.299429 12.097918
v 67.198658 -444.232417 12.186359
v 67.107553 -444.255060 12.281625
v 66.741653 -444.568682 11.910157
v 66.827693 -444.669951 11.896414
v 66.954602 -444.692636 11.860496
v 67.062628 -444.624760 11.819155
v 67.101428 -444.499478 11.791845
v 67.053176 -444.374350 11.791112
v 66.939510 -444.308901 11.817708
v 66.814670 -444.332915 11.858762
v 66.708484 -444.742055 11.418096
v 66.796071 -444.830116 11.467141
v 66.924745 -444.837732 11.502853
v 67.033917 -444.760068 11.508042
v 67.072717 -444.634786 11.480732
v 67.023318 -444.519447 11.433469
v 66.907888 -444.469066 11.388435
v 66.781502 -444.506288 11.366700
v 66.937308 -444.977331 11.014281
v 66.993971 -445.044511 11.115177
v 67.087368 -445.028307 11.210042
v 67.173624 -444.935169 11.253657
v 67.212424 -444.809887 11.226347
v 67.185941 -444.710021 11.140658
v 67.105789 -444.683461 11.036471
v 67.010325 -444.741563 10.962885
v 67.358721 -445.224503 10.829503
v 67.360593 -445.269328 10.955104
v 67.391483 -445.227622 11.078153
v 67.437134 -445.117918 11.140077
v 67.475934 -444.992636 11.112766
v 67.490056 -444.909337 11.008769
v 67.472410 -444.908279 10.876398
v 67.431738 -444.988735 10.778107
v 67.830650 -445.428571 10.914223
v 67.771470 -445.456384 11.031129
v 67.732710 -445.395270 11.144258
v 67.733117 -445.272958 11.199739
v 67.771917 -445.147676 11.172428
v 67.831284 -445.076984 11.074874
v 67.883287 -445.095335 10.952423
v 67.903667 -445.192803 10.862828
v 68.201270 -445.543785 11.262613
v 68.093593 -445.565598 11.338147
v 67.999508 -445.497639 11.404077
v 67.963975 -445.370880 11.428897
v 68.002775 -445.245598 11.401586
v 68.098081 -445.179353 11.334693
v 68.205411 -445.204549 11.259440
v 68.274287 -445.308018 11.211218
v 68.360949 -445.561412 11.758985
v 68.230919 -445.589319 11.774806
v 68.111332 -445.528312 11.772614
v 68.059234 -445.406069 11.753182
v 68.098034 -445.280787 11.725872
v 68.209906 -445.210026 11.703230
v 68.342736 -445.228270 11.696099
v 68.433967 -445.325645 11.707590
v 68.238722 -445.490636 12.260385
v 68.121276 -445.535593 12.215870
v 68.016046 -445.494037 12.144846
v 67.973273 -445.384430 12.080700
v 68.012073 -445.259148 12.053390
v 68.114619 -445.175752 12.075462
v 68.233093 -445.174544 12.137163
v 68.311739 -445.254869 12.208990
v 67.879249 -445.376842 12.622074
v 67.803791 -445.444180 12.534537
v 67.746460 -445.428158 12.414434
v 67.734803 -445.335137 12.318407
v 67.773603 -445.209855 12.291096
v 67.845033 -445.109872 12.345050
v 67.915608 -445.083131 12.455831
v 67.952267 -445.141074 12.570678
v 67.380363 -445.275354 12.729241
v 67.364170 -445.363549 12.630228
v 67.374450 -445.371320 12.497032
v 67.406713 -445.293756 12.392499
v 67.445513 -445.168474 12.365188
v 67.473023 -445.053034 12.427648
v 67.475987 -445.002500 12.551521
v 67.453381 -445.039587 12.677846
v 66.887795 -445.236401 12.558518
v 66.930084 -445.337703 12.482468
v 67.007082 -445.360425 12.375469
v 67.082684 -445.292574 12.287953
v 67.121484 -445.167292 12.260642
v 67.105655 -445.042139 12.306085
v 67.041901 -444.976653 12.403762
v 66.960813 -445.000634 12.507123
v 66.547933 -445.292542 12.168522
v 66.629779 -445.395164 12.142610
v 66.751903 -445.419394 12.092810
v 66.856821 -445.352521 12.042451
v 66.895621 -445.227239 12.015140
v 66.850477 -445.101108 12.023426
v 66.741596 -445.034115 12.063904
v 66.620951 -445.056775 12.117126
v 66.462466 -445.449454 11.677670
v 66.552340 -445.540908 11.714396
v 66.683624 -445.552397 11.736055
v 66.794491 -445.477248 11.732116
v 66.833291 -445.351966 11.704805
v 66.782197 -445.234111 11.666671
v 66.664158 -445.179859 11.635690
v 66.535484 -445.213687 11.626275
v 66.640056 -445.675564 11.243115
v 66.705356 -445.747274 11.335502
v 66.808606 -445.736238 11.420660
v 66.901263 -445.646456 11.457970
v 66.940063 -445.521174 11.430659
v 66.907180 -445.417952 11.351276
v 66.817174 -445.386224 11.256796
v 66.713073 -445.439796 11.191719
v 67.029929 -445.922779 11.010228
v 67.044369 -445.972056 11.133267
v 67.089597 -445.935428 11.253392
v 67.144563 -445.829022 11.313417
v 67.183363 -445.703740 11.286106
v 67.188171 -445.617142 11.184008
v 67.156187 -445.611007 11.054561
v 67.102946 -445.687012 10.958832
v 67.507578 -446.141899 11.037129
v 67.460235 -446.172371 11.158655
v 67.434979 -446.114290 11.277053
v 67.444158 -445.993949 11.335957
v 67.482958 -445.868667 11.308646
v 67.533553 -445.796005 11.207669
v 67.572052 -445.811322 11.079949
v 67.580596 -445.906132 10.985734
v 67.909538 -446.276780 11.339827
v 67.809814 -446.298814 11.425642
v 67.724801 -446.231108 11.503303
v 67.695162 -446.104513 11.535742
v 67.733962 -445.979231 11.508431
v 67.823375 -445.912822 11.433919
v 67.921631 -445.937765 11.346936
v 67.982555 -446.041013 11.288431
v 68.118227 -446.313691 11.817366
v 67.990075 -446.339429 11.845803
v 67.872632 -446.275948 11.858004
v 67.821926 -446.152099 11.847922
v 67.860725 -446.026817 11.820611
v 67.971205 -445.957662 11.788620
v 68.101893 -445.978380 11.767097
v 68.191244 -446.077923 11.765971
v 68.053559 -446.258158 12.330616
v 67.930858 -446.299057 12.297247
v 67.819633 -446.252873 12.238941
v 67.772966 -446.140258 12.183056
v 67.811766 -446.014976 12.155746
v 67.918207 -445.934587 12.169557
v 68.042676 -445.938008 12.218541
v 68.126576 -446.022391 12.279220
v 67.737022 -446.149467 12.727307
v 67.651006 -446.212055 12.646567
v 67.581632 -446.190612 12.534217
v 67.562151 -446.094070 12.443226
v 67.600951 -445.968788 12.415915
v 67.680205 -445.872326 12.464833
v 67.762824 -445.851005 12.567861
v 67.810040 -445.913700 12.675912
v 67.252758 -446.039885 12.894964
v 67.224177 -446.124393 12.795263
v 67.220324 -446.127958 12.661283
v 67.243406 -446.047661 12.556241
v 67.282206 -445.922379 12.528930
v 67.318897 -445.809672 12.591899
v 67.335994 -445.763344 12.716557
v 67.325776 -445.804117 12.843568
v 66.747151 -445.985771 12.775265
v 66.778667 -446.085264 12.692204
v 66.843376 -446.105924 12.577206
v 66.910996 -446.036733 12.484495
v 66.949796 -445.911451 12.457185
v 66.941949 -445.787639 12.507822
v 66.890485 -445.724215 12.613498
v 66.820168 -445.750003 12.723870
v 66.364944 -446.020596 12.422888
v 66.441266 -446.124052 12.385303
v 66.557088 -446.149233 12.322186
v 66.657912 -446.082978 12.263176
v 66.696712 -445.957696 12.235865
v 66.655661 -445.830947 12.252802
v 66.553083 -445.763003 12.306597
v 66.437962 -445.784829 12.371493
v 66.226745 -446.159553 11.939490
v 66.317630 -446.254066 11.963619
v 66.450067 -446.269045 11.970907
v 66.561683 -446.196162 11.957632
v 66.600483 -446.070880 11.930322
v 66.548640 -445.950759 11.901523
v 66.429447 -445.893017 11.884913
v 66.299762 -445.923786 11.888095
v 66.350612 -446.373261 11.483434
v 66.423597 -446.449518 11.565879
v 66.535613 -446.443670 11.639693
v 66.633964 -446.357259 11.669634
v 66.672764 -446.231977 11.642324
v 66.634187 -446.125384 11.570309
v 66.535415 -446.088469 11.487172
v 66.423630 -446.137494 11.432039
v 66.712344 -446.624079 11.199208
v 66.737919 -446.677579 11.318693
v 66.795849 -446.645768 11.434764
v 66.859065 -446.542492 11.492155
v 66.897865 -446.417210 11.464845
v 66.894422 -446.327482 11.365380
v 66.849736 -446.316529 11.239987
v 66.785362 -446.388312 11.147813
v 67.181787 -446.851723 11.172244
v 67.146618 -446.885289 11.296875
v 67.135250 -446.830737 11.418818
v 67.153450 -446.712688 11.480023
v 67.192250 -446.587406 11.452712
v 67.233823 -446.512451 11.349434
v 67.258435 -446.524239 11.218169
v 67.254804 -446.615956 11.120848
v 67.610253 -447.005933 11.423932
v 67.519418 -447.028665 11.519175
v 67.444546 -446.961755 11.607591
v 67.421494 -446.835677 11.647017
v 67.460294 -446.710395 11.619707
v 67.543120 -446.643469 11.538207
v 67.631236 -446.667616 11.440469
v 67.683271 -446.770166 11.372536
v 67.864189 -447.062100 11.877422
v 67.739318 -447.086149 11.918266
v 67.625618 -447.020742 11.944624
v 67.577344 -446.895641 11.943737
v 67.616143 -446.770359 11.916426
v 67.724192 -446.702456 11.875240
v 67.851136 -446.725100 11.839560
v 67.937206 -446.826332 11.826026
v 67.858860 -447.023871 12.394047
v 67.732098 -447.060900 12.372661
v 67.616239 -447.010300 12.328024
v 67.566562 -446.894818 12.281019
v 67.605362 -446.769536 12.253709
v 67.714812 -446.692015 12.258640
v 67.843915 -446.699851 12.293955
v 67.931878 -446.788103 12.342651
v 67.582193 -446.920378 12.827667
v 67.487144 -446.978549 12.754353
v 67.407464 -446.952068 12.650476
v 67.381289 -446.852254 12.564988
v 67.420089 -446.726972 12.537678
v 67.506038 -446.633782 12.581092
v 67.598961 -446.617500 12.675647
v 67.655210 -446.684611 12.776271
v 67.124348 -446.806760 13.048788
v 67.083478 -446.887291 12.949875
v 67.065607 -446.886318 12.816793
v 67.079582 -446.803074 12.712334
v 67.118382 -446.677792 12.685023
v 67.164180 -446.568032 12.747409
v 67.195296 -446.526241 12.871168
v 67.197366 -446.570993 12.997393
v 66.611378 -446.738632 12.982917
v 66.631519 -446.835885 12.893972
v 66.683249 -446.853989 12.772262
v 66.742439 -446.783137 12.675191
v 66.781239 -446.657855 12.647880
v 66.781823 -446.535703 12.702878
v 66.743336 -446.474835 12.815265
v 66.684395 -446.502864 12.931521
v 66.192925 -446.753226 12.671850
v 66.262363 -446.856949 12.623262
v 66.370332 -446.882434 12.547592
v 66.466054 -446.816377 12.480427
v 66.504854 -446.691095 12.453117
v 66.468905 -446.564148 12.478207
v 66.374180 -446.495900 12.544555
v 66.265943 -446.517459 12.620455
v 66.001472 -446.872129 12.203755
v 66.092081 -446.969370 12.214978
v 66.224202 -446.987460 12.207543
v 66.335614 -446.916600 12.184705
v 66.374414 -446.791318 12.157394
v 66.322776 -446.669174 12.138159
v 66.203898 -446.608321 12.136272
v 66.074489 -446.636362 12.152359
v 66.074749 -447.075462 11.726519
v 66.153705 -447.155806 11.798698
v 66.272533 -447.154620 11.860803
v 66.375309 -447.071237 11.883138
v 66.414109 -446.945955 11.855827
v 66.371106 -446.836334 11.791419
v 66.265522 -446.794757 11.719992
v 66.147766 -446.839695 11.675123
v 66.395031 -447.322399 11.399142
v 66.431729 -447.380417 11.513700
v 66.502348 -447.353762 11.624150
v 66.573808 -447.253835 11.677890
v 66.612608 -447.128553 11.650579
v 66.600922 -447.035477 11.554766
v 66.543546 -447.019368 11.434994
v 66.468048 -447.086632 11.347747
v 66.854489 -447.558544 11.318999
v 66.831681 -447.595575 11.445294
v 66.834414 -447.544976 11.569134
v 66.861775 -447.429495 11.631572
v 66.900574 -447.304213 11.604261
v 66.932987 -447.226690 11.499750
v 66.943498 -447.234525 11.366588
v 66.927507 -447.322777 11.267604
v 67.303978 -447.731163 11.516106
v 67.222898 -447.755079 11.619778
v 67.159155 -447.689519 11.717808
v 67.143332 -447.564318 11.763480
v 67.182132 -447.439036 11.736170
v 67.257728 -447.371233 11.648424
v 67.334716 -447.394029 11.541071
v 67.376995 -447.495395 11.464711
v 67.599474 -447.806676 11.939372
v 67.479212 -447.829500 11.992388
v 67.370769 -447.762694 12.032631
v 67.325909 -447.636684 12.040763
v 67.364709 -447.511402 12.013453
v 67.469342 -447.444408 11.963247
v 67.591029 -447.468450 11.913682
v 67.672491 -447.570909 11.887977
v 67.651625 -447.786251 12.458055
v 67.522332 -447.819897 12.448595
v 67.403586 -447.765437 12.417565
v 67.352034 -447.647447 12.379398
v 67.390834 -447.522165 12.352088
v 67.502160 -447.447151 12.348181
v 67.634149 -447.458847 12.369889
v 67.724642 -447.550483 12.406659
v 67.423335 -447.691767 12.917526
v 67.319771 -447.745401 12.852927
v 67.230378 -447.713745 12.758993
v 67.197892 -447.610568 12.679963
v 67.236692 -447.485286 12.652653
v 67.328951 -447.395459 12.689609
v 67.431588 -447.384352 12.774221
v 67.496352 -447.456000 12.866131
v 66.993932 -447.575779 13.189926
v 66.941022 -447.652067 13.093372
v 66.909416 -447.646254 12.962982
v 66.914469 -447.559865 12.860272
v 66.953269 -447.434583 12.832961
v 67.007989 -447.327968 12.893598
v 67.052840 -447.291018 13.014666
v 67.066950 -447.340012 13.138530
v 66.478248 -447.493932 13.183131
v 66.486685 -447.588642 13.089224
v 66.525064 -447.603846 12.961854
v 66.575581 -447.531109 12.861105
v 66.614380 -447.405827 12.833795
v 66.623638 -447.285560 12.892470
v 66.598503 -447.227593 13.010518
v 66.551265 -447.258165 13.131736
v 68.177944 -439.872466 10.781744
v 68.305608 -439.846588 10.753256
v 68.422496 -439.909909 10.740996
v 68.472842 -440.033655 10.751041
v 68.434042 -440.158937 10.778351
v 68.323923 -440.228195 10.810380
v 68.193791 -440.207637 10.831962
v 68.104926 -440.108233 10.833139
v 89.826932 -435.000006 10.846718
v 89.762538 -435.000006 10.877304
v 89.722966 -435.000006 10.936247
v 89.714888 -435.000006 11.012064
v 89.742828 -435.000006 11.112047
v 90.000001 -435.000006 11.496086
v 90.000001 -435.038837 11.521843
v 90.000001 -435.087455 11.530369
v 90.000001 -435.138669 11.509937
v 90.000001 -435.185024 11.459391
v 90.000001 -435.233993 11.273297
v 90.000001 -435.162925 11.035218
v 90.263256 -435.259275 11.443669
v 90.433363 -435.131774 11.891136
v 90.455905 -434.818753 12.274449
v 90.313351 -434.404916 12.506476
v 90.193440 -434.457380 12.537072
v 90.076711 -434.488697 12.478245
v 90.017782 -434.484214 12.357521
v 90.044226 -434.446028 12.231388
v 90.143671 -434.392008 12.158864
v 90.269584 -434.347429 12.173885
v 90.363050 -434.333151 12.269422
v 90.380335 -434.355854 12.400773
v 90.000001 -435.000006 10.887340
v 89.907621 -435.000006 10.848565
v 89.592739 -434.632204 10.688014
v 89.450417 -434.191093 10.709889
v 89.440943 -433.768106 10.900425
v 89.576158 -433.450697 11.210717
v 89.836174 -433.303171 11.565598
v 90.173735 -433.352574 11.880120
v 90.524579 -433.582770 12.078189
v 90.821530 -433.937971 12.109247
v 91.009232 -434.334978 11.959363
v 91.056287 -434.681425 11.654284
v 90.962140 -434.896030 11.253793
v 90.757203 -434.926428 10.838595
v 90.496181 -434.760648 10.492623
v 90.246082 -434.429741 10.284625
v 90.071516 -434.000969 10.253095
v 90.020530 -433.563059 10.397826
v 90.114069 -433.206737 10.679957
v 90.341385 -433.004842 11.030496
v 90.662393 -432.996344 11.365450
v 91.016460 -433.177802 11.604243
v 91.335705 -433.504118 11.687385
v 91.559882 -433.898428 11.589524
v 91.649594 -434.268956 11.324999
v 91.594931 -434.529140 10.944699
v 91.417647 -434.616619 10.524901
v 91.166383 -434.506905 10.150547
v 90.906006 -434.218753 9.896609
v 90.703380 -433.810049 9.811656
v 90.612706 -433.365119 9.907195
v 90.663634 -432.976230 10.155155
v 90.854758 -432.723361 10.494037
v 91.153931 -432.656661 10.842404
v 91.505308 -432.785453 11.116737
v 91.841598 -433.076189 11.249756
v 92.098818 -433.459806 11.205167
v 92.230323 -433.846874 10.985629
v 92.217040 -434.147205 10.632164
v 92.071646 -434.289632 10.215166
v 91.835790 -434.237617 9.818961
v 91.570960 -433.997263 9.523314
v 91.344997 -433.615974 9.385940
v 91.217219 -433.172062 9.429843
v 91.225411 -432.757572 9.638274
v 91.377543 -432.458098 9.958404
v 91.650016 -432.334008 10.312908
v 91.992842 -432.407212 10.616921
v 92.340603 -432.656351 10.796654
v 92.626802 -433.021485 10.805570
v 92.798439 -433.417237 10.634592
v 92.827640 -433.751515 10.314095
v 92.717765 -433.945706 9.907242
v 92.502674 -433.951923 9.496135
v 92.239300 -433.763496 9.163806
v 91.995167 -433.416443 8.976015
v 91.833576 -432.981568 8.966823
v 91.799728 -432.548934 9.131124
v 91.910812 -432.208113 9.425766
v 92.152230 -432.028542 9.779013
v 92.480805 -432.044297 10.106279
v 92.834246 -432.246617 10.328672
v 93.144807 -432.585831 10.390301
v 93.354148 -432.982245 10.270530
v 93.426125 -433.343621 9.988503
v 93.354718 -433.585405 9.598948
v 93.165351 -433.649272 9.180171
v 92.909317 -433.515910 8.816890
v 92.652527 -433.209261 8.581649
v 92.461061 -432.791269 8.518917
v 92.386671 -432.348294 8.635328
v 92.455434 -431.972175 8.898233
v 92.662037 -431.740092 9.242856
v 92.970935 -431.697634 9.586500
v 93.324153 -431.848809 9.846685
v 93.653994 -432.155160 9.959229
v 93.897890 -432.544200 9.892333
v 94.012119 -432.925309 9.653544
v 93.981395 -433.209605 9.288107
v 93.822221 -433.329440 8.869042
v 93.579267 -433.253229 8.481128
v 93.315579 -432.992380 8.202311
v 93.098745 -432.598793 8.086616
v 92.986084 -432.153477 8.152293
v 93.012065 -431.748785 8.377818
v 93.180755 -431.468160 8.706613
v 93.464926 -431.367840 9.059451
v 93.812023 -431.464519 9.351836
v 94.155694 -431.731692 9.512526
v 94.430336 -432.105464 9.499162
v 94.585485 -432.498563 9.307552
v 94.596882 -432.819478 8.972595
v 94.471792 -432.992530 8.560627
v 94.247412 -432.974463 8.154869
v 93.982711 -432.763935 7.837183
v 93.745504 -432.401811 7.670116
v 93.597574 -431.962200 7.683184
v 93.581127 -431.536203 7.866400
v 93.709533 -431.211936 8.172465
v 93.964398 -431.055207 8.527136
v 94.299595 -431.095081 8.845515
v 94.651381 -431.317510 9.050661
v 94.952373 -431.668412 9.090463
v 95.146329 -432.065529 8.949072
v 95.200480 -432.416470 8.650375
v 95.112714 -432.638971 8.252753
v 94.912043 -432.678931 7.836283
v 94.652239 -432.522285 7.485176
v 94.400041 -432.198080 7.269308
v 94.220519 -431.772109 7.228897
v 94.162808 -431.332483 7.365684
v 94.249327 -430.970306 7.642551
v 94.470868 -430.759701 7.991659
v 94.788612 -430.741546 8.329330
v 95.142642 -430.914521 8.574391
v 95.465085 -431.235386 8.665980
v 95.694994 -431.628473 8.576889
v 95.791714 -432.002273 8.319536
v 95.743800 -432.269510 7.943237
v 95.571524 -432.366272 7.523391
v 95.322430 -432.266038 7.144950
v 95.060908 -431.985482 6.883785
v 94.854075 -431.580828 6.790046
v 94.757053 -431.135509 6.877170
v 94.800884 -430.741881 7.118930
v 94.985719 -430.480960 7.455186
v 95.280790 -430.404661 7.805078
v 95.631153 -430.524414 8.084753
v 95.969737 -430.808651 8.225757
v 96.232056 -431.189736 8.190048
v 96.299040 -431.140675 8.084345
v 96.281756 -431.117971 7.952995
v 96.188290 -431.132249 7.857458
v 96.062376 -431.176828 7.842437
v 95.962932 -431.230849 7.914960
v 95.936487 -431.269034 8.041094
v 95.995416 -431.273517 8.161818
v 96.112146 -431.242200 8.220645
v 90.075858 -435.256559 11.382935
v 89.707357 -434.565499 10.661237
v 89.806187 -434.499138 10.722039
v 89.845483 -434.463332 10.844968
v 89.805654 -434.475576 10.972487
v 89.706541 -434.529416 11.044769
v 89.593681 -434.600117 11.028604
v 89.520553 -434.654301 10.930347
v 89.520837 -434.666821 10.797264
v 89.772161 -434.899367 11.181089
v 89.856397 -434.795051 11.183205
v 89.955720 -434.741463 11.111183
v 90.024708 -434.763434 10.998323
v 90.030285 -434.851852 10.897897
v 89.970934 -434.964456 10.856945
v 90.025702 -434.928959 11.448698
v 90.124815 -434.875119 11.376416
v 90.225296 -434.911784 11.295632
v 90.279366 -435.022879 11.244647
v 90.262379 -435.155237 11.246909
v 90.287151 -435.190628 11.854155
v 90.172289 -435.123840 11.870551
v 90.114704 -435.007747 11.835689
v 90.142653 -434.896829 11.765379
v 90.241766 -434.842989 11.693097
v 90.366507 -434.870962 11.652053
v 90.457923 -434.968677 11.662242
v 90.473671 -435.089306 11.718128
v 90.333170 -434.886659 12.276059
v 90.206056 -434.861101 12.244943
v 90.134493 -434.792044 12.155878
v 90.153362 -434.711681 12.050358
v 90.252475 -434.657841 11.978076
v 90.386295 -434.655259 11.972242
v 90.491690 -434.705938 12.036634
v 90.519691 -434.785337 12.140033
v 89.563005 -434.061599 10.705389
v 89.686318 -434.054108 10.755911
v 89.753544 -434.085461 10.867113
v 89.731858 -434.141331 10.987014
v 89.632745 -434.195172 11.059296
v 89.501742 -434.222246 11.050749
v 89.400684 -434.209270 10.964219
v 89.376485 -434.162921 10.841416
v 89.599949 -433.609340 10.960537
v 89.725232 -433.654342 10.974660
v 89.794707 -433.745579 11.044339
v 89.774482 -433.840351 11.137266
v 89.675368 -433.894192 11.209548
v 89.542905 -433.882364 11.227975
v 89.439599 -433.809504 11.182969
v 89.413429 -433.710663 11.096563
v 89.828954 -433.338690 11.343764
v 89.932405 -433.413676 11.305616
v 89.976973 -433.539121 11.315663
v 89.940568 -433.656114 11.369853
v 89.841455 -433.709955 11.442135
v 89.725170 -433.675906 11.499299
v 89.646771 -433.568839 11.513925
v 89.642434 -433.440012 11.479791
v 90.186916 -433.312376 11.721819
v 90.252552 -433.387066 11.632041
v 90.253981 -433.512173 11.583187
v 90.189553 -433.628946 11.599114
v 90.090440 -433.682786 11.671396
v 90.002179 -433.648958 11.766822
v 89.966919 -433.542229 11.840349
v 90.000395 -433.413698 11.857845
v 90.585988 -433.545757 11.962805
v 90.608715 -433.587965 11.838384
v 90.561192 -433.676016 11.750009
v 90.464965 -433.768718 11.740263
v 90.365851 -433.822558 11.812545
v 90.309390 -433.812801 11.933645
v 90.323081 -433.743128 12.046692
v 90.399467 -433.647079 12.098832
v 90.921047 -433.944917 11.992532
v 90.908798 -433.934098 11.859650
v 90.821374 -433.961655 11.761623
v 90.699227 -434.015059 11.745608
v 90.600113 -434.068899 11.817890
v 90.569571 -434.098440 11.945259
v 90.623164 -434.089261 12.067959
v 90.734526 -434.046240 12.128559
v 91.098906 -434.384152 11.776857
v 91.071164 -434.315338 11.665928
v 90.966065 -434.276734 11.592946
v 90.832436 -434.287160 11.593200
v 90.733322 -434.341001 11.665481
v 90.714262 -434.413519 11.776582
v 90.785531 -434.470501 11.874237
v 90.912386 -434.485474 11.912883
v 91.088980 -434.722632 11.378738
v 91.069018 -434.608311 11.312373
v 90.972793 -434.517792 11.290231
v 90.844929 -434.494494 11.323510
v 90.745816 -434.548334 11.395792
v 90.720991 -434.654577 11.473866
v 90.783384 -434.763474 11.520682
v 90.902460 -434.823954 11.514764
v 90.906359 -434.842519 10.906642
v 90.915579 -434.709782 10.894010
v 90.852646 -434.598254 10.933166
v 90.746409 -434.561308 11.006266
v 90.647296 -434.615149 11.078548
v 90.600844 -434.735039 11.116802
v 90.629945 -434.864945 11.102319
v 90.719839 -434.943841 11.042668
v 90.622595 -434.699672 10.491560
v 90.673532 -434.581082 10.525595
v 90.658192 -434.485691 10.617989
v 90.582870 -434.459228 10.725672
v 90.483757 -434.513069 10.797954
v 90.406389 -434.622476 10.801625
v 90.387899 -434.736244 10.733904
v 90.436074 -434.800995 10.627587
v 90.343126 -434.334015 10.248334
v 90.435248 -434.257184 10.307737
v 90.466893 -434.209433 10.429071
v 90.422093 -434.213918 10.555553
v 90.322979 -434.267758 10.627835
v 90.215090 -434.346218 10.612707
v 90.149615 -434.412346 10.516045
v 90.156605 -434.435337 10.384361
v 90.170872 -433.841141 10.246881
v 90.290892 -433.821836 10.301687
v 90.354362 -433.839713 10.417778
v 90.330236 -433.886829 10.540854
v 90.231123 -433.940669 10.613136
v 90.102560 -433.976498 10.601414
v 90.005258 -433.976999 10.509996
v 89.984351 -433.942463 10.382907
v 90.167710 -433.366954 10.463368
v 90.294671 -433.402860 10.486568
v 90.366060 -433.483721 10.566601
v 90.347078 -433.571752 10.666254
v 90.247965 -433.625593 10.738536
v 90.114258 -433.620506 10.750237
v 90.009038 -433.558023 10.694876
v 89.981189 -433.468277 10.599395
v 90.362367 -433.053291 10.831536
v 90.471753 -433.124512 10.804331
v 90.523092 -433.245663 10.826861
v 90.491085 -433.359866 10.889160
v 90.391972 -433.413706 10.961442
v 90.271289 -433.382448 11.010497
v 90.186119 -433.279675 11.012640
v 90.175846 -433.154613 10.967563
v 90.700371 -432.974426 11.221369
v 90.774416 -433.051863 11.141074
v 90.785437 -433.180106 11.103038
v 90.727240 -433.298915 11.125993
v 90.628127 -433.352756 11.198275
v 90.533635 -433.316891 11.286674
v 90.488782 -433.207026 11.349382
v 90.513851 -433.075748 11.357396
v 91.100946 -433.161117 11.498890
v 91.131910 -433.211852 11.379412
v 91.093785 -433.309630 11.296677
v 91.003662 -433.408650 11.290596
v 90.904549 -433.462491 11.362878
v 90.841982 -433.446415 11.480313
v 90.846277 -433.367014 11.587721
v 90.914425 -433.262440 11.634916
v 91.455601 -433.535969 11.573898
v 91.449145 -433.536697 11.440359
v 91.368331 -433.577427 11.341583
v 91.250477 -433.639388 11.325080
v 91.151364 -433.693229 11.397362
v 91.116528 -433.714212 11.525219
v 91.163512 -433.691859 11.648668
v 91.269080 -433.637291 11.709924
v 91.670713 -433.979019 11.406461
v 91.644147 -433.921280 11.288897
v 91.540390 -433.895310 11.208345
v 91.407633 -433.913943 11.203682
v 91.308520 -433.967783 11.275963
v 91.288588 -434.032095 11.391981
v 91.358514 -434.076443 11.497206
v 91.484193 -434.080341 11.542488
v 91.697209 -434.347086 11.036245
v 91.673909 -434.240173 10.959788
v 91.573877 -434.158104 10.926130
v 91.443540 -434.140295 10.951929
v 91.344427 -434.194136 11.024211
v 91.322075 -434.294889 11.109766
v 91.388275 -434.395336 11.168096
v 91.510688 -434.448408 11.172272
v 91.546276 -434.519131 10.568749
v 91.548231 -434.387338 10.545454
v 91.477011 -434.276886 10.572445
v 91.365390 -434.240639 10.637642
v 91.266277 -434.294479 10.709923
v 91.225208 -434.413671 10.756081
v 91.262597 -434.542501 10.753762
v 91.359755 -434.620454 10.704776
v 91.274320 -434.425953 10.132864
v 91.316530 -434.302150 10.158813
v 91.291232 -434.200813 10.241984
v 91.209443 -434.170488 10.343675
v 91.110329 -434.224328 10.415956
v 91.039430 -434.337598 10.425620
v 91.030896 -434.457313 10.367122
v 91.087800 -434.527276 10.268890
v 90.985077 -434.100525 9.846268
v 91.069683 -434.013496 9.902961
v 91.092752 -433.954112 10.021203
v 91.042382 -433.951038 10.145676
v 90.943268 -434.004879 10.217958
v 90.840949 -434.090897 10.204839
v 90.784049 -434.168659 10.111269
v 90.798556 -434.201848 9.982295
v 90.785351 -433.621442 9.796874
v 90.901259 -433.590230 9.854912
v 90.960039 -433.594523 9.974689
v 90.932866 -433.632814 10.100159
v 90.833753 -433.686655 10.172441
v 90.708236 -433.731308 10.158324
v 90.615626 -433.745393 10.063220
v 90.598831 -433.722765 9.932901
v 90.744286 -433.131821 9.972886
v 90.871833 -433.157732 10.004333
v 90.943890 -433.227192 10.093775
v 90.925343 -433.307816 10.199540
v 90.826229 -433.361656 10.271822
v 90.692088 -433.363977 10.277411
v 90.586200 -433.312895 10.212641
v 90.557766 -433.233143 10.108912
v 90.901383 -432.777046 10.320174
v 91.016009 -432.843368 10.303804
v 91.073327 -432.958930 10.338695
v 91.045204 -433.069501 10.409024
v 90.946091 -433.123342 10.481306
v 90.821524 -433.095715 10.522331
v 90.730376 -432.998531 10.512112
v 90.714862 -432.878368 10.456200
v 91.216766 -432.647959 10.716397
v 91.298855 -432.726722 10.646145
v 91.319053 -432.856476 10.619566
v 91.266818 -432.976267 10.649965
v 91.167704 -433.030107 10.722246
v 91.067251 -432.993260 10.803202
v 91.013221 -432.881885 10.854453
v 91.030245 -432.749282 10.852423
v 91.612378 -432.782593 11.026192
v 91.651986 -432.841112 10.912770
v 91.623722 -432.947772 10.836941
v 91.540005 -433.052561 10.835347
v 91.440892 -433.106401 10.907628
v 91.371920 -433.084557 11.020577
v 91.366353 -432.996275 11.121078
v 91.425857 -432.883915 11.162219
v 91.984461 -433.129881 11.145327
v 91.984505 -433.141801 11.012363
v 91.911105 -433.195300 10.914241
v 91.798068 -433.265556 10.898165
v 91.698955 -433.319397 10.970447
v 91.659303 -433.332085 11.097877
v 91.698872 -433.296964 11.220671
v 91.797941 -433.231203 11.281353
v 92.234867 -433.570792 11.027877
v 92.210426 -433.524510 10.904693
v 92.109094 -433.511612 10.817729
v 91.977912 -433.538736 10.808900
v 91.878799 -433.592576 10.881182
v 91.857292 -433.648397 11.001365
v 91.924793 -433.679673 11.113002
v 92.048347 -433.672114 11.163904
v 92.298412 -433.963758 10.689918
v 92.272646 -433.865216 10.603842
v 92.169800 -433.792699 10.559211
v 92.037636 -433.781094 10.577883
v 91.938522 -433.834935 10.650165
v 91.917998 -433.929484 10.742847
v 91.987012 -434.020379 10.812150
v 92.111892 -434.065080 10.825944
v 92.181235 -434.184432 10.232485
v 92.176540 -434.054984 10.198324
v 92.097733 -433.947207 10.212920
v 91.981184 -433.912698 10.270064
v 91.882071 -433.966539 10.342346
v 91.845931 -434.083992 10.396556
v 91.890906 -434.210147 10.406633
v 91.994714 -434.285754 10.368511
v 91.925394 -434.143174 9.780022
v 91.958956 -434.015281 9.797161
v 91.923794 -433.909279 9.870280
v 91.835596 -433.875923 9.965441
v 91.736483 -433.929763 10.037723
v 91.671991 -434.046064 10.053916
v 91.673323 -434.170444 10.005469
v 91.738874 -434.244496 9.916049
v 91.631125 -433.860318 9.454826
v 91.707706 -433.763923 9.507491
v 91.721621 -433.693854 9.621139
v 91.665304 -433.683840 9.742629
v 91.566191 -433.737681 9.814910
v 91.469819 -433.830639 9.804775
v 91.422073 -433.919086 9.715800
v 91.444605 -433.961640 9.590852
v 91.406013 -433.401314 9.355665
v 91.517043 -433.358248 9.415844
v 91.570258 -433.349017 9.538063
v 91.539470 -433.378524 9.665120
v 91.440357 -433.432364 9.737402
v 91.318455 -433.485802 9.721699
v 91.231410 -433.513411 9.624152
v 91.219493 -433.502636 9.491692
v 91.329429 -432.902149 9.490081
v 91.456500 -432.917389 9.528825
v 91.528014 -432.974674 9.626590
v 91.509113 -433.047390 9.737762
v 91.410000 -433.101231 9.810044
v 91.276212 -433.111459 9.810226
v 91.170867 -433.072552 9.737133
v 91.142909 -433.003471 9.626108
v 91.446649 -432.509676 9.810771
v 91.565742 -432.569999 9.804993
v 91.628154 -432.678716 9.851969
v 91.603341 -432.784842 9.930147
v 91.504228 -432.838683 10.002429
v 91.376352 -432.815501 10.035604
v 91.280108 -432.725162 10.013302
v 91.260129 -432.610999 9.946797
v 91.736524 -432.332311 10.207978
v 91.826240 -432.411058 10.148196
v 91.855140 -432.540793 10.133563
v 91.808557 -432.660573 10.171720
v 91.709444 -432.714413 10.244002
v 91.603337 -432.677578 10.317199
v 91.540607 -432.566220 10.356505
v 91.550003 -432.433633 10.344004
v 92.123726 -432.413332 10.546176
v 92.172004 -432.478480 10.439704
v 92.153630 -432.592701 10.371805
v 92.076338 -432.702403 10.375361
v 91.977225 -432.756243 10.447643
v 91.901828 -432.729486 10.555441
v 91.886371 -432.633643 10.648012
v 91.937205 -432.514655 10.682203
v 92.508484 -432.727488 10.707369
v 92.515627 -432.750143 10.576143
v 92.450325 -432.815888 10.480004
v 92.342549 -432.894099 10.465216
v 92.243435 -432.947940 10.537498
v 92.198523 -432.952673 10.663640
v 92.229993 -432.905306 10.784451
v 92.321964 -432.828810 10.843395
v 92.791038 -433.160242 10.640077
v 92.769712 -433.125706 10.512415
v 92.671933 -433.126207 10.420341
v 92.543058 -433.162036 10.408194
v 92.443945 -433.215876 10.480475
v 92.420130 -433.262992 10.603977
v 92.484078 -433.280869 10.720723
v 92.604518 -433.261564 10.776104
v 92.892559 -433.573672 10.338948
v 92.865201 -433.484340 10.243829
v 92.760539 -433.422328 10.188882
v 92.627195 -433.417549 10.200852
v 92.528081 -433.471390 10.273134
v 92.508737 -433.559113 10.372518
v 92.579567 -433.639502 10.452138
v 92.706039 -433.674994 10.474974
v 92.810126 -433.838010 9.896632
v 92.799533 -433.712360 9.851555
v 92.713998 -433.608916 9.853697
v 92.593078 -433.577222 9.902752
v 92.493965 -433.631062 9.975033
v 92.462196 -433.745701 10.037333
v 92.513899 -433.867523 10.059863
v 92.623605 -433.939333 10.032658
v 92.574957 -433.850966 9.432132
v 92.600059 -433.720152 9.439847
v 92.555245 -433.610818 9.502214
v 92.460778 -433.575297 9.590391
v 92.361665 -433.629137 9.662672
v 92.303443 -433.747603 9.685849
v 92.314426 -433.875315 9.648155
v 92.388437 -433.952288 9.568159
v 92.279873 -433.612153 9.073012
v 92.348096 -433.507379 9.120457
v 92.352475 -433.427751 9.228150
v 92.289963 -433.411527 9.345771
v 92.190850 -433.465368 9.418053
v 92.100672 -433.564536 9.411786
v 92.062462 -433.662542 9.328766
v 92.093353 -433.713476 9.209039
v 92.032506 -433.179569 8.923656
v 92.137935 -433.124849 8.984835
v 92.184760 -433.102323 9.108196
v 92.149822 -433.123194 9.235995
v 92.050708 -433.177034 9.308276
v 91.932958 -433.239108 9.291832
v 91.852302 -433.280011 9.193144
v 91.845986 -433.280891 9.059683
v 91.922524 -432.676747 9.015000
v 92.048133 -432.680787 9.060082
v 92.117980 -432.725294 9.165079
v 92.097996 -432.789710 9.280949
v 91.998883 -432.843550 9.353230
v 91.866177 -432.862079 9.348715
v 91.762500 -432.835949 9.268391
v 91.736004 -432.778070 9.151027
v 91.998874 -432.251019 9.304420
v 92.121570 -432.304263 9.308856
v 92.188094 -432.404904 9.367484
v 92.165951 -432.505784 9.453232
v 92.066838 -432.559625 9.525514
v 91.936291 -432.541689 9.551120
v 91.835937 -432.459426 9.517165
v 91.812354 -432.352341 9.440446
v 92.260136 -432.026925 9.697200
v 92.357002 -432.104384 9.648182
v 92.394059 -432.232650 9.645827
v 92.352774 -432.351475 9.691960
v 92.253661 -432.405316 9.764242
v 92.142256 -432.369435 9.829463
v 92.071369 -432.259546 9.856490
v 92.073616 -432.128247 9.833227
v 92.634765 -432.053781 10.058504
v 92.691751 -432.124354 9.959931
v 92.683312 -432.244764 9.901044
v 92.612473 -432.358486 9.910454
v 92.513360 -432.412327 9.982735
v 92.431509 -432.381549 10.084680
v 92.406118 -432.279516 10.168240
v 92.448245 -432.155103 10.194531
v 93.028489 -432.329700 10.260472
v 93.043229 -432.362519 10.132092
v 92.986593 -432.439860 10.039200
v 92.884447 -432.525603 10.026520
v 92.785334 -432.579444 10.098802
v 92.734791 -432.576645 10.222836
v 92.757595 -432.517682 10.340400
v 92.841969 -432.431022 10.396499
v 93.339077 -432.748586 10.241952
v 93.321874 -432.725933 10.111090
v 93.228797 -432.739990 10.015368
v 93.102978 -432.784624 10.000850
v 93.003865 -432.838465 10.073132
v 92.976995 -432.876775 10.199004
v 93.036240 -432.881095 10.319399
v 93.152557 -432.849908 10.377978
v 93.479530 -433.177782 9.982461
v 93.451469 -433.098379 9.878983
v 93.346006 -433.047694 9.814500
v 93.212141 -433.050273 9.820276
v 93.113027 -433.104113 9.892557
v 93.094204 -433.184479 9.998136
v 93.165836 -433.253541 10.087292
v 93.293010 -433.279104 10.118488
v 93.432177 -433.480826 9.559416
v 93.416533 -433.360308 9.503591
v 93.325237 -433.262718 9.493472
v 93.200575 -433.234827 9.534563
v 93.101461 -433.288668 9.606844
v 93.073435 -433.399503 9.677108
v 93.130900 -433.515471 9.711900
v 93.245656 -433.582149 9.695442
v 93.222137 -433.548847 9.088357
v 93.239074 -433.416341 9.086136
v 93.184946 -433.305075 9.137170
v 93.084428 -433.268300 9.217985
v 92.985315 -433.322141 9.290267
v 92.933144 -433.441860 9.320806
v 92.953441 -433.571504 9.294445
v 93.035616 -433.650170 9.224383
v 92.930491 -433.355923 8.699770
v 92.990123 -433.243769 8.740933
v 92.984701 -433.155721 8.841458
v 92.915823 -433.134029 8.954423
v 92.816710 -433.187869 9.026705
v 92.732899 -433.292506 9.025094
v 92.704489 -433.398932 8.949241
v 92.743971 -433.457245 8.835796
v 92.664557 -432.955027 8.501351
v 92.763697 -432.889000 8.562328
v 92.803346 -432.853575 8.685458
v 92.763747 -432.866066 8.813107
v 92.664633 -432.919906 8.885389
v 92.551544 -432.990360 8.869094
v 92.478063 -433.044162 8.770637
v 92.478037 -433.056349 8.637378
v 92.523029 -432.454424 8.547788
v 92.646258 -432.446881 8.598233
v 92.713390 -432.478176 8.709349
v 92.691642 -432.534008 8.829193
v 92.592529 -432.587848 8.901475
v 92.461587 -432.614961 8.892985
v 92.360625 -432.602044 8.806542
v 92.336509 -432.555746 8.683814
v 92.558823 -432.001030 8.802203
v 92.684165 -432.046120 8.816341
v 92.753708 -432.137460 8.886037
v 92.733526 -432.232298 8.978975
v 92.634413 -432.286138 9.051257
v 92.501905 -432.274245 9.069673
v 92.398532 -432.201283 9.024650
v 92.372302 -432.102352 8.938229
v 92.788161 -431.731358 9.185159
v 92.891630 -431.806312 9.147059
v 92.936219 -431.931721 9.157162
v 92.899827 -432.048690 9.211387
v 92.800714 -432.102531 9.283669
v 92.684416 -432.068506 9.340797
v 92.605997 -431.961475 9.355368
v 92.601641 -431.832680 9.321185
v 93.146445 -431.705183 9.563551
v 93.212059 -431.779824 9.473780
v 93.213463 -431.904875 9.424933
v 93.149019 -432.021611 9.440866
v 93.049906 -432.075452 9.513148
v 92.961661 -432.041660 9.608569
v 92.926426 -431.934986 9.682088
v 92.959924 -431.806505 9.699578
v 93.545260 -431.937497 9.804980
v 93.567997 -431.979788 9.680511
v 93.520486 -432.067934 9.592081
v 93.424266 -432.160697 9.582300
v 93.325152 -432.214538 9.654581
v 93.268683 -432.204719 9.775717
v 93.282364 -432.134951 9.888819
v 93.358740 -432.038819 9.941007
v 93.879871 -432.337816 9.833229
v 93.867687 -432.326936 9.700483
v 93.780338 -432.354424 9.602610
v 93.658239 -432.407783 9.586694
v 93.559126 -432.461623 9.658976
v 93.528536 -432.491209 9.786245
v 93.582054 -432.482099 9.908791
v 93.693350 -432.439138 9.969256
v 94.059119 -432.776967 9.619520
v 94.031270 -432.708103 9.508483
v 93.926049 -432.669442 9.435377
v 93.792341 -432.679831 9.435550
v 93.693228 -432.733671 9.507832
v 93.674247 -432.806227 9.619012
v 93.745637 -432.863266 9.716792
v 93.872599 -432.878289 9.755547
v 94.047459 -433.114016 9.220090
v 94.027604 -432.999822 9.153779
v 93.931504 -432.909448 9.131698
v 93.803720 -432.886244 9.165017
v 93.704607 -432.940085 9.237299
v 93.679701 -433.046233 9.315334
v 93.741971 -433.154985 9.362088
v 93.860939 -433.215338 9.356116
v 93.866052 -433.236227 8.747927
v 93.875229 -433.103329 8.735358
v 93.812249 -432.991617 8.774585
v 93.705980 -432.954552 8.847730
v 93.606867 -433.008393 8.920012
v 93.560446 -433.128402 8.958221
v 93.589596 -433.258492 8.943666
v 93.679531 -433.337549 8.883954
v 93.582139 -433.091419 8.334103
v 93.633053 -432.972910 8.368044
v 93.617685 -432.877614 8.460332
v 93.542346 -432.851212 8.567945
v 93.443233 -432.905052 8.640227
v 93.365883 -433.014399 8.643967
v 93.347419 -433.128073 8.576353
v 93.395619 -433.192741 8.470130
v 93.301977 -432.726526 8.089357
v 93.394162 -432.649682 8.148854
v 93.425877 -432.601918 8.270296
v 93.381123 -432.606393 8.396849
v 93.282010 -432.660234 8.469130
v 93.174074 -432.738703 8.453932
v 93.108528 -432.804845 8.357163
v 93.115457 -432.827848 8.225384
v 93.130481 -432.233984 8.088697
v 93.250469 -432.214626 8.143499
v 93.313903 -432.232441 8.259586
v 93.289754 -432.279517 8.382659
v 93.190641 -432.333358 8.454941
v 93.062101 -432.369226 8.443222
v 92.964836 -432.369788 8.351808
v 92.943961 -432.335306 8.224723
v 93.127302 -431.759425 8.305438
v 93.254234 -431.795323 8.328603
v 93.325589 -431.876176 8.408596
v 93.306585 -431.964201 8.508223
v 93.207472 -432.018042 8.580505
v 93.073787 -432.012961 8.592232
v 92.968600 -431.950486 8.536911
v 92.940782 -431.860747 8.441465
v 93.321219 -431.445284 8.672947
v 93.430667 -431.516558 8.645788
v 93.482077 -431.637767 8.668372
v 93.450116 -431.752008 8.730705
v 93.351003 -431.805849 8.802987
v 93.230274 -431.774552 8.852008
v 93.145034 -431.671720 8.854097
v 93.134699 -431.546607 8.808974
v 93.660209 -431.368006 9.062950
v 93.734194 -431.445298 8.982680
v 93.745146 -431.573375 8.944673
v 93.686905 -431.692077 8.967647
v 93.587792 -431.745918 9.039929
v 93.493344 -431.710160 9.128309
v 93.448560 -431.600461 9.190988
v 93.473688 -431.469328 9.198976
v 94.059536 -431.551923 9.341130
v 94.090580 -431.602864 9.221608
v 94.052545 -431.700879 9.138821
v 93.962481 -431.800052 9.132706
v 93.863368 -431.853893 9.204988
v 93.800742 -431.837664 9.322457
v 93.804946 -431.758027 9.429916
v 93.873016 -431.653245 9.477157
v 94.414311 -431.928805 9.414486
v 94.407935 -431.929480 9.281096
v 94.327212 -431.970150 9.182488
v 94.209417 -432.032072 9.166096
v 94.110304 -432.085913 9.238378
v 94.075409 -432.106935 9.366124
v 94.122302 -432.084643 9.489404
v 94.227791 -432.030128 9.550512
v 94.631033 -432.372026 9.249129
v 94.604347 -432.314212 9.131456
v 94.500454 -432.288158 9.050779
v 94.367608 -432.306736 9.046035
v 94.268495 -432.360577 9.118316
v 94.248651 -432.424943 9.234415
v 94.318714 -432.469375 9.339764
v 94.444512 -432.473348 9.385156
v 94.655977 -432.738639 8.877869
v 94.632749 -432.631832 8.801432
v 94.532801 -432.549884 8.767797
v 94.402517 -432.532154 8.793611
v 94.303404 -432.585995 8.865893
v 94.280998 -432.686669 8.951433
v 94.347116 -432.786994 9.009740
v 94.469457 -432.839961 9.013896
v 94.505817 -432.912403 8.410152
v 94.507749 -432.780503 8.386904
v 94.436502 -432.669929 8.413949
v 94.324864 -432.633603 8.479181
v 94.225751 -432.687444 8.551463
v 94.184700 -432.806714 8.597585
v 94.222115 -432.935666 8.595213
v 94.319296 -433.013725 8.546178
v 94.233962 -432.818319 7.975079
v 94.276136 -432.694521 8.000976
v 94.250797 -432.593191 8.084085
v 94.168981 -432.562869 8.185737
v 94.069868 -432.616710 8.258019
v 93.998995 -432.729976 8.267721
v 93.990502 -432.849684 8.209284
v 94.047442 -432.919642 8.111106
v 93.944422 -432.492678 7.688237
v 94.029029 -432.405681 7.744907
v 94.052099 -432.346332 7.863123
v 94.001730 -432.343283 7.987580
v 93.902617 -432.397124 8.059862
v 93.800297 -432.483117 8.046759
v 93.743396 -432.560843 7.953215
v 93.757902 -432.594000 7.824264
v 93.744494 -432.014239 7.638085
v 93.860428 -431.982979 7.696194
v 93.919237 -431.987217 7.816052
v 93.892084 -432.025473 7.941575
v 93.792970 -432.079314 8.013857
v 93.667435 -432.124002 7.999688
v 93.574795 -432.138142 7.904502
v 93.557974 -432.115561 7.774111
v 93.704455 -431.524499 7.815592
v 93.831901 -431.550377 7.846925
v 93.903843 -431.619799 7.936237
v 93.885220 -431.700398 8.041918
v 93.786107 -431.754239 8.114200
v 93.652040 -431.756584 8.119873
v 93.546268 -431.705540 8.055234
v 93.517935 -431.625821 7.951619
v 93.859990 -431.168493 8.161655
v 93.974709 -431.234935 8.145323
v 94.032132 -431.350632 8.180257
v 94.004078 -431.461293 8.250614
v 93.904964 -431.515133 8.322896
v 93.780329 -431.487417 8.363893
v 93.689075 -431.390098 8.353631
v 93.673469 -431.269816 8.297681
v 94.176590 -431.041681 8.557853
v 94.258621 -431.120281 8.487642
v 94.278752 -431.249849 8.461110
v 94.226473 -431.369520 8.491538
v 94.127360 -431.423361 8.563820
v 94.026950 -431.386634 8.644746
v 93.972987 -431.275444 8.695950
v 93.990069 -431.143003 8.693879
v 94.572011 -431.174080 8.869051
v 94.611584 -431.232713 8.755495
v 94.583281 -431.339503 8.679516
v 94.499538 -431.444377 8.677822
v 94.400425 -431.498218 8.750104
v 94.331478 -431.476288 8.863151
v 94.325951 -431.387876 8.963804
v 94.385490 -431.275402 9.005078
v 94.943241 -431.522441 8.986215
v 94.943356 -431.534343 8.853362
v 94.870037 -431.587821 8.755368
v 94.757052 -431.658063 8.739374
v 94.657939 -431.711904 8.811656
v 94.618234 -431.724606 8.939004
v 94.657722 -431.689506 9.061670
v 94.756721 -431.623764 9.122241
v 95.194894 -431.963672 8.870239
v 95.170370 -431.917332 8.746983
v 95.068942 -431.904367 8.659937
v 94.937698 -431.931448 8.651056
v 94.838585 -431.985288 8.723338
v 94.817140 -432.041152 8.843573
v 94.884737 -432.072495 8.955291
v 95.008374 -432.064994 9.006265
v 95.257647 -432.355683 8.531904
v 95.231895 -432.257202 8.445803
v 95.129067 -432.184753 8.401145
v 94.996913 -432.173193 8.419798
v 94.897800 -432.227034 8.492079
v 94.877264 -432.321538 8.584781
v 94.946262 -432.412365 8.654112
v 95.071127 -432.457006 8.667930
v 95.140419 -432.576685 8.074158
v 95.135745 -432.447256 8.040011
v 95.056963 -432.339501 8.054623
v 94.940429 -432.305007 8.111778
v 94.841316 -432.358848 8.184060
v 94.805160 -432.476286 8.238259
v 94.850112 -432.602419 8.248320
v 94.953899 -432.678007 8.210184
v 94.885093 -432.536190 7.621833
v 94.918612 -432.408222 7.638968
v 94.883401 -432.302134 7.712084
v 94.795171 -432.268722 7.807243
v 94.696058 -432.322563 7.879525
v 94.631599 -432.438919 7.895720
v 94.632979 -432.563385 7.847277
v 94.698573 -432.637512 7.757859
v 94.590526 -432.251773 7.297390
v 94.667102 -432.155496 7.349959
v 94.681010 -432.085563 7.463497
v 94.624688 -432.075636 7.584915
v 94.525575 -432.129477 7.657197
v 94.429208 -432.222348 7.647133
v 94.381468 -432.310659 7.558268
v 94.404006 -432.353095 7.433417
v 94.364764 -431.794011 7.196412
v 94.475868 -431.750909 7.256719
v 94.529168 -431.741638 7.379085
v 94.498435 -431.771118 7.506238
v 94.399322 -431.824959 7.578520
v 94.277366 -431.878423 7.562721
v 94.190235 -431.906072 7.465028
v 94.178243 -431.895334 7.332439
v 94.289612 -431.299145 7.330763
v 94.416522 -431.313848 7.369685
v 94.487853 -431.370521 7.467655
v 94.468833 -431.442839 7.578960
v 94.369720 -431.496680 7.651242
v 94.236050 -431.507306 7.651291
v 94.130889 -431.469011 7.577994
v 94.103092 -431.400467 7.466789
v 94.405210 -430.900893 7.652360
v 94.524400 -430.961364 7.646607
v 94.586925 -431.070250 7.693610
v 94.562184 -431.176485 7.771807
v 94.463071 -431.230326 7.844089
v 94.335122 -431.207035 7.877246
v 94.238767 -431.116527 7.854915
v 94.218689 -431.002215 7.788386
v 94.696123 -430.725716 8.049362
v 94.785809 -430.804339 7.989630
v 94.814674 -430.933934 7.975054
v 94.768068 -431.053622 8.013248
v 94.668955 -431.107463 8.085530
v 94.562871 -431.070719 8.158689
v 94.500176 -430.959502 8.197938
v 94.509603 -430.827038 8.185388
v 95.083327 -430.805124 8.388763
v 95.131574 -430.870348 8.282192
v 95.113165 -430.984657 8.214179
v 95.035850 -431.094415 8.217662
v 94.936737 -431.148256 8.289944
v 94.861363 -431.121442 8.397815
v 94.845941 -431.025511 8.490500
v 94.896806 -430.906446 8.524790
v 95.467463 -431.119680 8.548805
v 95.474652 -431.142362 8.417622
v 95.409403 -431.208138 8.321533
v 95.301661 -431.286369 8.306777
v 95.202548 -431.340210 8.379059
v 95.157601 -431.344923 8.505169
v 95.189019 -431.297524 8.625931
v 95.280943 -431.221002 8.684832
v 95.750333 -431.552761 8.481704
v 95.729014 -431.518212 8.354061
v 95.631243 -431.518697 8.262010
v 95.502374 -431.554516 8.249877
v 95.403261 -431.608356 8.322159
v 95.379441 -431.655482 8.445646
v 95.443381 -431.673375 8.562369
v 95.563813 -431.654083 8.617730
v 95.852300 -431.966061 8.181282
v 95.824894 -431.876732 8.086095
v 95.720177 -431.814724 8.031071
v 95.586797 -431.809946 8.042991
v 95.487684 -431.863787 8.115273
v 95.468375 -431.951509 8.214707
v 95.539260 -432.031895 8.294404
v 95.665780 -432.067384 8.317308
v 95.768727 -432.229563 7.738027
v 95.758228 -432.104019 7.692999
v 95.672799 -432.000696 7.695196
v 95.551948 -431.969081 7.744287
v 95.452835 -432.022921 7.816568
v 95.420997 -432.137481 7.878832
v 95.472594 -432.259182 7.901307
v 95.582207 -432.330885 7.874054
v 95.534657 -432.244486 7.273569
v 95.559716 -432.113534 7.281326
v 95.514853 -432.004043 7.343743
v 95.420354 -431.968420 7.431952
v 95.321241 -432.022261 7.504234
v 95.263051 -432.140828 7.527378
v 95.274083 -432.268697 7.489635
v 95.348137 -432.345808 7.409595
v 95.239361 -432.003507 6.915771
v 95.307567 -431.898863 6.963096
v 95.311927 -431.819384 7.070651
v 95.249403 -431.803258 7.188182
v 95.150290 -431.857098 7.260464
v 95.060124 -431.956169 7.254287
v 95.021933 -432.054026 7.171404
v 95.052841 -432.104829 7.051798
v 94.991069 -431.572140 6.764239
v 95.096596 -431.517400 6.825568
v 95.143533 -431.494851 6.949098
v 95.108666 -431.515707 7.077008
v 95.009553 -431.569548 7.149289
v 94.891730 -431.631636 7.132734
v 94.810962 -431.672562 7.033876
v 94.804548 -431.673462 6.900266
v 94.882634 -431.069635 6.857468
v 95.008149 -431.073615 6.902466
v 95.077889 -431.118056 7.007366
v 95.057835 -431.182427 7.123173
v 94.958722 -431.236268 7.195455
v 94.826086 -431.254841 7.191002
v 94.722516 -431.228778 7.110774
v 94.696113 -431.170958 6.993495
v 94.957667 -430.642511 7.146122
v 95.080433 -430.695868 7.150570
v 95.147035 -430.796640 7.209209
v 95.124944 -430.897604 7.294965
v 95.025831 -430.951444 7.367247
v 94.895233 -430.933425 7.392845
v 94.794799 -430.851031 7.358878
v 94.771147 -430.743833 7.282149
v 95.219407 -430.419733 7.538577
v 95.316283 -430.497143 7.489609
v 95.353351 -430.625353 7.487312
v 95.312074 -430.744142 7.533483
v 95.212961 -430.797982 7.605765
v 95.101548 -430.762138 7.670948
v 95.030650 -430.652306 7.697917
v 95.032886 -430.521056 7.674603
v 95.594207 -430.446313 7.900322
v 95.651182 -430.516871 7.801745
v 95.642730 -430.637264 7.742853
v 95.571883 -430.750975 7.752260
v 95.472770 -430.804815 7.824542
v 95.390927 -430.774049 7.926489
v 95.365549 -430.672034 8.010053
v 95.407687 -430.547635 8.036348
v 95.988769 -430.720643 8.104623
v 96.003394 -430.753644 7.975950
v 95.946628 -430.831192 7.882723
v 95.844396 -430.917070 7.869827
v 95.745283 -430.970911 7.942109
v 95.694825 -430.967977 8.066359
v 95.717761 -430.908807 8.184258
v 95.802249 -430.821965 8.240650
v 90.000001 -435.000006 8.000000
v 75.000001 -435.000006 8.000000
v 75.000001 -435.000006 11.500000
v 90.000001 -435.000006 11.500000
v 76.872999 -446.000007 6.902502
v 76.948151 -446.000007 7.047102
v 76.966257 -446.000007 7.216189
v 76.945205 -446.000007 7.346097
v 76.896067 -446.000007 7.423974
v 76.873914 -446.205698 7.818844
v 76.829764 -446.560943 8.084499
v 76.783921 -446.996392 8.168190
v 76.757031 -447.426459 8.053995
v 76.765902 -447.766649 7.766049
v 76.820106 -447.950659 7.363651
v 76.920039 -447.943795 6.929270
v 77.056840 -447.750001 6.551844
v 77.214187 -447.411052 6.308786
v 77.371599 -446.998107 6.250312
v 77.508582 -446.597301 6.389276
v 77.608776 -446.292310 6.698571
v 77.663268 -446.147420 7.116612
v 77.672396 -446.194508 7.559806
v 77.645679 -446.426598 7.939466
v 77.599891 -446.799264 8.179767
v 77.555667 -447.239630 8.233090
v 77.533325 -447.661116 8.089661
v 77.548753 -447.980963 7.779530
v 77.610197 -448.136984 7.366488
v 77.716585 -448.100154 6.935158
v 77.857751 -447.880478 6.573860
v 78.016490 -447.524973 6.356744
v 78.172039 -447.108147 6.328774
v 78.304279 -446.716921 6.496630
v 78.397813 -446.433033 6.827356
v 78.445075 -446.316496 7.255032
v 78.447865 -446.393450 7.694113
v 78.416986 -446.650871 8.056744
v 78.370055 -447.039210 8.270548
v 78.327938 -447.482415 8.293269
v 78.310525 -447.893333 8.121326
v 78.332709 -448.191344 7.790541
v 78.401366 -448.318682 7.368886
v 78.513965 -448.252124 6.942726
v 78.659085 -448.007696 6.599336
v 78.818717 -447.637422 6.409241
v 78.971919 -447.218802 6.411934
v 79.099048 -446.839117 6.607891
v 79.185739 -446.577772 6.958468
v 79.225814 -446.490215 7.393726
v 79.222526 -446.596722 7.826585
v 79.187909 -446.878286 8.170451
v 79.140335 -447.280472 8.356744
v 79.100801 -447.724425 8.348776
v 79.088676 -448.122841 8.149179
v 79.117780 -448.397630 7.799372
v 79.193589 -448.495726 7.371176
v 79.312126 -448.399826 6.952281
v 79.460766 -448.131894 6.628491
v 79.620789 -447.748712 6.466364
v 79.771173 -447.330391 6.499733
v 79.892846 -446.964154 6.722864
v 79.972547 -446.726681 7.091613
v 80.005512 -446.668591 7.532362
v 79.996435 -446.804195 7.956921
v 79.958520 -447.108596 8.280377
v 79.910808 -447.522736 8.438278
v 79.874323 -447.965343 8.399685
v 79.867816 -448.349383 8.173428
v 79.903971 -448.599676 7.806321
v 79.986838 -448.668116 7.373689
v 80.111010 -448.543400 6.964118
v 80.262720 -448.253326 6.661526
v 80.422630 -447.859158 6.528179
v 80.569738 -447.443229 6.592085
v 80.685637 -447.092280 6.841330
v 80.758234 -446.879895 7.226485
v 80.784202 -446.851616 7.670610
v 80.769653 -447.015718 8.084832
v 80.728896 -447.341539 8.386329
v 80.681550 -447.765684 8.515097
v 80.648563 -448.204855 8.446091
v 80.647980 -448.572714 8.194297
v 80.691284 -448.797358 7.811699
v 80.781078 -448.835870 7.376756
v 80.910554 -448.683006 6.978522
v 81.064872 -448.372260 6.698622
v 81.224164 -447.969081 6.594727
v 81.367555 -447.557627 6.688885
v 81.477389 -447.223731 6.963059
v 81.542801 -447.037527 7.362772
v 81.561920 -447.039257 7.808140
v 81.542241 -447.231123 8.210037
v 81.499115 -447.576842 8.488137
v 81.452637 -448.008992 8.587170
v 81.423582 -448.442656 8.488110
v 81.429197 -448.792609 8.212026
v 81.479712 -448.990573 7.815820
v 81.576270 -448.999031 7.380703
v 81.710694 -448.818823 6.995766
v 81.867142 -448.488976 6.739941
v 82.025316 -448.078807 6.666028
v 82.164566 -447.673887 6.790005
v 82.268074 -447.358727 7.087799
v 82.326258 -447.199669 7.500154
v 82.338706 -447.231461 7.944627
v 82.314266 -447.450219 8.332272
v 82.269252 -447.814219 8.585648
v 82.224142 -448.252336 8.654489
v 82.199432 -448.678447 8.525881
v 82.211491 -449.008857 8.226873
v 82.269245 -449.179241 7.819007
v 82.372371 -449.157665 7.385855
v 82.511363 -448.951049 7.016109
v 82.669454 -448.603765 6.785626
v 82.826014 -448.188658 6.742077
v 82.960719 -447.792300 6.895296
v 83.057673 -447.497468 7.215289
v 83.108617 -447.366391 7.638308
v 83.114607 -447.428151 8.079750
v 83.085798 -447.672801 8.451284
v 83.039388 -448.053374 8.678730
v 82.996136 -448.495393 8.717070
v 82.976164 -448.911943 8.559563
v 82.994882 -449.221265 8.239108
v 83.059867 -449.363302 7.821588
v 83.169333 -449.311859 7.392528
v 83.312490 -449.079899 7.039793
v 83.471730 -448.716926 6.835797
v 83.626187 -448.298959 6.822849
v 83.755967 -447.913149 7.004589
v 83.846167 -447.640139 7.345251
v 83.889897 -447.537740 7.776903
v 83.889673 -447.629231 8.213195
v 83.856908 -447.898645 8.566839
v 83.809599 -448.294004 8.767274
v 83.768689 -448.737838 8.774951
v 83.897480 -448.756435 8.741274
v 83.978051 -448.748388 8.633987
v 83.972702 -448.717461 8.503288
v 83.883935 -448.678127 8.410335
v 83.753286 -448.648790 8.398620
v 83.641887 -448.643177 8.473625
v 83.601862 -448.663914 8.600255
v 83.651940 -448.701299 8.719258
v 76.866097 -446.000007 7.436774
v 76.835613 -446.000007 7.431666
v 76.787219 -446.000007 7.381679
v 76.734724 -446.000007 7.178291
v 76.742454 -446.000007 6.989120
v 76.786757 -446.000007 6.897449
v 76.807550 -446.000007 6.884932
v 76.830653 -446.000007 6.882224
v 76.787503 -446.250335 6.459358
v 76.645151 -446.677574 6.207262
v 76.466868 -447.161859 6.213011
v 76.283329 -447.567851 6.473459
v 76.126630 -447.781449 6.916372
v 76.021591 -447.740740 7.420018
v 75.979015 -447.452794 7.846192
v 75.992763 -446.991749 8.077705
v 75.876015 -446.955210 8.022012
v 75.825936 -446.917825 7.903009
v 75.865961 -446.897088 7.776379
v 75.977360 -446.902701 7.701374
v 76.108009 -446.932038 7.713089
v 76.196776 -446.971372 7.806042
v 76.202125 -447.002299 7.936741
v 76.121555 -447.010346 8.044028
v 76.700557 -446.120481 6.656571
v 76.608725 -446.200195 6.712545
v 76.600460 -446.312802 6.785053
v 76.680956 -446.405233 6.839854
v 76.811169 -446.434473 6.851530
v 76.931275 -446.387087 6.814717
v 76.983987 -446.284460 6.746194
v 76.945605 -446.175507 6.678544
v 77.003467 -446.044604 7.180615
v 77.043283 -446.171713 7.186812
v 76.992206 -446.295052 7.185229
v 76.873162 -446.355892 7.176502
v 76.742948 -446.326653 7.164826
v 76.661391 -446.220767 7.155566
v 76.668021 -446.087447 7.153163
v 77.000750 -446.183307 7.683117
v 77.049507 -446.295158 7.627808
v 77.008630 -446.401091 7.556059
v 76.896213 -446.450624 7.501751
v 76.765999 -446.421384 7.490075
v 76.677815 -446.326806 7.526395
v 76.674245 -446.210893 7.594160
v 76.755702 -446.128282 7.661144
v 76.956242 -446.570518 8.029362
v 77.019119 -446.636313 7.931913
v 76.994352 -446.689703 7.812090
v 76.892399 -446.705104 7.726553
v 76.762185 -446.675865 7.714877
v 76.663537 -446.615418 7.782426
v 76.643857 -446.552047 7.898265
v 76.711194 -446.515493 8.007389
v 76.906309 -447.080583 8.128447
v 76.983979 -447.085095 8.019489
v 76.976088 -447.068573 7.886537
v 76.885097 -447.038560 7.792471
v 76.754883 -447.009320 7.780795
v 76.645272 -446.994288 7.856873
v 76.608717 -447.000830 7.985841
v 76.661260 -447.025558 8.106474
v 76.888438 -447.564154 7.936310
v 76.976927 -447.510667 7.851936
v 76.981379 -447.427979 7.747029
v 76.898406 -447.354984 7.671182
v 76.768193 -447.325744 7.659506
v 76.650564 -447.353694 7.717366
v 76.601665 -447.426401 7.818288
v 76.643390 -447.509128 7.914337
v 76.927245 -447.883181 7.524142
v 77.019529 -447.792087 7.491622
v 77.028310 -447.666498 7.445870
v 76.948150 -447.565633 7.408450
v 76.817937 -447.536394 7.396775
v 76.697495 -447.592213 7.416207
v 76.644267 -447.707822 7.457973
v 76.682197 -447.828155 7.502169
v 77.033747 -447.938280 7.017961
v 77.121437 -447.842290 7.048946
v 77.124976 -447.711114 7.075641
v 77.041411 -447.606621 7.085284
v 76.911197 -447.577381 7.073608
v 76.794161 -447.636829 7.045978
v 76.746175 -447.758024 7.015297
v 76.788699 -447.883254 6.995988
v 77.196554 -447.718351 6.572601
v 77.272670 -447.651550 6.659553
v 77.263007 -447.553673 6.750096
v 77.170866 -447.470811 6.801214
v 77.040652 -447.441572 6.789538
v 76.932192 -447.479388 6.720433
v 76.897408 -447.567284 6.625904
v 76.951505 -447.663325 6.550628
v 77.385899 -447.300896 6.325928
v 77.447153 -447.287764 6.444223
v 77.420536 -447.251114 6.570523
v 77.317380 -447.208025 6.644868
v 77.187167 -447.178786 6.633193
v 77.089721 -447.176830 6.540860
v 77.071892 -447.203499 6.410574
v 77.140850 -447.245870 6.303955
v 77.565727 -446.812198 6.363803
v 77.613299 -446.861565 6.478175
v 77.571072 -446.896214 6.600000
v 77.457777 -446.899442 6.671439
v 77.327564 -446.870202 6.659763
v 77.240257 -446.821930 6.570337
v 77.238037 -446.777300 6.444527
v 77.320679 -446.757172 6.341830
v 77.703426 -446.407252 6.661774
v 77.742538 -446.508738 6.739989
v 77.690658 -446.602845 6.820565
v 77.571092 -446.644697 6.865208
v 77.440879 -446.615457 6.853533
v 77.359843 -446.528561 6.790902
v 77.367276 -446.424472 6.706340
v 77.458378 -446.352226 6.639801
v 77.774695 -446.224271 7.144747
v 77.813578 -446.350366 7.163876
v 77.761438 -446.472549 7.177047
v 77.641704 -446.532639 7.177903
v 77.511490 -446.503399 7.166227
v 77.430623 -446.398264 7.147384
v 77.438316 -446.266101 7.130228
v 77.529647 -446.169245 7.122774
v 77.783176 -446.308071 7.659860
v 77.829612 -446.425713 7.615921
v 77.786089 -446.538252 7.557142
v 77.671953 -446.592077 7.511259
v 77.541739 -446.562837 7.499583
v 77.455274 -446.463967 7.527478
v 77.454350 -446.341448 7.582272
v 77.538127 -446.253046 7.637887
v 77.744385 -446.653154 8.047839
v 77.804234 -446.729960 7.956588
v 77.776011 -446.795913 7.843834
v 77.671814 -446.819476 7.762889
v 77.541600 -446.790236 7.751213
v 77.445196 -446.721629 7.814170
v 77.428972 -446.645695 7.922939
v 77.499337 -446.598128 8.025867
v 77.692544 -447.150229 8.200726
v 77.767422 -447.167363 8.091298
v 77.756346 -447.165241 7.957808
v 77.663286 -447.144581 7.863393
v 77.533073 -447.115341 7.851717
v 77.425531 -447.090956 7.928144
v 77.392160 -447.083098 8.057649
v 77.447496 -447.095203 8.178753
v 77.665429 -447.651982 8.066149
v 77.752272 -447.608863 7.974172
v 77.754846 -447.538004 7.860589
v 77.670653 -447.472693 7.779106
v 77.540439 -447.443454 7.767430
v 77.424031 -447.463720 7.830926
v 77.377010 -447.524598 7.940523
v 77.420381 -447.596956 8.044177
v 77.692002 -448.011904 7.688016
v 77.784156 -447.926111 7.643674
v 77.792788 -447.806568 7.584434
v 77.712532 -447.709632 7.538253
v 77.582318 -447.680392 7.526577
v 77.461973 -447.732283 7.554771
v 77.408894 -447.841846 7.610025
v 77.446953 -447.956879 7.666044
v 77.784593 -448.126205 7.188721
v 77.873876 -448.028178 7.207030
v 77.879234 -447.894679 7.219265
v 77.796850 -447.788676 7.219513
v 77.666636 -447.759437 7.207837
v 77.548419 -447.820394 7.189601
v 77.498614 -447.943913 7.173382
v 77.539545 -448.071179 7.166749
v 77.938477 -447.955370 6.719922
v 78.017293 -447.880448 6.797103
v 78.010710 -447.773306 6.876499
v 77.920569 -447.684426 6.920376
v 77.790355 -447.655186 6.908700
v 77.679895 -447.699021 6.846836
v 77.642031 -447.796182 6.763454
v 77.693428 -447.900344 6.697949
v 78.125149 -447.570011 6.422677
v 78.189435 -447.544780 6.537468
v 78.166275 -447.494328 6.659771
v 78.065366 -447.442273 6.731520
v 77.935152 -447.413033 6.719845
v 77.835460 -447.420043 6.630108
v 77.814173 -447.460515 6.503820
v 77.880101 -447.514986 6.400704
v 78.309741 -447.082753 6.403820
v 78.359754 -447.119842 6.521720
v 78.320311 -447.140486 6.647569
v 78.208825 -447.134615 6.721622
v 78.078611 -447.105375 6.709946
v 77.989496 -447.066201 6.617906
v 77.984492 -447.035577 6.488071
v 78.064693 -447.027727 6.381848
v 78.458275 -446.648977 6.653164
v 78.498484 -446.741759 6.740933
v 78.447857 -446.825936 6.832408
v 78.329105 -446.861337 6.884132
v 78.198891 -446.832098 6.872456
v 78.117041 -446.751651 6.802745
v 78.123222 -446.657493 6.707284
v 78.213226 -446.593952 6.631191
v 78.543471 -446.414344 7.110156
v 78.581726 -446.538136 7.142059
v 78.528870 -446.657692 7.169803
v 78.408669 -446.716075 7.180126
v 78.278456 -446.686835 7.168450
v 78.198054 -446.583407 7.140139
v 78.206464 -446.453871 7.108411
v 78.298423 -446.359318 7.088183
v 78.563489 -446.444269 7.631526
v 78.607867 -446.566285 7.599585
v 78.561996 -446.683814 7.554494
v 78.446334 -446.740880 7.517503
v 78.316121 -446.711641 7.505828
v 78.231181 -446.609529 7.524831
v 78.232605 -446.482020 7.565936
v 78.318440 -446.389244 7.609553
v 78.532005 -446.741813 8.057066
v 78.588890 -446.828885 7.973158
v 78.557287 -446.906550 7.868782
v 78.450893 -446.937720 7.793279
v 78.320679 -446.908480 7.781603
v 78.226472 -446.832265 7.839118
v 78.213628 -446.744620 7.939509
v 78.286957 -446.686787 8.035094
v 78.479767 -447.220175 8.261246
v 78.551731 -447.249894 8.152804
v 78.537329 -447.262128 8.020439
v 78.442110 -447.250795 7.926756
v 78.311896 -447.221556 7.915080
v 78.206514 -447.187844 7.990776
v 78.176469 -447.165628 8.119155
v 78.234719 -447.165149 8.239273
v 78.444606 -447.734008 8.186153
v 78.529531 -447.701977 8.087789
v 78.529918 -447.643767 7.966922
v 78.444304 -447.586673 7.880707
v 78.314091 -447.557434 7.869031
v 78.199103 -447.569483 7.937259
v 78.154270 -447.617712 8.054141
v 78.199558 -447.678982 8.164180
v 78.459375 -448.130884 7.847112
v 78.551075 -448.051599 7.791539
v 78.559189 -447.939480 7.719488
v 78.478596 -447.847367 7.664984
v 78.348382 -447.818127 7.653308
v 78.228374 -447.865195 7.689824
v 78.175813 -447.967333 7.757890
v 78.214327 -448.075858 7.825139
v 78.538004 -448.302050 7.361116
v 78.628564 -448.203484 7.366546
v 78.635377 -448.069369 7.364088
v 78.553939 -447.962966 7.354792
v 78.423725 -447.933727 7.343117
v 78.304562 -447.995084 7.334425
v 78.253302 -448.119218 7.332898
v 78.292956 -448.247024 7.339143
v 78.681674 -448.184029 6.873972
v 78.763032 -448.102022 6.940548
v 78.759349 -447.986797 7.007846
v 78.671092 -447.892667 7.043863
v 78.540878 -447.863427 7.032187
v 78.428533 -447.912513 6.978182
v 78.387770 -448.017756 6.906899
v 78.436625 -448.129003 6.851999
v 78.864266 -447.834744 6.531898
v 78.931599 -447.797957 6.641640
v 78.911916 -447.734321 6.758182
v 78.813265 -447.673703 6.826190
v 78.683051 -447.644463 6.814514
v 78.581101 -447.660037 6.728519
v 78.556337 -447.713692 6.607991
v 78.619217 -447.779718 6.509925
v 79.052353 -447.355375 6.454306
v 79.104980 -447.379930 6.574435
v 79.068520 -447.386275 6.702829
v 78.958971 -447.371116 6.778534
v 78.828757 -447.341876 6.766858
v 78.737705 -447.311990 6.673166
v 78.729718 -447.295665 6.540787
v 78.807304 -447.300349 6.432333
v 79.210430 -446.898983 6.653846
v 79.252071 -446.982033 6.750018
v 79.203077 -447.055110 6.851079
v 79.085386 -447.083300 6.909029
v 78.955172 -447.054060 6.897354
v 78.872262 -446.980825 6.821416
v 78.876809 -446.897768 6.716369
v 78.965382 -446.843957 6.631874
v 79.309678 -446.614831 7.078139
v 79.347623 -446.735030 7.122498
v 79.294413 -446.850486 7.164450
v 79.173984 -446.906206 7.184003
v 79.043770 -446.876966 7.172327
v 78.963598 -446.776201 7.134787
v 78.972361 -446.650765 7.088849
v 79.064630 -446.559805 7.056166
v 79.341672 -446.591474 7.599378
v 79.384256 -446.716500 7.579909
v 79.336339 -446.837462 7.549045
v 79.219347 -446.896759 7.521297
v 79.089134 -446.867520 7.509621
v 79.005524 -446.763178 7.519382
v 79.008995 -446.632234 7.546260
v 79.096624 -446.536448 7.577405
v 79.318798 -446.837745 8.057303
v 79.372822 -446.934182 7.981853
v 79.337954 -447.022529 7.887125
v 79.229440 -447.060639 7.817890
v 79.099227 -447.031399 7.806214
v 79.007139 -446.948244 7.857461
v 78.997560 -446.849916 7.948204
v 79.073750 -446.782720 8.035330
v 79.267672 -447.291507 8.310685
v 79.336637 -447.333639 8.204603
v 79.318814 -447.360035 8.074930
v 79.221372 -447.357901 7.982996
v 79.091159 -447.328661 7.971320
v 78.987999 -447.285750 8.045267
v 78.961375 -447.249373 8.170954
v 79.022624 -447.236481 8.288712
v 79.225949 -447.810793 8.295115
v 79.308689 -447.790499 8.191735
v 79.306582 -447.745680 8.065144
v 79.219349 -447.697284 7.975211
v 79.089135 -447.668044 7.963535
v 78.975767 -447.671395 8.035480
v 78.933427 -447.706234 8.158086
v 78.980901 -447.755767 8.273143
v 79.229245 -448.241023 8.000496
v 79.320181 -448.169341 7.934401
v 79.327424 -448.065897 7.850345
v 79.246265 -447.979419 7.788043
v 79.116051 -447.950179 7.776367
v 78.996609 -447.991612 7.820682
v 78.944919 -448.085076 7.900752
v 78.984197 -448.185997 7.978524
v 79.294294 -448.465008 7.533684
v 79.385773 -448.367499 7.526214
v 79.393635 -448.234590 7.509040
v 79.312878 -448.128972 7.490184
v 79.182664 -448.099732 7.478508
v 79.062820 -448.160305 7.479376
v 79.010511 -448.283233 7.492566
v 79.049246 -448.409982 7.511712
v 79.426392 -448.403658 7.033666
v 79.510104 -448.315685 7.088937
v 79.509105 -448.193654 7.143339
v 79.422592 -448.095102 7.170979
v 79.292378 -448.065863 7.159303
v 79.178290 -448.119370 7.113675
v 79.134842 -448.231419 7.055289
v 79.181344 -448.348633 7.011693
v 79.603730 -448.093433 6.652373
v 79.674068 -448.045839 6.755671
v 79.657812 -447.969875 6.864862
v 79.561388 -447.901247 6.928094
v 79.431174 -447.872007 6.916418
v 79.326997 -447.895590 6.835199
v 79.298806 -447.961574 6.722022
v 79.358682 -448.038407 6.630400
v 79.793791 -447.628862 6.515705
v 79.849178 -447.640777 6.636712
v 79.815867 -447.632701 6.766107
v 79.708363 -447.608173 6.842462
v 79.578150 -447.578934 6.830786
v 79.485052 -447.558416 6.736443
v 79.473917 -447.556511 6.603063
v 79.548743 -447.573836 6.493732
v 79.960185 -447.155959 6.663843
v 80.003555 -447.228415 6.767263
v 79.956534 -447.289405 6.876592
v 79.840124 -447.309744 6.939914
v 79.709911 -447.280504 6.928238
v 79.625719 -447.215121 6.846929
v 79.628293 -447.144150 6.733614
v 79.715137 -447.100934 6.641870
v 80.073170 -446.825867 7.049993
v 80.111141 -446.941165 7.106326
v 80.057962 -447.051030 7.161940
v 79.937552 -447.103118 7.190368
v 79.807338 -447.073878 7.178692
v 79.727147 -446.976745 7.132277
v 79.735879 -446.856900 7.072678
v 79.828121 -446.770842 7.028020
v 80.117679 -446.749383 7.564699
v 80.158739 -446.876092 7.558014
v 80.109082 -446.998975 7.541736
v 79.990961 -447.059519 7.523462
v 79.860747 -447.030280 7.511786
v 79.778267 -446.924690 7.512072
v 79.783477 -446.791827 7.524365
v 79.872631 -446.694357 7.542726
v 80.104463 -446.942237 8.048683
v 80.155765 -447.046977 7.982788
v 80.117794 -447.144797 7.898961
v 80.007263 -447.189060 7.836807
v 79.877049 -447.159821 7.825131
v 79.786978 -447.070512 7.869297
v 79.780503 -446.962711 7.949139
v 79.859415 -446.887211 8.026711
v 80.055954 -447.365364 8.349601
v 80.121873 -447.419596 8.247183
v 80.100576 -447.459796 8.121691
v 80.000877 -447.466629 8.032471
v 79.870663 -447.437389 8.020795
v 79.769761 -447.385511 8.092027
v 79.746611 -447.335330 8.213535
v 79.810906 -447.310338 8.327628
v 80.009344 -447.883364 8.391750
v 80.089644 -447.875330 8.284880
v 80.084753 -447.844496 8.154308
v 79.995712 -447.805185 8.061789
v 79.865498 -447.775946 8.050113
v 79.753938 -447.770211 8.124645
v 79.714382 -447.791065 8.251231
v 79.764296 -447.828338 8.369777
v 80.001451 -448.341779 8.148440
v 80.091303 -448.278857 8.072494
v 80.097310 -448.185406 7.977200
v 80.015348 -448.105419 7.907597
v 79.885134 -448.076179 7.895921
v 79.766495 -448.111121 7.947536
v 79.716041 -448.194591 8.038845
v 79.756403 -448.286753 8.126468
v 80.053525 -448.615630 7.704339
v 80.145559 -448.520707 7.684206
v 80.154053 -448.390749 7.652585
v 80.073707 -448.287048 7.624345
v 79.943494 -448.257808 7.612669
v 79.823238 -448.316465 7.622922
v 79.770297 -448.436442 7.650557
v 79.808477 -448.560604 7.682366
v 80.172897 -448.613481 7.197993
v 80.258741 -448.520757 7.241385
v 80.260174 -448.393307 7.282235
v 80.175241 -448.291234 7.301072
v 80.045027 -448.261995 7.289396
v 79.929359 -448.319022 7.252572
v 79.883479 -448.436492 7.207737
v 79.927849 -448.558456 7.176020
v 80.343751 -448.345650 6.782840
v 80.417025 -448.288051 6.878456
v 80.404118 -448.200673 6.978883
v 80.309869 -448.124632 7.036421
v 80.179656 -448.095392 7.024745
v 80.073303 -448.126389 6.949219
v 80.041763 -448.203786 6.844807
v 80.098703 -448.290624 6.760867
v 80.534267 -447.902053 6.588587
v 80.592533 -447.901363 6.709049
v 80.562506 -447.878908 6.837821
v 80.457136 -447.845040 6.913772
v 80.326922 -447.815801 6.902096
v 80.231691 -447.804624 6.808158
v 80.217271 -447.817098 6.675400
v 80.289218 -447.847027 6.566615
v 80.707815 -447.418626 6.683296
v 80.753177 -447.479782 6.792791
v 80.708429 -447.527881 6.909053
v 80.593496 -447.539846 6.976877
v 80.463283 -447.510606 6.965202
v 80.377614 -447.453596 6.879390
v 80.377915 -447.395517 6.759142
v 80.462767 -447.363600 6.661323
v 80.833770 -447.047717 7.027004
v 80.872127 -447.156774 7.094674
v 80.819387 -447.259518 7.163220
v 80.699262 -447.306981 7.200049
v 80.569048 -447.277741 7.188373
v 80.488571 -447.185234 7.133557
v 80.496865 -447.072508 7.061025
v 80.588722 -446.992691 7.005032
v 80.891433 -446.917822 7.528778
v 80.931247 -447.044909 7.535032
v 80.880170 -447.168224 7.533514
v 80.761126 -447.229048 7.524829
v 80.630913 -447.199808 7.513153
v 80.549355 -447.093939 7.503851
v 80.555985 -446.960644 7.501383
v 80.646384 -446.862796 7.506805
v 80.888623 -447.056776 8.031686
v 80.937390 -447.168575 7.976384
v 80.896527 -447.274447 7.904642
v 80.784117 -447.323941 7.850339
v 80.653904 -447.294701 7.838664
v 80.565712 -447.200162 7.874979
v 80.562128 -447.084309 7.942736
v 80.643574 -447.001751 8.009713
v 80.844307 -447.442932 8.378430
v 80.907171 -447.508804 8.280926
v 80.882389 -447.562284 8.161040
v 80.780427 -447.577743 8.075462
v 80.650213 -447.548503 8.063786
v 80.551574 -447.487999 8.131376
v 80.531909 -447.424539 8.247278
v 80.599258 -447.387906 8.356457
v 80.794336 -447.953855 8.475786
v 80.871998 -447.958338 8.366988
v 80.864098 -447.941784 8.234216
v 80.773101 -447.911750 8.140269
v 80.642887 -447.882511 8.128593
v 80.533282 -447.867500 8.204553
v 80.496736 -447.874073 8.333339
v 80.549288 -447.898829 8.453813
v 80.776148 -448.437902 8.285988
v 80.864669 -448.384327 8.201484
v 80.869156 -448.301540 8.096428
v 80.786207 -448.228480 8.020484
v 80.655993 -448.199241 8.008808
v 80.538341 -448.227255 8.066765
v 80.489407 -448.300062 8.167836
v 80.531100 -448.382876 8.264016
v 80.815541 -448.754961 7.872220
v 80.907784 -448.664024 7.839768
v 80.916518 -448.538613 7.794093
v 80.836327 -448.437865 7.756723
v 80.706113 -448.408625 7.745047
v 80.585703 -448.464328 7.764430
v 80.532522 -448.579759 7.806119
v 80.570492 -448.699935 7.850247
v 80.921470 -448.812619 7.366023
v 81.009189 -448.716469 7.397077
v 81.012762 -448.585110 7.423852
v 80.929219 -448.480498 7.433546
v 80.799005 -448.451258 7.421870
v 80.681947 -448.510825 7.394189
v 80.633927 -448.632203 7.363428
v 80.676422 -448.757593 7.344050
v 81.084553 -448.590878 6.922107
v 81.160666 -448.524141 7.008950
v 81.150997 -448.426337 7.099369
v 81.058852 -448.343523 7.150405
v 80.928638 -448.314284 7.138730
v 80.820182 -448.352053 7.069705
v 80.785404 -448.439876 6.975301
v 80.839505 -448.535852 6.900135
v 81.273967 -448.173832 6.673645
v 81.335209 -448.160714 6.792052
v 81.308576 -448.124079 6.918480
v 81.205411 -448.081000 6.992909
v 81.075197 -448.051761 6.981233
v 80.977761 -448.049794 6.888817
v 80.959947 -448.076448 6.758403
v 81.028919 -448.118806 6.651672
v 81.453576 -447.685732 6.712473
v 81.501162 -447.735038 6.826839
v 81.458951 -447.769618 6.948658
v 81.345667 -447.772801 7.020092
v 81.215453 -447.743561 7.008416
v 81.128136 -447.695333 6.918994
v 81.125900 -447.650772 6.793190
v 81.208528 -447.630706 6.690500
v 81.591325 -447.280445 7.010737
v 81.630445 -447.381912 7.088909
v 81.578574 -447.475999 7.169438
v 81.459014 -447.517837 7.214050
v 81.328801 -447.488598 7.202374
v 81.247759 -447.401714 7.139774
v 81.255183 -447.297647 7.055261
v 81.346277 -447.225420 6.988764
v 81.662827 -447.096744 7.492911
v 81.701689 -447.222910 7.512097
v 81.649525 -447.345174 7.525333
v 81.529775 -447.405316 7.526231
v 81.399562 -447.376077 7.514556
v 81.318710 -447.270889 7.495670
v 81.326427 -447.138645 7.478449
v 81.417779 -447.041718 7.470938
v 81.670880 -447.182354 8.008269
v 81.717348 -447.299842 7.964357
v 81.673862 -447.412206 7.905608
v 81.559749 -447.465917 7.859745
v 81.429535 -447.436678 7.848069
v 81.343047 -447.337922 7.875944
v 81.342086 -447.215577 7.930708
v 81.425831 -447.127328 7.986297
v 81.632427 -447.525438 8.397482
v 81.692266 -447.602338 8.306104
v 81.664033 -447.668399 8.193206
v 81.559828 -447.692031 8.112168
v 81.429614 -447.662792 8.100492
v 81.333217 -447.594114 8.163543
v 81.317004 -447.518073 8.272456
v 81.387379 -447.470412 8.375510
v 81.580606 -448.023400 8.547933
v 81.655472 -448.040518 8.438680
v 81.644381 -448.038378 8.305390
v 81.551313 -448.017707 8.211106
v 81.421099 -447.988467 8.199430
v 81.313566 -447.964093 8.275727
v 81.280210 -447.956253 8.405031
v 81.335558 -447.968374 8.525960
v 81.553091 -448.525943 8.415839
v 81.639971 -448.482711 8.323729
v 81.642587 -448.411722 8.209995
v 81.558422 -448.346327 8.128415
v 81.428209 -448.317087 8.116739
v 81.311772 -448.337437 8.180332
v 81.264709 -448.398446 8.290080
v 81.308043 -448.470917 8.393866
v 81.580208 -448.883950 8.036422
v 81.672332 -448.798281 7.992107
v 81.680930 -448.678879 7.932898
v 81.600652 -448.582034 7.886737
v 81.470438 -448.552795 7.875061
v 81.350115 -448.604594 7.903235
v 81.297070 -448.714016 7.958458
v 81.335160 -448.828925 8.014450
v 81.672405 -449.000095 7.536911
v 81.761707 -448.901963 7.555273
v 81.767086 -448.768344 7.567569
v 81.684716 -448.662264 7.567857
v 81.554502 -448.633025 7.556181
v 81.436271 -448.694059 7.537906
v 81.386445 -448.817698 7.521625
v 81.427356 -448.945069 7.514938
v 81.826377 -448.828489 7.069055
v 81.905201 -448.753558 7.146173
v 81.898627 -448.646406 7.225497
v 81.808492 -448.557519 7.269327
v 81.678278 -448.528279 7.257651
v 81.567812 -448.572121 7.195834
v 81.529939 -448.669292 7.112524
v 81.581329 -448.773464 7.047082
v 82.013146 -448.442823 6.771510
v 82.077427 -448.417621 6.886276
v 82.054262 -448.367201 7.008549
v 81.953350 -448.315167 7.080279
v 81.823137 -448.285928 7.068603
v 81.723447 -448.292916 6.978886
v 81.702165 -448.333355 6.852627
v 81.768097 -448.387797 6.749538
v 82.197706 -447.956060 6.751768
v 82.247718 -447.993117 6.869751
v 82.208275 -448.013723 6.995696
v 82.096789 -448.007828 7.069811
v 81.966575 -447.978588 7.058135
v 81.877460 -447.939438 6.966033
v 81.872457 -447.908851 6.836103
v 81.952657 -447.901034 6.729795
v 82.346012 -447.522585 7.002890
v 82.386249 -447.615297 7.090522
v 82.335654 -447.699394 7.181842
v 82.216923 -447.734744 7.233464
v 82.086709 -447.705504 7.221788
v 82.004839 -447.625110 7.152178
v 82.010987 -447.531031 7.056873
v 82.100964 -447.467559 6.980917
v 82.431729 -447.286232 7.458390
v 82.469947 -447.410168 7.490341
v 82.417049 -447.529887 7.518140
v 82.296822 -447.588376 7.528498
v 82.166608 -447.559136 7.516823
v 82.086234 -447.455602 7.488476
v 82.094685 -447.325902 7.456693
v 82.186681 -447.231206 7.436417
v 82.451178 -447.318673 7.979791
v 82.495591 -447.440521 7.947894
v 82.449759 -447.557857 7.902854
v 82.334122 -447.614799 7.865896
v 82.203908 -447.585559 7.854220
v 82.118944 -447.483573 7.873191
v 82.120329 -447.356255 7.914246
v 82.206130 -447.263647 7.957818
v 82.420016 -447.614143 8.406942
v 82.476895 -447.701303 8.322878
v 82.445285 -447.779069 8.218325
v 82.338887 -447.810305 8.142707
v 82.208673 -447.781065 8.131031
v 82.114470 -447.704784 8.188661
v 82.101633 -447.617038 8.289230
v 82.174968 -447.559117 8.384969
v 82.367846 -448.093127 8.608803
v 82.439795 -448.122857 8.500493
v 82.425378 -448.135105 8.368279
v 82.330148 -448.123780 8.274694
v 82.199934 -448.094541 8.263018
v 82.094563 -448.060820 8.338616
v 82.064534 -448.038592 8.466845
v 82.122798 -448.038101 8.586830
v 82.332352 -448.607740 8.535473
v 82.417304 -448.575624 8.437023
v 82.417721 -448.517317 8.316057
v 82.332128 -448.460159 8.229778
v 82.201914 -448.430920 8.218102
v 82.086906 -448.443032 8.286394
v 82.042042 -448.491359 8.403375
v 82.087304 -448.552714 8.513500
v 82.347425 -449.003449 8.195960
v 82.439114 -448.924223 8.140359
v 82.447216 -448.812172 8.068276
v 82.366615 -448.720103 8.013751
v 82.236401 -448.690863 8.002076
v 82.116401 -448.737887 8.038613
v 82.063852 -448.839957 8.106710
v 82.102377 -448.948423 8.173987
v 82.426026 -449.174887 7.709600
v 82.516578 -449.076346 7.715047
v 82.523383 -448.942260 7.712609
v 82.441939 -448.835877 7.703326
v 82.311726 -448.806638 7.691650
v 82.192568 -448.867976 7.682946
v 82.141316 -448.992081 7.681398
v 82.180978 -449.119861 7.687627
v 82.569480 -449.057752 7.222640
v 82.650858 -448.975661 7.289210
v 82.647197 -448.860340 7.356502
v 82.558954 -448.766147 7.392515
v 82.428740 -448.736908 7.380839
v 82.316381 -448.786056 7.326838
v 82.275596 -448.891395 7.255562
v 82.324432 -449.002726 7.200667
v 82.752335 -448.706954 6.881422
v 82.819655 -448.670271 6.991052
v 82.799957 -448.606753 7.107467
v 82.701297 -448.546211 7.175392
v 82.571083 -448.516971 7.163716
v 82.469142 -448.532468 7.077804
v 82.444393 -448.586005 6.957403
v 82.507287 -448.651928 6.859449
v 82.940422 -448.228437 6.801698
v 82.993036 -448.252990 6.921980
v 82.956561 -448.259333 7.050548
v 82.847002 -448.244172 7.126366
v 82.716789 -448.214932 7.114690
v 82.625746 -448.185048 7.020884
v 82.617774 -448.168725 6.888332
v 82.695374 -448.173411 6.779725
v 83.098118 -447.772772 7.003668
v 83.139793 -447.855730 7.099691
v 83.090838 -447.928702 7.200583
v 82.973172 -447.956823 7.258423
v 82.842959 -447.927584 7.246747
v 82.760023 -447.854417 7.170919
v 82.764531 -447.771465 7.066042
v 82.853070 -447.717746 6.981695
v 83.197975 -447.486494 7.426495
v 83.235879 -447.606864 7.470887
v 83.182622 -447.722516 7.512877
v 83.062161 -447.778362 7.532454
v 82.931948 -447.749123 7.520778
v 82.851807 -447.648231 7.483213
v 82.860617 -447.522599 7.437238
v 82.952927 -447.431468 7.404522
v 83.229454 -447.465506 7.947549
v 83.272061 -447.590409 7.928135
v 83.224169 -447.711232 7.897336
v 83.107194 -447.770438 7.869629
v 82.976980 -447.741199 7.857953
v 82.893354 -447.636947 7.867672
v 82.896799 -447.506144 7.894487
v 82.984406 -447.410480 7.925576
v 83.206779 -447.710335 8.406863
v 83.260800 -447.806828 8.331297
v 83.225931 -447.895240 8.236436
v 83.117415 -447.933391 8.167115
v 82.987201 -447.904152 8.155439
v 82.895115 -447.820955 8.206773
v 82.885538 -447.722563 8.297648
v 82.961730 -447.655309 8.384891
v 83.155750 -448.164208 8.658885
v 83.224700 -448.206382 8.552856
v 83.206862 -448.232827 8.423243
v 83.109409 -448.230724 8.331347
v 82.979195 -448.201485 8.319671
v 82.876046 -448.158542 8.393580
v 82.849438 -448.122117 8.519207
v 82.910702 -448.109182 8.636912
v 83.113912 -448.683912 8.643551
v 83.196652 -448.663609 8.540193
v 83.194545 -448.618779 8.413629
v 83.107312 -448.570376 8.323713
v 82.977098 -448.541136 8.312037
v 82.863730 -448.544494 8.383966
v 82.821390 -448.579344 8.506545
v 82.868864 -448.628886 8.621578
v 83.117119 -449.114203 8.349771
v 83.208066 -449.042505 8.283595
v 83.215322 -448.939041 8.199447
v 83.134170 -448.852550 8.137085
v 83.003957 -448.823311 8.125409
v 82.884507 -448.864757 8.169784
v 82.832804 -448.958240 8.249946
v 82.872071 -449.059178 8.327798
v 83.182540 -449.336987 7.881819
v 83.273983 -449.239610 7.874409
v 83.281805 -449.106852 7.857304
v 83.201022 -449.001332 7.838493
v 83.070809 -448.972092 7.826817
v 82.950990 -449.032568 7.827640
v 82.898721 -449.155345 7.840761
v 82.937492 -449.281962 7.859846
v 83.314136 -449.277833 7.381902
v 83.397875 -449.189719 7.437221
v 83.396907 -449.067529 7.491677
v 83.310414 -448.968873 7.519353
v 83.180200 -448.939634 7.507677
v 83.066092 -448.993244 7.462014
v 83.022613 -449.105454 7.403572
v 83.069088 -449.222807 7.359929
v 83.491792 -448.965586 7.002126
v 83.562117 -448.918102 7.105284
v 83.545848 -448.842264 7.214315
v 83.449415 -448.773719 7.277443
v 83.319201 -448.744479 7.265767
v 83.215033 -448.767979 7.184652
v 83.186855 -448.833837 7.071635
v 83.246743 -448.910560 6.980153
v 83.681920 -448.501737 6.862899
v 83.737287 -448.513673 6.984084
v 83.703952 -448.505620 7.113680
v 83.596433 -448.481109 7.190167
v 83.466219 -448.451869 7.178491
v 83.373137 -448.431336 7.084017
v 83.362025 -448.429407 6.950435
v 83.436872 -448.446711 6.840926
v 83.847911 -448.029731 7.013291
v 83.891310 -448.102097 7.116609
v 83.844322 -448.162984 7.225822
v 83.727935 -448.183256 7.289068
v 83.597721 -448.154016 7.277392
v 83.513507 -448.088699 7.196158
v 83.516048 -448.017831 7.082960
v 83.602863 -447.974705 6.991319
v 83.961378 -447.697869 7.398491
v 83.999319 -447.813296 7.454841
v 83.946105 -447.923308 7.510472
v 83.825672 -447.975492 7.538911
v 83.695459 -447.946252 7.527235
v 83.615290 -447.849023 7.480809
v 83.624057 -447.729031 7.421192
v 83.716330 -447.642843 7.376519
v 84.005612 -447.622751 7.912844
v 84.046676 -447.749420 7.906219
v 83.997023 -447.872257 7.890008
v 83.878905 -447.932772 7.871778
v 83.748691 -447.903532 7.860102
v 83.666208 -447.797973 7.860344
v 83.671414 -447.665155 7.872570
v 83.760564 -447.567725 7.890871
v 83.992390 -447.815426 8.397347
v 84.043697 -447.920148 8.331447
v 84.005730 -448.017948 8.247614
v 83.895202 -448.062198 8.185456
v 83.764989 -448.032958 8.173780
v 83.674915 -447.943663 8.217950
v 83.668435 -447.835882 8.297798
v 83.747341 -447.760400 8.375374
v 83.943880 -448.237464 8.701001
v 84.009803 -448.291813 8.598239
v 83.988511 -448.332147 8.472354
v 83.888816 -448.339067 8.382879
v 83.758602 -448.309827 8.371203
v 83.657696 -448.257862 8.442690
v 83.634541 -448.207548 8.564590
v 83.698831 -448.182438 8.679028
v 76.575013 -446.489919 6.311960
v 76.490136 -446.521915 6.409871
v 76.489805 -446.580084 6.530223
v 76.575454 -446.637152 6.616103
v 76.705668 -446.666392 6.627779
v 76.820620 -446.654369 6.559886
v 76.865398 -446.606180 6.443520
v 76.820061 -446.544945 6.333933
v 76.401110 -446.974063 6.219406
v 76.329181 -446.944124 6.328017
v 76.343622 -446.931638 6.460574
v 76.438866 -446.942808 6.554383
v 76.569080 -446.972048 6.566059
v 76.674437 -447.005923 6.490237
v 76.704443 -447.028390 6.361665
v 76.646159 -447.029089 6.241379
v 76.210627 -447.418507 6.411192
v 76.153700 -447.331554 6.495262
v 76.185256 -447.254025 6.599823
v 76.291620 -447.222943 6.675445
v 76.421833 -447.252183 6.687121
v 76.516072 -447.328310 6.629486
v 76.528962 -447.415819 6.528910
v 76.455675 -447.473532 6.433164
v 76.040130 -447.684177 6.827768
v 75.995730 -447.562366 6.859438
v 76.041575 -447.445072 6.904221
v 76.157221 -447.388157 6.941012
v 76.287435 -447.417397 6.952687
v 76.372391 -447.519356 6.933885
v 76.370992 -447.646632 6.893087
v 76.285178 -447.739203 6.849741
v 75.920205 -447.688691 7.334361
v 75.882063 -447.564389 7.302476
v 75.935048 -447.444251 7.274753
v 76.055332 -447.385491 7.264443
v 76.185546 -447.414730 7.276119
v 76.265863 -447.518536 7.304416
v 76.257325 -447.648654 7.336125
v 76.165253 -447.743717 7.356334
v 75.868631 -447.414834 7.775791
v 75.828276 -447.322540 7.688426
v 75.878737 -447.238918 7.597410
v 75.997381 -447.203878 7.545986
v 76.127595 -447.233117 7.557662
v 76.209552 -447.313202 7.627074
v 76.203538 -447.406805 7.722074
v 76.113679 -447.469860 7.797764
v 90.000001 -445.000007 11.500000
v 90.000001 -444.500007 12.000000
v 75.000001 -444.500007 12.000000
v 75.000001 -445.000007 11.500000
v 75.000001 -445.000007 8.000000
v 90.000001 -445.000007 8.000000
v 75.485875 -445.000007 10.221928
v 75.629069 -445.000007 10.802888
v 76.025847 -445.000007 11.250758
v 76.585312 -445.000007 11.462935
v 77.179297 -445.000007 11.390812
v 77.671727 -445.000007 11.050912
v 77.949793 -445.000007 10.521102
v 77.949793 -445.000007 9.922754
v 77.671727 -445.000007 9.392943
v 77.179297 -445.000007 9.053043
v 76.585312 -445.000007 8.980921
v 76.025847 -445.000007 9.193097
v 75.629069 -445.000007 9.640967
v 75.000001 -435.876901 6.000000
v 75.000001 -436.029797 7.112401
v 75.000001 -436.477145 8.142300
v 75.000001 -437.185768 9.013314
v 75.000001 -438.103110 9.660845
v 75.000001 -439.161136 10.036867
v 75.000001 -440.281377 10.113494
v 75.000001 -441.380751 9.885041
v 75.000001 -442.377720 9.368453
v 75.000001 -443.198346 8.602042
v 75.000001 -443.781766 7.642650
v 75.000001 -444.084709 6.561430
v 75.000001 -444.084709 5.438571
v 75.000001 -443.781766 4.357350
v 75.000001 -443.198346 3.397958
v 75.000001 -442.377720 2.631547
v 75.000001 -441.380751 2.114959
v 75.000001 -440.281377 1.886506
v 75.000001 -439.161136 1.963133
v 75.000001 -438.103110 2.339155
v 75.000001 -437.185768 2.986686
v 75.000001 -436.477145 3.857701
v 75.000001 -436.029797 4.887599
v 75.000001 -435.500006 12.000000
v 75.000001 -435.250006 11.933013
v 75.000001 -435.066994 11.750000
v 75.000001 -434.000006 8.000000
v 75.000001 -434.000006 3.500000
v 75.000001 -434.066994 3.250000
v 75.000001 -434.250006 3.066987
v 75.000001 -434.500006 3.000000
v 75.000001 -435.000006 3.000000
v 75.000001 -435.000006 1.000000
v 75.000001 -445.000007 1.000000
v 75.000001 -445.000007 3.000000
v 75.000001 -446.000007 3.000000
v 75.000001 -446.000007 7.500000
v 75.000001 -445.933019 7.750000
v 75.000001 -445.750007 7.933013
v 75.000001 -445.500007 8.000000
v 76.000001 -445.000007 0.000000
v 76.000001 -435.000006 0.000000
v 91.000001 -445.000007 0.000000
v 91.000001 -445.000007 6.000000
v 90.000001 -445.000007 6.000000
v 90.000001 -445.000007 3.000000
v 91.000001 -435.000006 0.000000
v 91.000001 -439.000007 0.000000
v 90.000001 -439.000007 0.000000
v 90.000001 -441.000007 0.000000
v 91.000001 -441.000007 0.000000
v 90.000001 -446.000007 7.500000
v 90.000001 -445.933019 7.750000
v 90.000001 -445.750007 7.933013
v 90.000001 -445.500007 8.000000
v 80.000001 -445.750007 7.933013
v 85.000001 -445.750007 7.933013
v 80.000001 -445.933019 7.750000
v 85.000001 -445.933019 7.750000
v 90.000001 -446.000007 3.000000
v 90.000001 -434.000006 3.500000
v 90.000001 -434.066994 3.250000
v 90.000001 -434.250006 3.066987
v 90.000001 -434.500006 3.000000
v 80.000001 -434.250006 3.066987
v 85.000001 -434.250006 3.066987
v 80.000001 -434.066994 3.250000
v 85.000001 -434.066994 3.250000
v 90.000001 -434.000006 8.000000
v 90.000001 -435.500006 12.000000
v 90.000001 -435.250006 11.933013
v 90.000001 -435.066994 11.750000
v 80.000001 -435.066994 11.750000
v 85.000001 -435.066994 11.750000
v 80.000001 -435.250006 11.933013
v 85.000001 -435.250006 11.933013
v 91.000001 -439.000007 3.282449
v 90.000001 -439.000007 3.282449
v 91.000001 -441.000007 3.282449
v 90.000001 -441.000007 3.282449
v 90.000001 -439.660448 3.124277
v 90.000001 -440.339565 3.124277
v 91.000001 -438.231131 3.707367
v 91.000001 -437.625055 4.343289
v 91.000001 -437.237559 5.131687
v 91.000001 -437.104305 6.000000
v 90.000001 -437.104305 6.000000
v 90.000001 -437.246031 6.894821
v 90.000001 -437.657335 7.702051
v 90.000001 -438.297956 8.342672
v 90.000001 -439.105186 8.753976
v 90.000001 -440.000007 8.895701
v 90.000001 -440.894827 8.753976
v 90.000001 -441.702057 8.342672
v 90.000001 -442.342678 7.702050
v 90.000001 -442.753982 6.894821
v 90.000001 -442.895708 6.000000
v 91.000001 -442.895708 6.000000
v 91.000001 -442.762454 5.131687
v 91.000001 -442.374958 4.343289
v 91.000001 -441.768882 3.707367
v 65.000001 -437.104305 6.000000
v 65.000001 -437.246031 5.105179
v 65.000001 -437.657335 4.297950
v 65.000001 -438.297956 3.657329
v 65.000001 -439.105186 3.246025
v 65.000001 -440.000007 3.104299
v 65.000001 -440.894827 3.246025
v 65.000001 -441.702057 3.657329
v 65.000001 -442.342678 4.297950
v 65.000001 -442.753982 5.105179
v 65.000001 -442.895708 6.000000
v 65.000001 -442.753982 6.894821
v 65.000001 -442.342678 7.702051
v 65.000001 -441.702057 8.342672
v 65.000001 -440.894827 8.753976
v 65.000001 -440.000007 8.895701
v 65.000001 -439.105186 8.753976
v 65.000001 -438.297956 8.342672
v 65.000001 -437.657335 7.702051
v 65.000001 -437.246031 6.894821
v 78.000001 -437.104305 6.000000
v 78.000001 -440.894827 3.246025
v 78.000001 -441.702057 3.657329
v 78.000001 -440.000007 3.104299
v 78.000001 -439.105186 3.246025
v 78.000001 -438.297956 3.657329
v 78.000001 -437.657335 4.297950
v 78.000001 -437.246031 5.105179
v 78.000001 -437.246031 6.894821
v 78.000001 -437.657335 7.702051
v 78.000001 -438.297956 8.342672
v 78.000001 -439.105186 8.753976
v 78.000001 -440.000007 8.895701
v 78.000001 -440.894827 8.753976
v 78.000001 -441.702057 8.342672
v 78.000001 -442.342678 7.702051
v 78.000001 -442.753982 6.894821
v 78.000001 -442.753982 5.105179
v 78.000001 -442.342678 4.297950
v 91.000001 -435.000006 6.000000
v 75.485875 -446.000007 10.221928
v 75.629069 -446.000007 10.802888
v 76.025847 -446.000007 11.250758
v 76.585312 -446.000007 11.462935
v 77.179297 -446.000007 11.390812
v 77.671727 -446.000007 11.050912
v 77.949793 -446.000007 10.521102
v 77.949793 -446.000007 9.922754
v 77.671727 -446.000007 9.392943
v 77.179297 -446.000007 9.053043
v 76.585312 -446.000007 8.980921
v 76.025847 -446.000007 9.193097
v 75.629069 -446.000007 9.640967
v 65.000001 -435.876901 6.000000
v 65.000001 -436.029797 4.887599
v 65.000001 -436.477145 3.857701
v 65.000001 -437.185768 2.986686
v 65.000001 -438.103110 2.339155
v 65.000001 -439.161136 1.963133
v 65.000001 -440.281377 1.886506
v 65.000001 -441.380751 2.114959
v 65.000001 -442.377720 2.631547
v 65.000001 -443.198346 3.397958
v 65.000001 -443.781766 4.357350
v 65.000001 -444.084709 5.438571
v 65.000001 -444.084709 6.561430
v 65.000001 -443.781766 7.642650
v 65.000001 -443.198346 8.602042
v 65.000001 -442.377720 9.368453
v 65.000001 -441.380751 9.885041
v 65.000001 -440.281377 10.113494
v 65.000001 -439.161136 10.036867
v 65.000001 -438.103110 9.660845
v 65.000001 -437.185768 9.013314
v 65.000001 -436.477145 8.142300
v 65.000001 -436.029797 7.112401
v 92.000001 -444.618041 2.500000
v 92.000001 -444.468252 3.059017
v 92.000001 -444.059024 3.468246
v 92.000001 -443.500007 3.618034
v 92.000001 -442.940990 3.468246
v 92.000001 -442.531761 3.059017
v 92.000001 -442.381973 2.500000
v 92.000001 -442.531761 1.940983
v 92.000001 -442.940990 1.531754
v 92.000001 -443.500007 1.381966
v 92.000001 -444.059024 1.531754
v 92.000001 -444.468252 1.940983
v 91.000001 -444.618041 2.500000
v 91.000001 -444.468252 1.940983
v 91.000001 -444.059024 1.531754
v 91.000001 -443.500007 1.381966
v 91.000001 -442.940990 1.531754
v 91.000001 -442.531761 1.940983
v 91.000001 -442.381973 2.500000
v 91.000001 -442.531761 3.059017
v 91.000001 -442.940990 3.468246
v 91.000001 -443.500007 3.618034
v 91.000001 -444.059024 3.468246
v 91.000001 -444.468252 3.059017
v 92.000001 -437.618041 10.500000
v 92.000001 -437.468252 9.940983
v 92.000001 -437.059024 9.531754
v 92.000001 -436.500007 9.381966
v 92.000001 -435.940990 9.531754
v 92.000001 -435.531761 9.940983
v 92.000001 -435.381972 10.500000
v 92.000001 -435.531761 11.059017
v 92.000001 -435.940990 11.468246
v 92.000001 -436.500007 11.618034
v 92.000001 -437.059024 11.468246
v 92.000001 -437.468252 11.059017
v 90.000001 -437.618041 10.500000
v 90.000001 -437.468252 9.940983
v 90.000001 -437.059024 9.531754
v 90.000001 -436.500007 9.381966
v 90.000001 -435.940990 9.531754
v 90.000001 -435.531761 9.940983
v 90.000001 -435.381972 10.500000
v 90.000001 -435.531761 11.059017
v 90.000001 -435.940990 11.468246
v 90.000001 -436.500007 11.618034
v 90.000001 -437.059024 11.468246
v 90.000001 -437.468252 11.059017
v 90.000001 -435.000006 3.000000
v 90.000001 -435.000006 6.000000
vt 0.061732 0.061447 0.000000
vt 0.061732 0.081929 0.000000
vt 0.048014 0.067667 0.000000
vt 0.054079 0.084590 0.000000
vt 0.045984 0.089609 0.000000
vt 0.033846 0.103236 0.000000
vt 0.034296 0.101500 0.000000
vt 0.034296 0.067667 0.000000
vt 0.048014 0.033833 0.000000
vt 0.061732 0.040964 0.000000
vt 0.061732 0.020482 0.000000
vt 0.048014 0.000000 0.000000
vt 0.061732 0.000000 0.000000
vt 0.026796 0.136855 0.000000
vt 0.020577 0.135334 0.000000
vt 0.020577 0.101500 0.000000
vt 0.044814 0.168499 0.000000
vt 0.034296 0.169167 0.000000
vt 0.020577 0.169167 0.000000
vt 0.006859 0.169167 0.000000
vt 0.006859 0.135334 0.000000
vt -0.006859 0.169167 0.000000
vt -0.006859 0.135334 0.000000
vt -0.013213 0.140088 0.000000
vt -0.020577 0.101500 0.000000
vt -0.026138 0.094711 0.000000
vt -0.020577 0.067667 0.000000
vt -0.034296 0.067667 0.000000
vt -0.020577 0.033833 0.000000
vt -0.034296 0.033833 0.000000
vt -0.020577 0.000000 0.000000
vt -0.034296 0.000000 0.000000
vt -0.048014 0.033833 0.000000
vt -0.048014 0.000000 0.000000
vt -0.061732 0.020482 0.000000
vt -0.061732 0.000000 0.000000
vt 0.052893 0.174948 0.000000
vt 0.048014 0.203001 0.000000
vt 0.034296 0.203001 0.000000
vt 0.034296 0.236834 0.000000
vt 0.020577 0.236834 0.000000
vt 0.020577 0.270668 0.000000
vt 0.006859 0.270668 0.000000
vt 0.006859 0.304501 0.000000
vt -0.006859 0.304501 0.000000
vt -0.006859 0.338335 0.000000
vt -0.020577 0.338335 0.000000
vt -0.020577 0.372168 0.000000
vt -0.034296 0.372168 0.000000
vt -0.034296 0.406002 0.000000
vt -0.048014 0.406002 0.000000
vt -0.048014 0.439835 0.000000
vt -0.061732 0.433207 0.000000
vt -0.061732 0.461409 0.000000
vt -0.048014 0.473668 0.000000
vt -0.061732 0.489612 0.000000
vt -0.048014 0.507502 0.000000
vt -0.061732 0.517815 0.000000
vt -0.048014 0.541335 0.000000
vt -0.061732 0.546018 0.000000
vt -0.048014 0.575169 0.000000
vt -0.061732 0.574221 0.000000
vt -0.061732 0.602424 0.000000
vt -0.048014 0.609002 0.000000
vt -0.061732 0.630627 0.000000
vt -0.048014 0.642836 0.000000
vt -0.061732 0.658830 0.000000
vt -0.048014 0.676669 0.000000
vt -0.061732 0.687032 0.000000
vt -0.048014 0.710503 0.000000
vt -0.061732 0.715235 0.000000
vt -0.048014 0.744336 0.000000
vt -0.061732 0.743438 0.000000
vt -0.061732 0.771641 0.000000
vt -0.048014 0.778170 0.000000
vt -0.061732 0.799844 0.000000
vt -0.048014 0.812003 0.000000
vt -0.061732 0.828047 0.000000
vt -0.048014 0.845837 0.000000
vt -0.061732 0.856250 0.000000
vt -0.048014 0.879670 0.000000
vt -0.061732 0.884452 0.000000
vt -0.048014 0.913503 0.000000
vt -0.061732 0.912655 0.000000
vt -0.061732 0.940858 0.000000
vt -0.048014 0.947337 0.000000
vt -0.061732 0.969061 0.000000
vt -0.048014 0.981170 0.000000
vt -0.061732 0.997264 0.000000
vt -0.048014 1.015004 0.000000
vt -0.061732 1.025467 0.000000
vt -0.048014 1.048837 0.000000
vt -0.061732 1.053670 0.000000
vt -0.048014 1.082671 0.000000
vt -0.061732 1.081873 0.000000
vt -0.061732 1.110075 0.000000
vt -0.048014 1.116504 0.000000
vt -0.061732 1.138278 0.000000
vt -0.048014 1.150338 0.000000
vt -0.061732 1.166481 0.000000
vt -0.048014 1.184171 0.000000
vt -0.061732 1.194684 0.000000
vt -0.048014 1.218005 0.000000
vt -0.061732 1.222887 0.000000
vt -0.048014 1.251838 0.000000
vt -0.061732 1.251090 0.000000
vt -0.061732 1.279293 0.000000
vt -0.048014 1.285671 0.000000
vt -0.061732 1.307495 0.000000
vt -0.048014 1.319505 0.000000
vt -0.061732 1.335698 0.000000
vt -0.048014 1.353338 0.000000
vt -0.061732 1.363901 0.000000
vt -0.048014 1.387172 0.000000
vt -0.061732 1.392104 0.000000
vt -0.048014 1.421005 0.000000
vt -0.061732 1.420307 0.000000
vt -0.061732 1.448510 0.000000
vt -0.048014 1.454839 0.000000
vt -0.061732 1.476713 0.000000
vt -0.048014 1.488672 0.000000
vt -0.061732 1.504915 0.000000
vt -0.048014 1.522506 0.000000
vt -0.061732 1.533118 0.000000
vt -0.048014 1.556339 0.000000
vt -0.061732 1.561321 0.000000
vt -0.048014 1.590173 0.000000
vt -0.061732 1.589524 0.000000
vt -0.061732 1.617727 0.000000
vt -0.048014 1.624006 0.000000
vt -0.061732 1.645930 0.000000
vt -0.048014 1.657840 0.000000
vt -0.061732 1.674133 0.000000
vt -0.048014 1.691673 0.000000
vt -0.061732 1.702336 0.000000
vt -0.048014 1.725506 0.000000
vt -0.061732 1.730538 0.000000
vt -0.048014 1.759340 0.000000
vt -0.061732 1.758741 0.000000
vt -0.061732 1.786944 0.000000
vt -0.048014 1.793173 0.000000
vt -0.061732 1.815147 0.000000
vt -0.048014 1.827007 0.000000
vt -0.061732 1.843350 0.000000
vt -0.048014 1.860840 0.000000
vt -0.061732 1.871553 0.000000
vt -0.048014 1.894674 0.000000
vt -0.061732 1.899756 0.000000
vt -0.048014 1.928507 0.000000
vt -0.061732 1.927958 0.000000
vt -0.061732 1.956161 0.000000
vt -0.048014 1.962341 0.000000
vt -0.061732 1.984364 0.000000
vt -0.048014 1.996174 0.000000
vt -0.061732 2.012567 0.000000
vt -0.048014 2.030008 0.000000
vt -0.061732 2.040770 0.000000
vt -0.048014 2.063841 0.000000
vt -0.061732 2.068973 0.000000
vt -0.048014 2.097675 0.000000
vt -0.061732 2.097176 0.000000
vt -0.061732 2.125379 0.000000
vt -0.048014 2.131508 0.000000
vt -0.061732 2.153581 0.000000
vt -0.048014 2.165341 0.000000
vt -0.061732 2.181784 0.000000
vt -0.048014 2.199175 0.000000
vt -0.061732 2.209987 0.000000
vt -0.048014 2.233008 0.000000
vt -0.061732 2.238190 0.000000
vt -0.048014 2.266842 0.000000
vt -0.061732 2.266393 0.000000
vt -0.061732 2.294596 0.000000
vt -0.048014 2.300675 0.000000
vt -0.061732 2.322799 0.000000
vt -0.048014 2.334509 0.000000
vt -0.061732 2.351001 0.000000
vt -0.048014 2.368342 0.000000
vt -0.061732 2.379204 0.000000
vt -0.048014 2.402176 0.000000
vt -0.061732 2.407407 0.000000
vt -0.048014 2.436009 0.000000
vt -0.061732 2.435610 0.000000
vt -0.061732 2.463813 0.000000
vt -0.048014 2.469843 0.000000
vt -0.061732 2.492016 0.000000
vt -0.048014 2.503676 0.000000
vt -0.061732 2.520219 0.000000
vt -0.048014 2.537510 0.000000
vt -0.061732 2.548421 0.000000
vt -0.048014 2.571343 0.000000
vt -0.061732 2.576624 0.000000
vt -0.048014 2.605176 0.000000
vt -0.061732 2.604827 0.000000
vt -0.061732 2.633030 0.000000
vt -0.048014 2.639010 0.000000
vt -0.061732 2.661233 0.000000
vt -0.048014 2.672843 0.000000
vt -0.061732 2.689436 0.000000
vt -0.048014 2.706677 0.000000
vt -0.061732 2.717639 0.000000
vt -0.048014 2.740510 0.000000
vt -0.061732 2.745842 0.000000
vt -0.048014 2.774044 0.000000
vt -0.061732 2.774044 0.000000
vt -0.061732 2.802247 0.000000
vt -0.048014 2.808177 0.000000
vt -0.061732 2.830450 0.000000
vt -0.048014 2.842011 0.000000
vt -0.061732 2.858653 0.000000
vt -0.048014 2.875844 0.000000
vt -0.061732 2.886856 0.000000
vt -0.048014 2.909678 0.000000
vt -0.061732 2.915059 0.000000
vt -0.048014 2.943262 0.000000
vt -0.061732 2.943262 0.000000
vt -0.061732 2.971464 0.000000
vt -0.048014 2.977344 0.000000
vt -0.061732 2.999667 0.000000
vt -0.048014 3.011178 0.000000
vt -0.061732 3.027870 0.000000
vt -0.048014 3.045011 0.000000
vt -0.061732 3.056073 0.000000
vt -0.048014 3.078845 0.000000
vt -0.061732 3.084276 0.000000
vt -0.048014 3.112479 0.000000
vt -0.061732 3.112479 0.000000
vt -0.061732 3.140682 0.000000
vt -0.048014 3.146512 0.000000
vt -0.061732 3.168885 0.000000
vt -0.048014 3.180345 0.000000
vt -0.061732 3.197087 0.000000
vt -0.048014 3.214179 0.000000
vt -0.061732 3.225290 0.000000
vt -0.048014 3.248012 0.000000
vt -0.061732 3.253493 0.000000
vt -0.048014 3.281696 0.000000
vt -0.061732 3.281696 0.000000
vt -0.061732 3.309899 0.000000
vt -0.048014 3.315679 0.000000
vt -0.061732 3.338102 0.000000
vt -0.048014 3.349513 0.000000
vt -0.061732 3.366305 0.000000
vt -0.048014 3.383346 0.000000
vt -0.061732 3.394507 0.000000
vt -0.048014 3.417179 0.000000
vt -0.061732 3.422710 0.000000
vt -0.048014 3.450913 0.000000
vt -0.061732 3.450913 0.000000
vt -0.061732 3.479116 0.000000
vt -0.048014 3.484846 0.000000
vt -0.061732 3.507319 0.000000
vt -0.048014 3.518680 0.000000
vt -0.061732 3.535522 0.000000
vt -0.048014 3.552513 0.000000
vt -0.061732 3.563725 0.000000
vt -0.048014 3.586347 0.000000
vt -0.061732 3.591927 0.000000
vt -0.048014 3.620130 0.000000
vt -0.061732 3.620130 0.000000
vt -0.061732 3.648333 0.000000
vt -0.048014 3.654014 0.000000
vt -0.061732 3.676536 0.000000
vt -0.048014 3.687847 0.000000
vt -0.061732 3.704739 0.000000
vt -0.048014 3.721681 0.000000
vt -0.061732 3.732942 0.000000
vt -0.048014 3.755514 0.000000
vt -0.061732 3.761145 0.000000
vt -0.048014 3.789348 0.000000
vt -0.061732 3.789348 0.000000
vt 0.061732 0.179381 0.000000
vt 0.061732 0.207584 0.000000
vt 0.048014 0.236834 0.000000
vt 0.061732 0.235787 0.000000
vt 0.061732 0.263989 0.000000
vt 0.048014 0.270668 0.000000
vt 0.061732 0.292192 0.000000
vt 0.048014 0.304501 0.000000
vt 0.061732 0.320395 0.000000
vt 0.048014 0.338335 0.000000
vt 0.061732 0.348598 0.000000
vt 0.048014 0.372168 0.000000
vt 0.061732 0.376801 0.000000
vt 0.048014 0.406002 0.000000
vt 0.061732 0.405004 0.000000
vt 0.061732 0.433207 0.000000
vt 0.048014 0.439835 0.000000
vt 0.061732 0.461409 0.000000
vt 0.048014 0.473668 0.000000
vt 0.061732 0.489612 0.000000
vt 0.048014 0.507502 0.000000
vt 0.061732 0.517815 0.000000
vt 0.048014 0.541335 0.000000
vt 0.061732 0.546018 0.000000
vt 0.048014 0.575169 0.000000
vt 0.061732 0.574221 0.000000
vt 0.061732 0.602424 0.000000
vt 0.048014 0.609002 0.000000
vt 0.061732 0.630627 0.000000
vt 0.048014 0.642836 0.000000
vt 0.061732 0.658830 0.000000
vt 0.048014 0.676669 0.000000
vt 0.061732 0.687032 0.000000
vt 0.048014 0.710503 0.000000
vt 0.061732 0.715235 0.000000
vt 0.048014 0.744336 0.000000
vt 0.061732 0.743438 0.000000
vt 0.061732 0.771641 0.000000
vt 0.048014 0.778170 0.000000
vt 0.061732 0.799844 0.000000
vt 0.048014 0.812003 0.000000
vt 0.061732 0.828047 0.000000
vt 0.048014 0.845837 0.000000
vt 0.061732 0.856250 0.000000
vt 0.048014 0.879670 0.000000
vt 0.061732 0.884452 0.000000
vt 0.048014 0.913503 0.000000
vt 0.061732 0.912655 0.000000
vt 0.061732 0.940858 0.000000
vt 0.048014 0.947337 0.000000
vt 0.061732 0.969061 0.000000
vt 0.048014 0.981170 0.000000
vt 0.061732 0.997264 0.000000
vt 0.048014 1.015004 0.000000
vt 0.061732 1.025467 0.000000
vt 0.048014 1.048837 0.000000
vt 0.061732 1.053670 0.000000
vt 0.048014 1.082671 0.000000
vt 0.061732 1.081873 0.000000
vt 0.061732 1.110075 0.000000
vt 0.048014 1.116504 0.000000
vt 0.061732 1.138278 0.000000
vt 0.048014 1.150338 0.000000
vt 0.061732 1.166481 0.000000
vt 0.048014 1.184171 0.000000
vt 0.061732 1.194684 0.000000
vt 0.048014 1.218005 0.000000
vt 0.061732 1.222887 0.000000
vt 0.048014 1.251838 0.000000
vt 0.061732 1.251090 0.000000
vt 0.061732 1.279293 0.000000
vt 0.048014 1.285671 0.000000
vt 0.061732 1.307495 0.000000
vt 0.048014 1.319505 0.000000
vt 0.061732 1.335698 0.000000
vt 0.048014 1.353338 0.000000
vt 0.061732 1.363901 0.000000
vt 0.048014 1.387172 0.000000
vt 0.061732 1.392104 0.000000
vt 0.048014 1.421005 0.000000
vt 0.061732 1.420307 0.000000
vt 0.061732 1.448510 0.000000
vt 0.048014 1.454839 0.000000
vt 0.061732 1.476713 0.000000
vt 0.048014 1.488672 0.000000
vt 0.061732 1.504915 0.000000
vt 0.048014 1.522506 0.000000
vt 0.061732 1.533118 0.000000
vt 0.048014 1.556339 0.000000
vt 0.061732 1.561321 0.000000
vt 0.048014 1.590173 0.000000
vt 0.061732 1.589524 0.000000
vt 0.061732 1.617727 0.000000
vt 0.048014 1.624006 0.000000
vt 0.061732 1.645930 0.000000
vt 0.048014 1.657840 0.000000
vt 0.061732 1.674133 0.000000
vt 0.048014 1.691673 0.000000
vt 0.061732 1.702336 0.000000
vt 0.048014 1.725506 0.000000
vt 0.061732 1.730538 0.000000
vt 0.048014 1.759340 0.000000
vt 0.061732 1.758741 0.000000
vt 0.061732 1.786944 0.000000
vt 0.048014 1.793173 0.000000
vt 0.061732 1.815147 0.000000
vt 0.048014 1.827007 0.000000
vt 0.061732 1.843350 0.000000
vt 0.048014 1.860840 0.000000
vt 0.061732 1.871553 0.000000
vt 0.048014 1.894674 0.000000
vt 0.061732 1.899756 0.000000
vt 0.048014 1.928507 0.000000
vt 0.061732 1.927958 0.000000
vt 0.061732 1.956161 0.000000
vt 0.048014 1.962341 0.000000
vt 0.061732 1.984364 0.000000
vt 0.048014 1.996174 0.000000
vt 0.061732 2.012567 0.000000
vt 0.048014 2.030008 0.000000
vt 0.061732 2.040770 0.000000
vt 0.048014 2.063841 0.000000
vt 0.061732 2.068973 0.000000
vt 0.048014 2.097675 0.000000
vt 0.061732 2.097176 0.000000
vt 0.061732 2.125379 0.000000
vt 0.048014 2.131508 0.000000
vt 0.061732 2.153581 0.000000
vt 0.048014 2.165341 0.000000
vt 0.061732 2.181784 0.000000
vt 0.048014 2.199175 0.000000
vt 0.061732 2.209987 0.000000
vt 0.048014 2.233008 0.000000
vt 0.061732 2.238190 0.000000
vt 0.048014 2.266842 0.000000
vt 0.061732 2.266393 0.000000
vt 0.061732 2.294596 0.000000
vt 0.048014 2.300675 0.000000
vt 0.061732 2.322799 0.000000
vt 0.048014 2.334509 0.000000
vt 0.061732 2.351001 0.000000
vt 0.048014 2.368342 0.000000
vt 0.061732 2.379204 0.000000
vt 0.048014 2.402176 0.000000
vt 0.061732 2.407407 0.000000
vt 0.048014 2.436009 0.000000
vt 0.061732 2.435610 0.000000
vt 0.061732 2.463813 0.000000
vt 0.048014 2.469843 0.000000
vt 0.061732 2.492016 0.000000
vt 0.048014 2.503676 0.000000
vt 0.061732 2.520219 0.000000
vt 0.048014 2.537510 0.000000
vt 0.061732 2.548421 0.000000
vt 0.048014 2.571343 0.000000
vt 0.061732 2.576624 0.000000
vt 0.048014 2.605176 0.000000
vt 0.061732 2.604827 0.000000
vt 0.061732 2.633030 0.000000
vt 0.048014 2.639010 0.000000
vt 0.061732 2.661233 0.000000
vt 0.048014 2.672843 0.000000
vt 0.061732 2.689436 0.000000
vt 0.048014 2.706677 0.000000
vt 0.061732 2.717639 0.000000
vt 0.048014 2.740510 0.000000
vt 0.061732 2.745842 0.000000
vt 0.048014 2.774044 0.000000
vt 0.061732 2.774044 0.000000
vt 0.061732 2.802247 0.000000
vt 0.048014 2.808177 0.000000
vt 0.061732 2.830450 0.000000
vt 0.048014 2.842011 0.000000
vt 0.061732 2.858653 0.000000
vt 0.048014 2.875844 0.000000
vt 0.061732 2.886856 0.000000
vt 0.048014 2.909678 0.000000
vt 0.061732 2.915059 0.000000
vt 0.048014 2.943262 0.000000
vt 0.061732 2.943262 0.000000
vt 0.061732 2.971464 0.000000
vt 0.048014 2.977344 0.000000
vt 0.061732 2.999667 0.000000
vt 0.048014 3.011178 0.000000
vt 0.061732 3.027870 0.000000
vt 0.048014 3.045011 0.000000
vt 0.061732 3.056073 0.000000
vt 0.048014 3.078845 0.000000
vt 0.061732 3.084276 0.000000
vt 0.048014 3.112479 0.000000
vt 0.061732 3.112479 0.000000
vt 0.061732 3.140682 0.000000
vt 0.048014 3.146512 0.000000
vt 0.061732 3.168885 0.000000
vt 0.048014 3.180345 0.000000
vt 0.061732 3.197087 0.000000
vt 0.048014 3.214179 0.000000
vt 0.061732 3.225290 0.000000
vt 0.048014 3.248012 0.000000
vt 0.061732 3.253493 0.000000
vt 0.048014 3.281696 0.000000
vt 0.061732 3.281696 0.000000
vt 0.061732 3.309899 0.000000
vt 0.048014 3.315679 0.000000
vt 0.061732 3.338102 0.000000
vt 0.048014 3.349513 0.000000
vt 0.061732 3.366305 0.000000
vt 0.048014 3.383346 0.000000
vt 0.061732 3.394507 0.000000
vt 0.048014 3.417179 0.000000
vt 0.061732 3.422710 0.000000
vt 0.048014 3.450913 0.000000
vt 0.061732 3.450913 0.000000
vt 0.061732 3.479116 0.000000
vt 0.048014 3.484846 0.000000
vt 0.061732 3.507319 0.000000
vt 0.048014 3.518680 0.000000
vt 0.061732 3.535522 0.000000
vt 0.048014 3.552513 0.000000
vt 0.061732 3.563725 0.000000
vt 0.048014 3.586347 0.000000
vt 0.061732 3.591927 0.000000
vt 0.048014 3.620130 0.000000
vt 0.061732 3.620130 0.000000
vt 0.061732 3.648333 0.000000
vt 0.048014 3.654014 0.000000
vt 0.061732 3.676536 0.000000
vt 0.048014 3.687847 0.000000
vt 0.061732 3.704739 0.000000
vt 0.048014 3.721681 0.000000
vt 0.061732 3.732942 0.000000
vt 0.048014 3.755514 0.000000
vt 0.061732 3.761145 0.000000
vt 0.048014 3.789348 0.000000
vt 0.061732 3.789348 0.000000
vt 0.034296 3.789348 0.000000
vt 0.034296 3.755514 0.000000
vt 0.034296 3.721681 0.000000
vt 0.034296 3.687847 0.000000
vt 0.034296 3.654014 0.000000
vt 0.034296 3.620130 0.000000
vt 0.034296 3.586347 0.000000
vt 0.034296 3.552513 0.000000
vt 0.034296 3.518680 0.000000
vt 0.034296 3.484846 0.000000
vt 0.034296 3.450913 0.000000
vt 0.034296 3.417179 0.000000
vt 0.034296 3.383346 0.000000
vt 0.034296 3.349513 0.000000
vt 0.034296 3.315679 0.000000
vt 0.034296 3.281696 0.000000
vt 0.034296 3.248012 0.000000
vt 0.034296 3.214179 0.000000
vt 0.034296 3.180345 0.000000
vt 0.034296 3.146512 0.000000
vt 0.034296 3.112479 0.000000
vt 0.034296 3.078845 0.000000
vt 0.034296 3.045011 0.000000
vt 0.034296 3.011178 0.000000
vt 0.034296 2.977344 0.000000
vt 0.034296 2.943262 0.000000
vt 0.034296 2.909678 0.000000
vt 0.034296 2.875844 0.000000
vt 0.034296 2.842011 0.000000
vt 0.034296 2.808177 0.000000
vt 0.034296 2.774044 0.000000
vt 0.034296 2.740510 0.000000
vt 0.034296 2.706677 0.000000
vt 0.034296 2.672843 0.000000
vt 0.034296 2.639010 0.000000
vt 0.034296 2.605176 0.000000
vt 0.034296 2.571343 0.000000
vt 0.034296 2.537510 0.000000
vt 0.034296 2.503676 0.000000
vt 0.034296 2.469843 0.000000
vt 0.034296 2.436009 0.000000
vt 0.034296 2.402176 0.000000
vt 0.034296 2.368342 0.000000
vt 0.034296 2.334509 0.000000
vt 0.034296 2.300675 0.000000
vt 0.034296 2.266842 0.000000
vt 0.034296 2.233008 0.000000
vt 0.034296 2.199175 0.000000
vt 0.034296 2.165341 0.000000
vt 0.034296 2.131508 0.000000
vt 0.034296 2.097675 0.000000
vt 0.034296 2.063841 0.000000
vt 0.034296 2.030008 0.000000
vt 0.034296 1.996174 0.000000
vt 0.034296 1.962341 0.000000
vt 0.034296 1.928507 0.000000
vt 0.034296 1.894674 0.000000
vt 0.034296 1.860840 0.000000
vt 0.034296 1.827007 0.000000
vt 0.034296 1.793173 0.000000
vt 0.034296 1.759340 0.000000
vt 0.034296 1.725506 0.000000
vt 0.034296 1.691673 0.000000
vt 0.034296 1.657840 0.000000
vt 0.034296 1.624006 0.000000
vt 0.034296 1.590173 0.000000
vt 0.034296 1.556339 0.000000
vt 0.034296 1.522506 0.000000
vt 0.034296 1.488672 0.000000
vt 0.034296 1.454839 0.000000
vt 0.034296 1.421005 0.000000
vt 0.034296 1.387172 0.000000
vt 0.034296 1.353338 0.000000
vt 0.034296 1.319505 0.000000
vt 0.034296 1.285671 0.000000
vt 0.034296 1.251838 0.000000
vt 0.034296 1.218005 0.000000
vt 0.034296 1.184171 0.000000
vt 0.034296 1.150338 0.000000
vt 0.034296 1.116504 0.000000
vt 0.034296 1.082671 0.000000
vt 0.034296 1.048837 0.000000
vt 0.034296 1.015004 0.000000
vt 0.034296 0.981170 0.000000
vt 0.034296 0.947337 0.000000
vt 0.034296 0.913503 0.000000
vt 0.034296 0.879670 0.000000
vt 0.034296 0.845837 0.000000
vt 0.034296 0.812003 0.000000
vt 0.034296 0.778170 0.000000
vt 0.034296 0.744336 0.000000
vt 0.034296 0.710503 0.000000
vt 0.034296 0.676669 0.000000
vt 0.034296 0.642836 0.000000
vt 0.034296 0.609002 0.000000
vt 0.034296 0.575169 0.000000
vt 0.034296 0.541335 0.000000
vt 0.034296 0.507502 0.000000
vt 0.034296 0.473668 0.000000
vt 0.034296 0.439835 0.000000
vt 0.034296 0.406002 0.000000
vt 0.034296 0.372168 0.000000
vt 0.034296 0.338335 0.000000
vt 0.034296 0.304501 0.000000
vt 0.034296 0.270668 0.000000
vt 0.020577 3.789348 0.000000
vt 0.020577 3.755514 0.000000
vt 0.020577 3.721681 0.000000
vt 0.020577 3.687847 0.000000
vt 0.020577 3.654014 0.000000
vt 0.020577 3.620130 0.000000
vt 0.020577 3.586347 0.000000
vt 0.020577 3.552513 0.000000
vt 0.020577 3.518680 0.000000
vt 0.020577 3.484846 0.000000
vt 0.020577 3.450913 0.000000
vt 0.020577 3.417179 0.000000
vt 0.020577 3.383346 0.000000
vt 0.020577 3.349513 0.000000
vt 0.020577 3.315679 0.000000
vt 0.020577 3.281696 0.000000
vt 0.020577 3.248012 0.000000
vt 0.020577 3.214179 0.000000
vt 0.020577 3.180345 0.000000
vt 0.020577 3.146512 0.000000
vt 0.020577 3.112479 0.000000
vt 0.020577 3.078845 0.000000
vt 0.020577 3.045011 0.000000
vt 0.020577 3.011178 0.000000
vt 0.020577 2.977344 0.000000
vt 0.020577 2.943262 0.000000
vt 0.020577 2.909678 0.000000
vt 0.020577 2.875844 0.000000
vt 0.020577 2.842011 0.000000
vt 0.020577 2.808177 0.000000
vt 0.020577 2.774044 0.000000
vt 0.020577 2.740510 0.000000
vt 0.020577 2.706677 0.000000
vt 0.020577 2.672843 0.000000
vt 0.020577 2.639010 0.000000
vt 0.020577 2.605176 0.000000
vt 0.020577 2.571343 0.000000
vt 0.020577 2.537510 0.000000
vt 0.020577 2.503676 0.000000
vt 0.020577 2.469843 0.000000
vt 0.020577 2.436009 0.000000
vt 0.020577 2.402176 0.000000
vt 0.020577 2.368342 0.000000
vt 0.020577 2.334509 0.000000
vt 0.020577 2.300675 0.000000
vt 0.020577 2.266842 0.000000
vt 0.020577 2.233008 0.000000
vt 0.020577 2.199175 0.000000
vt 0.020577 2.165341 0.000000
vt 0.020577 2.131508 0.000000
vt 0.020577 2.097675 0.000000
vt 0.020577 2.063841 0.000000
vt 0.020577 2.030008 0.000000
vt 0.020577 1.996174 0.000000
vt 0.020577 1.962341 0.000000
vt 0.020577 1.928507 0.000000
vt 0.020577 1.894674 0.000000
vt 0.020577 1.860840 0.000000
vt 0.020577 1.827007 0.000000
vt 0.020577 1.793173 0.000000
vt 0.020577 1.759340 0.000000
vt 0.020577 1.725506 0.000000
vt 0.020577 1.691673 0.000000
vt 0.020577 1.657840 0.000000
vt 0.020577 1.624006 0.000000
vt 0.020577 1.590173 0.000000
vt 0.020577 1.556339 0.000000
vt 0.020577 1.522506 0.000000
vt 0.020577 1.488672 0.000000
vt 0.020577 1.454839 0.000000
vt 0.020577 1.421005 0.000000
vt 0.020577 1.387172 0.000000
vt 0.020577 1.353338 0.000000
vt 0.020577 1.319505 0.000000
vt 0.020577 1.285671 0.000000
vt 0.020577 1.251838 0.000000
vt 0.020577 1.218005 0.000000
vt 0.020577 1.184171 0.000000
vt 0.020577 1.150338 0.000000
vt 0.020577 1.116504 0.000000
vt 0.020577 1.082671 0.000000
vt 0.020577 1.048837 0.000000
vt 0.020577 1.015004 0.000000
vt 0.020577 0.981170 0.000000
vt 0.020577 0.947337 0.000000
vt 0.020577 0.913503 0.000000
vt 0.020577 0.879670 0.000000
vt 0.020577 0.845837 0.000000
vt 0.020577 0.812003 0.000000
vt 0.020577 0.778170 0.000000
vt 0.020577 0.744336 0.000000
vt 0.020577 0.710503 0.000000
vt 0.020577 0.676669 0.000000
vt 0.020577 0.642836 0.000000
vt 0.020577 0.609002 0.000000
vt 0.020577 0.575169 0.000000
vt 0.020577 0.541335 0.000000
vt 0.020577 0.507502 0.000000
vt 0.020577 0.473668 0.000000
vt 0.020577 0.439835 0.000000
vt 0.020577 0.406002 0.000000
vt 0.020577 0.372168 0.000000
vt 0.020577 0.338335 0.000000
vt 0.020577 0.304501 0.000000
vt 0.006859 3.789348 0.000000
vt 0.006859 3.755514 0.000000
vt 0.006859 3.721681 0.000000
vt 0.006859 3.687847 0.000000
vt 0.006859 3.654014 0.000000
vt 0.006859 3.620130 0.000000
vt 0.006859 3.586347 0.000000
vt 0.006859 3.552513 0.000000
vt 0.006859 3.518680 0.000000
vt 0.006859 3.484846 0.000000
vt 0.006859 3.450913 0.000000
vt 0.006859 3.417179 0.000000
vt 0.006859 3.383346 0.000000
vt 0.006859 3.349513 0.000000
vt 0.006859 3.315679 0.000000
vt 0.006859 3.281696 0.000000
vt 0.006859 3.248012 0.000000
vt 0.006859 3.214179 0.000000
vt 0.006859 3.180345 0.000000
vt 0.006859 3.146512 0.000000
vt 0.006859 3.112479 0.000000
vt 0.006859 3.078845 0.000000
vt 0.006859 3.045011 0.000000
vt 0.006859 3.011178 0.000000
vt 0.006859 2.977344 0.000000
vt 0.006859 2.943262 0.000000
vt 0.006859 2.909678 0.000000
vt 0.006859 2.875844 0.000000
vt 0.006859 2.842011 0.000000
vt 0.006859 2.808177 0.000000
vt 0.006859 2.774044 0.000000
vt 0.006859 2.740510 0.000000
vt 0.006859 2.706677 0.000000
vt 0.006859 2.672843 0.000000
vt 0.006859 2.639010 0.000000
vt 0.006859 2.605176 0.000000
vt 0.006859 2.571343 0.000000
vt 0.006859 2.537510 0.000000
vt 0.006859 2.503676 0.000000
vt 0.006859 2.469843 0.000000
vt 0.006859 2.436009 0.000000
vt 0.006859 2.402176 0.000000
vt 0.006859 2.368342 0.000000
vt 0.006859 2.334509 0.000000
vt 0.006859 2.300675 0.000000
vt 0.006859 2.266842 0.000000
vt 0.006859 2.233008 0.000000
vt 0.006859 2.199175 0.000000
vt 0.006859 2.165341 0.000000
vt 0.006859 2.131508 0.000000
vt 0.006859 2.097675 0.000000
vt 0.006859 2.063841 0.000000
vt 0.006859 2.030008 0.000000
vt 0.006859 1.996174 0.000000
vt 0.006859 1.962341 0.000000
vt 0.006859 1.928507 0.000000
vt 0.006859 1.894674 0.000000
vt 0.006859 1.860840 0.000000
vt 0.006859 1.827007 0.000000
vt 0.006859 1.793173 0.000000
vt 0.006859 1.759340 0.000000
vt 0.006859 1.725506 0.000000
vt 0.006859 1.691673 0.000000
vt 0.006859 1.657840 0.000000
vt 0.006859 1.624006 0.000000
vt 0.006859 1.590173 0.000000
vt 0.006859 1.556339 0.000000
vt 0.006859 1.522506 0.000000
vt 0.006859 1.488672 0.000000
vt 0.006859 1.454839 0.000000
vt 0.006859 1.421005 0.000000
vt 0.006859 1.387172 0.000000
vt 0.006859 1.353338 0.000000
vt 0.006859 1.319505 0.000000
vt 0.006859 1.285671 0.000000
vt 0.006859 1.251838 0.000000
vt 0.006859 1.218005 0.000000
vt 0.006859 1.184171 0.000000
vt 0.006859 1.150338 0.000000
vt 0.006859 1.116504 0.000000
vt 0.006859 1.082671 0.000000
vt 0.006859 1.048837 0.000000
vt 0.006859 1.015004 0.000000
vt 0.006859 0.981170 0.000000
vt 0.006859 0.947337 0.000000
vt 0.006859 0.913503 0.000000
vt 0.006859 0.879670 0.000000
vt 0.006859 0.845837 0.000000
vt 0.006859 0.812003 0.000000
vt 0.006859 0.778170 0.000000
vt 0.006859 0.744336 0.000000
vt 0.006859 0.710503 0.000000
vt 0.006859 0.676669 0.000000
vt 0.006859 0.642836 0.000000
vt 0.006859 0.609002 0.000000
vt 0.006859 0.575169 0.000000
vt 0.006859 0.541335 0.000000
vt 0.006859 0.507502 0.000000
vt 0.006859 0.473668 0.000000
vt 0.006859 0.439835 0.000000
vt 0.006859 0.406002 0.000000
vt 0.006859 0.372168 0.000000
vt 0.006859 0.338335 0.000000
vt -0.006859 3.789348 0.000000
vt -0.006859 3.755514 0.000000
vt -0.006859 3.721681 0.000000
vt -0.006859 3.687847 0.000000
vt -0.006859 3.654014 0.000000
vt -0.006859 3.620130 0.000000
vt -0.006859 3.586347 0.000000
vt -0.006859 3.552513 0.000000
vt -0.006859 3.518680 0.000000
vt -0.006859 3.484846 0.000000
vt -0.006859 3.450913 0.000000
vt -0.006859 3.417179 0.000000
vt -0.006859 3.383346 0.000000
vt -0.006859 3.349513 0.000000
vt -0.006859 3.315679 0.000000
vt -0.006859 3.281696 0.000000
vt -0.006859 3.248012 0.000000
vt -0.006859 3.214179 0.000000
vt -0.006859 3.180345 0.000000
vt -0.006859 3.146512 0.000000
vt -0.006859 3.112479 0.000000
vt -0.006859 3.078845 0.000000
vt -0.006859 3.045011 0.000000
vt -0.006859 3.011178 0.000000
vt -0.006859 2.977344 0.000000
vt -0.006859 2.943262 0.000000
vt -0.006859 2.909678 0.000000
vt -0.006859 2.875844 0.000000
vt -0.006859 2.842011 0.000000
vt -0.006859 2.808177 0.000000
vt -0.006859 2.774044 0.000000
vt -0.006859 2.740510 0.000000
vt -0.006859 2.706677 0.000000
vt -0.006859 2.672843 0.000000
vt -0.006859 2.639010 0.000000
vt -0.006859 2.605176 0.000000
vt -0.006859 2.571343 0.000000
vt -0.006859 2.537510 0.000000
vt -0.006859 2.503676 0.000000
vt -0.006859 2.469843 0.000000
vt -0.006859 2.436009 0.000000
vt -0.006859 2.402176 0.000000
vt -0.006859 2.368342 0.000000
vt -0.006859 2.334509 0.000000
vt -0.006859 2.300675 0.000000
vt -0.006859 2.266842 0.000000
vt -0.006859 2.233008 0.000000
vt -0.006859 2.199175 0.000000
vt -0.006859 2.165341 0.000000
vt -0.006859 2.131508 0.000000
vt -0.006859 2.097675 0.000000
vt -0.006859 2.063841 0.000000
vt -0.006859 2.030008 0.000000
vt -0.006859 1.996174 0.000000
vt -0.006859 1.962341 0.000000
vt -0.006859 1.928507 0.000000
vt -0.006859 1.894674 0.000000
vt -0.006859 1.860840 0.000000
vt -0.006859 1.827007 0.000000
vt -0.006859 1.793173 0.000000
vt -0.006859 1.759340 0.000000
vt -0.006859 1.725506 0.000000
vt -0.006859 1.691673 0.000000
vt -0.006859 1.657840 0.000000
vt -0.006859 1.624006 0.000000
vt -0.006859 1.590173 0.000000
vt -0.006859 1.556339 0.000000
vt -0.006859 1.522506 0.000000
vt -0.006859 1.488672 0.000000
vt -0.006859 1.454839 0.000000
vt -0.006859 1.421005 0.000000
vt -0.006859 1.387172 0.000000
vt -0.006859 1.353338 0.000000
vt -0.006859 1.319505 0.000000
vt -0.006859 1.285671 0.000000
vt -0.006859 1.251838 0.000000
vt -0.006859 1.218005 0.000000
vt -0.006859 1.184171 0.000000
vt -0.006859 1.150338 0.000000
vt -0.006859 1.116504 0.000000
vt -0.006859 1.082671 0.000000
vt -0.006859 1.048837 0.000000
vt -0.006859 1.015004 0.000000
vt -0.006859 0.981170 0.000000
vt -0.006859 0.947337 0.000000
vt -0.006859 0.913503 0.000000
vt -0.006859 0.879670 0.000000
vt -0.006859 0.845837 0.000000
vt -0.006859 0.812003 0.000000
vt -0.006859 0.778170 0.000000
vt -0.006859 0.744336 0.000000
vt -0.006859 0.710503 0.000000
vt -0.006859 0.676669 0.000000
vt -0.006859 0.642836 0.000000
vt -0.006859 0.609002 0.000000
vt -0.006859 0.575169 0.000000
vt -0.006859 0.541335 0.000000
vt -0.006859 0.507502 0.000000
vt -0.006859 0.473668 0.000000
vt -0.006859 0.439835 0.000000
vt -0.006859 0.406002 0.000000
vt -0.006859 0.372168 0.000000
vt -0.020577 3.789348 0.000000
vt -0.020577 3.755514 0.000000
vt -0.020577 3.721681 0.000000
vt -0.020577 3.687847 0.000000
vt -0.020577 3.654014 0.000000
vt -0.020577 3.620130 0.000000
vt -0.020577 3.586347 0.000000
vt -0.020577 3.552513 0.000000
vt -0.020577 3.518680 0.000000
vt -0.020577 3.484846 0.000000
vt -0.020577 3.450913 0.000000
vt -0.020577 3.417179 0.000000
vt -0.020577 3.383346 0.000000
vt -0.020577 3.349513 0.000000
vt -0.020577 3.315679 0.000000
vt -0.020577 3.281696 0.000000
vt -0.020577 3.248012 0.000000
vt -0.020577 3.214179 0.000000
vt -0.020577 3.180345 0.000000
vt -0.020577 3.146512 0.000000
vt -0.020577 3.112479 0.000000
vt -0.020577 3.078845 0.000000
vt -0.020577 3.045011 0.000000
vt -0.020577 3.011178 0.000000
vt -0.020577 2.977344 0.000000
vt -0.020577 2.943262 0.000000
vt -0.020577 2.909678 0.000000
vt -0.020577 2.875844 0.000000
vt -0.020577 2.842011 0.000000
vt -0.020577 2.808177 0.000000
vt -0.020577 2.774044 0.000000
vt -0.020577 2.740510 0.000000
vt -0.020577 2.706677 0.000000
vt -0.020577 2.672843 0.000000
vt -0.020577 2.639010 0.000000
vt -0.020577 2.605176 0.000000
vt -0.020577 2.571343 0.000000
vt -0.020577 2.537510 0.000000
vt -0.020577 2.503676 0.000000
vt -0.020577 2.469843 0.000000
vt -0.020577 2.436009 0.000000
vt -0.020577 2.402176 0.000000
vt -0.020577 2.368342 0.000000
vt -0.020577 2.334509 0.000000
vt -0.020577 2.300675 0.000000
vt -0.020577 2.266842 0.000000
vt -0.020577 2.233008 0.000000
vt -0.020577 2.199175 0.000000
vt -0.020577 2.165341 0.000000
vt -0.020577 2.131508 0.000000
vt -0.020577 2.097675 0.000000
vt -0.020577 2.063841 0.000000
vt -0.020577 2.030008 0.000000
vt -0.020577 1.996174 0.000000
vt -0.020577 1.962341 0.000000
vt -0.020577 1.928507 0.000000
vt -0.020577 1.894674 0.000000
vt -0.020577 1.860840 0.000000
vt -0.020577 1.827007 0.000000
vt -0.020577 1.793173 0.000000
vt -0.020577 1.759340 0.000000
vt -0.020577 1.725506 0.000000
vt -0.020577 1.691673 0.000000
vt -0.020577 1.657840 0.000000
vt -0.020577 1.624006 0.000000
vt -0.020577 1.590173 0.000000
vt -0.020577 1.556339 0.000000
vt -0.020577 1.522506 0.000000
vt -0.020577 1.488672 0.000000
vt -0.020577 1.454839 0.000000
vt -0.020577 1.421005 0.000000
vt -0.020577 1.387172 0.000000
vt -0.020577 1.353338 0.000000
vt -0.020577 1.319505 0.000000
vt -0.020577 1.285671 0.000000
vt -0.020577 1.251838 0.000000
vt -0.020577 1.218005 0.000000
vt -0.020577 1.184171 0.000000
vt -0.020577 1.150338 0.000000
vt -0.020577 1.116504 0.000000
vt -0.020577 1.082671 0.000000
vt -0.020577 1.048837 0.000000
vt -0.020577 1.015004 0.000000
vt -0.020577 0.981170 0.000000
vt -0.020577 0.947337 0.000000
vt -0.020577 0.913503 0.000000
vt -0.020577 0.879670 0.000000
vt -0.020577 0.845837 0.000000
vt -0.020577 0.812003 0.000000
vt -0.020577 0.778170 0.000000
vt -0.020577 0.744336 0.000000
vt -0.020577 0.710503 0.000000
vt -0.020577 0.676669 0.000000
vt -0.020577 0.642836 0.000000
vt -0.020577 0.609002 0.000000
vt -0.020577 0.575169 0.000000
vt -0.020577 0.541335 0.000000
vt -0.020577 0.507502 0.000000
vt -0.020577 0.473668 0.000000
vt -0.020577 0.439835 0.000000
vt -0.020577 0.406002 0.000000
vt -0.034296 3.789348 0.000000
vt -0.034296 3.755514 0.000000
vt -0.034296 3.721681 0.000000
vt -0.034296 3.687847 0.000000
vt -0.034296 3.654014 0.000000
vt -0.034296 3.620130 0.000000
vt -0.034296 3.586347 0.000000
vt -0.034296 3.552513 0.000000
vt -0.034296 3.518680 0.000000
vt -0.034296 3.484846 0.000000
vt -0.034296 3.450913 0.000000
vt -0.034296 3.417179 0.000000
vt -0.034296 3.383346 0.000000
vt -0.034296 3.349513 0.000000
vt -0.034296 3.315679 0.000000
vt -0.034296 3.281696 0.000000
vt -0.034296 3.248012 0.000000
vt -0.034296 3.214179 0.000000
vt -0.034296 3.180345 0.000000
vt -0.034296 3.146512 0.000000
vt -0.034296 3.112479 0.000000
vt -0.034296 3.078845 0.000000
vt -0.034296 3.045011 0.000000
vt -0.034296 3.011178 0.000000
vt -0.034296 2.977344 0.000000
vt -0.034296 2.943262 0.000000
vt -0.034296 2.909678 0.000000
vt -0.034296 2.875844 0.000000
vt -0.034296 2.842011 0.000000
vt -0.034296 2.808177 0.000000
vt -0.034296 2.774044 0.000000
vt -0.034296 2.740510 0.000000
vt -0.034296 2.706677 0.000000
vt -0.034296 2.672843 0.000000
vt -0.034296 2.639010 0.000000
vt -0.034296 2.605176 0.000000
vt -0.034296 2.571343 0.000000
vt -0.034296 2.537510 0.000000
vt -0.034296 2.503676 0.000000
vt -0.034296 2.469843 0.000000
vt -0.034296 2.436009 0.000000
vt -0.034296 2.402176 0.000000
vt -0.034296 2.368342 0.000000
vt -0.034296 2.334509 0.000000
vt -0.034296 2.300675 0.000000
vt -0.034296 2.266842 0.000000
vt -0.034296 2.233008 0.000000
vt -0.034296 2.199175 0.000000
vt -0.034296 2.165341 0.000000
vt -0.034296 2.131508 0.000000
vt -0.034296 2.097675 0.000000
vt -0.034296 2.063841 0.000000
vt -0.034296 2.030008 0.000000
vt -0.034296 1.996174 0.000000
vt -0.034296 1.962341 0.000000
vt -0.034296 1.928507 0.000000
vt -0.034296 1.894674 0.000000
vt -0.034296 1.860840 0.000000
vt -0.034296 1.827007 0.000000
vt -0.034296 1.793173 0.000000
vt -0.034296 1.759340 0.000000
vt -0.034296 1.725506 0.000000
vt -0.034296 1.691673 0.000000
vt -0.034296 1.657840 0.000000
vt -0.034296 1.624006 0.000000
vt -0.034296 1.590173 0.000000
vt -0.034296 1.556339 0.000000
vt -0.034296 1.522506 0.000000
vt -0.034296 1.488672 0.000000
vt -0.034296 1.454839 0.000000
vt -0.034296 1.421005 0.000000
vt -0.034296 1.387172 0.000000
vt -0.034296 1.353338 0.000000
vt -0.034296 1.319505 0.000000
vt -0.034296 1.285671 0.000000
vt -0.034296 1.251838 0.000000
vt -0.034296 1.218005 0.000000
vt -0.034296 1.184171 0.000000
vt -0.034296 1.150338 0.000000
vt -0.034296 1.116504 0.000000
vt -0.034296 1.082671 0.000000
vt -0.034296 1.048837 0.000000
vt -0.034296 1.015004 0.000000
vt -0.034296 0.981170 0.000000
vt -0.034296 0.947337 0.000000
vt -0.034296 0.913503 0.000000
vt -0.034296 0.879670 0.000000
vt -0.034296 0.845837 0.000000
vt -0.034296 0.812003 0.000000
vt -0.034296 0.778170 0.000000
vt -0.034296 0.744336 0.000000
vt -0.034296 0.710503 0.000000
vt -0.034296 0.676669 0.000000
vt -0.034296 0.642836 0.000000
vt -0.034296 0.609002 0.000000
vt -0.034296 0.575169 0.000000
vt -0.034296 0.541335 0.000000
vt -0.034296 0.507502 0.000000
vt -0.034296 0.473668 0.000000
vt -0.034296 0.439835 0.000000
vt -0.061732 0.405004 0.000000
vt -0.061732 0.376801 0.000000
vt -0.048014 0.372168 0.000000
vt -0.061732 0.348598 0.000000
vt -0.048014 0.338335 0.000000
vt -0.061732 0.320395 0.000000
vt -0.048014 0.304501 0.000000
vt -0.061732 0.292192 0.000000
vt -0.048014 0.270668 0.000000
vt -0.061732 0.263989 0.000000
vt -0.048014 0.236834 0.000000
vt -0.061732 0.235787 0.000000
vt -0.061732 0.207584 0.000000
vt -0.061732 0.179381 0.000000
vt -0.055291 0.180999 0.000000
vt -0.048014 0.203001 0.000000
vt -0.034296 0.203001 0.000000
vt -0.034296 0.236834 0.000000
vt -0.020577 0.203001 0.000000
vt -0.020577 0.236834 0.000000
vt -0.006859 0.203001 0.000000
vt -0.006859 0.236834 0.000000
vt 0.006859 0.203001 0.000000
vt 0.006859 0.236834 0.000000
vt 0.020577 0.203001 0.000000
vt -0.048407 0.181173 0.000000
vt -0.041779 0.179669 0.000000
vt -0.034316 0.175681 0.000000
vt -0.020577 0.169167 0.000000
vt -0.035092 0.086816 0.000000
vt -0.043049 0.082889 0.000000
vt -0.048014 0.067667 0.000000
vt -0.052229 0.081096 0.000000
vt -0.061732 0.061447 0.000000
vt -0.061732 0.081929 0.000000
vt -0.061732 0.040964 0.000000
vt -0.006859 0.000000 0.000000
vt -0.006859 0.033833 0.000000
vt -0.006859 0.067667 0.000000
vt -0.006859 0.101500 0.000000
vt 0.006859 0.101500 0.000000
vt 0.006859 0.000000 0.000000
vt 0.006859 0.033833 0.000000
vt 0.006859 0.067667 0.000000
vt 0.020577 0.000000 0.000000
vt 0.020577 0.033833 0.000000
vt 0.020577 0.067667 0.000000
vt 0.034296 0.000000 0.000000
vt 0.034296 0.033833 0.000000
vt -0.006859 0.270668 0.000000
vt -0.020577 0.270668 0.000000
vt -0.034296 0.270668 0.000000
vt -0.020577 0.304501 0.000000
vt -0.034296 0.304501 0.000000
vt -0.034296 0.338335 0.000000
vt 0.000000 -0.019650 0.000000
vt 0.012631 -0.015053 0.000000
vt -0.012631 -0.015053 0.000000
vt -0.019351 -0.003412 0.000000
vt 0.019351 -0.003412 0.000000
vt -0.017017 0.009825 0.000000
vt 0.017017 0.009825 0.000000
vt -0.006721 0.018465 0.000000
vt 0.006721 0.018465 0.000000
vt -0.000000 -0.019650 0.000000
vt 0.012631 -0.015053 0.000000
vt -0.012631 -0.015053 0.000000
vt -0.019351 -0.003412 0.000000
vt 0.019351 -0.003412 0.000000
vt -0.017017 0.009825 0.000000
vt 0.017017 0.009825 0.000000
vt -0.006721 0.018465 0.000000
vt 0.006721 0.018465 0.000000
vt -0.061732 0.140438 0.000000
vt -0.054801 0.142209 0.000000
vt -0.061732 0.168945 0.000000
vt -0.048014 0.168945 0.000000
vt -0.061732 0.197453 0.000000
vt -0.048014 0.203001 0.000000
vt -0.061732 0.225960 0.000000
vt -0.048014 0.236834 0.000000
vt -0.061732 0.254467 0.000000
vt -0.048014 0.270668 0.000000
vt -0.061732 0.282974 0.000000
vt -0.048014 0.304501 0.000000
vt -0.061732 0.311481 0.000000
vt -0.048014 0.338335 0.000000
vt -0.061732 0.339988 0.000000
vt -0.061732 0.368495 0.000000
vt -0.048014 0.372168 0.000000
vt -0.061732 0.397002 0.000000
vt -0.048014 0.406002 0.000000
vt -0.061732 0.425509 0.000000
vt -0.048014 0.439835 0.000000
vt -0.061732 0.454017 0.000000
vt -0.048014 0.473668 0.000000
vt -0.061732 0.482524 0.000000
vt -0.048014 0.507502 0.000000
vt -0.061732 0.511031 0.000000
vt -0.048014 0.541335 0.000000
vt -0.061732 0.539538 0.000000
vt -0.061732 0.568045 0.000000
vt -0.048014 0.575169 0.000000
vt -0.061732 0.596552 0.000000
vt -0.048014 0.609002 0.000000
vt -0.061732 0.625059 0.000000
vt -0.048014 0.642836 0.000000
vt -0.061732 0.653566 0.000000
vt -0.048014 0.676669 0.000000
vt -0.061732 0.682073 0.000000
vt -0.048014 0.710580 0.000000
vt -0.061732 0.710580 0.000000
vt -0.061732 0.739088 0.000000
vt -0.048014 0.744336 0.000000
vt -0.061732 0.767595 0.000000
vt -0.048014 0.778170 0.000000
vt -0.061732 0.796102 0.000000
vt -0.048014 0.812003 0.000000
vt -0.061732 0.824609 0.000000
vt -0.048014 0.845837 0.000000
vt -0.061732 0.853116 0.000000
vt -0.048014 0.879670 0.000000
vt -0.061732 0.881623 0.000000
vt -0.061732 0.910130 0.000000
vt -0.048014 0.913503 0.000000
vt -0.061732 0.938637 0.000000
vt -0.048014 0.947337 0.000000
vt -0.061732 0.967144 0.000000
vt -0.048014 0.981170 0.000000
vt -0.061732 0.995651 0.000000
vt -0.048014 1.015004 0.000000
vt -0.061732 1.024159 0.000000
vt -0.048014 1.048837 0.000000
vt -0.061732 1.052666 0.000000
vt -0.048014 1.082671 0.000000
vt -0.061732 1.081173 0.000000
vt -0.061732 1.109680 0.000000
vt -0.048014 1.116504 0.000000
vt -0.061732 1.138187 0.000000
vt -0.048014 1.150338 0.000000
vt -0.061732 1.166694 0.000000
vt -0.048014 1.184171 0.000000
vt -0.061732 1.195201 0.000000
vt -0.048014 1.218005 0.000000
vt -0.061732 1.223708 0.000000
vt -0.048014 1.251838 0.000000
vt -0.061732 1.252215 0.000000
vt -0.061732 1.280722 0.000000
vt -0.048014 1.285671 0.000000
vt -0.061732 1.309230 0.000000
vt -0.048014 1.319505 0.000000
vt -0.061732 1.337737 0.000000
vt -0.048014 1.353338 0.000000
vt -0.061732 1.366244 0.000000
vt -0.048014 1.387172 0.000000
vt -0.061732 1.394751 0.000000
vt -0.048014 1.421005 0.000000
vt -0.061732 1.423258 0.000000
vt -0.061732 1.451765 0.000000
vt -0.048014 1.454839 0.000000
vt -0.061732 1.480272 0.000000
vt -0.048014 1.488672 0.000000
vt -0.061732 1.508779 0.000000
vt -0.048014 1.522506 0.000000
vt -0.061732 1.537286 0.000000
vt -0.048014 1.556339 0.000000
vt -0.061732 1.565794 0.000000
vt -0.048014 1.590173 0.000000
vt -0.061732 1.594301 0.000000
vt -0.048014 1.624006 0.000000
vt -0.061732 1.622808 0.000000
vt -0.061732 1.651315 0.000000
vt -0.048014 1.657840 0.000000
vt -0.061732 1.679822 0.000000
vt -0.048014 1.691673 0.000000
vt -0.061732 1.708329 0.000000
vt -0.048014 1.725506 0.000000
vt -0.061732 1.736836 0.000000
vt -0.048014 1.759340 0.000000
vt -0.061732 1.765343 0.000000
vt -0.048014 1.793173 0.000000
vt -0.061732 1.793850 0.000000
vt -0.061732 1.822357 0.000000
vt -0.048014 1.827007 0.000000
vt -0.061732 1.850865 0.000000
vt -0.048014 1.860840 0.000000
vt -0.061732 1.879372 0.000000
vt -0.048014 1.894674 0.000000
vt -0.061732 1.907879 0.000000
vt -0.048014 1.928507 0.000000
vt -0.061732 1.936386 0.000000
vt -0.048014 1.962341 0.000000
vt -0.061732 1.964893 0.000000
vt -0.061732 1.993400 0.000000
vt -0.048014 1.996174 0.000000
vt -0.061732 2.021907 0.000000
vt -0.048014 2.030008 0.000000
vt -0.061732 2.050414 0.000000
vt -0.048014 2.063841 0.000000
vt -0.061732 2.078921 0.000000
vt -0.048014 2.097675 0.000000
vt -0.061732 2.107428 0.000000
vt -0.048014 2.131508 0.000000
vt -0.061732 2.135936 0.000000
vt -0.048014 2.165341 0.000000
vt -0.061732 2.164443 0.000000
vt -0.061732 2.192950 0.000000
vt -0.048014 2.199175 0.000000
vt -0.061732 2.221457 0.000000
vt -0.048014 2.233008 0.000000
vt -0.061732 2.249964 0.000000
vt -0.048014 2.266842 0.000000
vt -0.061732 2.278471 0.000000
vt -0.048014 2.300675 0.000000
vt -0.061732 2.306978 0.000000
vt -0.048014 2.334509 0.000000
vt -0.061732 2.335485 0.000000
vt -0.061732 2.363992 0.000000
vt -0.048014 2.368342 0.000000
vt -0.061732 2.392500 0.000000
vt -0.048014 2.402176 0.000000
vt -0.061732 2.421007 0.000000
vt -0.048014 2.436009 0.000000
vt -0.061732 2.449514 0.000000
vt -0.048014 2.469843 0.000000
vt -0.061732 2.478021 0.000000
vt -0.048014 2.503676 0.000000
vt -0.061732 2.506528 0.000000
vt -0.048014 2.537510 0.000000
vt -0.061732 2.535035 0.000000
vt -0.061732 2.563542 0.000000
vt -0.048014 2.571343 0.000000
vt -0.061732 2.592049 0.000000
vt -0.048014 2.605176 0.000000
vt -0.061732 2.620556 0.000000
vt -0.048014 2.639010 0.000000
vt -0.061732 2.649063 0.000000
vt -0.048014 2.672843 0.000000
vt -0.061732 2.677571 0.000000
vt -0.048014 2.706677 0.000000
vt -0.061732 2.706078 0.000000
vt -0.061732 2.734585 0.000000
vt -0.048014 2.740510 0.000000
vt -0.061732 2.763092 0.000000
vt -0.048014 2.774344 0.000000
vt -0.061732 2.791599 0.000000
vt -0.048014 2.808177 0.000000
vt -0.061732 2.820106 0.000000
vt -0.048014 2.842011 0.000000
vt -0.061732 2.848613 0.000000
vt -0.048014 2.875844 0.000000
vt -0.061732 2.877120 0.000000
vt -0.061732 2.905627 0.000000
vt -0.048014 2.909678 0.000000
vt -0.061732 2.934134 0.000000
vt -0.048014 2.943511 0.000000
vt -0.061732 2.962642 0.000000
vt -0.048014 2.977344 0.000000
vt -0.061732 2.991149 0.000000
vt -0.048014 3.011178 0.000000
vt -0.061732 3.019656 0.000000
vt -0.048014 3.045011 0.000000
vt -0.061732 3.048163 0.000000
vt -0.048014 3.078845 0.000000
vt -0.061732 3.076670 0.000000
vt -0.061732 3.105177 0.000000
vt -0.048014 3.112678 0.000000
vt -0.061732 3.133684 0.000000
vt -0.048014 3.146512 0.000000
vt -0.061732 3.162191 0.000000
vt -0.048014 3.180345 0.000000
vt -0.061732 3.190698 0.000000
vt -0.048014 3.214179 0.000000
vt -0.061732 3.219205 0.000000
vt -0.048014 3.247713 0.000000
vt -0.061732 3.247713 0.000000
vt -0.061732 3.276220 0.000000
vt -0.048014 3.281846 0.000000
vt -0.061732 3.304727 0.000000
vt -0.048014 3.315679 0.000000
vt -0.061732 3.333234 0.000000
vt -0.048014 3.349513 0.000000
vt -0.061732 3.361741 0.000000
vt -0.048014 3.383346 0.000000
vt -0.061732 3.390248 0.000000
vt -0.048014 3.417179 0.000000
vt -0.061732 3.418755 0.000000
vt -0.061732 3.447262 0.000000
vt -0.048014 3.451013 0.000000
vt -0.061732 3.475769 0.000000
vt -0.048014 3.484846 0.000000
vt -0.061732 3.504277 0.000000
vt -0.048014 3.518680 0.000000
vt -0.061732 3.532784 0.000000
vt -0.048014 3.552513 0.000000
vt -0.061732 3.561291 0.000000
vt -0.048014 3.586347 0.000000
vt -0.061732 3.589798 0.000000
vt -0.048014 3.620180 0.000000
vt -0.061732 3.618305 0.000000
vt -0.061732 3.646812 0.000000
vt -0.048014 3.654014 0.000000
vt -0.061732 3.675319 0.000000
vt -0.048014 3.687847 0.000000
vt -0.061732 3.703826 0.000000
vt -0.048014 3.721681 0.000000
vt -0.061732 3.732333 0.000000
vt -0.048014 3.755514 0.000000
vt -0.061732 3.760840 0.000000
vt -0.048014 3.789348 0.000000
vt -0.061732 3.789348 0.000000
vt -0.047659 0.142233 0.000000
vt -0.040799 0.140353 0.000000
vt -0.034296 0.168945 0.000000
vt -0.033154 0.135592 0.000000
vt -0.020577 0.135554 0.000000
vt -0.014855 0.098981 0.000000
vt -0.006859 0.135513 0.000000
vt -0.006859 0.101500 0.000000
vt 0.006859 0.135472 0.000000
vt 0.006859 0.101500 0.000000
vt 0.020577 0.135430 0.000000
vt 0.020577 0.101500 0.000000
vt 0.034296 0.135389 0.000000
vt 0.034296 0.101500 0.000000
vt 0.048014 0.135348 0.000000
vt 0.048014 0.101500 0.000000
vt 0.048297 0.131913 0.000000
vt 0.061732 0.121900 0.000000
vt 0.061732 0.091425 0.000000
vt 0.048014 0.067667 0.000000
vt 0.061732 0.060950 0.000000
vt 0.048014 0.033833 0.000000
vt 0.061732 0.030475 0.000000
vt 0.048014 0.000000 0.000000
vt 0.061732 0.000000 0.000000
vt -0.006859 0.067667 0.000000
vt -0.018729 0.097035 0.000000
vt -0.023574 0.096462 0.000000
vt -0.020577 0.067667 0.000000
vt -0.028910 0.097809 0.000000
vt -0.034296 0.067667 0.000000
vt -0.034517 0.100763 0.000000
vt -0.048014 0.067667 0.000000
vt -0.048014 0.101500 0.000000
vt -0.061732 0.091425 0.000000
vt -0.061732 0.121900 0.000000
vt -0.047223 0.110178 0.000000
vt -0.061732 0.060950 0.000000
vt -0.048014 0.033833 0.000000
vt -0.034296 0.033833 0.000000
vt -0.034296 0.000000 0.000000
vt -0.020577 0.000000 0.000000
vt -0.061732 0.030475 0.000000
vt -0.048014 0.000000 0.000000
vt -0.061732 0.000000 0.000000
vt -0.020577 0.033833 0.000000
vt -0.006859 0.000000 0.000000
vt -0.006859 0.033833 0.000000
vt 0.006859 0.000000 0.000000
vt 0.006859 0.033833 0.000000
vt 0.020577 0.000000 0.000000
vt 0.020577 0.033833 0.000000
vt 0.034296 0.000000 0.000000
vt 0.034296 0.033833 0.000000
vt 0.055026 0.137090 0.000000
vt 0.061732 0.140438 0.000000
vt 0.048014 0.168945 0.000000
vt 0.061732 0.168945 0.000000
vt 0.061732 0.197453 0.000000
vt 0.048014 0.203001 0.000000
vt 0.061732 0.225960 0.000000
vt 0.048014 0.236834 0.000000
vt 0.061732 0.254467 0.000000
vt 0.048014 0.270668 0.000000
vt 0.061732 0.282974 0.000000
vt 0.048014 0.304501 0.000000
vt 0.061732 0.311481 0.000000
vt 0.048014 0.338335 0.000000
vt 0.061732 0.339988 0.000000
vt 0.061732 0.368495 0.000000
vt 0.048014 0.372168 0.000000
vt 0.061732 0.397002 0.000000
vt 0.048014 0.406002 0.000000
vt 0.061732 0.425509 0.000000
vt 0.048014 0.439835 0.000000
vt 0.061732 0.454017 0.000000
vt 0.048014 0.473668 0.000000
vt 0.061732 0.482524 0.000000
vt 0.048014 0.507502 0.000000
vt 0.061732 0.511031 0.000000
vt 0.048014 0.541335 0.000000
vt 0.061732 0.539538 0.000000
vt 0.061732 0.568045 0.000000
vt 0.048014 0.575169 0.000000
vt 0.061732 0.596552 0.000000
vt 0.048014 0.609002 0.000000
vt 0.061732 0.625059 0.000000
vt 0.048014 0.642836 0.000000
vt 0.061732 0.653566 0.000000
vt 0.048014 0.676669 0.000000
vt 0.061732 0.682073 0.000000
vt 0.048014 0.710580 0.000000
vt 0.061732 0.710580 0.000000
vt 0.061732 0.739088 0.000000
vt 0.048014 0.744336 0.000000
vt 0.061732 0.767595 0.000000
vt 0.048014 0.778170 0.000000
vt 0.061732 0.796102 0.000000
vt 0.048014 0.812003 0.000000
vt 0.061732 0.824609 0.000000
vt 0.048014 0.845837 0.000000
vt 0.061732 0.853116 0.000000
vt 0.048014 0.879670 0.000000
vt 0.061732 0.881623 0.000000
vt 0.061732 0.910130 0.000000
vt 0.048014 0.913503 0.000000
vt 0.061732 0.938637 0.000000
vt 0.048014 0.947337 0.000000
vt 0.061732 0.967144 0.000000
vt 0.048014 0.981170 0.000000
vt 0.061732 0.995651 0.000000
vt 0.048014 1.015004 0.000000
vt 0.061732 1.024159 0.000000
vt 0.048014 1.048837 0.000000
vt 0.061732 1.052666 0.000000
vt 0.048014 1.082671 0.000000
vt 0.061732 1.081173 0.000000
vt 0.061732 1.109680 0.000000
vt 0.048014 1.116504 0.000000
vt 0.061732 1.138187 0.000000
vt 0.048014 1.150338 0.000000
vt 0.061732 1.166694 0.000000
vt 0.048014 1.184171 0.000000
vt 0.061732 1.195201 0.000000
vt 0.048014 1.218005 0.000000
vt 0.061732 1.223708 0.000000
vt 0.048014 1.251838 0.000000
vt 0.061732 1.252215 0.000000
vt 0.061732 1.280722 0.000000
vt 0.048014 1.285671 0.000000
vt 0.061732 1.309230 0.000000
vt 0.048014 1.319505 0.000000
vt 0.061732 1.337737 0.000000
vt 0.048014 1.353338 0.000000
vt 0.061732 1.366244 0.000000
vt 0.048014 1.387172 0.000000
vt 0.061732 1.394751 0.000000
vt 0.048014 1.421005 0.000000
vt 0.061732 1.423258 0.000000
vt 0.061732 1.451765 0.000000
vt 0.048014 1.454839 0.000000
vt 0.061732 1.480272 0.000000
vt 0.048014 1.488672 0.000000
vt 0.061732 1.508779 0.000000
vt 0.048014 1.522506 0.000000
vt 0.061732 1.537286 0.000000
vt 0.048014 1.556339 0.000000
vt 0.061732 1.565794 0.000000
vt 0.048014 1.590173 0.000000
vt 0.061732 1.594301 0.000000
vt 0.048014 1.624006 0.000000
vt 0.061732 1.622808 0.000000
vt 0.061732 1.651315 0.000000
vt 0.048014 1.657840 0.000000
vt 0.061732 1.679822 0.000000
vt 0.048014 1.691673 0.000000
vt 0.061732 1.708329 0.000000
vt 0.048014 1.725506 0.000000
vt 0.061732 1.736836 0.000000
vt 0.048014 1.759340 0.000000
vt 0.061732 1.765343 0.000000
vt 0.048014 1.793173 0.000000
vt 0.061732 1.793850 0.000000
vt 0.061732 1.822357 0.000000
vt 0.048014 1.827007 0.000000
vt 0.061732 1.850865 0.000000
vt 0.048014 1.860840 0.000000
vt 0.061732 1.879372 0.000000
vt 0.048014 1.894674 0.000000
vt 0.061732 1.907879 0.000000
vt 0.048014 1.928507 0.000000
vt 0.061732 1.936386 0.000000
vt 0.048014 1.962341 0.000000
vt 0.061732 1.964893 0.000000
vt 0.061732 1.993400 0.000000
vt 0.048014 1.996174 0.000000
vt 0.061732 2.021907 0.000000
vt 0.048014 2.030008 0.000000
vt 0.061732 2.050414 0.000000
vt 0.048014 2.063841 0.000000
vt 0.061732 2.078921 0.000000
vt 0.048014 2.097675 0.000000
vt 0.061732 2.107428 0.000000
vt 0.048014 2.131508 0.000000
vt 0.061732 2.135936 0.000000
vt 0.048014 2.165341 0.000000
vt 0.061732 2.164443 0.000000
vt 0.061732 2.192950 0.000000
vt 0.048014 2.199175 0.000000
vt 0.061732 2.221457 0.000000
vt 0.048014 2.233008 0.000000
vt 0.061732 2.249964 0.000000
vt 0.048014 2.266842 0.000000
vt 0.061732 2.278471 0.000000
vt 0.048014 2.300675 0.000000
vt 0.061732 2.306978 0.000000
vt 0.048014 2.334509 0.000000
vt 0.061732 2.335485 0.000000
vt 0.061732 2.363992 0.000000
vt 0.048014 2.368342 0.000000
vt 0.061732 2.392500 0.000000
vt 0.048014 2.402176 0.000000
vt 0.061732 2.421007 0.000000
vt 0.048014 2.436009 0.000000
vt 0.061732 2.449514 0.000000
vt 0.048014 2.469843 0.000000
vt 0.061732 2.478021 0.000000
vt 0.048014 2.503676 0.000000
vt 0.061732 2.506528 0.000000
vt 0.048014 2.537510 0.000000
vt 0.061732 2.535035 0.000000
vt 0.061732 2.563542 0.000000
vt 0.048014 2.571343 0.000000
vt 0.061732 2.592049 0.000000
vt 0.048014 2.605176 0.000000
vt 0.061732 2.620556 0.000000
vt 0.048014 2.639010 0.000000
vt 0.061732 2.649063 0.000000
vt 0.048014 2.672843 0.000000
vt 0.061732 2.677571 0.000000
vt 0.048014 2.706677 0.000000
vt 0.061732 2.706078 0.000000
vt 0.061732 2.734585 0.000000
vt 0.048014 2.740510 0.000000
vt 0.061732 2.763092 0.000000
vt 0.048014 2.774344 0.000000
vt 0.061732 2.791599 0.000000
vt 0.048014 2.808177 0.000000
vt 0.061732 2.820106 0.000000
vt 0.048014 2.842011 0.000000
vt 0.061732 2.848613 0.000000
vt 0.048014 2.875844 0.000000
vt 0.061732 2.877120 0.000000
vt 0.061732 2.905627 0.000000
vt 0.048014 2.909678 0.000000
vt 0.061732 2.934134 0.000000
vt 0.048014 2.943511 0.000000
vt 0.061732 2.962642 0.000000
vt 0.048014 2.977344 0.000000
vt 0.061732 2.991149 0.000000
vt 0.048014 3.011178 0.000000
vt 0.061732 3.019656 0.000000
vt 0.048014 3.045011 0.000000
vt 0.061732 3.048163 0.000000
vt 0.048014 3.078845 0.000000
vt 0.061732 3.076670 0.000000
vt 0.061732 3.105177 0.000000
vt 0.048014 3.112678 0.000000
vt 0.061732 3.133684 0.000000
vt 0.048014 3.146512 0.000000
vt 0.061732 3.162191 0.000000
vt 0.048014 3.180345 0.000000
vt 0.061732 3.190698 0.000000
vt 0.048014 3.214179 0.000000
vt 0.061732 3.219205 0.000000
vt 0.048014 3.247713 0.000000
vt 0.061732 3.247713 0.000000
vt 0.061732 3.276220 0.000000
vt 0.048014 3.281846 0.000000
vt 0.061732 3.304727 0.000000
vt 0.048014 3.315679 0.000000
vt 0.061732 3.333234 0.000000
vt 0.048014 3.349513 0.000000
vt 0.061732 3.361741 0.000000
vt 0.048014 3.383346 0.000000
vt 0.061732 3.390248 0.000000
vt 0.048014 3.417179 0.000000
vt 0.061732 3.418755 0.000000
vt 0.061732 3.447262 0.000000
vt 0.048014 3.451013 0.000000
vt 0.061732 3.475769 0.000000
vt 0.048014 3.484846 0.000000
vt 0.061732 3.504277 0.000000
vt 0.048014 3.518680 0.000000
vt 0.061732 3.532784 0.000000
vt 0.048014 3.552513 0.000000
vt 0.061732 3.561291 0.000000
vt 0.048014 3.586347 0.000000
vt 0.061732 3.589798 0.000000
vt 0.048014 3.620180 0.000000
vt 0.061732 3.618305 0.000000
vt 0.061732 3.646812 0.000000
vt 0.048014 3.654014 0.000000
vt 0.061732 3.675319 0.000000
vt 0.048014 3.687847 0.000000
vt 0.061732 3.703826 0.000000
vt 0.048014 3.721681 0.000000
vt 0.061732 3.732333 0.000000
vt 0.048014 3.755514 0.000000
vt 0.061732 3.760840 0.000000
vt 0.048014 3.789348 0.000000
vt 0.061732 3.789348 0.000000
vt 0.034296 3.789348 0.000000
vt 0.034296 3.755514 0.000000
vt 0.034296 3.721681 0.000000
vt 0.034296 3.687847 0.000000
vt 0.034296 3.654014 0.000000
vt 0.034296 3.620180 0.000000
vt 0.034296 3.586347 0.000000
vt 0.034296 3.552513 0.000000
vt 0.034296 3.518680 0.000000
vt 0.034296 3.484846 0.000000
vt 0.034296 3.451013 0.000000
vt 0.034296 3.417179 0.000000
vt 0.034296 3.383346 0.000000
vt 0.034296 3.349513 0.000000
vt 0.034296 3.315679 0.000000
vt 0.034296 3.281846 0.000000
vt 0.034296 3.247713 0.000000
vt 0.034296 3.214179 0.000000
vt 0.034296 3.180345 0.000000
vt 0.034296 3.146512 0.000000
vt 0.034296 3.112678 0.000000
vt 0.034296 3.078845 0.000000
vt 0.034296 3.045011 0.000000
vt 0.034296 3.011178 0.000000
vt 0.034296 2.977344 0.000000
vt 0.034296 2.943511 0.000000
vt 0.034296 2.909678 0.000000
vt 0.034296 2.875844 0.000000
vt 0.034296 2.842011 0.000000
vt 0.034296 2.808177 0.000000
vt 0.034296 2.774344 0.000000
vt 0.034296 2.740510 0.000000
vt 0.034296 2.706677 0.000000
vt 0.034296 2.672843 0.000000
vt 0.034296 2.639010 0.000000
vt 0.034296 2.605176 0.000000
vt 0.034296 2.571343 0.000000
vt 0.034296 2.537510 0.000000
vt 0.034296 2.503676 0.000000
vt 0.034296 2.469843 0.000000
vt 0.034296 2.436009 0.000000
vt 0.034296 2.402176 0.000000
vt 0.034296 2.368342 0.000000
vt 0.034296 2.334509 0.000000
vt 0.034296 2.300675 0.000000
vt 0.034296 2.266842 0.000000
vt 0.034296 2.233008 0.000000
vt 0.034296 2.199175 0.000000
vt 0.034296 2.165341 0.000000
vt 0.034296 2.131508 0.000000
vt 0.034296 2.097675 0.000000
vt 0.034296 2.063841 0.000000
vt 0.034296 2.030008 0.000000
vt 0.034296 1.996174 0.000000
vt 0.034296 1.962341 0.000000
vt 0.034296 1.928507 0.000000
vt 0.034296 1.894674 0.000000
vt 0.034296 1.860840 0.000000
vt 0.034296 1.827007 0.000000
vt 0.034296 1.793173 0.000000
vt 0.034296 1.759340 0.000000
vt 0.034296 1.725506 0.000000
vt 0.034296 1.691673 0.000000
vt 0.034296 1.657840 0.000000
vt 0.034296 1.624006 0.000000
vt 0.034296 1.590173 0.000000
vt 0.034296 1.556339 0.000000
vt 0.034296 1.522506 0.000000
vt 0.034296 1.488672 0.000000
vt 0.034296 1.454839 0.000000
vt 0.034296 1.421005 0.000000
vt 0.034296 1.387172 0.000000
vt 0.034296 1.353338 0.000000
vt 0.034296 1.319505 0.000000
vt 0.034296 1.285671 0.000000
vt 0.034296 1.251838 0.000000
vt 0.034296 1.218005 0.000000
vt 0.034296 1.184171 0.000000
vt 0.034296 1.150338 0.000000
vt 0.034296 1.116504 0.000000
vt 0.034296 1.082671 0.000000
vt 0.034296 1.048837 0.000000
vt 0.034296 1.015004 0.000000
vt 0.034296 0.981170 0.000000
vt 0.034296 0.947337 0.000000
vt 0.034296 0.913503 0.000000
vt 0.034296 0.879670 0.000000
vt 0.034296 0.845837 0.000000
vt 0.034296 0.812003 0.000000
vt 0.034296 0.778170 0.000000
vt 0.034296 0.744336 0.000000
vt 0.034296 0.710580 0.000000
vt 0.034296 0.676669 0.000000
vt 0.034296 0.642836 0.000000
vt 0.034296 0.609002 0.000000
vt 0.034296 0.575169 0.000000
vt 0.034296 0.541335 0.000000
vt 0.034296 0.507502 0.000000
vt 0.034296 0.473668 0.000000
vt 0.034296 0.439835 0.000000
vt 0.034296 0.406002 0.000000
vt 0.034296 0.372168 0.000000
vt 0.034296 0.338335 0.000000
vt 0.034296 0.304501 0.000000
vt 0.034296 0.270668 0.000000
vt 0.034296 0.236834 0.000000
vt 0.034296 0.203001 0.000000
vt 0.034296 0.168945 0.000000
vt 0.020577 3.789348 0.000000
vt 0.020577 3.755514 0.000000
vt 0.020577 3.721681 0.000000
vt 0.020577 3.687847 0.000000
vt 0.020577 3.654014 0.000000
vt 0.020577 3.620180 0.000000
vt 0.020577 3.586347 0.000000
vt 0.020577 3.552513 0.000000
vt 0.020577 3.518680 0.000000
vt 0.020577 3.484846 0.000000
vt 0.020577 3.451013 0.000000
vt 0.020577 3.417179 0.000000
vt 0.020577 3.383346 0.000000
vt 0.020577 3.349513 0.000000
vt 0.020577 3.315679 0.000000
vt 0.020577 3.281846 0.000000
vt 0.020577 3.247713 0.000000
vt 0.020577 3.214179 0.000000
vt 0.020577 3.180345 0.000000
vt 0.020577 3.146512 0.000000
vt 0.020577 3.112678 0.000000
vt 0.020577 3.078845 0.000000
vt 0.020577 3.045011 0.000000
vt 0.020577 3.011178 0.000000
vt 0.020577 2.977344 0.000000
vt 0.020577 2.943511 0.000000
vt 0.020577 2.909678 0.000000
vt 0.020577 2.875844 0.000000
vt 0.020577 2.842011 0.000000
vt 0.020577 2.808177 0.000000
vt 0.020577 2.774344 0.000000
vt 0.020577 2.740510 0.000000
vt 0.020577 2.706677 0.000000
vt 0.020577 2.672843 0.000000
vt 0.020577 2.639010 0.000000
vt 0.020577 2.605176 0.000000
vt 0.020577 2.571343 0.000000
vt 0.020577 2.537510 0.000000
vt 0.020577 2.503676 0.000000
vt 0.020577 2.469843 0.000000
vt 0.020577 2.436009 0.000000
vt 0.020577 2.402176 0.000000
vt 0.020577 2.368342 0.000000
vt 0.020577 2.334509 0.000000
vt 0.020577 2.300675 0.000000
vt 0.020577 2.266842 0.000000
vt 0.020577 2.233008 0.000000
vt 0.020577 2.199175 0.000000
vt 0.020577 2.165341 0.000000
vt 0.020577 2.131508 0.000000
vt 0.020577 2.097675 0.000000
vt 0.020577 2.063841 0.000000
vt 0.020577 2.030008 0.000000
vt 0.020577 1.996174 0.000000
vt 0.020577 1.962341 0.000000
vt 0.020577 1.928507 0.000000
vt 0.020577 1.894674 0.000000
vt 0.020577 1.860840 0.000000
vt 0.020577 1.827007 0.000000
vt 0.020577 1.793173 0.000000
vt 0.020577 1.759340 0.000000
vt 0.020577 1.725506 0.000000
vt 0.020577 1.691673 0.000000
vt 0.020577 1.657840 0.000000
vt 0.020577 1.624006 0.000000
vt 0.020577 1.590173 0.000000
vt 0.020577 1.556339 0.000000
vt 0.020577 1.522506 0.000000
vt 0.020577 1.488672 0.000000
vt 0.020577 1.454839 0.000000
vt 0.020577 1.421005 0.000000
vt 0.020577 1.387172 0.000000
vt 0.020577 1.353338 0.000000
vt 0.020577 1.319505 0.000000
vt 0.020577 1.285671 0.000000
vt 0.020577 1.251838 0.000000
vt 0.020577 1.218005 0.000000
vt 0.020577 1.184171 0.000000
vt 0.020577 1.150338 0.000000
vt 0.020577 1.116504 0.000000
vt 0.020577 1.082671 0.000000
vt 0.020577 1.048837 0.000000
vt 0.020577 1.015004 0.000000
vt 0.020577 0.981170 0.000000
vt 0.020577 0.947337 0.000000
vt 0.020577 0.913503 0.000000
vt 0.020577 0.879670 0.000000
vt 0.020577 0.845837 0.000000
vt 0.020577 0.812003 0.000000
vt 0.020577 0.778170 0.000000
vt 0.020577 0.744336 0.000000
vt 0.020577 0.710580 0.000000
vt 0.020577 0.676669 0.000000
vt 0.020577 0.642836 0.000000
vt 0.020577 0.609002 0.000000
vt 0.020577 0.575169 0.000000
vt 0.020577 0.541335 0.000000
vt 0.020577 0.507502 0.000000
vt 0.020577 0.473668 0.000000
vt 0.020577 0.439835 0.000000
vt 0.020577 0.406002 0.000000
vt 0.020577 0.372168 0.000000
vt 0.020577 0.338335 0.000000
vt 0.020577 0.304501 0.000000
vt 0.020577 0.270668 0.000000
vt 0.020577 0.236834 0.000000
vt 0.020577 0.203001 0.000000
vt 0.020577 0.168945 0.000000
vt 0.006859 3.789348 0.000000
vt 0.006859 3.755514 0.000000
vt 0.006859 3.721681 0.000000
vt 0.006859 3.687847 0.000000
vt 0.006859 3.654014 0.000000
vt 0.006859 3.620180 0.000000
vt 0.006859 3.586347 0.000000
vt 0.006859 3.552513 0.000000
vt 0.006859 3.518680 0.000000
vt 0.006859 3.484846 0.000000
vt 0.006859 3.451013 0.000000
vt 0.006859 3.417179 0.000000
vt 0.006859 3.383346 0.000000
vt 0.006859 3.349513 0.000000
vt 0.006859 3.315679 0.000000
vt 0.006859 3.281846 0.000000
vt 0.006859 3.247713 0.000000
vt 0.006859 3.214179 0.000000
vt 0.006859 3.180345 0.000000
vt 0.006859 3.146512 0.000000
vt 0.006859 3.112678 0.000000
vt 0.006859 3.078845 0.000000
vt 0.006859 3.045011 0.000000
vt 0.006859 3.011178 0.000000
vt 0.006859 2.977344 0.000000
vt 0.006859 2.943511 0.000000
vt 0.006859 2.909678 0.000000
vt 0.006859 2.875844 0.000000
vt 0.006859 2.842011 0.000000
vt 0.006859 2.808177 0.000000
vt 0.006859 2.774344 0.000000
vt 0.006859 2.740510 0.000000
vt 0.006859 2.706677 0.000000
vt 0.006859 2.672843 0.000000
vt 0.006859 2.639010 0.000000
vt 0.006859 2.605176 0.000000
vt 0.006859 2.571343 0.000000
vt 0.006859 2.537510 0.000000
vt 0.006859 2.503676 0.000000
vt 0.006859 2.469843 0.000000
vt 0.006859 2.436009 0.000000
vt 0.006859 2.402176 0.000000
vt 0.006859 2.368342 0.000000
vt 0.006859 2.334509 0.000000
vt 0.006859 2.300675 0.000000
vt 0.006859 2.266842 0.000000
vt 0.006859 2.233008 0.000000
vt 0.006859 2.199175 0.000000
vt 0.006859 2.165341 0.000000
vt 0.006859 2.131508 0.000000
vt 0.006859 2.097675 0.000000
vt 0.006859 2.063841 0.000000
vt 0.006859 2.030008 0.000000
vt 0.006859 1.996174 0.000000
vt 0.006859 1.962341 0.000000
vt 0.006859 1.928507 0.000000
vt 0.006859 1.894674 0.000000
vt 0.006859 1.860840 0.000000
vt 0.006859 1.827007 0.000000
vt 0.006859 1.793173 0.000000
vt 0.006859 1.759340 0.000000
vt 0.006859 1.725506 0.000000
vt 0.006859 1.691673 0.000000
vt 0.006859 1.657840 0.000000
vt 0.006859 1.624006 0.000000
vt 0.006859 1.590173 0.000000
vt 0.006859 1.556339 0.000000
vt 0.006859 1.522506 0.000000
vt 0.006859 1.488672 0.000000
vt 0.006859 1.454839 0.000000
vt 0.006859 1.421005 0.000000
vt 0.006859 1.387172 0.000000
vt 0.006859 1.353338 0.000000
vt 0.006859 1.319505 0.000000
vt 0.006859 1.285671 0.000000
vt 0.006859 1.251838 0.000000
vt 0.006859 1.218005 0.000000
vt 0.006859 1.184171 0.000000
vt 0.006859 1.150338 0.000000
vt 0.006859 1.116504 0.000000
vt 0.006859 1.082671 0.000000
vt 0.006859 1.048837 0.000000
vt 0.006859 1.015004 0.000000
vt 0.006859 0.981170 0.000000
vt 0.006859 0.947337 0.000000
vt 0.006859 0.913503 0.000000
vt 0.006859 0.879670 0.000000
vt 0.006859 0.845837 0.000000
vt 0.006859 0.812003 0.000000
vt 0.006859 0.778170 0.000000
vt 0.006859 0.744336 0.000000
vt 0.006859 0.710580 0.000000
vt 0.006859 0.676669 0.000000
vt 0.006859 0.642836 0.000000
vt 0.006859 0.609002 0.000000
vt 0.006859 0.575169 0.000000
vt 0.006859 0.541335 0.000000
vt 0.006859 0.507502 0.000000
vt 0.006859 0.473668 0.000000
vt 0.006859 0.439835 0.000000
vt 0.006859 0.406002 0.000000
vt 0.006859 0.372168 0.000000
vt 0.006859 0.338335 0.000000
vt 0.006859 0.304501 0.000000
vt 0.006859 0.270668 0.000000
vt 0.006859 0.236834 0.000000
vt 0.006859 0.203001 0.000000
vt 0.006859 0.168945 0.000000
vt -0.006859 3.789348 0.000000
vt -0.006859 3.755514 0.000000
vt -0.006859 3.721681 0.000000
vt -0.006859 3.687847 0.000000
vt -0.006859 3.654014 0.000000
vt -0.006859 3.620180 0.000000
vt -0.006859 3.586347 0.000000
vt -0.006859 3.552513 0.000000
vt -0.006859 3.518680 0.000000
vt -0.006859 3.484846 0.000000
vt -0.006859 3.451013 0.000000
vt -0.006859 3.417179 0.000000
vt -0.006859 3.383346 0.000000
vt -0.006859 3.349513 0.000000
vt -0.006859 3.315679 0.000000
vt -0.006859 3.281846 0.000000
vt -0.006859 3.247713 0.000000
vt -0.006859 3.214179 0.000000
vt -0.006859 3.180345 0.000000
vt -0.006859 3.146512 0.000000
vt -0.006859 3.112678 0.000000
vt -0.006859 3.078845 0.000000
vt -0.006859 3.045011 0.000000
vt -0.006859 3.011178 0.000000
vt -0.006859 2.977344 0.000000
vt -0.006859 2.943511 0.000000
vt -0.006859 2.909678 0.000000
vt -0.006859 2.875844 0.000000
vt -0.006859 2.842011 0.000000
vt -0.006859 2.808177 0.000000
vt -0.006859 2.774344 0.000000
vt -0.006859 2.740510 0.000000
vt -0.006859 2.706677 0.000000
vt -0.006859 2.672843 0.000000
vt -0.006859 2.639010 0.000000
vt -0.006859 2.605176 0.000000
vt -0.006859 2.571343 0.000000
vt -0.006859 2.537510 0.000000
vt -0.006859 2.503676 0.000000
vt -0.006859 2.469843 0.000000
vt -0.006859 2.436009 0.000000
vt -0.006859 2.402176 0.000000
vt -0.006859 2.368342 0.000000
vt -0.006859 2.334509 0.000000
vt -0.006859 2.300675 0.000000
vt -0.006859 2.266842 0.000000
vt -0.006859 2.233008 0.000000
vt -0.006859 2.199175 0.000000
vt -0.006859 2.165341 0.000000
vt -0.006859 2.131508 0.000000
vt -0.006859 2.097675 0.000000
vt -0.006859 2.063841 0.000000
vt -0.006859 2.030008 0.000000
vt -0.006859 1.996174 0.000000
vt -0.006859 1.962341 0.000000
vt -0.006859 1.928507 0.000000
vt -0.006859 1.894674 0.000000
vt -0.006859 1.860840 0.000000
vt -0.006859 1.827007 0.000000
vt -0.006859 1.793173 0.000000
vt -0.006859 1.759340 0.000000
vt -0.006859 1.725506 0.000000
vt -0.006859 1.691673 0.000000
vt -0.006859 1.657840 0.000000
vt -0.006859 1.624006 0.000000
vt -0.006859 1.590173 0.000000
vt -0.006859 1.556339 0.000000
vt -0.006859 1.522506 0.000000
vt -0.006859 1.488672 0.000000
vt -0.006859 1.454839 0.000000
vt -0.006859 1.421005 0.000000
vt -0.006859 1.387172 0.000000
vt -0.006859 1.353338 0.000000
vt -0.006859 1.319505 0.000000
vt -0.006859 1.285671 0.000000
vt -0.006859 1.251838 0.000000
vt -0.006859 1.218005 0.000000
vt -0.006859 1.184171 0.000000
vt -0.006859 1.150338 0.000000
vt -0.006859 1.116504 0.000000
vt -0.006859 1.082671 0.000000
vt -0.006859 1.048837 0.000000
vt -0.006859 1.015004 0.000000
vt -0.006859 0.981170 0.000000
vt -0.006859 0.947337 0.000000
vt -0.006859 0.913503 0.000000
vt -0.006859 0.879670 0.000000
vt -0.006859 0.845837 0.000000
vt -0.006859 0.812003 0.000000
vt -0.006859 0.778170 0.000000
vt -0.006859 0.744336 0.000000
vt -0.006859 0.710580 0.000000
vt -0.006859 0.676669 0.000000
vt -0.006859 0.642836 0.000000
vt -0.006859 0.609002 0.000000
vt -0.006859 0.575169 0.000000
vt -0.006859 0.541335 0.000000
vt -0.006859 0.507502 0.000000
vt -0.006859 0.473668 0.000000
vt -0.006859 0.439835 0.000000
vt -0.006859 0.406002 0.000000
vt -0.006859 0.372168 0.000000
vt -0.006859 0.338335 0.000000
vt -0.006859 0.304501 0.000000
vt -0.006859 0.270668 0.000000
vt -0.006859 0.236834 0.000000
vt -0.006859 0.203001 0.000000
vt -0.006859 0.168945 0.000000
vt -0.020577 3.789348 0.000000
vt -0.020577 3.755514 0.000000
vt -0.020577 3.721681 0.000000
vt -0.020577 3.687847 0.000000
vt -0.020577 3.654014 0.000000
vt -0.020577 3.620180 0.000000
vt -0.020577 3.586347 0.000000
vt -0.020577 3.552513 0.000000
vt -0.020577 3.518680 0.000000
vt -0.020577 3.484846 0.000000
vt -0.020577 3.451013 0.000000
vt -0.020577 3.417179 0.000000
vt -0.020577 3.383346 0.000000
vt -0.020577 3.349513 0.000000
vt -0.020577 3.315679 0.000000
vt -0.020577 3.281846 0.000000
vt -0.020577 3.247713 0.000000
vt -0.020577 3.214179 0.000000
vt -0.020577 3.180345 0.000000
vt -0.020577 3.146512 0.000000
vt -0.020577 3.112678 0.000000
vt -0.020577 3.078845 0.000000
vt -0.020577 3.045011 0.000000
vt -0.020577 3.011178 0.000000
vt -0.020577 2.977344 0.000000
vt -0.020577 2.943511 0.000000
vt -0.020577 2.909678 0.000000
vt -0.020577 2.875844 0.000000
vt -0.020577 2.842011 0.000000
vt -0.020577 2.808177 0.000000
vt -0.020577 2.774344 0.000000
vt -0.020577 2.740510 0.000000
vt -0.020577 2.706677 0.000000
vt -0.020577 2.672843 0.000000
vt -0.020577 2.639010 0.000000
vt -0.020577 2.605176 0.000000
vt -0.020577 2.571343 0.000000
vt -0.020577 2.537510 0.000000
vt -0.020577 2.503676 0.000000
vt -0.020577 2.469843 0.000000
vt -0.020577 2.436009 0.000000
vt -0.020577 2.402176 0.000000
vt -0.020577 2.368342 0.000000
vt -0.020577 2.334509 0.000000
vt -0.020577 2.300675 0.000000
vt -0.020577 2.266842 0.000000
vt -0.020577 2.233008 0.000000
vt -0.020577 2.199175 0.000000
vt -0.020577 2.165341 0.000000
vt -0.020577 2.131508 0.000000
vt -0.020577 2.097675 0.000000
vt -0.020577 2.063841 0.000000
vt -0.020577 2.030008 0.000000
vt -0.020577 1.996174 0.000000
vt -0.020577 1.962341 0.000000
vt -0.020577 1.928507 0.000000
vt -0.020577 1.894674 0.000000
vt -0.020577 1.860840 0.000000
vt -0.020577 1.827007 0.000000
vt -0.020577 1.793173 0.000000
vt -0.020577 1.759340 0.000000
vt -0.020577 1.725506 0.000000
vt -0.020577 1.691673 0.000000
vt -0.020577 1.657840 0.000000
vt -0.020577 1.624006 0.000000
vt -0.020577 1.590173 0.000000
vt -0.020577 1.556339 0.000000
vt -0.020577 1.522506 0.000000
vt -0.020577 1.488672 0.000000
vt -0.020577 1.454839 0.000000
vt -0.020577 1.421005 0.000000
vt -0.020577 1.387172 0.000000
vt -0.020577 1.353338 0.000000
vt -0.020577 1.319505 0.000000
vt -0.020577 1.285671 0.000000
vt -0.020577 1.251838 0.000000
vt -0.020577 1.218005 0.000000
vt -0.020577 1.184171 0.000000
vt -0.020577 1.150338 0.000000
vt -0.020577 1.116504 0.000000
vt -0.020577 1.082671 0.000000
vt -0.020577 1.048837 0.000000
vt -0.020577 1.015004 0.000000
vt -0.020577 0.981170 0.000000
vt -0.020577 0.947337 0.000000
vt -0.020577 0.913503 0.000000
vt -0.020577 0.879670 0.000000
vt -0.020577 0.845837 0.000000
vt -0.020577 0.812003 0.000000
vt -0.020577 0.778170 0.000000
vt -0.020577 0.744336 0.000000
vt -0.020577 0.710580 0.000000
vt -0.020577 0.676669 0.000000
vt -0.020577 0.642836 0.000000
vt -0.020577 0.609002 0.000000
vt -0.020577 0.575169 0.000000
vt -0.020577 0.541335 0.000000
vt -0.020577 0.507502 0.000000
vt -0.020577 0.473668 0.000000
vt -0.020577 0.439835 0.000000
vt -0.020577 0.406002 0.000000
vt -0.020577 0.372168 0.000000
vt -0.020577 0.338335 0.000000
vt -0.020577 0.304501 0.000000
vt -0.020577 0.270668 0.000000
vt -0.020577 0.236834 0.000000
vt -0.020577 0.203001 0.000000
vt -0.020577 0.168945 0.000000
vt -0.034296 3.789348 0.000000
vt -0.034296 3.755514 0.000000
vt -0.034296 3.721681 0.000000
vt -0.034296 3.687847 0.000000
vt -0.034296 3.654014 0.000000
vt -0.034296 3.620180 0.000000
vt -0.034296 3.586347 0.000000
vt -0.034296 3.552513 0.000000
vt -0.034296 3.518680 0.000000
vt -0.034296 3.484846 0.000000
vt -0.034296 3.451013 0.000000
vt -0.034296 3.417179 0.000000
vt -0.034296 3.383346 0.000000
vt -0.034296 3.349513 0.000000
vt -0.034296 3.315679 0.000000
vt -0.034296 3.281846 0.000000
vt -0.034296 3.247713 0.000000
vt -0.034296 3.214179 0.000000
vt -0.034296 3.180345 0.000000
vt -0.034296 3.146512 0.000000
vt -0.034296 3.112678 0.000000
vt -0.034296 3.078845 0.000000
vt -0.034296 3.045011 0.000000
vt -0.034296 3.011178 0.000000
vt -0.034296 2.977344 0.000000
vt -0.034296 2.943511 0.000000
vt -0.034296 2.909678 0.000000
vt -0.034296 2.875844 0.000000
vt -0.034296 2.842011 0.000000
vt -0.034296 2.808177 0.000000
vt -0.034296 2.774344 0.000000
vt -0.034296 2.740510 0.000000
vt -0.034296 2.706677 0.000000
vt -0.034296 2.672843 0.000000
vt -0.034296 2.639010 0.000000
vt -0.034296 2.605176 0.000000
vt -0.034296 2.571343 0.000000
vt -0.034296 2.537510 0.000000
vt -0.034296 2.503676 0.000000
vt -0.034296 2.469843 0.000000
vt -0.034296 2.436009 0.000000
vt -0.034296 2.402176 0.000000
vt -0.034296 2.368342 0.000000
vt -0.034296 2.334509 0.000000
vt -0.034296 2.300675 0.000000
vt -0.034296 2.266842 0.000000
vt -0.034296 2.233008 0.000000
vt -0.034296 2.199175 0.000000
vt -0.034296 2.165341 0.000000
vt -0.034296 2.131508 0.000000
vt -0.034296 2.097675 0.000000
vt -0.034296 2.063841 0.000000
vt -0.034296 2.030008 0.000000
vt -0.034296 1.996174 0.000000
vt -0.034296 1.962341 0.000000
vt -0.034296 1.928507 0.000000
vt -0.034296 1.894674 0.000000
vt -0.034296 1.860840 0.000000
vt -0.034296 1.827007 0.000000
vt -0.034296 1.793173 0.000000
vt -0.034296 1.759340 0.000000
vt -0.034296 1.725506 0.000000
vt -0.034296 1.691673 0.000000
vt -0.034296 1.657840 0.000000
vt -0.034296 1.624006 0.000000
vt -0.034296 1.590173 0.000000
vt -0.034296 1.556339 0.000000
vt -0.034296 1.522506 0.000000
vt -0.034296 1.488672 0.000000
vt -0.034296 1.454839 0.000000
vt -0.034296 1.421005 0.000000
vt -0.034296 1.387172 0.000000
vt -0.034296 1.353338 0.000000
vt -0.034296 1.319505 0.000000
vt -0.034296 1.285671 0.000000
vt -0.034296 1.251838 0.000000
vt -0.034296 1.218005 0.000000
vt -0.034296 1.184171 0.000000
vt -0.034296 1.150338 0.000000
vt -0.034296 1.116504 0.000000
vt -0.034296 1.082671 0.000000
vt -0.034296 1.048837 0.000000
vt -0.034296 1.015004 0.000000
vt -0.034296 0.981170 0.000000
vt -0.034296 0.947337 0.000000
vt -0.034296 0.913503 0.000000
vt -0.034296 0.879670 0.000000
vt -0.034296 0.845837 0.000000
vt -0.034296 0.812003 0.000000
vt -0.034296 0.778170 0.000000
vt -0.034296 0.744336 0.000000
vt -0.034296 0.710580 0.000000
vt -0.034296 0.676669 0.000000
vt -0.034296 0.642836 0.000000
vt -0.034296 0.609002 0.000000
vt -0.034296 0.575169 0.000000
vt -0.034296 0.541335 0.000000
vt -0.034296 0.507502 0.000000
vt -0.034296 0.473668 0.000000
vt -0.034296 0.439835 0.000000
vt -0.034296 0.406002 0.000000
vt -0.034296 0.372168 0.000000
vt -0.034296 0.338335 0.000000
vt -0.034296 0.304501 0.000000
vt -0.034296 0.270668 0.000000
vt -0.034296 0.236834 0.000000
vt -0.034296 0.203001 0.000000
vt 0.006859 0.067667 0.000000
vt 0.020577 0.067667 0.000000
vt 0.034296 0.067667 0.000000
vt 0.000000 -0.019650 0.000000
vt 0.012631 -0.015053 0.000000
vt -0.012631 -0.015053 0.000000
vt -0.019351 -0.003412 0.000000
vt 0.019351 -0.003412 0.000000
vt -0.017017 0.009825 0.000000
vt 0.017017 0.009825 0.000000
vt -0.006721 0.018465 0.000000
vt 0.006721 0.018465 0.000000
vt 0.000000 -0.019650 0.000000
vt 0.012631 -0.015053 0.000000
vt -0.012631 -0.015053 0.000000
vt -0.019351 -0.003412 0.000000
vt 0.019351 -0.003412 0.000000
vt -0.017017 0.009825 0.000000
vt 0.017017 0.009825 0.000000
vt -0.006721 0.018465 0.000000
vt 0.006721 0.018465 0.000000
vt 0.000000 1.149609 0.000000
vt 0.025717 1.111205 0.000000
vt 0.000000 1.150000 0.000000
vt 1.500000 1.150000 0.000000
vt 0.028511 1.101206 0.000000
vt 0.027704 1.093625 0.000000
vt 0.023746 1.087730 0.000000
vt 0.017307 1.084672 0.000000
vt 1.500000 0.800000 0.000000
vt 0.000000 0.800000 0.000000
vt 0.009238 1.084857 0.000000
vt 0.000000 1.088734 0.000000
vt 0.061732 0.222439 0.000000
vt 0.061732 0.254216 0.000000
vt 0.048014 0.236834 0.000000
vt 0.054829 0.262754 0.000000
vt 0.048014 0.270668 0.000000
vt 0.053712 0.273160 0.000000
vt 0.056504 0.281301 0.000000
vt 0.048014 0.304501 0.000000
vt 0.061732 0.286365 0.000000
vt 0.061732 0.313732 0.000000
vt 0.048014 0.338335 0.000000
vt 0.061732 0.341099 0.000000
vt 0.061732 0.368466 0.000000
vt 0.048014 0.372168 0.000000
vt 0.061732 0.395833 0.000000
vt 0.048014 0.406002 0.000000
vt 0.061732 0.423200 0.000000
vt 0.048014 0.439835 0.000000
vt 0.061732 0.450567 0.000000
vt 0.048014 0.473668 0.000000
vt 0.061732 0.477934 0.000000
vt 0.048014 0.507502 0.000000
vt 0.061732 0.505301 0.000000
vt 0.061732 0.532668 0.000000
vt 0.048014 0.541335 0.000000
vt 0.061732 0.560035 0.000000
vt 0.048014 0.575169 0.000000
vt 0.061732 0.587402 0.000000
vt 0.048014 0.609002 0.000000
vt 0.061732 0.614769 0.000000
vt 0.048014 0.642836 0.000000
vt 0.061732 0.642136 0.000000
vt 0.061732 0.669503 0.000000
vt 0.048014 0.676669 0.000000
vt 0.061732 0.696870 0.000000
vt 0.048014 0.710503 0.000000
vt 0.061732 0.724237 0.000000
vt 0.048014 0.744336 0.000000
vt 0.061732 0.751604 0.000000
vt 0.048014 0.778170 0.000000
vt 0.061732 0.778972 0.000000
vt 0.061732 0.806339 0.000000
vt 0.048014 0.812003 0.000000
vt 0.061732 0.833706 0.000000
vt 0.048014 0.845837 0.000000
vt 0.061732 0.861073 0.000000
vt 0.048014 0.879670 0.000000
vt 0.061732 0.888440 0.000000
vt 0.048014 0.913503 0.000000
vt 0.061732 0.915807 0.000000
vt 0.061732 0.943174 0.000000
vt 0.048014 0.947337 0.000000
vt 0.061732 0.970541 0.000000
vt 0.048014 0.981170 0.000000
vt 0.061732 0.997908 0.000000
vt 0.048014 1.015004 0.000000
vt 0.061732 1.025275 0.000000
vt 0.048014 1.048837 0.000000
vt 0.061732 1.052642 0.000000
vt 0.048014 1.082671 0.000000
vt 0.061732 1.080009 0.000000
vt 0.061732 1.107376 0.000000
vt 0.048014 1.116504 0.000000
vt 0.061732 1.134743 0.000000
vt 0.048014 1.150338 0.000000
vt 0.061732 1.162110 0.000000
vt 0.048014 1.184171 0.000000
vt 0.061732 1.189477 0.000000
vt 0.048014 1.218005 0.000000
vt 0.061732 1.216844 0.000000
vt 0.061732 1.244211 0.000000
vt 0.048014 1.251838 0.000000
vt 0.061732 1.271578 0.000000
vt 0.048014 1.285671 0.000000
vt 0.061732 1.298946 0.000000
vt 0.048014 1.319505 0.000000
vt 0.061732 1.326313 0.000000
vt 0.048014 1.353338 0.000000
vt 0.061732 1.353680 0.000000
vt 0.061732 1.381047 0.000000
vt 0.048014 1.387172 0.000000
vt 0.061732 1.408414 0.000000
vt 0.048014 1.421005 0.000000
vt 0.061732 1.435781 0.000000
vt 0.048014 1.454839 0.000000
vt 0.061732 1.463148 0.000000
vt 0.048014 1.488672 0.000000
vt 0.061732 1.490515 0.000000
vt 0.061732 1.517882 0.000000
vt 0.048014 1.522506 0.000000
vt 0.061732 1.545249 0.000000
vt 0.048014 1.556339 0.000000
vt 0.061732 1.572616 0.000000
vt 0.048014 1.590173 0.000000
vt 0.061732 1.599983 0.000000
vt 0.048014 1.624006 0.000000
vt 0.061732 1.627350 0.000000
vt 0.048014 1.657840 0.000000
vt 0.061732 1.654717 0.000000
vt 0.061732 1.682084 0.000000
vt 0.048014 1.691673 0.000000
vt 0.061732 1.709451 0.000000
vt 0.048014 1.725506 0.000000
vt 0.061732 1.736818 0.000000
vt 0.048014 1.759340 0.000000
vt 0.061732 1.764185 0.000000
vt 0.048014 1.793173 0.000000
vt 0.061732 1.791553 0.000000
vt 0.061732 1.818920 0.000000
vt 0.048014 1.827007 0.000000
vt 0.061732 1.846287 0.000000
vt 0.048014 1.860840 0.000000
vt 0.061732 1.873654 0.000000
vt 0.048014 1.894674 0.000000
vt 0.061732 1.901021 0.000000
vt 0.048014 1.928388 0.000000
vt 0.061732 1.928388 0.000000
vt 0.061732 1.955755 0.000000
vt 0.048014 1.962341 0.000000
vt 0.061732 1.983122 0.000000
vt 0.048014 1.996174 0.000000
vt 0.061732 2.010489 0.000000
vt 0.048014 2.030008 0.000000
vt 0.061732 2.037856 0.000000
vt 0.048014 2.063841 0.000000
vt 0.061732 2.065223 0.000000
vt 0.061732 2.092590 0.000000
vt 0.048014 2.097675 0.000000
vt 0.061732 2.119957 0.000000
vt 0.048014 2.131508 0.000000
vt 0.061732 2.147324 0.000000
vt 0.048014 2.165341 0.000000
vt 0.061732 2.174691 0.000000
vt 0.048014 2.199175 0.000000
vt 0.061732 2.202058 0.000000
vt 0.061732 2.229425 0.000000
vt 0.048014 2.233008 0.000000
vt 0.061732 2.256792 0.000000
vt 0.048014 2.266842 0.000000
vt 0.061732 2.284160 0.000000
vt 0.048014 2.300675 0.000000
vt 0.061732 2.311527 0.000000
vt 0.048014 2.334509 0.000000
vt 0.061732 2.338894 0.000000
vt 0.048014 2.368342 0.000000
vt 0.061732 2.366261 0.000000
vt 0.061732 2.393628 0.000000
vt 0.048014 2.402176 0.000000
vt 0.061732 2.420995 0.000000
vt 0.048014 2.436009 0.000000
vt 0.061732 2.448362 0.000000
vt 0.048014 2.469843 0.000000
vt 0.061732 2.475729 0.000000
vt 0.048014 2.503676 0.000000
vt 0.061732 2.503096 0.000000
vt 0.061732 2.530463 0.000000
vt 0.048014 2.537510 0.000000
vt 0.061732 2.557830 0.000000
vt 0.048014 2.571343 0.000000
vt 0.061732 2.585197 0.000000
vt 0.048014 2.605176 0.000000
vt 0.061732 2.612564 0.000000
vt 0.048014 2.639010 0.000000
vt 0.061732 2.639931 0.000000
vt 0.061732 2.667298 0.000000
vt 0.048014 2.672843 0.000000
vt 0.061732 2.694665 0.000000
vt 0.048014 2.706677 0.000000
vt 0.061732 2.722032 0.000000
vt 0.048014 2.740510 0.000000
vt 0.061732 2.749399 0.000000
vt 0.048014 2.774344 0.000000
vt 0.061732 2.776767 0.000000
vt 0.061732 2.804134 0.000000
vt 0.048014 2.808177 0.000000
vt 0.061732 2.831501 0.000000
vt 0.048014 2.842011 0.000000
vt 0.061732 2.858868 0.000000
vt 0.048014 2.875844 0.000000
vt 0.061732 2.886235 0.000000
vt 0.048014 2.909678 0.000000
vt 0.061732 2.913602 0.000000
vt 0.048014 2.943511 0.000000
vt 0.061732 2.940969 0.000000
vt 0.061732 2.968336 0.000000
vt 0.048014 2.977344 0.000000
vt 0.061732 2.995703 0.000000
vt 0.048014 3.011178 0.000000
vt 0.061732 3.023070 0.000000
vt 0.048014 3.045011 0.000000
vt 0.061732 3.050437 0.000000
vt 0.048014 3.078845 0.000000
vt 0.061732 3.077804 0.000000
vt 0.061732 3.105171 0.000000
vt 0.048014 3.112678 0.000000
vt 0.061732 3.132538 0.000000
vt 0.048014 3.146512 0.000000
vt 0.061732 3.159905 0.000000
vt 0.048014 3.180345 0.000000
vt 0.061732 3.187272 0.000000
vt 0.048014 3.214179 0.000000
vt 0.061732 3.214639 0.000000
vt 0.061732 3.242006 0.000000
vt 0.048014 3.248012 0.000000
vt 0.061732 3.269373 0.000000
vt 0.048014 3.281846 0.000000
vt 0.061732 3.296741 0.000000
vt 0.048014 3.315679 0.000000
vt 0.061732 3.324108 0.000000
vt 0.048014 3.349513 0.000000
vt 0.061732 3.351475 0.000000
vt 0.061732 3.378842 0.000000
vt 0.048014 3.383346 0.000000
vt 0.061732 3.406209 0.000000
vt 0.048014 3.417179 0.000000
vt 0.061732 3.433576 0.000000
vt 0.048014 3.451013 0.000000
vt 0.061732 3.460943 0.000000
vt 0.048014 3.484846 0.000000
vt 0.061732 3.488310 0.000000
vt 0.048014 3.518680 0.000000
vt 0.061732 3.515677 0.000000
vt 0.061732 3.543044 0.000000
vt 0.048014 3.552513 0.000000
vt 0.061732 3.570411 0.000000
vt 0.048014 3.586347 0.000000
vt 0.061732 3.597778 0.000000
vt 0.048014 3.620180 0.000000
vt 0.061732 3.625145 0.000000
vt 0.048014 3.654014 0.000000
vt 0.061732 3.652512 0.000000
vt 0.061732 3.679879 0.000000
vt 0.048014 3.687847 0.000000
vt 0.061732 3.707246 0.000000
vt 0.048014 3.721681 0.000000
vt 0.061732 3.734613 0.000000
vt 0.048014 3.755514 0.000000
vt 0.061732 3.761980 0.000000
vt 0.048014 3.789348 0.000000
vt 0.061732 3.789348 0.000000
vt 0.034296 3.789348 0.000000
vt 0.034296 3.755514 0.000000
vt 0.034296 3.721681 0.000000
vt 0.034296 3.687847 0.000000
vt 0.034296 3.654014 0.000000
vt 0.034296 3.620180 0.000000
vt 0.034296 3.586347 0.000000
vt 0.034296 3.552513 0.000000
vt 0.034296 3.518680 0.000000
vt 0.034296 3.484846 0.000000
vt 0.034296 3.451013 0.000000
vt 0.034296 3.417179 0.000000
vt 0.034296 3.383346 0.000000
vt 0.034296 3.349513 0.000000
vt 0.034296 3.315679 0.000000
vt 0.034296 3.281846 0.000000
vt 0.034296 3.248012 0.000000
vt 0.034296 3.214179 0.000000
vt 0.034296 3.180345 0.000000
vt 0.034296 3.146512 0.000000
vt 0.034296 3.112678 0.000000
vt 0.034296 3.078845 0.000000
vt 0.034296 3.045011 0.000000
vt 0.034296 3.011178 0.000000
vt 0.034296 2.977344 0.000000
vt 0.034296 2.943511 0.000000
vt 0.034296 2.909678 0.000000
vt 0.034296 2.875844 0.000000
vt 0.034296 2.842011 0.000000
vt 0.034296 2.808177 0.000000
vt 0.034296 2.774344 0.000000
vt 0.034296 2.740510 0.000000
vt 0.034296 2.706677 0.000000
vt 0.034296 2.672843 0.000000
vt 0.034296 2.639010 0.000000
vt 0.034296 2.605176 0.000000
vt 0.034296 2.571343 0.000000
vt 0.034296 2.537510 0.000000
vt 0.034296 2.503676 0.000000
vt 0.034296 2.469843 0.000000
vt 0.034296 2.436009 0.000000
vt 0.034296 2.402176 0.000000
vt 0.034296 2.368342 0.000000
vt 0.034296 2.334509 0.000000
vt 0.034296 2.300675 0.000000
vt 0.034296 2.266842 0.000000
vt 0.034296 2.233008 0.000000
vt 0.034296 2.199175 0.000000
vt 0.034296 2.165341 0.000000
vt 0.034296 2.131508 0.000000
vt 0.034296 2.097675 0.000000
vt 0.034296 2.063841 0.000000
vt 0.034296 2.030008 0.000000
vt 0.034296 1.996174 0.000000
vt 0.034296 1.962341 0.000000
vt 0.034296 1.928388 0.000000
vt 0.034296 1.894674 0.000000
vt 0.034296 1.860840 0.000000
vt 0.034296 1.827007 0.000000
vt 0.034296 1.793173 0.000000
vt 0.034296 1.759340 0.000000
vt 0.034296 1.725506 0.000000
vt 0.034296 1.691673 0.000000
vt 0.034296 1.657840 0.000000
vt 0.034296 1.624006 0.000000
vt 0.034296 1.590173 0.000000
vt 0.034296 1.556339 0.000000
vt 0.034296 1.522506 0.000000
vt 0.034296 1.488672 0.000000
vt 0.034296 1.454839 0.000000
vt 0.034296 1.421005 0.000000
vt 0.034296 1.387172 0.000000
vt 0.034296 1.353338 0.000000
vt 0.034296 1.319505 0.000000
vt 0.034296 1.285671 0.000000
vt 0.034296 1.251838 0.000000
vt 0.034296 1.218005 0.000000
vt 0.034296 1.184171 0.000000
vt 0.034296 1.150338 0.000000
vt 0.034296 1.116504 0.000000
vt 0.034296 1.082671 0.000000
vt 0.034296 1.048837 0.000000
vt 0.034296 1.015004 0.000000
vt 0.034296 0.981170 0.000000
vt 0.034296 0.947337 0.000000
vt 0.034296 0.913503 0.000000
vt 0.034296 0.879670 0.000000
vt 0.034296 0.845837 0.000000
vt 0.034296 0.812003 0.000000
vt 0.034296 0.778170 0.000000
vt 0.034296 0.744336 0.000000
vt 0.034296 0.710503 0.000000
vt 0.034296 0.676669 0.000000
vt 0.034296 0.642836 0.000000
vt 0.034296 0.609002 0.000000
vt 0.034296 0.575169 0.000000
vt 0.034296 0.541335 0.000000
vt 0.034296 0.507502 0.000000
vt 0.034296 0.473668 0.000000
vt 0.034296 0.439835 0.000000
vt 0.034296 0.406002 0.000000
vt 0.034296 0.372168 0.000000
vt 0.034296 0.338335 0.000000
vt 0.034296 0.304501 0.000000
vt 0.034296 0.270668 0.000000
vt 0.034296 0.236834 0.000000
vt 0.048014 0.203001 0.000000
vt 0.034296 0.203001 0.000000
vt 0.048014 0.169167 0.000000
vt 0.034296 0.169167 0.000000
vt 0.048014 0.135334 0.000000
vt 0.034296 0.135334 0.000000
vt 0.048014 0.101500 0.000000
vt 0.034296 0.101500 0.000000
vt 0.048014 0.067667 0.000000
vt 0.034296 0.067667 0.000000
vt 0.048014 0.033833 0.000000
vt 0.034296 0.033833 0.000000
vt 0.048014 0.000000 0.000000
vt 0.034296 0.000000 0.000000
vt 0.020577 0.033833 0.000000
vt 0.020577 0.000000 0.000000
vt 0.006859 0.033833 0.000000
vt 0.006859 0.000000 0.000000
vt -0.006859 0.033833 0.000000
vt -0.006859 0.000000 0.000000
vt -0.020577 0.033833 0.000000
vt -0.020577 0.000000 0.000000
vt -0.034296 0.033833 0.000000
vt -0.034296 0.000000 0.000000
vt -0.048014 0.033833 0.000000
vt -0.048014 0.000000 0.000000
vt -0.061732 0.031777 0.000000
vt -0.061732 0.000000 0.000000
vt 0.020577 3.789348 0.000000
vt 0.020577 3.755514 0.000000
vt 0.020577 3.721681 0.000000
vt 0.020577 3.687847 0.000000
vt 0.020577 3.654014 0.000000
vt 0.020577 3.620180 0.000000
vt 0.020577 3.586347 0.000000
vt 0.020577 3.552513 0.000000
vt 0.020577 3.518680 0.000000
vt 0.020577 3.484846 0.000000
vt 0.020577 3.451013 0.000000
vt 0.020577 3.417179 0.000000
vt 0.020577 3.383346 0.000000
vt 0.020577 3.349513 0.000000
vt 0.020577 3.315679 0.000000
vt 0.020577 3.281846 0.000000
vt 0.020577 3.248012 0.000000
vt 0.020577 3.214179 0.000000
vt 0.020577 3.180345 0.000000
vt 0.020577 3.146512 0.000000
vt 0.020577 3.112678 0.000000
vt 0.020577 3.078845 0.000000
vt 0.020577 3.045011 0.000000
vt 0.020577 3.011178 0.000000
vt 0.020577 2.977344 0.000000
vt 0.020577 2.943511 0.000000
vt 0.020577 2.909678 0.000000
vt 0.020577 2.875844 0.000000
vt 0.020577 2.842011 0.000000
vt 0.020577 2.808177 0.000000
vt 0.020577 2.774344 0.000000
vt 0.020577 2.740510 0.000000
vt 0.020577 2.706677 0.000000
vt 0.020577 2.672843 0.000000
vt 0.020577 2.639010 0.000000
vt 0.020577 2.605176 0.000000
vt 0.020577 2.571343 0.000000
vt 0.020577 2.537510 0.000000
vt 0.020577 2.503676 0.000000
vt 0.020577 2.469843 0.000000
vt 0.020577 2.436009 0.000000
vt 0.020577 2.402176 0.000000
vt 0.020577 2.368342 0.000000
vt 0.020577 2.334509 0.000000
vt 0.020577 2.300675 0.000000
vt 0.020577 2.266842 0.000000
vt 0.020577 2.233008 0.000000
vt 0.020577 2.199175 0.000000
vt 0.020577 2.165341 0.000000
vt 0.020577 2.131508 0.000000
vt 0.020577 2.097675 0.000000
vt 0.020577 2.063841 0.000000
vt 0.020577 2.030008 0.000000
vt 0.020577 1.996174 0.000000
vt 0.020577 1.962341 0.000000
vt 0.020577 1.928388 0.000000
vt 0.020577 1.894674 0.000000
vt 0.020577 1.860840 0.000000
vt 0.020577 1.827007 0.000000
vt 0.020577 1.793173 0.000000
vt 0.020577 1.759340 0.000000
vt 0.020577 1.725506 0.000000
vt 0.020577 1.691673 0.000000
vt 0.020577 1.657840 0.000000
vt 0.020577 1.624006 0.000000
vt 0.020577 1.590173 0.000000
vt 0.020577 1.556339 0.000000
vt 0.020577 1.522506 0.000000
vt 0.020577 1.488672 0.000000
vt 0.020577 1.454839 0.000000
vt 0.020577 1.421005 0.000000
vt 0.020577 1.387172 0.000000
vt 0.020577 1.353338 0.000000
vt 0.020577 1.319505 0.000000
vt 0.020577 1.285671 0.000000
vt 0.020577 1.251838 0.000000
vt 0.020577 1.218005 0.000000
vt 0.020577 1.184171 0.000000
vt 0.020577 1.150338 0.000000
vt 0.020577 1.116504 0.000000
vt 0.020577 1.082671 0.000000
vt 0.020577 1.048837 0.000000
vt 0.020577 1.015004 0.000000
vt 0.020577 0.981170 0.000000
vt 0.020577 0.947337 0.000000
vt 0.020577 0.913503 0.000000
vt 0.020577 0.879670 0.000000
vt 0.020577 0.845837 0.000000
vt 0.020577 0.812003 0.000000
vt 0.020577 0.778170 0.000000
vt 0.020577 0.744336 0.000000
vt 0.020577 0.710503 0.000000
vt 0.020577 0.676669 0.000000
vt 0.020577 0.642836 0.000000
vt 0.020577 0.609002 0.000000
vt 0.020577 0.575169 0.000000
vt 0.020577 0.541335 0.000000
vt 0.020577 0.507502 0.000000
vt 0.020577 0.473668 0.000000
vt 0.020577 0.439835 0.000000
vt 0.020577 0.406002 0.000000
vt 0.020577 0.372168 0.000000
vt 0.020577 0.338335 0.000000
vt 0.020577 0.304501 0.000000
vt 0.020577 0.270668 0.000000
vt 0.020577 0.236834 0.000000
vt 0.020577 0.203001 0.000000
vt 0.020577 0.169167 0.000000
vt 0.020577 0.135334 0.000000
vt 0.020577 0.101500 0.000000
vt 0.020577 0.067667 0.000000
vt 0.006859 3.789348 0.000000
vt 0.006859 3.755514 0.000000
vt 0.006859 3.721681 0.000000
vt 0.006859 3.687847 0.000000
vt 0.006859 3.654014 0.000000
vt 0.006859 3.620180 0.000000
vt 0.006859 3.586347 0.000000
vt 0.006859 3.552513 0.000000
vt 0.006859 3.518680 0.000000
vt 0.006859 3.484846 0.000000
vt 0.006859 3.451013 0.000000
vt 0.006859 3.417179 0.000000
vt 0.006859 3.383346 0.000000
vt 0.006859 3.349513 0.000000
vt 0.006859 3.315679 0.000000
vt 0.006859 3.281846 0.000000
vt 0.006859 3.248012 0.000000
vt 0.006859 3.214179 0.000000
vt 0.006859 3.180345 0.000000
vt 0.006859 3.146512 0.000000
vt 0.006859 3.112678 0.000000
vt 0.006859 3.078845 0.000000
vt 0.006859 3.045011 0.000000
vt 0.006859 3.011178 0.000000
vt 0.006859 2.977344 0.000000
vt 0.006859 2.943511 0.000000
vt 0.006859 2.909678 0.000000
vt 0.006859 2.875844 0.000000
vt 0.006859 2.842011 0.000000
vt 0.006859 2.808177 0.000000
vt 0.006859 2.774344 0.000000
vt 0.006859 2.740510 0.000000
vt 0.006859 2.706677 0.000000
vt 0.006859 2.672843 0.000000
vt 0.006859 2.639010 0.000000
vt 0.006859 2.605176 0.000000
vt 0.006859 2.571343 0.000000
vt 0.006859 2.537510 0.000000
vt 0.006859 2.503676 0.000000
vt 0.006859 2.469843 0.000000
vt 0.006859 2.436009 0.000000
vt 0.006859 2.402176 0.000000
vt 0.006859 2.368342 0.000000
vt 0.006859 2.334509 0.000000
vt 0.006859 2.300675 0.000000
vt 0.006859 2.266842 0.000000
vt 0.006859 2.233008 0.000000
vt 0.006859 2.199175 0.000000
vt 0.006859 2.165341 0.000000
vt 0.006859 2.131508 0.000000
vt 0.006859 2.097675 0.000000
vt 0.006859 2.063841 0.000000
vt 0.006859 2.030008 0.000000
vt 0.006859 1.996174 0.000000
vt 0.006859 1.962341 0.000000
vt 0.006859 1.928388 0.000000
vt 0.006859 1.894674 0.000000
vt 0.006859 1.860840 0.000000
vt 0.006859 1.827007 0.000000
vt 0.006859 1.793173 0.000000
vt 0.006859 1.759340 0.000000
vt 0.006859 1.725506 0.000000
vt 0.006859 1.691673 0.000000
vt 0.006859 1.657840 0.000000
vt 0.006859 1.624006 0.000000
vt 0.006859 1.590173 0.000000
vt 0.006859 1.556339 0.000000
vt 0.006859 1.522506 0.000000
vt 0.006859 1.488672 0.000000
vt 0.006859 1.454839 0.000000
vt 0.006859 1.421005 0.000000
vt 0.006859 1.387172 0.000000
vt 0.006859 1.353338 0.000000
vt 0.006859 1.319505 0.000000
vt 0.006859 1.285671 0.000000
vt 0.006859 1.251838 0.000000
vt 0.006859 1.218005 0.000000
vt 0.006859 1.184171 0.000000
vt 0.006859 1.150338 0.000000
vt 0.006859 1.116504 0.000000
vt 0.006859 1.082671 0.000000
vt 0.006859 1.048837 0.000000
vt 0.006859 1.015004 0.000000
vt 0.006859 0.981170 0.000000
vt 0.006859 0.947337 0.000000
vt 0.006859 0.913503 0.000000
vt 0.006859 0.879670 0.000000
vt 0.006859 0.845837 0.000000
vt 0.006859 0.812003 0.000000
vt 0.006859 0.778170 0.000000
vt 0.006859 0.744336 0.000000
vt 0.006859 0.710503 0.000000
vt 0.006859 0.676669 0.000000
vt 0.006859 0.642836 0.000000
vt 0.006859 0.609002 0.000000
vt 0.006859 0.575169 0.000000
vt 0.006859 0.541335 0.000000
vt 0.006859 0.507502 0.000000
vt 0.006859 0.473668 0.000000
vt 0.006859 0.439835 0.000000
vt 0.006859 0.406002 0.000000
vt 0.006859 0.372168 0.000000
vt 0.006859 0.338335 0.000000
vt 0.006859 0.304501 0.000000
vt 0.006859 0.270668 0.000000
vt 0.006859 0.236834 0.000000
vt 0.006859 0.203001 0.000000
vt 0.006859 0.169167 0.000000
vt 0.006859 0.135334 0.000000
vt 0.006859 0.101500 0.000000
vt 0.006859 0.067667 0.000000
vt -0.006859 3.789348 0.000000
vt -0.006859 3.755514 0.000000
vt -0.006859 3.721681 0.000000
vt -0.006859 3.687847 0.000000
vt -0.006859 3.654014 0.000000
vt -0.006859 3.620180 0.000000
vt -0.006859 3.586347 0.000000
vt -0.006859 3.552513 0.000000
vt -0.006859 3.518680 0.000000
vt -0.006859 3.484846 0.000000
vt -0.006859 3.451013 0.000000
vt -0.006859 3.417179 0.000000
vt -0.006859 3.383346 0.000000
vt -0.006859 3.349513 0.000000
vt -0.006859 3.315679 0.000000
vt -0.006859 3.281846 0.000000
vt -0.006859 3.248012 0.000000
vt -0.006859 3.214179 0.000000
vt -0.006859 3.180345 0.000000
vt -0.006859 3.146512 0.000000
vt -0.006859 3.112678 0.000000
vt -0.006859 3.078845 0.000000
vt -0.006859 3.045011 0.000000
vt -0.006859 3.011178 0.000000
vt -0.006859 2.977344 0.000000
vt -0.006859 2.943511 0.000000
vt -0.006859 2.909678 0.000000
vt -0.006859 2.875844 0.000000
vt -0.006859 2.842011 0.000000
vt -0.006859 2.808177 0.000000
vt -0.006859 2.774344 0.000000
vt -0.006859 2.740510 0.000000
vt -0.006859 2.706677 0.000000
vt -0.006859 2.672843 0.000000
vt -0.006859 2.639010 0.000000
vt -0.006859 2.605176 0.000000
vt -0.006859 2.571343 0.000000
vt -0.006859 2.537510 0.000000
vt -0.006859 2.503676 0.000000
vt -0.006859 2.469843 0.000000
vt -0.006859 2.436009 0.000000
vt -0.006859 2.402176 0.000000
vt -0.006859 2.368342 0.000000
vt -0.006859 2.334509 0.000000
vt -0.006859 2.300675 0.000000
vt -0.006859 2.266842 0.000000
vt -0.006859 2.233008 0.000000
vt -0.006859 2.199175 0.000000
vt -0.006859 2.165341 0.000000
vt -0.006859 2.131508 0.000000
vt -0.006859 2.097675 0.000000
vt -0.006859 2.063841 0.000000
vt -0.006859 2.030008 0.000000
vt -0.006859 1.996174 0.000000
vt -0.006859 1.962341 0.000000
vt -0.006859 1.928388 0.000000
vt -0.006859 1.894674 0.000000
vt -0.006859 1.860840 0.000000
vt -0.006859 1.827007 0.000000
vt -0.006859 1.793173 0.000000
vt -0.006859 1.759340 0.000000
vt -0.006859 1.725506 0.000000
vt -0.006859 1.691673 0.000000
vt -0.006859 1.657840 0.000000
vt -0.006859 1.624006 0.000000
vt -0.006859 1.590173 0.000000
vt -0.006859 1.556339 0.000000
vt -0.006859 1.522506 0.000000
vt -0.006859 1.488672 0.000000
vt -0.006859 1.454839 0.000000
vt -0.006859 1.421005 0.000000
vt -0.006859 1.387172 0.000000
vt -0.006859 1.353338 0.000000
vt -0.006859 1.319505 0.000000
vt -0.006859 1.285671 0.000000
vt -0.006859 1.251838 0.000000
vt -0.006859 1.218005 0.000000
vt -0.006859 1.184171 0.000000
vt -0.006859 1.150338 0.000000
vt -0.006859 1.116504 0.000000
vt -0.006859 1.082671 0.000000
vt -0.006859 1.048837 0.000000
vt -0.006859 1.015004 0.000000
vt -0.006859 0.981170 0.000000
vt -0.006859 0.947337 0.000000
vt -0.006859 0.913503 0.000000
vt -0.006859 0.879670 0.000000
vt -0.006859 0.845837 0.000000
vt -0.006859 0.812003 0.000000
vt -0.006859 0.778170 0.000000
vt -0.006859 0.744336 0.000000
vt -0.006859 0.710503 0.000000
vt -0.006859 0.676669 0.000000
vt -0.006859 0.642836 0.000000
vt -0.006859 0.609002 0.000000
vt -0.006859 0.575169 0.000000
vt -0.006859 0.541335 0.000000
vt -0.006859 0.507502 0.000000
vt -0.006859 0.473668 0.000000
vt -0.006859 0.439835 0.000000
vt -0.006859 0.406002 0.000000
vt -0.006859 0.372168 0.000000
vt -0.006859 0.338335 0.000000
vt -0.006859 0.304501 0.000000
vt -0.006859 0.270668 0.000000
vt -0.006859 0.236834 0.000000
vt -0.006859 0.203001 0.000000
vt -0.006859 0.169167 0.000000
vt -0.006859 0.135334 0.000000
vt -0.006859 0.101500 0.000000
vt -0.006859 0.067667 0.000000
vt -0.020577 3.789348 0.000000
vt -0.020577 3.755514 0.000000
vt -0.020577 3.721681 0.000000
vt -0.020577 3.687847 0.000000
vt -0.020577 3.654014 0.000000
vt -0.020577 3.620180 0.000000
vt -0.020577 3.586347 0.000000
vt -0.020577 3.552513 0.000000
vt -0.020577 3.518680 0.000000
vt -0.020577 3.484846 0.000000
vt -0.020577 3.451013 0.000000
vt -0.020577 3.417179 0.000000
vt -0.020577 3.383346 0.000000
vt -0.020577 3.349513 0.000000
vt -0.020577 3.315679 0.000000
vt -0.020577 3.281846 0.000000
vt -0.020577 3.248012 0.000000
vt -0.020577 3.214179 0.000000
vt -0.020577 3.180345 0.000000
vt -0.020577 3.146512 0.000000
vt -0.020577 3.112678 0.000000
vt -0.020577 3.078845 0.000000
vt -0.020577 3.045011 0.000000
vt -0.020577 3.011178 0.000000
vt -0.020577 2.977344 0.000000
vt -0.020577 2.943511 0.000000
vt -0.020577 2.909678 0.000000
vt -0.020577 2.875844 0.000000
vt -0.020577 2.842011 0.000000
vt -0.020577 2.808177 0.000000
vt -0.020577 2.774344 0.000000
vt -0.020577 2.740510 0.000000
vt -0.020577 2.706677 0.000000
vt -0.020577 2.672843 0.000000
vt -0.020577 2.639010 0.000000
vt -0.020577 2.605176 0.000000
vt -0.020577 2.571343 0.000000
vt -0.020577 2.537510 0.000000
vt -0.020577 2.503676 0.000000
vt -0.020577 2.469843 0.000000
vt -0.020577 2.436009 0.000000
vt -0.020577 2.402176 0.000000
vt -0.020577 2.368342 0.000000
vt -0.020577 2.334509 0.000000
vt -0.020577 2.300675 0.000000
vt -0.020577 2.266842 0.000000
vt -0.020577 2.233008 0.000000
vt -0.020577 2.199175 0.000000
vt -0.020577 2.165341 0.000000
vt -0.020577 2.131508 0.000000
vt -0.020577 2.097675 0.000000
vt -0.020577 2.063841 0.000000
vt -0.020577 2.030008 0.000000
vt -0.020577 1.996174 0.000000
vt -0.020577 1.962341 0.000000
vt -0.020577 1.928388 0.000000
vt -0.020577 1.894674 0.000000
vt -0.020577 1.860840 0.000000
vt -0.020577 1.827007 0.000000
vt -0.020577 1.793173 0.000000
vt -0.020577 1.759340 0.000000
vt -0.020577 1.725506 0.000000
vt -0.020577 1.691673 0.000000
vt -0.020577 1.657840 0.000000
vt -0.020577 1.624006 0.000000
vt -0.020577 1.590173 0.000000
vt -0.020577 1.556339 0.000000
vt -0.020577 1.522506 0.000000
vt -0.020577 1.488672 0.000000
vt -0.020577 1.454839 0.000000
vt -0.020577 1.421005 0.000000
vt -0.020577 1.387172 0.000000
vt -0.020577 1.353338 0.000000
vt -0.020577 1.319505 0.000000
vt -0.020577 1.285671 0.000000
vt -0.020577 1.251838 0.000000
vt -0.020577 1.218005 0.000000
vt -0.020577 1.184171 0.000000
vt -0.020577 1.150338 0.000000
vt -0.020577 1.116504 0.000000
vt -0.020577 1.082671 0.000000
vt -0.020577 1.048837 0.000000
vt -0.020577 1.015004 0.000000
vt -0.020577 0.981170 0.000000
vt -0.020577 0.947337 0.000000
vt -0.020577 0.913503 0.000000
vt -0.020577 0.879670 0.000000
vt -0.020577 0.845837 0.000000
vt -0.020577 0.812003 0.000000
vt -0.020577 0.778170 0.000000
vt -0.020577 0.744336 0.000000
vt -0.020577 0.710503 0.000000
vt -0.020577 0.676669 0.000000
vt -0.020577 0.642836 0.000000
vt -0.020577 0.609002 0.000000
vt -0.020577 0.575169 0.000000
vt -0.020577 0.541335 0.000000
vt -0.020577 0.507502 0.000000
vt -0.020577 0.473668 0.000000
vt -0.020577 0.439835 0.000000
vt -0.020577 0.406002 0.000000
vt -0.020577 0.372168 0.000000
vt -0.020577 0.338335 0.000000
vt -0.020577 0.304501 0.000000
vt -0.020577 0.270668 0.000000
vt -0.020577 0.236834 0.000000
vt -0.020577 0.203001 0.000000
vt -0.020577 0.169167 0.000000
vt -0.020577 0.135334 0.000000
vt -0.020577 0.101500 0.000000
vt -0.020577 0.067667 0.000000
vt -0.034296 3.789348 0.000000
vt -0.034296 3.755514 0.000000
vt -0.034296 3.721681 0.000000
vt -0.034296 3.687847 0.000000
vt -0.034296 3.654014 0.000000
vt -0.034296 3.620180 0.000000
vt -0.034296 3.586347 0.000000
vt -0.034296 3.552513 0.000000
vt -0.034296 3.518680 0.000000
vt -0.034296 3.484846 0.000000
vt -0.034296 3.451013 0.000000
vt -0.034296 3.417179 0.000000
vt -0.034296 3.383346 0.000000
vt -0.034296 3.349513 0.000000
vt -0.034296 3.315679 0.000000
vt -0.034296 3.281846 0.000000
vt -0.034296 3.248012 0.000000
vt -0.034296 3.214179 0.000000
vt -0.034296 3.180345 0.000000
vt -0.034296 3.146512 0.000000
vt -0.034296 3.112678 0.000000
vt -0.034296 3.078845 0.000000
vt -0.034296 3.045011 0.000000
vt -0.034296 3.011178 0.000000
vt -0.034296 2.977344 0.000000
vt -0.034296 2.943511 0.000000
vt -0.034296 2.909678 0.000000
vt -0.034296 2.875844 0.000000
vt -0.034296 2.842011 0.000000
vt -0.034296 2.808177 0.000000
vt -0.034296 2.774344 0.000000
vt -0.034296 2.740510 0.000000
vt -0.034296 2.706677 0.000000
vt -0.034296 2.672843 0.000000
vt -0.034296 2.639010 0.000000
vt -0.034296 2.605176 0.000000
vt -0.034296 2.571343 0.000000
vt -0.034296 2.537510 0.000000
vt -0.034296 2.503676 0.000000
vt -0.034296 2.469843 0.000000
vt -0.034296 2.436009 0.000000
vt -0.034296 2.402176 0.000000
vt -0.034296 2.368342 0.000000
vt -0.034296 2.334509 0.000000
vt -0.034296 2.300675 0.000000
vt -0.034296 2.266842 0.000000
vt -0.034296 2.233008 0.000000
vt -0.034296 2.199175 0.000000
vt -0.034296 2.165341 0.000000
vt -0.034296 2.131508 0.000000
vt -0.034296 2.097675 0.000000
vt -0.034296 2.063841 0.000000
vt -0.034296 2.030008 0.000000
vt -0.034296 1.996174 0.000000
vt -0.034296 1.962341 0.000000
vt -0.034296 1.928388 0.000000
vt -0.034296 1.894674 0.000000
vt -0.034296 1.860840 0.000000
vt -0.034296 1.827007 0.000000
vt -0.034296 1.793173 0.000000
vt -0.034296 1.759340 0.000000
vt -0.034296 1.725506 0.000000
vt -0.034296 1.691673 0.000000
vt -0.034296 1.657840 0.000000
vt -0.034296 1.624006 0.000000
vt -0.034296 1.590173 0.000000
vt -0.034296 1.556339 0.000000
vt -0.034296 1.522506 0.000000
vt -0.034296 1.488672 0.000000
vt -0.034296 1.454839 0.000000
vt -0.034296 1.421005 0.000000
vt -0.034296 1.387172 0.000000
vt -0.034296 1.353338 0.000000
vt -0.034296 1.319505 0.000000
vt -0.034296 1.285671 0.000000
vt -0.034296 1.251838 0.000000
vt -0.034296 1.218005 0.000000
vt -0.034296 1.184171 0.000000
vt -0.034296 1.150338 0.000000
vt -0.034296 1.116504 0.000000
vt -0.034296 1.082671 0.000000
vt -0.034296 1.048837 0.000000
vt -0.034296 1.015004 0.000000
vt -0.034296 0.981170 0.000000
vt -0.034296 0.947337 0.000000
vt -0.034296 0.913503 0.000000
vt -0.034296 0.879670 0.000000
vt -0.034296 0.845837 0.000000
vt -0.034296 0.812003 0.000000
vt -0.034296 0.778170 0.000000
vt -0.034296 0.744336 0.000000
vt -0.034296 0.710503 0.000000
vt -0.034296 0.676669 0.000000
vt -0.034296 0.642836 0.000000
vt -0.034296 0.609002 0.000000
vt -0.034296 0.575169 0.000000
vt -0.034296 0.541335 0.000000
vt -0.034296 0.507502 0.000000
vt -0.034296 0.473668 0.000000
vt -0.034296 0.439835 0.000000
vt -0.034296 0.406002 0.000000
vt -0.034296 0.372168 0.000000
vt -0.034296 0.338335 0.000000
vt -0.034296 0.304501 0.000000
vt -0.034296 0.270668 0.000000
vt -0.034296 0.236834 0.000000
vt -0.034296 0.203001 0.000000
vt -0.034296 0.169167 0.000000
vt -0.034296 0.135334 0.000000
vt -0.034296 0.101500 0.000000
vt -0.034296 0.067667 0.000000
vt -0.048014 3.789348 0.000000
vt -0.048014 3.755514 0.000000
vt -0.048014 3.721681 0.000000
vt -0.048014 3.687847 0.000000
vt -0.048014 3.654014 0.000000
vt -0.048014 3.620180 0.000000
vt -0.048014 3.586347 0.000000
vt -0.048014 3.552513 0.000000
vt -0.048014 3.518680 0.000000
vt -0.048014 3.484846 0.000000
vt -0.048014 3.451013 0.000000
vt -0.048014 3.417179 0.000000
vt -0.048014 3.383346 0.000000
vt -0.048014 3.349513 0.000000
vt -0.048014 3.315679 0.000000
vt -0.048014 3.281846 0.000000
vt -0.048014 3.248012 0.000000
vt -0.048014 3.214179 0.000000
vt -0.048014 3.180345 0.000000
vt -0.048014 3.146512 0.000000
vt -0.048014 3.112678 0.000000
vt -0.048014 3.078845 0.000000
vt -0.048014 3.045011 0.000000
vt -0.048014 3.011178 0.000000
vt -0.048014 2.977344 0.000000
vt -0.048014 2.943511 0.000000
vt -0.048014 2.909678 0.000000
vt -0.048014 2.875844 0.000000
vt -0.048014 2.842011 0.000000
vt -0.048014 2.808177 0.000000
vt -0.048014 2.774344 0.000000
vt -0.048014 2.740510 0.000000
vt -0.048014 2.706677 0.000000
vt -0.048014 2.672843 0.000000
vt -0.048014 2.639010 0.000000
vt -0.048014 2.605176 0.000000
vt -0.048014 2.571343 0.000000
vt -0.048014 2.537510 0.000000
vt -0.048014 2.503676 0.000000
vt -0.048014 2.469843 0.000000
vt -0.048014 2.436009 0.000000
vt -0.048014 2.402176 0.000000
vt -0.048014 2.368342 0.000000
vt -0.048014 2.334509 0.000000
vt -0.048014 2.300675 0.000000
vt -0.048014 2.266842 0.000000
vt -0.048014 2.233008 0.000000
vt -0.048014 2.199175 0.000000
vt -0.048014 2.165341 0.000000
vt -0.048014 2.131508 0.000000
vt -0.048014 2.097675 0.000000
vt -0.048014 2.063841 0.000000
vt -0.048014 2.030008 0.000000
vt -0.048014 1.996174 0.000000
vt -0.048014 1.962341 0.000000
vt -0.048014 1.928388 0.000000
vt -0.048014 1.894674 0.000000
vt -0.048014 1.860840 0.000000
vt -0.048014 1.827007 0.000000
vt -0.048014 1.793173 0.000000
vt -0.048014 1.759340 0.000000
vt -0.048014 1.725506 0.000000
vt -0.048014 1.691673 0.000000
vt -0.048014 1.657840 0.000000
vt -0.048014 1.624006 0.000000
vt -0.048014 1.590173 0.000000
vt -0.048014 1.556339 0.000000
vt -0.048014 1.522506 0.000000
vt -0.048014 1.488672 0.000000
vt -0.048014 1.454839 0.000000
vt -0.048014 1.421005 0.000000
vt -0.048014 1.387172 0.000000
vt -0.048014 1.353338 0.000000
vt -0.048014 1.319505 0.000000
vt -0.048014 1.285671 0.000000
vt -0.048014 1.251838 0.000000
vt -0.048014 1.218005 0.000000
vt -0.048014 1.184171 0.000000
vt -0.048014 1.150338 0.000000
vt -0.048014 1.116504 0.000000
vt -0.048014 1.082671 0.000000
vt -0.048014 1.048837 0.000000
vt -0.048014 1.015004 0.000000
vt -0.048014 0.981170 0.000000
vt -0.048014 0.947337 0.000000
vt -0.048014 0.913503 0.000000
vt -0.048014 0.879670 0.000000
vt -0.048014 0.845837 0.000000
vt -0.048014 0.812003 0.000000
vt -0.048014 0.778170 0.000000
vt -0.048014 0.744336 0.000000
vt -0.048014 0.710503 0.000000
vt -0.048014 0.676669 0.000000
vt -0.048014 0.642836 0.000000
vt -0.048014 0.609002 0.000000
vt -0.048014 0.575169 0.000000
vt -0.048014 0.541335 0.000000
vt -0.048014 0.507502 0.000000
vt -0.048014 0.473668 0.000000
vt -0.048014 0.439835 0.000000
vt -0.048014 0.406002 0.000000
vt -0.048014 0.372168 0.000000
vt -0.048014 0.338335 0.000000
vt -0.048014 0.304501 0.000000
vt -0.044956 0.272097 0.000000
vt -0.050532 0.284732 0.000000
vt -0.055619 0.287341 0.000000
vt -0.061732 0.313732 0.000000
vt -0.058705 0.287378 0.000000
vt -0.061732 0.286365 0.000000
vt -0.061732 3.789348 0.000000
vt -0.061732 3.761980 0.000000
vt -0.061732 3.734613 0.000000
vt -0.061732 3.707246 0.000000
vt -0.061732 3.679879 0.000000
vt -0.061732 3.652512 0.000000
vt -0.061732 3.625145 0.000000
vt -0.061732 3.597778 0.000000
vt -0.061732 3.570411 0.000000
vt -0.061732 3.543044 0.000000
vt -0.061732 3.515677 0.000000
vt -0.061732 3.488310 0.000000
vt -0.061732 3.460943 0.000000
vt -0.061732 3.433576 0.000000
vt -0.061732 3.406209 0.000000
vt -0.061732 3.378842 0.000000
vt -0.061732 3.351475 0.000000
vt -0.061732 3.324108 0.000000
vt -0.061732 3.296741 0.000000
vt -0.061732 3.269373 0.000000
vt -0.061732 3.242006 0.000000
vt -0.061732 3.214639 0.000000
vt -0.061732 3.187272 0.000000
vt -0.061732 3.159905 0.000000
vt -0.061732 3.132538 0.000000
vt -0.061732 3.105171 0.000000
vt -0.061732 3.077804 0.000000
vt -0.061732 3.050437 0.000000
vt -0.061732 3.023070 0.000000
vt -0.061732 2.995703 0.000000
vt -0.061732 2.968336 0.000000
vt -0.061732 2.940969 0.000000
vt -0.061732 2.913602 0.000000
vt -0.061732 2.886235 0.000000
vt -0.061732 2.858868 0.000000
vt -0.061732 2.831501 0.000000
vt -0.061732 2.804134 0.000000
vt -0.061732 2.776767 0.000000
vt -0.061732 2.749399 0.000000
vt -0.061732 2.722032 0.000000
vt -0.061732 2.694665 0.000000
vt -0.061732 2.667298 0.000000
vt -0.061732 2.639931 0.000000
vt -0.061732 2.612564 0.000000
vt -0.061732 2.585197 0.000000
vt -0.061732 2.557830 0.000000
vt -0.061732 2.530463 0.000000
vt -0.061732 2.503096 0.000000
vt -0.061732 2.475729 0.000000
vt -0.061732 2.448362 0.000000
vt -0.061732 2.420995 0.000000
vt -0.061732 2.393628 0.000000
vt -0.061732 2.366261 0.000000
vt -0.061732 2.338894 0.000000
vt -0.061732 2.311527 0.000000
vt -0.061732 2.284160 0.000000
vt -0.061732 2.256792 0.000000
vt -0.061732 2.229425 0.000000
vt -0.061732 2.202058 0.000000
vt -0.061732 2.174691 0.000000
vt -0.061732 2.147324 0.000000
vt -0.061732 2.119957 0.000000
vt -0.061732 2.092590 0.000000
vt -0.061732 2.065223 0.000000
vt -0.061732 2.037856 0.000000
vt -0.061732 2.010489 0.000000
vt -0.061732 1.983122 0.000000
vt -0.061732 1.955755 0.000000
vt -0.061732 1.928388 0.000000
vt -0.061732 1.901021 0.000000
vt -0.061732 1.873654 0.000000
vt -0.061732 1.846287 0.000000
vt -0.061732 1.818920 0.000000
vt -0.061732 1.791553 0.000000
vt -0.061732 1.764185 0.000000
vt -0.061732 1.736818 0.000000
vt -0.061732 1.709451 0.000000
vt -0.061732 1.682084 0.000000
vt -0.061732 1.654717 0.000000
vt -0.061732 1.627350 0.000000
vt -0.061732 1.599983 0.000000
vt -0.061732 1.572616 0.000000
vt -0.061732 1.545249 0.000000
vt -0.061732 1.517882 0.000000
vt -0.061732 1.490515 0.000000
vt -0.061732 1.463148 0.000000
vt -0.061732 1.435781 0.000000
vt -0.061732 1.408414 0.000000
vt -0.061732 1.381047 0.000000
vt -0.061732 1.353680 0.000000
vt -0.061732 1.326313 0.000000
vt -0.061732 1.298946 0.000000
vt -0.061732 1.271578 0.000000
vt -0.061732 1.244211 0.000000
vt -0.061732 1.216844 0.000000
vt -0.061732 1.189477 0.000000
vt -0.061732 1.162110 0.000000
vt -0.061732 1.134743 0.000000
vt -0.061732 1.107376 0.000000
vt -0.061732 1.080009 0.000000
vt -0.061732 1.052642 0.000000
vt -0.061732 1.025275 0.000000
vt -0.061732 0.997908 0.000000
vt -0.061732 0.970541 0.000000
vt -0.061732 0.943174 0.000000
vt -0.061732 0.915807 0.000000
vt -0.061732 0.888440 0.000000
vt -0.061732 0.861073 0.000000
vt -0.061732 0.833706 0.000000
vt -0.061732 0.806339 0.000000
vt -0.061732 0.778972 0.000000
vt -0.061732 0.751604 0.000000
vt -0.061732 0.724237 0.000000
vt -0.061732 0.696870 0.000000
vt -0.061732 0.669503 0.000000
vt -0.061732 0.642136 0.000000
vt -0.061732 0.614769 0.000000
vt -0.061732 0.587402 0.000000
vt -0.061732 0.560035 0.000000
vt -0.061732 0.532668 0.000000
vt -0.061732 0.505301 0.000000
vt -0.061732 0.477934 0.000000
vt -0.061732 0.450567 0.000000
vt -0.061732 0.423200 0.000000
vt -0.061732 0.395833 0.000000
vt -0.061732 0.368466 0.000000
vt -0.061732 0.341099 0.000000
vt -0.047381 0.259780 0.000000
vt -0.048014 0.236834 0.000000
vt -0.048014 0.203001 0.000000
vt -0.048014 0.169167 0.000000
vt -0.048014 0.135334 0.000000
vt -0.048014 0.101500 0.000000
vt -0.048014 0.067667 0.000000
vt -0.053066 0.254032 0.000000
vt -0.055305 0.253261 0.000000
vt -0.057651 0.253075 0.000000
vt -0.061732 0.254216 0.000000
vt -0.061732 0.222439 0.000000
vt -0.061732 0.190662 0.000000
vt -0.061732 0.158885 0.000000
vt -0.061732 0.127108 0.000000
vt -0.061732 0.095331 0.000000
vt -0.061732 0.063554 0.000000
vt 0.061732 0.000000 0.000000
vt 0.061732 0.031777 0.000000
vt 0.061732 0.063554 0.000000
vt 0.061732 0.095331 0.000000
vt 0.061732 0.127108 0.000000
vt 0.061732 0.158885 0.000000
vt 0.061732 0.190662 0.000000
vt 0.000000 -0.019650 0.000000
vt 0.012631 -0.015053 0.000000
vt -0.012631 -0.015053 0.000000
vt -0.019351 -0.003412 0.000000
vt 0.019351 -0.003412 0.000000
vt -0.017017 0.009825 0.000000
vt 0.017017 0.009825 0.000000
vt -0.006721 0.018465 0.000000
vt 0.006721 0.018465 0.000000
vt -0.000000 -0.019650 0.000000
vt 0.012631 -0.015053 0.000000
vt -0.012631 -0.015053 0.000000
vt -0.019351 -0.003412 0.000000
vt 0.019351 -0.003412 0.000000
vt -0.017017 0.009825 0.000000
vt 0.017017 0.009825 0.000000
vt -0.006721 0.018465 0.000000
vt 0.006721 0.018465 0.000000
vt 1.125000 0.035355 0.000000
vt -0.375000 0.035355 0.000000
vt 1.125000 -0.035355 0.000000
vt -0.375000 -0.035355 0.000000
vt 0.000000 1.150000 0.000000
vt 0.158531 1.146294 0.000000
vt 1.500000 1.150000 0.000000
vt 0.217930 1.139081 0.000000
vt 0.267173 1.105091 0.000000
vt 0.000000 0.800000 0.000000
vt 0.048587 1.022193 0.000000
vt 0.062907 1.080289 0.000000
vt 0.102585 1.125076 0.000000
vt 1.500000 0.800000 0.000000
vt 0.217930 0.905304 0.000000
vt 0.158531 0.898092 0.000000
vt 0.102585 0.919310 0.000000
vt 0.294979 0.992275 0.000000
vt 0.267173 0.939294 0.000000
vt 0.294979 1.052110 0.000000
vt 0.062907 0.964097 0.000000
vt 0.102979 0.711240 0.000000
vt 0.000000 0.800000 0.000000
vt 0.087689 0.600000 0.000000
vt -0.100000 0.800000 0.000000
vt -0.100000 0.350000 0.000000
vt 0.147714 0.814230 0.000000
vt 0.000000 1.150000 0.000000
vt 0.218576 0.901331 0.000000
vt 0.310310 0.966084 0.000000
vt 0.050000 1.200000 0.000000
vt 0.416113 1.003687 0.000000
vt 0.528137 1.011349 0.000000
vt 0.950000 1.200000 0.000000
vt 0.638074 0.988504 0.000000
vt 0.737771 0.936845 0.000000
vt 1.000000 1.150000 0.000000
vt 0.819834 0.860204 0.000000
vt 1.000000 0.800000 0.000000
vt 0.878176 0.764265 0.000000
vt 0.908470 0.656143 0.000000
vt 1.100000 0.750000 0.000000
vt 0.908470 0.543857 0.000000
vt 1.100000 0.300000 0.000000
vt 1.000000 0.300000 0.000000
vt 0.878176 0.435735 0.000000
vt 0.819834 0.339796 0.000000
vt 1.000000 0.100000 0.000000
vt 0.737771 0.263155 0.000000
vt 0.638074 0.211496 0.000000
vt 0.528137 0.188651 0.000000
vt 0.000000 0.100000 0.000000
vt 0.416113 0.196313 0.000000
vt 0.310310 0.233916 0.000000
vt 0.218576 0.298669 0.000000
vt 0.000000 0.300000 0.000000
vt 0.147714 0.385770 0.000000
vt 0.102979 0.488760 0.000000
vt 0.025000 1.193301 0.000000
vt 0.006699 1.175000 0.000000
vt -0.050000 0.300000 0.000000
vt -0.093301 0.325000 0.000000
vt -0.075000 0.306699 0.000000
vt 1.050000 0.800000 0.000000
vt 1.093301 0.775000 0.000000
vt 1.075000 0.793301 0.000000
vt -0.070711 -0.750000 0.000000
vt 0.070711 -0.750000 0.000000
vt -0.070711 0.250000 0.000000
vt 0.070711 0.250000 0.000000
vt 0.000000 0.300000 0.000000
vt 0.000000 0.100000 0.000000
vt 1.500000 0.300000 0.000000
vt 0.100000 0.000000 0.000000
vt 1.600000 0.000000 0.000000
vt 1.600000 0.600000 0.000000
vt 1.500000 0.600000 0.000000
vt 0.650000 0.500000 0.000000
vt -0.750000 0.100000 0.000000
vt 0.650000 -0.500000 0.000000
vt -0.750000 -0.100000 0.000000
vt -0.850000 -0.500000 0.000000
vt -0.850000 -0.100000 0.000000
vt -0.850000 0.500000 0.000000
vt -0.850000 0.100000 0.000000
vt -1.125000 0.013090 0.000000
vt -0.625000 0.013090 0.000000
vt -1.125000 0.039270 0.000000
vt -0.125000 0.013090 0.000000
vt 0.375000 0.039270 0.000000
vt 0.375000 0.013090 0.000000
vt 0.375000 -0.013090 0.000000
vt -0.125000 -0.013090 0.000000
vt 0.375000 -0.039270 0.000000
vt -0.625000 -0.013090 0.000000
vt -1.125000 -0.039270 0.000000
vt -1.125000 -0.013090 0.000000
vt -0.154710 -0.555185 0.000000
vt -0.140250 -0.562700 0.000000
vt -0.200000 0.750000 0.000000
vt -0.138222 -0.566935 0.000000
vt 0.250000 0.750000 0.000000
vt 0.250000 -0.750000 0.000000
vt -0.138493 -0.569245 0.000000
vt -0.200000 -0.750000 0.000000
vt -0.139745 -0.571324 0.000000
vt -0.148912 -0.575755 0.000000
vt -0.167829 -0.576528 0.000000
vt -0.188168 -0.571278 0.000000
vt -0.193167 -0.566439 0.000000
vt -0.193677 -0.563390 0.000000
vt -0.192397 -0.560393 0.000000
vt -0.184610 -0.555480 0.000000
vt -0.171619 -0.553374 0.000000
vt -0.375000 0.013090 0.000000
vt 0.125000 0.013090 0.000000
vt -0.375000 0.039270 0.000000
vt 0.625000 0.013090 0.000000
vt 1.125000 0.039270 0.000000
vt 1.125000 0.013090 0.000000
vt 1.125000 -0.013090 0.000000
vt 0.625000 -0.013090 0.000000
vt 1.125000 -0.039270 0.000000
vt 0.125000 -0.013090 0.000000
vt -0.375000 -0.039270 0.000000
vt -0.375000 -0.013090 0.000000
vt -0.750000 -0.200000 0.000000
vt 0.750000 -0.200000 0.000000
vt -0.750000 0.250000 0.000000
vt 0.750000 0.250000 0.000000
vt -1.125000 0.013090 0.000000
vt -0.625000 0.013090 0.000000
vt -1.125000 0.039270 0.000000
vt -0.125000 0.013090 0.000000
vt 0.375000 0.039270 0.000000
vt 0.375000 0.013090 0.000000
vt 0.375000 -0.013090 0.000000
vt -0.125000 -0.013090 0.000000
vt 0.375000 -0.039270 0.000000
vt -0.625000 -0.013090 0.000000
vt -1.125000 -0.039270 0.000000
vt -1.125000 -0.013090 0.000000
vt -0.750000 -0.450000 0.000000
vt 0.750000 -0.450000 0.000000
vt -0.750000 0.450000 0.000000
vt 0.750000 0.450000 0.000000
vt -0.328245 0.000000 0.000000
vt -0.000000 0.000000 0.000000
vt -0.328245 0.100000 0.000000
vt -0.000000 0.100000 0.000000
vt -0.328245 0.000000 0.000000
vt -0.000000 0.000000 0.000000
vt -0.328245 0.100000 0.000000
vt -0.000000 0.100000 0.000000
vt 0.100000 -0.164122 0.000000
vt 0.033956 0.148305 0.000000
vt -0.100000 -0.164122 0.000000
vt -0.033956 0.148305 0.000000
vt -0.100000 0.164122 0.000000
vt 0.100000 0.164122 0.000000
vt -1.600000 -0.352753 0.000000
vt -1.500000 -0.352753 0.000000
vt -1.600000 -0.264565 0.000000
vt -0.300000 -0.272913 0.000000
vt -0.300000 -0.181942 0.000000
vt 1.000000 -0.272913 0.000000
vt 1.000000 -0.181942 0.000000
vt -0.300000 -0.363885 0.000000
vt -1.500000 -0.420821 0.000000
vt -0.300000 -0.454856 0.000000
vt -1.500000 -0.488890 0.000000
vt -0.300000 -0.545827 0.000000
vt -1.500000 -0.556958 0.000000
vt -0.300000 -0.636798 0.000000
vt -1.600000 -0.556958 0.000000
vt -1.600000 -0.645147 0.000000
vt -0.300000 -0.727769 0.000000
vt -1.600000 -0.733335 0.000000
vt -0.300000 -0.818740 0.000000
vt -1.600000 -0.821523 0.000000
vt -0.300000 -0.909711 0.000000
vt -1.500000 -0.909711 0.000000
vt -0.300000 0.909711 0.000000
vt -1.500000 0.909711 0.000000
vt -0.300000 0.818740 0.000000
vt -1.500000 0.818740 0.000000
vt -0.300000 0.727769 0.000000
vt -1.500000 0.727769 0.000000
vt -0.300000 0.636798 0.000000
vt -1.500000 0.636798 0.000000
vt -0.300000 0.545827 0.000000
vt -1.500000 0.545827 0.000000
vt -0.300000 0.454856 0.000000
vt -1.500000 0.454856 0.000000
vt -0.300000 0.363885 0.000000
vt -1.500000 0.363885 0.000000
vt -0.300000 0.272913 0.000000
vt -1.500000 0.272913 0.000000
vt -0.300000 0.181942 0.000000
vt -1.500000 0.181942 0.000000
vt -0.300000 0.090971 0.000000
vt -1.500000 0.090971 0.000000
vt -1.500000 -0.000000 0.000000
vt -1.600000 -0.909711 0.000000
vt -1.600000 -0.000000 0.000000
vt -1.600000 -0.088188 0.000000
vt -0.300000 -0.090971 0.000000
vt 1.000000 0.000000 0.000000
vt 1.000000 -0.090971 0.000000
vt -1.600000 -0.176377 0.000000
vt 1.000000 -0.818740 0.000000
vt 1.000000 -0.909711 0.000000
vt 1.000000 0.909711 0.000000
vt 1.000000 0.818740 0.000000
vt 1.000000 0.727769 0.000000
vt 1.000000 0.636798 0.000000
vt 1.000000 0.545827 0.000000
vt 1.000000 0.454856 0.000000
vt 1.000000 0.363885 0.000000
vt 1.000000 0.272913 0.000000
vt 1.000000 0.181942 0.000000
vt 1.000000 0.090971 0.000000
vt 1.000000 -0.727769 0.000000
vt 1.000000 -0.636798 0.000000
vt 1.000000 -0.545827 0.000000
vt 1.000000 -0.454856 0.000000
vt 1.000000 -0.363885 0.000000
vt 0.100000 0.028245 0.000000
vt 0.100000 -0.300000 0.000000
vt 0.176888 0.070737 0.000000
vt 0.500000 -0.300000 0.000000
vt 0.237495 0.134329 0.000000
vt 0.276245 0.213169 0.000000
vt 0.500000 0.300000 0.000000
vt 0.289570 0.300000 0.000000
vt -0.100000 0.332316 0.000000
vt -0.000000 0.332316 0.000000
vt -0.100000 0.392737 0.000000
vt -0.000000 0.392737 0.000000
vt -0.100000 -0.392737 0.000000
vt -0.000000 -0.392737 0.000000
vt -0.100000 -0.332316 0.000000
vt 0.000000 -0.332316 0.000000
vt -0.100000 -0.271895 0.000000
vt 0.000000 -0.271895 0.000000
vt -0.100000 -0.211474 0.000000
vt 0.000000 -0.211474 0.000000
vt -0.100000 -0.151053 0.000000
vt -0.000000 -0.151053 0.000000
vt -0.100000 -0.090632 0.000000
vt -0.000000 -0.090632 0.000000
vt -0.100000 -0.030211 0.000000
vt -0.000000 -0.030211 0.000000
vt -0.100000 0.030211 0.000000
vt -0.000000 0.030211 0.000000
vt -0.100000 0.090632 0.000000
vt -0.000000 0.090632 0.000000
vt -0.100000 0.151053 0.000000
vt -0.000000 0.151053 0.000000
vt -0.100000 0.211474 0.000000
vt -0.000000 0.211474 0.000000
vt -0.100000 0.271895 0.000000
vt -0.000000 0.271895 0.000000
vt -0.125012 0.000000 0.000000
vt -0.110693 -0.058096 0.000000
vt -0.110693 0.058096 0.000000
vt -0.071015 -0.102883 0.000000
vt -0.071015 0.102883 0.000000
vt -0.015069 -0.124101 0.000000
vt -0.015069 0.124101 0.000000
vt 0.044330 -0.116888 0.000000
vt 0.044330 0.116888 0.000000
vt 0.093573 -0.082898 0.000000
vt 0.093573 0.082898 0.000000
vt 0.121380 -0.029917 0.000000
vt 0.121380 0.029917 0.000000
vt -0.275398 0.089482 0.000000
vt -0.397021 0.111240 0.000000
vt -0.289570 0.000000 0.000000
vt -0.412311 0.000000 0.000000
vt -0.397021 -0.111240 0.000000
vt -0.352286 0.214230 0.000000
vt -0.234267 0.170205 0.000000
vt -0.281424 0.301331 0.000000
vt -0.170205 0.234267 0.000000
vt -0.189690 0.366084 0.000000
vt -0.089482 0.275398 0.000000
vt -0.083887 0.403687 0.000000
vt 0.000000 0.289570 0.000000
vt 0.028137 0.411349 0.000000
vt 0.089482 0.275398 0.000000
vt 0.138074 0.388504 0.000000
vt 0.170205 0.234267 0.000000
vt 0.237771 0.336845 0.000000
vt 0.319834 0.260204 0.000000
vt 0.234267 0.170205 0.000000
vt 0.378176 0.164265 0.000000
vt 0.275398 0.089482 0.000000
vt 0.408470 0.056143 0.000000
vt 0.289570 0.000000 0.000000
vt 0.408470 -0.056143 0.000000
vt 0.275398 -0.089482 0.000000
vt 0.378176 -0.164265 0.000000
vt 0.234267 -0.170205 0.000000
vt 0.319834 -0.260204 0.000000
vt 0.170205 -0.234267 0.000000
vt 0.237771 -0.336845 0.000000
vt 0.138074 -0.388504 0.000000
vt 0.089482 -0.275398 0.000000
vt 0.028137 -0.411349 0.000000
vt 0.000000 -0.289570 0.000000
vt -0.083887 -0.403687 0.000000
vt -0.089482 -0.275398 0.000000
vt -0.189690 -0.366084 0.000000
vt -0.170205 -0.234267 0.000000
vt -0.281424 -0.301331 0.000000
vt -0.234267 -0.170205 0.000000
vt -0.352286 -0.214230 0.000000
vt -0.275398 -0.089482 0.000000
vt 0.100000 -0.292701 0.000000
vt -0.000000 -0.292701 0.000000
vt 0.100000 -0.351241 0.000000
vt -0.000000 -0.351241 0.000000
vt 0.100000 0.351241 0.000000
vt -0.000000 0.351241 0.000000
vt 0.100000 0.292701 0.000000
vt 0.000000 0.292701 0.000000
vt 0.100000 0.234160 0.000000
vt -0.000000 0.234160 0.000000
vt 0.100000 0.175620 0.000000
vt -0.000000 0.175620 0.000000
vt 0.100000 0.117080 0.000000
vt -0.000000 0.117080 0.000000
vt 0.100000 0.058540 0.000000
vt -0.000000 0.058540 0.000000
vt 0.100000 0.000000 0.000000
vt -0.000000 0.000000 0.000000
vt 0.100000 -0.058540 0.000000
vt -0.000000 -0.058540 0.000000
vt 0.100000 -0.117080 0.000000
vt -0.000000 -0.117080 0.000000
vt 0.100000 -0.175620 0.000000
vt -0.000000 -0.175620 0.000000
vt 0.100000 -0.234160 0.000000
vt -0.000000 -0.234160 0.000000
vt -0.096825 -0.055902 0.000000
vt 0.096825 -0.055902 0.000000
vt -0.111803 0.000000 0.000000
vt 0.111803 0.000000 0.000000
vt -0.096825 0.055902 0.000000
vt 0.096825 0.055902 0.000000
vt -0.055902 0.096825 0.000000
vt 0.055902 0.096825 0.000000
vt 0.000000 0.111803 0.000000
vt 0.055902 -0.096825 0.000000
vt -0.055902 -0.096825 0.000000
vt 0.000000 -0.111803 0.000000
vt -0.096825 -0.055902 0.000000
vt 0.096825 -0.055902 0.000000
vt -0.111803 0.000000 0.000000
vt 0.111803 0.000000 0.000000
vt -0.096825 0.055902 0.000000
vt 0.096825 0.055902 0.000000
vt -0.055902 0.096825 0.000000
vt 0.055902 0.096825 0.000000
vt 0.000000 0.111803 0.000000
vt 0.055902 -0.096825 0.000000
vt -0.055902 -0.096825 0.000000
vt 0.000000 -0.111803 0.000000
vt 0.100000 -0.292701 0.000000
vt -0.100000 -0.292701 0.000000
vt 0.100000 -0.351241 0.000000
vt -0.100000 -0.351241 0.000000
vt 0.100000 0.351241 0.000000
vt -0.100000 0.351241 0.000000
vt 0.100000 0.292701 0.000000
vt -0.100000 0.292701 0.000000
vt 0.100000 0.234160 0.000000
vt -0.100000 0.234160 0.000000
vt 0.100000 0.175620 0.000000
vt -0.100000 0.175620 0.000000
vt 0.100000 0.117080 0.000000
vt -0.100000 0.117080 0.000000
vt 0.100000 0.058540 0.000000
vt -0.100000 0.058540 0.000000
vt 0.100000 0.000000 0.000000
vt -0.100000 0.000000 0.000000
vt 0.100000 -0.058540 0.000000
vt -0.100000 -0.058540 0.000000
vt 0.100000 -0.117080 0.000000
vt -0.100000 -0.117080 0.000000
vt 0.100000 -0.175620 0.000000
vt -0.100000 -0.175620 0.000000
vt 0.100000 -0.234160 0.000000
vt -0.100000 -0.234160 0.000000
vt -0.100000 0.028245 0.000000
vt -0.238197 -0.050000 0.000000
vt -0.100000 -0.300000 0.000000
vt -0.253175 -0.105902 0.000000
vt -0.294098 -0.146825 0.000000
vt -0.176888 0.070737 0.000000
vt -0.253175 0.005902 0.000000
vt -0.237495 0.134329 0.000000
vt -0.294098 0.046825 0.000000
vt -0.276245 0.213169 0.000000
vt -0.350000 0.061803 0.000000
vt -0.500000 0.300000 0.000000
vt -0.405902 0.046825 0.000000
vt -0.446825 0.005902 0.000000
vt -0.461803 -0.050000 0.000000
vt -0.500000 -0.300000 0.000000
vt -0.446825 -0.105902 0.000000
vt -0.405902 -0.146825 0.000000
vt -0.350000 -0.161803 0.000000
vt -0.289570 0.300000 0.000000
vt 0.210430 0.100000 0.000000
vt 0.000000 0.100000 0.000000
vt 0.210430 0.000000 0.000000
vt 0.000000 0.000000 0.000000
vt 0.000000 0.000000 0.000000
vt 1.500000 0.000000 0.000000
vt 0.000000 0.100000 0.000000
vt 1.500000 0.100000 0.000000
vt 1.500000 0.050000 0.000000
vt 0.000000 0.050000 0.000000
vt 1.500000 0.000000 0.000000
vt -0.000000 0.000000 0.000000
vt 0.000000 0.050000 0.000000
vt 1.500000 0.050000 0.000000
vt 0.000000 0.100000 0.000000
vt 1.500000 0.100000 0.000000
vt -0.000000 0.000000 0.000000
vt 1.500000 0.000000 0.000000
vt 0.000000 0.100000 0.000000
vt 1.500000 0.100000 0.000000
vt -0.100000 0.000000 0.000000
vt 1.400000 0.000000 0.000000
vt 0.000000 0.300000 0.000000
vt 1.500000 0.100000 0.000000
vt 1.500000 0.300000 0.000000
vt 0.000000 0.600000 0.000000
vt -0.100000 0.600000 0.000000
vt 0.000000 0.100000 0.000000
vt 0.000000 0.000000 0.000000
vt 0.210430 0.100000 0.000000
vt 0.210430 -0.000000 0.000000
vt 0.976601 1.127330 0.000000
vt 0.946825 1.105902 0.000000
vt 0.983708 1.103522 0.000000
vt 0.961803 1.050000 0.000000
vt 1.000000 1.088734 0.000000
vt 0.946825 0.994098 0.000000
vt 1.000000 0.800000 0.000000
vt 0.905902 0.953175 0.000000
vt 0.850000 0.938197 0.000000
vt 0.905902 1.146825 0.000000
vt 0.981498 1.145939 0.000000
vt 0.950000 1.200000 0.000000
vt 0.986134 1.150994 0.000000
vt 0.975000 1.193301 0.000000
vt 0.993301 1.175000 0.000000
vt 0.991255 1.153037 0.000000
vt 0.996117 1.152184 0.000000
vt 1.000000 1.149609 0.000000
vt 1.000000 1.150000 0.000000
vt 0.050000 1.200000 0.000000
vt 0.794098 1.146825 0.000000
vt 0.850000 1.161803 0.000000
vt 0.000000 1.150000 0.000000
vt 0.410518 0.875398 0.000000
vt 0.500000 0.889570 0.000000
vt 0.753175 1.105902 0.000000
vt 0.738197 1.050000 0.000000
vt 0.753175 0.994098 0.000000
vt 0.589482 0.875398 0.000000
vt 0.794098 0.953175 0.000000
vt 0.670205 0.834267 0.000000
vt 0.734267 0.770205 0.000000
vt 0.775398 0.689482 0.000000
vt 1.000000 0.600000 0.000000
vt 0.789570 0.600000 0.000000
vt 0.329795 0.834267 0.000000
vt 0.000000 0.800000 0.000000
vt 0.265733 0.770205 0.000000
vt 0.224602 0.689482 0.000000
vt 0.000000 0.600000 0.000000
vt 0.210430 0.600000 0.000000
vt -0.100000 0.750000 0.000000
vt -0.050000 0.800000 0.000000
vt -0.093301 0.775000 0.000000
vt -0.075000 0.793301 0.000000
vt -0.100000 0.300000 0.000000
vt 0.000000 0.300000 0.000000
vt 1.000000 0.300000 0.000000
vt 1.100000 0.350000 0.000000
vt 1.100000 0.800000 0.000000
vt 1.050000 0.300000 0.000000
vt 1.093301 0.325000 0.000000
vt 1.075000 0.306699 0.000000
vt -0.677669 0.611335 0.000000
vt -0.678896 0.620475 0.000000
vt -1.000000 0.619497 0.000000
vt -0.675135 0.629390 0.000000
vt -0.667045 0.633852 0.000000
vt -0.657598 0.633464 0.000000
vt -0.000000 0.619497 0.000000
vt -0.000000 0.732133 0.000000
vt -1.000000 0.732133 0.000000
vt -1.000000 0.844769 0.000000
vt -0.000000 0.844769 0.000000
vt -1.000000 0.957404 0.000000
vt -0.000000 0.957404 0.000000
vt -1.000000 1.070040 0.000000
vt -0.000000 1.070040 0.000000
vt -1.000000 1.182676 0.000000
vt -0.000000 1.182676 0.000000
vt -1.000000 1.295312 0.000000
vt -0.000000 1.295312 0.000000
vt -1.000000 -1.295312 0.000000
vt -0.000000 -1.295312 0.000000
vt -1.000000 -1.182676 0.000000
vt -0.000000 -1.182676 0.000000
vt -1.000000 -1.070040 0.000000
vt -0.000000 -1.070040 0.000000
vt -1.000000 -0.957404 0.000000
vt -0.000000 -0.957404 0.000000
vt -1.000000 -0.844769 0.000000
vt -0.000000 -0.844769 0.000000
vt -1.000000 -0.732133 0.000000
vt -0.000000 -0.732133 0.000000
vt -1.000000 -0.619497 0.000000
vt -0.000000 -0.619497 0.000000
vt -1.000000 -0.506861 0.000000
vt 0.000000 -0.506861 0.000000
vt -1.000000 -0.394225 0.000000
vt -0.000000 -0.394225 0.000000
vt -1.000000 -0.281590 0.000000
vt -0.000000 -0.281590 0.000000
vt -1.000000 -0.168954 0.000000
vt 0.000000 -0.168954 0.000000
vt -1.000000 -0.056318 0.000000
vt -0.000000 -0.056318 0.000000
vt -1.000000 0.056318 0.000000
vt -0.000000 0.056318 0.000000
vt -1.000000 0.168954 0.000000
vt -0.000000 0.168954 0.000000
vt -1.000000 0.281590 0.000000
vt -0.000000 0.281590 0.000000
vt -1.000000 0.394225 0.000000
vt -0.000000 0.394225 0.000000
vt -1.000000 0.506861 0.000000
vt -0.000000 0.506861 0.000000
vt -0.571615 0.548440 0.000000
vt -0.559514 0.550176 0.000000
vt -0.550634 0.556003 0.000000
vt -0.547535 0.561850 0.000000
vt -0.547580 0.568673 0.000000
vt -0.550859 0.575063 0.000000
vt -0.558102 0.581359 0.000000
vt -0.601662 0.595885 0.000000
vt -0.645223 0.627672 0.000000
vt -0.614440 0.565441 0.000000
vt -0.653383 0.585975 0.000000
vt -0.671790 0.600987 0.000000
vn -0.092770 0.022186 -0.030024
vn -0.078347 0.010929 -0.061174
vn -0.090199 -0.042036 -0.009854
vn -0.083879 -0.025586 -0.048059
vn -0.076065 -0.058410 -0.028325
vn -0.048118 -0.086244 0.015707
vn -0.049220 -0.085858 0.014346
vn -0.048248 -0.083382 0.026824
vn -0.089083 -0.033378 0.030824
vn -0.095413 0.029897 0.001596
vn -0.088098 0.034372 0.032517
vn -0.066204 -0.032715 0.067430
vn -0.069673 0.035203 0.062501
vn -0.042521 -0.081776 0.038791
vn -0.035356 -0.066092 0.066195
vn -0.008854 -0.073934 0.066748
vn -0.001494 -0.089367 -0.044848
vn -0.033652 -0.094155 -0.001553
vn -0.060617 -0.061469 0.050470
vn -0.058644 -0.001199 0.080991
vn -0.008390 -0.012964 0.098801
vn -0.026137 0.061423 0.074459
vn 0.025726 0.047408 0.084206
vn 0.030858 0.069923 0.064487
vn 0.064940 0.074557 0.014967
vn 0.054094 0.083158 -0.012592
vn 0.074481 0.065653 -0.011929
vn 0.018631 0.089750 -0.039972
vn 0.068439 0.061644 -0.038937
vn 0.009812 0.094059 -0.032505
vn 0.048774 0.063205 -0.060218
vn 0.006802 0.097542 -0.020959
vn -0.055578 0.082303 -0.011714
vn -0.040751 0.086754 0.028515
vn 0.030446 -0.070082 -0.064510
vn 0.040468 -0.086596 -0.029386
vn -0.021975 -0.097551 -0.000894
vn -0.012006 -0.099048 0.006736
vn -0.071483 -0.069859 -0.003130
vn -0.055854 -0.079321 -0.024258
vn -0.080726 -0.023747 -0.054031
vn -0.039964 -0.042487 -0.081227
vn -0.032702 0.027584 -0.090386
vn 0.016107 0.010586 -0.098125
vn 0.016644 0.071328 -0.068083
vn 0.043281 0.064103 -0.063384
vn 0.007045 0.098035 -0.018424
vn 0.008640 0.094833 -0.030531
vn -0.054552 0.083725 -0.003778
vn -0.051049 0.074210 -0.043438
vn -0.094891 0.025268 -0.018899
vn -0.077889 0.010649 -0.061805
vn -0.025216 0.058764 -0.076882
vn -0.044740 -0.005601 -0.089258
vn 0.011361 0.044943 -0.088606
vn -0.003651 -0.020204 -0.097870
vn 0.053257 0.034467 -0.077302
vn 0.042379 -0.031627 -0.084875
vn 0.082006 0.031945 -0.047482
vn 0.075424 -0.035412 -0.055292
vn 0.093803 -0.031968 -0.013380
vn 0.092291 0.038058 -0.005822
vn 0.091725 -0.021034 0.033824
vn 0.079763 0.050224 0.033397
vn 0.071184 -0.006807 0.069903
vn 0.049155 0.065275 0.057645
vn 0.033225 0.010152 0.093771
vn 0.007052 0.078801 0.061162
vn -0.011030 0.024418 0.096344
vn -0.028612 0.085962 0.042331
vn -0.050931 0.033091 0.079442
vn -0.083365 0.035112 0.042631
vn -0.052604 0.084938 0.004290
vn -0.095535 0.029547 -0.000184
vn -0.053518 0.076586 -0.035644
vn -0.088277 0.017867 -0.043451
vn -0.031700 0.061974 -0.071794
vn -0.060231 0.001254 -0.079817
vn 0.003572 0.047412 -0.087973
vn -0.022499 -0.014050 -0.096418
vn 0.045035 0.036163 -0.081634
vn 0.022834 -0.027435 -0.093413
vn 0.062910 -0.034652 -0.069582
vn 0.077740 0.031732 -0.054310
vn 0.087786 -0.034442 -0.033277
vn 0.092003 0.036137 -0.015151
vn 0.095374 -0.026405 0.014370
vn 0.083762 0.047564 0.026861
vn 0.082050 -0.013291 0.055599
vn 0.056765 0.062084 0.054068
vn 0.052158 0.002438 0.085285
vn 0.015043 0.076657 0.062429
vn 0.007711 0.018950 0.097885
vn -0.034105 0.029984 0.089094
vn -0.022091 0.085038 0.047756
vn -0.071022 0.035276 0.060921
vn -0.049630 0.085905 0.012536
vn -0.092687 0.032717 0.018406
vn -0.055071 0.078681 -0.027863
vn -0.093983 0.023754 -0.024553
vn -0.037877 0.065346 -0.065538
vn -0.074338 0.008562 -0.066336
vn -0.003915 0.050002 -0.086513
vn -0.039710 -0.007639 -0.091459
vn 0.002107 -0.021917 -0.097546
vn 0.036319 0.038157 -0.085000
vn 0.047456 -0.032527 -0.081792
vn 0.072783 0.031871 -0.060719
vn 0.078746 -0.035389 -0.050466
vn 0.090732 0.034563 -0.023938
vn 0.094793 -0.030973 -0.007409
vn 0.087111 0.045008 0.019647
vn 0.089947 -0.019312 0.039199
vn 0.063528 0.058983 0.049852
vn 0.067285 -0.004745 0.073826
vn 0.027635 0.012222 0.095325
vn 0.023483 0.074210 0.062780
vn -0.016585 0.025880 0.095159
vn -0.015337 0.083851 0.052286
vn -0.055689 0.033787 0.075876
vn -0.045499 0.086553 0.020938
vn -0.086052 0.034767 0.037234
vn -0.055765 0.080549 -0.020055
vn -0.095714 0.028354 -0.005912
vn -0.043351 0.068630 -0.058400
vn -0.085857 0.015970 -0.048718
vn -0.055708 -0.000850 -0.083041
vn -0.011177 0.052750 -0.084217
vn -0.016987 -0.015939 -0.097249
vn 0.027807 0.040261 -0.087211
vn 0.028546 -0.028769 -0.091419
vn 0.067050 0.032383 -0.066751
vn 0.067038 -0.035022 -0.065417
vn 0.088626 0.033337 -0.032157
vn 0.089902 -0.033889 -0.027734
vn 0.089747 0.042539 0.011657
vn 0.094710 -0.024924 0.020220
vn 0.079026 -0.011348 0.060217
vn 0.069522 0.056000 0.045064
vn 0.047197 0.004576 0.088042
vn 0.032377 0.071399 0.062079
vn 0.002010 0.020700 0.097813
vn -0.008320 0.082434 0.055994
vn -0.039296 0.031039 0.086559
vn -0.040358 0.086764 0.029038
vn -0.074855 0.035404 0.056065
vn -0.055608 0.082222 -0.012141
vn -0.093932 0.031862 0.012714
vn -0.092743 0.022154 -0.030131
vn -0.047729 0.071549 -0.051016
vn -0.070520 0.006448 -0.070607
vn -0.018274 0.055693 -0.081021
vn -0.034546 -0.009650 -0.093346
vn 0.019587 0.042464 -0.088392
vn 0.007873 -0.023554 -0.096867
vn 0.060428 0.033293 -0.072388
vn 0.052349 -0.033308 -0.078423
vn 0.085784 0.032457 -0.039844
vn 0.081798 -0.035244 -0.045463
vn 0.095428 -0.029858 -0.001392
vn 0.091540 0.040155 0.002823
vn 0.087858 -0.017525 0.044427
vn 0.074831 0.053134 0.039711
vn 0.063144 -0.002662 0.077497
vn 0.041289 0.068287 0.060267
vn 0.021958 0.014239 0.096515
vn -0.000967 0.080790 0.058924
vn -0.022078 0.027252 0.093648
vn -0.034717 0.086527 0.036164
vn -0.060258 0.034364 0.072028
vn -0.088418 0.034297 0.031716
vn -0.054558 0.083709 -0.004037
vn -0.095564 0.027063 -0.011622
vn -0.051085 0.074138 -0.043519
vn -0.083111 0.014007 -0.053818
vn -0.025228 0.058851 -0.076812
vn -0.050998 -0.002946 -0.085968
vn 0.011665 0.044776 -0.088651
vn -0.011407 -0.017775 -0.097744
vn 0.052808 0.034627 -0.077539
vn 0.034133 -0.029990 -0.089082
vn 0.070930 -0.035272 -0.061032
vn 0.082248 0.031920 -0.047078
vn 0.091702 -0.033214 -0.022080
vn 0.092297 0.037932 -0.006512
vn 0.093699 -0.023355 0.025981
vn 0.079524 0.050372 0.033744
vn 0.075732 -0.009365 0.064630
vn 0.049412 0.065143 0.057574
vn 0.042049 0.006702 0.090482
vn 0.006813 0.078892 0.061071
vn -0.003687 0.022373 0.097395
vn -0.044357 0.031988 0.083721
vn -0.028709 0.085928 0.042334
vn -0.078410 0.035397 0.050980
vn -0.052523 0.084986 0.004321
vn -0.094850 0.030898 0.006984
vn -0.053503 0.076450 -0.035956
vn -0.091173 0.020473 -0.035614
vn -0.031996 0.062213 -0.071455
vn -0.066451 0.004317 -0.074604
vn 0.003655 0.047338 -0.088010
vn -0.029265 -0.011627 -0.094913
vn 0.013625 -0.025110 -0.095832
vn 0.044392 0.036332 -0.081911
vn 0.057044 -0.033968 -0.074781
vn 0.077998 0.031729 -0.053940
vn 0.084572 -0.034977 -0.040300
vn 0.091991 0.036041 -0.015450
vn 0.095702 -0.028626 0.004647
vn 0.083623 0.047689 0.027073
vn 0.085467 -0.015680 0.049493
vn 0.056986 0.061935 0.054007
vn 0.058775 -0.000566 0.080903
vn 0.016214 0.016198 0.097338
vn 0.015101 0.076692 0.062372
vn -0.027492 0.028530 0.091816
vn -0.022391 0.085037 0.047617
vn -0.064621 0.034817 0.067911
vn -0.049378 0.085990 0.012944
vn -0.090460 0.033704 0.026097
vn -0.055051 0.078537 -0.028306
vn -0.095087 0.025679 -0.017294
vn -0.038471 0.065722 -0.064812
vn -0.080044 0.011987 -0.058731
vn -0.046119 -0.005028 -0.088588
vn -0.003502 0.049845 -0.086621
vn -0.005780 -0.019551 -0.097900
vn 0.036008 0.038196 -0.085114
vn 0.039573 -0.031093 -0.086413
vn 0.072963 0.031900 -0.060488
vn 0.074575 -0.035399 -0.056440
vn 0.090768 0.034497 -0.023898
vn 0.093179 -0.032418 -0.016333
vn 0.087160 0.045010 0.019421
vn 0.092349 -0.021705 0.031631
vn 0.072177 -0.007351 0.068822
vn 0.063303 0.059037 0.050074
vn 0.036729 0.008809 0.092593
vn 0.023934 0.074129 0.062707
vn -0.009358 0.023964 0.096634
vn -0.015754 0.083895 0.052091
vn -0.049270 0.032827 0.080590
vn -0.045101 0.086606 0.021571
vn -0.081658 0.035253 0.045707
vn -0.055761 0.080469 -0.020383
vn -0.095440 0.029828 0.001238
vn -0.089276 0.018715 -0.040983
vn -0.043561 0.068724 -0.058134
vn -0.062147 0.002175 -0.078313
vn -0.010893 0.052676 -0.084301
vn -0.023884 -0.013564 -0.096154
vn 0.027815 0.040190 -0.087242
vn 0.019342 -0.026578 -0.094443
vn 0.067035 0.032455 -0.066731
vn 0.061525 -0.034506 -0.070880
vn 0.088726 0.033291 -0.031929
vn 0.087057 -0.034590 -0.034993
vn 0.095611 -0.027281 0.010686
vn 0.089823 0.042495 0.011224
vn 0.082782 -0.013783 0.054380
vn 0.069215 0.056120 0.045384
vn 0.054190 0.001535 0.084030
vn 0.033094 0.071189 0.061943
vn 0.010747 0.017987 0.097780
vn -0.008234 0.082514 0.055889
vn -0.032351 0.029610 0.089870
vn -0.040751 0.086754 0.028515
vn -0.069673 0.035203 0.062501
vn 0.058560 -0.034161 -0.073510
vn 0.085364 -0.034872 -0.038691
vn 0.055337 -0.082373 0.012349
vn 0.095688 -0.027793 0.008450
vn 0.084792 -0.015189 0.050789
vn 0.047613 -0.071113 0.051730
vn 0.056914 0.000298 0.082224
vn 0.018995 -0.056263 0.080459
vn 0.013399 0.017128 0.097607
vn -0.020885 -0.041959 0.088336
vn -0.028802 0.028827 0.091320
vn -0.058902 -0.033560 0.073514
vn -0.066930 0.035014 0.065531
vn -0.086339 -0.032637 0.038476
vn -0.091117 0.033460 0.024043
vn -0.091813 -0.039603 -0.001422
vn -0.074103 -0.053696 -0.040318
vn -0.041528 -0.067976 -0.060454
vn 0.001029 -0.081020 -0.058606
vn 0.035413 -0.086408 -0.035770
vn 0.054154 -0.084008 0.003149
vn 0.050739 -0.073638 0.044755
vn 0.026650 -0.059568 0.075772
vn -0.013104 -0.044375 0.088652
vn -0.051485 -0.034698 0.078393
vn -0.082705 -0.032193 0.046081
vn -0.092431 -0.037560 0.006767
vn -0.079291 -0.050726 -0.033760
vn -0.048802 -0.065183 -0.058048
vn -0.007773 -0.078825 -0.061043
vn 0.029796 -0.085956 -0.041518
vn 0.051923 -0.085246 -0.006090
vn 0.053104 -0.076059 0.037348
vn 0.033226 -0.062658 0.070499
vn -0.005139 -0.047054 0.088088
vn -0.044038 -0.036106 0.082201
vn -0.078083 -0.032048 0.053628
vn -0.092168 -0.035882 0.014753
vn -0.083916 -0.047654 -0.026215
vn -0.055649 -0.062399 -0.054859
vn -0.016906 -0.076227 -0.062479
vn 0.023566 -0.085229 -0.046698
vn 0.048856 -0.086036 -0.014520
vn 0.054701 -0.078370 0.029425
vn 0.038802 -0.065562 0.064776
vn 0.003043 -0.049993 0.086553
vn -0.036565 -0.037774 0.085066
vn -0.072378 -0.032211 0.061024
vn -0.091082 -0.034534 0.022615
vn -0.087695 -0.044594 -0.017916
vn -0.062144 -0.059588 -0.050866
vn -0.025521 -0.073528 -0.062788
vn 0.016653 -0.084187 -0.051334
vn 0.045093 -0.086463 -0.022154
vn 0.055467 -0.080533 0.020925
vn 0.043488 -0.068323 0.058658
vn 0.011399 -0.053166 0.083925
vn -0.029010 -0.039703 0.087075
vn -0.065692 -0.032698 0.067937
vn -0.089174 -0.033489 0.030437
vn -0.090285 -0.041894 -0.009664
vn -0.068323 -0.056705 -0.046006
vn -0.033591 -0.070808 -0.062112
vn 0.008991 -0.082773 -0.055388
vn 0.040706 -0.086588 -0.029079
vn 0.055294 -0.082476 0.011841
vn 0.047381 -0.070978 0.052126
vn 0.019638 -0.056464 0.080163
vn -0.021294 -0.041902 0.088266
vn -0.058705 -0.033508 0.073695
vn -0.086391 -0.032731 0.038280
vn -0.091821 -0.039578 -0.001564
vn -0.074158 -0.053708 -0.040201
vn -0.041182 -0.068090 -0.060562
vn 0.000562 -0.080916 -0.058756
vn 0.035710 -0.086440 -0.035396
vn 0.054075 -0.084084 0.002408
vn 0.050541 -0.073550 0.045122
vn 0.026915 -0.059603 0.075651
vn -0.013337 -0.044378 0.088615
vn -0.051585 -0.034619 0.078362
vn -0.082640 -0.032253 0.046157
vn -0.092432 -0.037621 0.006399
vn -0.079548 -0.050575 -0.033380
vn -0.048700 -0.065240 -0.058069
vn -0.008468 -0.078596 -0.061246
vn 0.030067 -0.086020 -0.041188
vn 0.051905 -0.085234 -0.006403
vn 0.052980 -0.076042 0.037561
vn 0.033418 -0.062684 0.070384
vn -0.005088 -0.047135 0.088047
vn -0.044363 -0.036013 0.082067
vn -0.077816 -0.032063 0.054006
vn -0.092198 -0.035991 0.014291
vn -0.084393 -0.047264 -0.025375
vn -0.055286 -0.062594 -0.055004
vn -0.017194 -0.076084 -0.062575
vn 0.023714 -0.085297 -0.046497
vn 0.048942 -0.085995 -0.014473
vn 0.054680 -0.078476 0.029181
vn 0.038605 -0.065422 0.065035
vn 0.003440 -0.050158 0.086443
vn -0.037005 -0.037687 0.084914
vn -0.071887 -0.032181 0.061617
vn -0.091117 -0.034640 0.022313
vn -0.087840 -0.044415 -0.017645
vn -0.061934 -0.059737 -0.050947
vn -0.025448 -0.073505 -0.062845
vn 0.016579 -0.084218 -0.051308
vn 0.045255 -0.086438 -0.021921
vn 0.055463 -0.080641 0.020514
vn 0.043225 -0.068177 0.059021
vn 0.012100 -0.053385 0.083688
vn -0.028972 -0.039851 0.087020
vn -0.066204 -0.032715 0.067430
vn -0.029792 -0.085926 0.041582
vn -0.018206 -0.089879 0.039879
vn -0.009521 -0.094285 0.031934
vn -0.006718 -0.097658 0.020440
vn -0.010552 -0.099058 0.008725
vn -0.019679 -0.098044 0.000147
vn -0.031327 -0.094948 -0.001887
vn -0.042489 -0.090495 0.002306
vn -0.048608 -0.086562 0.012016
vn -0.049059 -0.083635 0.024462
vn -0.042840 -0.083340 0.034916
vn -0.032083 -0.085268 0.041232
vn -0.020377 -0.088987 0.040818
vn -0.011027 -0.093411 0.033954
vn -0.006664 -0.097137 0.022804
vn -0.009344 -0.098960 0.010936
vn -0.017547 -0.098440 0.001297
vn -0.028913 -0.095709 -0.001963
vn -0.040599 -0.091383 0.000935
vn -0.047820 -0.087279 0.009774
vn -0.049483 -0.084069 0.021997
vn -0.044538 -0.083184 0.033119
vn -0.034542 -0.084738 0.040329
vn -0.022541 -0.088145 0.041502
vn -0.012640 -0.092527 0.035762
vn -0.006880 -0.096563 0.025066
vn -0.008310 -0.098762 0.013304
vn -0.015543 -0.098746 0.002751
vn -0.026530 -0.096399 -0.001812
vn -0.038425 -0.092323 -0.000161
vn -0.046881 -0.087989 0.007758
vn -0.049610 -0.084653 0.019307
vn -0.046014 -0.083122 0.031201
vn -0.036843 -0.084269 0.039260
vn -0.024801 -0.087341 0.041911
vn -0.014393 -0.091633 0.037365
vn -0.007452 -0.095860 0.027483
vn -0.007522 -0.098481 0.015646
vn -0.013683 -0.098955 0.004559
vn -0.024197 -0.097018 -0.001433
vn -0.036049 -0.093271 -0.000967
vn -0.045634 -0.088797 0.005711
vn -0.049518 -0.085241 0.016794
vn -0.047274 -0.083169 0.029121
vn -0.039010 -0.083872 0.037995
vn -0.027169 -0.086587 0.042006
vn -0.016255 -0.090740 0.038755
vn -0.008391 -0.095094 0.029779
vn -0.006964 -0.098120 0.018000
vn -0.012011 -0.099052 0.006660
vn -0.021920 -0.097565 -0.000813
vn -0.033688 -0.094142 -0.001552
vn -0.044205 -0.089613 0.003923
vn -0.049190 -0.085874 0.014353
vn -0.048286 -0.083348 0.026861
vn -0.041022 -0.083549 0.036561
vn -0.029651 -0.085901 0.041735
vn -0.018215 -0.089857 0.039924
vn -0.009686 -0.094252 0.031981
vn -0.006650 -0.097679 0.020361
vn -0.010550 -0.099052 0.008793
vn -0.019710 -0.098038 0.000077
vn -0.031301 -0.094956 -0.001894
vn -0.042515 -0.090482 0.002331
vn -0.048647 -0.086540 0.012012
vn -0.049006 -0.083683 0.024403
vn -0.042868 -0.083303 0.034970
vn -0.032194 -0.085294 0.041090
vn -0.020277 -0.088992 0.040857
vn -0.011091 -0.093395 0.033977
vn -0.006609 -0.097158 0.022732
vn -0.009304 -0.098955 0.011012
vn -0.017580 -0.098434 0.001276
vn -0.028922 -0.095705 -0.002004
vn -0.040529 -0.091413 0.000978
vn -0.047893 -0.087238 0.009786
vn -0.049399 -0.084174 0.021782
vn -0.044535 -0.083145 0.033218
vn -0.034588 -0.084744 0.040275
vn -0.022452 -0.088153 0.041532
vn -0.012661 -0.092516 0.035783
vn -0.006884 -0.096550 0.025113
vn -0.008276 -0.098768 0.013282
vn -0.015557 -0.098742 0.002830
vn -0.026569 -0.096387 -0.001885
vn -0.038256 -0.092393 -0.000094
vn -0.046923 -0.087972 0.007689
vn -0.049577 -0.084685 0.019250
vn -0.046008 -0.083091 0.031291
vn -0.036872 -0.084264 0.039243
vn -0.024757 -0.087353 0.041912
vn -0.014362 -0.091629 0.037388
vn -0.007525 -0.095851 0.027495
vn -0.007470 -0.098495 0.015585
vn -0.013679 -0.098946 0.004759
vn -0.024251 -0.097003 -0.001523
vn -0.035982 -0.093297 -0.000945
vn -0.045717 -0.088753 0.005736
vn -0.049511 -0.085251 0.016760
vn -0.047259 -0.083162 0.029167
vn -0.039021 -0.083854 0.038024
vn -0.027203 -0.086604 0.041948
vn -0.016180 -0.090742 0.038782
vn -0.008579 -0.095054 0.029850
vn -0.006902 -0.098140 0.017916
vn 0.020020 -0.097964 -0.001495
vn 0.001896 -0.097119 -0.023755
vn -0.024821 -0.091014 -0.033173
vn -0.051175 -0.081423 -0.027412
vn -0.069302 -0.071647 -0.007998
vn -0.074119 -0.064007 0.020235
vn -0.064246 -0.061370 0.045894
vn -0.040724 -0.064805 0.064357
vn -0.014378 -0.071968 0.067926
vn 0.010536 -0.082720 0.055194
vn 0.023859 -0.091592 0.032274
vn 0.021993 -0.097482 0.003674
vn 0.006420 -0.097707 -0.020302
vn -0.018644 -0.092695 -0.032558
vn -0.046553 -0.083405 -0.029604
vn -0.066543 -0.073503 -0.013009
vn -0.074380 -0.065205 0.014696
vn -0.067411 -0.061402 0.041056
vn -0.045911 -0.063791 0.061830
vn -0.019629 -0.070245 0.068413
vn 0.006335 -0.080612 0.058835
vn 0.022281 -0.090048 0.037348
vn 0.023828 -0.096627 0.009771
vn 0.010246 -0.098113 -0.016397
vn -0.012793 -0.094128 -0.031246
vn -0.041766 -0.085316 -0.031252
vn -0.063231 -0.075465 -0.017516
vn -0.074063 -0.066582 0.009023
vn -0.069914 -0.061713 0.036105
vn -0.051053 -0.062881 0.058649
vn -0.024624 -0.068770 0.068296
vn 0.001280 -0.078194 0.062322
vn 0.020163 -0.088422 0.042130
vn 0.024904 -0.095557 0.015768
vn 0.013755 -0.098318 -0.012020
vn -0.007442 -0.095316 -0.029315
vn -0.036217 -0.087357 -0.032513
vn -0.059624 -0.077408 -0.021282
vn -0.073126 -0.068134 0.003198
vn -0.071828 -0.062274 0.031028
vn -0.056093 -0.062077 0.054773
vn -0.030101 -0.067310 0.067552
vn -0.003861 -0.075929 0.064961
vn 0.017487 -0.086663 0.046730
vn 0.025209 -0.094361 0.021462
vn 0.016950 -0.098293 -0.007153
vn -0.002545 -0.096296 -0.026842
vn -0.030478 -0.089275 -0.033182
vn -0.055674 -0.079377 -0.024491
vn -0.071510 -0.069848 -0.002751
vn -0.073198 -0.063062 0.025791
vn -0.060555 -0.061535 0.050463
vn -0.035389 -0.066032 0.066238
vn -0.009019 -0.073882 0.066784
vn 0.014237 -0.084742 0.051147
vn 0.024834 -0.093064 0.026879
vn 0.019797 -0.098004 -0.001794
vn 0.001966 -0.097089 -0.023870
vn -0.024362 -0.091106 -0.033259
vn -0.051367 -0.081372 -0.027203
vn -0.069263 -0.071651 -0.008295
vn -0.074040 -0.064060 0.020357
vn -0.064265 -0.061318 0.045936
vn -0.040728 -0.064849 0.064311
vn -0.014181 -0.072039 0.067892
vn 0.010397 -0.082640 0.055340
vn 0.023845 -0.091669 0.032067
vn 0.022242 -0.097411 0.004058
vn 0.006151 -0.097701 -0.020412
vn -0.018339 -0.092731 -0.032629
vn -0.046676 -0.083389 -0.029454
vn -0.066518 -0.073501 -0.013147
vn -0.074337 -0.065253 0.014702
vn -0.067308 -0.061396 0.041233
vn -0.046091 -0.063753 0.061735
vn -0.019365 -0.070372 0.068357
vn 0.005947 -0.080339 0.059247
vn 0.022280 -0.090161 0.037076
vn 0.024018 -0.096553 0.010033
vn 0.010055 -0.098123 -0.016458
vn -0.012767 -0.094110 -0.031311
vn -0.041572 -0.085414 -0.031244
vn -0.063352 -0.075396 -0.017375
vn -0.074044 -0.066630 0.008833
vn -0.069761 -0.061738 0.036358
vn -0.051423 -0.062748 0.058466
vn -0.024604 -0.068846 0.068226
vn 0.001099 -0.078010 0.062556
vn 0.020148 -0.088513 0.041945
vn 0.024978 -0.095537 0.015772
vn 0.013691 -0.098330 -0.011990
vn -0.007613 -0.095278 -0.029395
vn -0.036043 -0.087419 -0.032540
vn -0.059798 -0.077336 -0.021056
vn -0.073102 -0.068178 0.002784
vn -0.071680 -0.062316 0.031283
vn -0.056393 -0.061939 0.054620
vn -0.029929 -0.067428 0.067511
vn -0.003845 -0.075876 0.065023
vn 0.017438 -0.086698 0.046684
vn 0.025219 -0.094399 0.021282
vn 0.017035 -0.098290 -0.006997
vn -0.002818 -0.096262 -0.026938
vn -0.030105 -0.089364 -0.033284
vn 0.059891 -0.065691 -0.045801
vn 0.019393 -0.059979 -0.077630
vn -0.030862 -0.045784 -0.083375
vn -0.073826 -0.027513 -0.061585
vn -0.097485 -0.011143 -0.019300
vn -0.094369 -0.000560 0.033077
vn -0.066761 -0.000146 0.074451
vn -0.018494 -0.010027 0.097762
vn 0.028143 -0.025535 0.092498
vn 0.066763 -0.044858 0.059417
vn 0.079812 -0.058818 0.013057
vn 0.065443 -0.065623 -0.037561
vn 0.028603 -0.061777 -0.073249
vn -0.019800 -0.049447 -0.084634
vn -0.066891 -0.031005 -0.067560
vn -0.094542 -0.014173 -0.029343
vn -0.097200 -0.001853 0.023426
vn -0.074159 0.000605 0.067082
vn -0.028485 -0.007477 0.095565
vn 0.019287 -0.022079 0.095606
vn 0.060881 -0.041249 0.067765
vn 0.079285 -0.056556 0.022699
vn 0.070923 -0.065031 -0.027218
vn 0.036825 -0.063250 -0.068142
vn -0.009105 -0.052664 -0.084520
vn -0.059439 -0.034485 -0.072648
vn -0.090526 -0.017402 -0.038759
vn -0.099058 -0.003568 0.013218
vn -0.080495 0.000914 0.059328
vn -0.038772 -0.005095 0.092037
vn 0.010700 -0.018986 0.097596
vn 0.053263 -0.037043 0.076098
vn 0.077767 -0.054088 0.032044
vn 0.075003 -0.063961 -0.016838
vn 0.044708 -0.064428 -0.062050
vn 0.000965 -0.055433 -0.083224
vn -0.050443 -0.038366 -0.077353
vn -0.085815 -0.020621 -0.047016
vn -0.099807 -0.005742 0.002357
vn -0.085907 0.000815 0.051179
vn -0.049141 -0.002945 0.087043
vn 0.001067 -0.015792 0.098739
vn 0.045231 -0.033013 0.082851
vn 0.075211 -0.051335 0.041328
vn 0.077738 -0.062540 -0.006745
vn 0.052261 -0.065266 -0.054856
vn 0.010453 -0.057826 -0.080913
vn -0.040722 -0.042210 -0.080994
vn -0.080384 -0.023924 -0.054461
vn -0.099239 -0.008375 -0.009025
vn -0.090490 0.000320 0.042562
vn -0.058549 -0.001267 0.081058
vn -0.008498 -0.012878 0.098803
vn 0.036942 -0.029208 0.088217
vn 0.071512 -0.048240 0.050586
vn 0.079301 -0.060844 0.003060
vn 0.059399 -0.065685 -0.046446
vn 0.019461 -0.059905 -0.077671
vn -0.029993 -0.046066 -0.083537
vn -0.074203 -0.027343 -0.061207
vn -0.097372 -0.011236 -0.019809
vn -0.094268 -0.000576 0.033365
vn -0.066766 -0.000094 0.074446
vn -0.018475 -0.010084 0.097760
vn 0.028468 -0.025633 0.092372
vn 0.066535 -0.044742 0.059760
vn 0.079813 -0.058904 0.012657
vn 0.065925 -0.065582 -0.036781
vn 0.028104 -0.061705 -0.073503
vn -0.019260 -0.049573 -0.084685
vn -0.067181 -0.030909 -0.067315
vn -0.094456 -0.014204 -0.029604
vn -0.097185 -0.001896 0.023483
vn -0.073925 0.000620 0.067340
vn -0.028869 -0.007413 0.095455
vn 0.019786 -0.022263 0.095461
vn 0.060158 -0.040811 0.068669
vn 0.079327 -0.056714 0.022155
vn 0.071191 -0.064951 -0.026706
vn 0.036477 -0.063233 -0.068345
vn -0.009038 -0.052637 -0.084544
vn -0.059198 -0.034640 -0.072771
vn -0.090667 -0.017266 -0.038488
vn -0.099103 -0.003667 0.012853
vn -0.080170 0.000913 0.059766
vn -0.039572 -0.004905 0.091706
vn 0.010817 -0.019054 0.097570
vn 0.052874 -0.036785 0.076493
vn 0.077822 -0.054234 0.031660
vn 0.075057 -0.063913 -0.016780
vn 0.044615 -0.064458 -0.062085
vn 0.000674 -0.055325 -0.083299
vn -0.050143 -0.038519 -0.077473
vn -0.086091 -0.020438 -0.046590
vn -0.099814 -0.005913 0.001510
vn -0.085612 0.000807 0.051672
vn -0.049683 -0.002793 0.086740
vn 0.001455 -0.015964 0.098707
vn 0.045181 -0.032931 0.082911
vn 0.075213 -0.051409 0.041232
vn 0.077697 -0.062558 -0.007047
vn 0.052472 -0.065311 -0.054600
vn 0.009958 -0.057699 -0.081066
vn 0.070370 -0.000123 -0.071050
vn 0.025877 0.008059 -0.096257
vn -0.024169 0.024133 -0.093986
vn -0.062866 0.042175 -0.065339
vn -0.079455 0.057557 -0.019343
vn -0.068524 0.065231 0.032393
vn -0.035041 0.063074 0.069238
vn 0.015643 0.050631 0.084805
vn 0.060419 0.034051 0.072042
vn 0.093212 0.015342 0.032804
vn 0.098762 0.003050 -0.015390
vn 0.077037 -0.000624 -0.063756
vn 0.035535 0.005604 -0.093305
vn -0.013545 0.020218 -0.096994
vn -0.057007 0.038817 -0.072411
vn -0.078134 0.054833 -0.029806
vn -0.072730 0.064577 0.023241
vn -0.043475 0.064276 0.063076
vn 0.005613 0.053670 0.084190
vn 0.052175 0.037535 0.076608
vn 0.088757 0.018808 0.042054
vn 0.099723 0.004832 -0.005661
vn 0.083967 -0.000676 -0.054305
vn 0.044352 0.003689 -0.089551
vn -0.003100 0.016608 -0.098562
vn -0.050511 0.035474 -0.078678
vn -0.075675 0.051813 -0.039857
vn -0.076065 0.063524 0.013371
vn -0.050923 0.065051 0.056349
vn -0.004960 0.056602 0.082290
vn 0.044059 0.040745 0.079991
vn 0.082569 0.022840 0.051583
vn 0.099685 0.006919 0.003880
vn 0.089509 -0.000304 -0.044587
vn 0.052981 0.002090 -0.084786
vn 0.006953 0.013365 -0.098859
vn -0.042438 0.031702 -0.084817
vn -0.072351 0.048753 -0.048872
vn -0.078426 0.061987 0.002634
vn -0.057495 0.065460 0.049085
vn -0.015866 0.059291 0.078949
vn 0.034837 0.044178 0.082672
vn 0.075727 0.026681 0.059611
vn 0.098642 0.009369 0.013488
vn 0.093715 0.000443 -0.034891
vn 0.061464 0.000814 -0.078877
vn 0.016603 0.010485 -0.098053
vn -0.033462 0.027859 -0.090023
vn -0.068190 0.045608 -0.057184
vn -0.079593 0.059891 -0.008830
vn -0.063288 0.065533 0.041232
vn -0.025986 0.061431 0.074505
vn 0.025559 0.047425 0.084247
vn 0.068383 0.030361 0.066347
vn 0.096490 0.012225 0.023244
vn 0.096737 0.001533 -0.025292
vn 0.069752 -0.000106 -0.071656
vn 0.025919 0.007946 -0.096255
vn -0.023326 0.023839 -0.094274
vn -0.063187 0.042364 -0.064906
vn -0.079432 0.057418 -0.019845
vn -0.068353 0.065267 0.032683
vn -0.035100 0.063043 0.069236
vn 0.015723 0.050649 0.084779
vn 0.060671 0.033893 0.071905
vn 0.093057 0.015522 0.033157
vn 0.098705 0.002952 -0.015766
vn 0.077630 -0.000618 -0.063034
vn 0.035006 0.005720 -0.093498
vn -0.013050 0.020020 -0.097103
vn -0.057264 0.038985 -0.072118
vn -0.078109 0.054714 -0.030091
vn -0.072669 0.064621 0.023310
vn -0.043261 0.064207 0.063293
vn 0.005251 0.053821 0.084117
vn 0.052620 0.037320 0.076409
vn 0.088168 0.019250 0.043080
vn 0.099695 0.004711 -0.006225
vn 0.084275 -0.000685 -0.053827
vn 0.043970 0.003790 -0.089735
vn -0.003032 0.016536 -0.098577
vn -0.050298 0.035421 -0.078838
vn -0.075788 0.051857 -0.039585
vn -0.076132 0.063520 0.013004
vn -0.050570 0.064991 0.056735
vn -0.005813 0.056852 0.082061
vn 0.044184 0.040688 0.079952
vn 0.082233 0.023026 0.052034
vn 0.099707 0.006838 0.003442
vn 0.089559 -0.000344 -0.044487
vn 0.052877 0.002154 -0.084849
vn 0.006672 0.013398 -0.098874
vn -0.042145 0.031628 -0.084991
vn -0.072568 0.048883 -0.048419
vn -0.078545 0.061868 0.001746
vn -0.057132 0.065436 0.049538
vn -0.016436 0.059408 0.078743
vn 0.035260 0.044043 0.082565
vn 0.075641 0.026686 0.059719
vn 0.098663 0.009374 0.013334
vn 0.093625 0.000367 -0.035132
vn 0.061718 0.000834 -0.078678
vn 0.048774 0.063205 -0.060218
vn 0.022064 0.069658 -0.068271
vn -0.004253 0.079514 -0.060494
vn -0.021308 0.089189 -0.039890
vn -0.024138 0.096246 -0.012417
vn -0.012255 0.098186 0.014470
vn 0.010486 0.094794 0.030069
vn 0.039139 0.086156 0.032330
vn 0.061342 0.076618 0.019153
vn 0.073985 0.066974 -0.006380
vn 0.070822 0.062119 -0.033548
vn 0.053249 0.062426 -0.057163
vn 0.027589 0.067918 -0.068014
vn 0.001041 0.077333 -0.063391
vn -0.019134 0.087446 -0.044577
vn -0.024715 0.095160 -0.018270
vn -0.015648 0.098259 0.010018
vn 0.005196 0.095904 0.027845
vn 0.033743 0.088071 0.033241
vn 0.057552 0.078524 0.022841
vn 0.072673 0.068688 -0.000801
vn 0.072640 0.062623 -0.028314
vn 0.057997 0.061988 -0.052857
vn 0.032770 0.066450 -0.067161
vn 0.006358 0.075223 -0.065583
vn -0.016479 0.085680 -0.048861
vn -0.024724 0.093847 -0.024114
vn -0.018590 0.098128 0.005041
vn 0.000303 0.096772 0.025199
vn 0.027914 0.090012 0.033445
vn 0.053666 0.080317 0.025868
vn 0.070488 0.070750 0.005093
vn 0.073871 0.063337 -0.023053
vn 0.062104 0.061726 -0.048300
vn 0.037951 0.065155 -0.065685
vn 0.011654 0.073209 -0.067116
vn -0.012922 0.083668 -0.053223
vn -0.024181 0.092425 -0.029544
vn -0.021049 0.097758 -0.000559
vn -0.004208 0.097428 0.022138
vn 0.021785 0.091890 0.032889
vn 0.049093 0.082280 0.028633
vn 0.067869 0.072716 0.010302
vn 0.074527 0.064300 -0.017643
vn 0.065593 0.061641 -0.043566
vn 0.043166 0.064050 -0.063516
vn 0.016897 0.071317 -0.068032
vn -0.008722 0.081600 -0.057144
vn -0.023106 0.090892 -0.034711
vn -0.022925 0.097107 -0.006681
vn -0.008353 0.097893 0.018633
vn 0.015937 0.093476 0.031752
vn 0.044353 0.084191 0.030736
vn 0.064843 0.074639 0.014980
vn 0.074556 0.065547 -0.012039
vn 0.068488 0.061736 -0.038704
vn 0.048412 0.063155 -0.060561
vn 0.022099 0.069560 -0.068360
vn -0.003792 0.079412 -0.060658
vn -0.021481 0.089256 -0.039646
vn -0.024153 0.096209 -0.012670
vn -0.012143 0.098176 0.014630
vn 0.010421 0.094792 0.030099
vn 0.039195 0.086154 0.032268
vn 0.061470 0.076521 0.019130
vn 0.073875 0.067111 -0.006216
vn 0.070821 0.062024 -0.033726
vn 0.053582 0.062484 -0.056787
vn 0.027297 0.067949 -0.068102
vn 0.001279 0.077256 -0.063481
vn -0.019262 0.087516 -0.044384
vn -0.024772 0.095110 -0.018453
vn -0.015565 0.098268 0.010054
vn 0.005262 0.095862 0.027980
vn 0.033562 0.088173 0.033153
vn 0.057772 0.078384 0.022767
vn 0.072401 0.068979 -0.000240
vn 0.072609 0.062528 -0.028605
vn 0.058178 0.061996 -0.052648
vn 0.032537 0.066494 -0.067231
vn 0.006399 0.075173 -0.065636
vn -0.016375 0.085657 -0.048936
vn -0.024820 0.093851 -0.024000
vn -0.018576 0.098141 0.004831
vn 0.000454 0.096716 0.025413
vn 0.027465 0.090204 0.033302
vn 0.053734 0.080259 0.025907
vn 0.070359 0.070861 0.005323
vn 0.073846 0.063277 -0.023297
vn 0.062174 0.061691 -0.048257
vn 0.037859 0.065206 -0.065687
vn 0.011520 0.073191 -0.067159
vn -0.012735 0.083658 -0.053283
vn -0.024319 0.092460 -0.029322
vn -0.021089 0.097745 -0.001065
vn -0.004024 0.097380 0.022380
vn 0.021514 0.091981 0.032813
vn 0.049314 0.082177 0.028549
vn 0.067849 0.072721 0.010396
vn 0.074494 0.064308 -0.017751
vn 0.065584 0.061570 -0.043679
vn 0.006802 0.097542 -0.020959
vn 0.010193 0.099062 -0.009104
vn 0.019238 0.098130 -0.000631
vn 0.030975 0.095059 0.002082
vn 0.041779 0.090834 -0.001901
vn 0.048581 0.086612 -0.011760
vn 0.049300 0.083767 -0.023508
vn 0.043020 0.083360 -0.034647
vn 0.032898 0.085000 -0.041143
vn 0.020803 0.088905 -0.040782
vn 0.011158 0.093198 -0.034490
vn 0.006938 0.096986 -0.023356
vn 0.008996 0.098956 -0.011263
vn 0.016909 0.098542 -0.001886
vn 0.028645 0.095788 0.002016
vn 0.039853 0.091714 -0.000476
vn 0.047661 0.087389 -0.009566
vn 0.049721 0.084163 -0.021082
vn 0.044667 0.083271 -0.032721
vn 0.035131 0.084505 -0.040308
vn 0.023078 0.088057 -0.041393
vn 0.012772 0.092361 -0.036142
vn 0.007195 0.096311 -0.025930
vn 0.008150 0.098743 -0.013543
vn 0.014788 0.098842 -0.003389
vn 0.026365 0.096446 0.001729
vn 0.037726 0.092608 0.000622
vn 0.046522 0.088205 -0.007455
vn 0.049822 0.084665 -0.018699
vn 0.046158 0.083258 -0.030618
vn 0.037162 0.084124 -0.039270
vn 0.025625 0.087138 -0.041837
vn 0.014550 0.091519 -0.037584
vn 0.007753 0.095573 -0.028384
vn 0.007508 0.098439 -0.015920
vn 0.012981 0.099022 -0.005111
vn 0.023884 0.097099 0.001180
vn 0.035562 0.093453 0.001361
vn 0.045158 0.089057 -0.005443
vn 0.049642 0.085253 -0.016358
vn 0.047514 0.083306 -0.028329
vn 0.039280 0.083791 -0.037897
vn 0.028118 0.086309 -0.041954
vn 0.016497 0.090656 -0.038851
vn 0.008639 0.094810 -0.030602
vn 0.007072 0.098042 -0.018378
vn 0.011451 0.099095 -0.007010
vn 0.021494 0.097662 0.000408
vn 0.033327 0.094266 0.001812
vn 0.043570 0.089941 -0.003507
vn 0.049209 0.085913 -0.014053
vn 0.048603 0.083459 -0.025931
vn 0.041207 0.083545 -0.036363
vn 0.030519 0.085614 -0.041699
vn 0.018599 0.089772 -0.039937
vn 0.009797 0.094026 -0.032604
vn 0.006856 0.097552 -0.020894
vn 0.010162 0.099069 -0.009059
vn 0.019094 0.098158 -0.000595
vn 0.031027 0.095043 0.002008
vn 0.041777 0.090838 -0.001782
vn 0.048541 0.086631 -0.011783
vn 0.049308 0.083755 -0.023534
vn 0.043028 0.083365 -0.034625
vn 0.032824 0.085036 -0.041127
vn 0.020841 0.088878 -0.040822
vn 0.011188 0.093223 -0.034415
vn 0.006854 0.096965 -0.023469
vn 0.009086 0.098950 -0.011239
vn 0.016791 0.098563 -0.001847
vn 0.028669 0.095782 0.001967
vn 0.039833 0.091723 -0.000442
vn 0.047643 0.087401 -0.009556
vn 0.049680 0.084170 -0.021151
vn 0.044717 0.083256 -0.032693
vn 0.035040 0.084556 -0.040280
vn 0.023216 0.087969 -0.041502
vn 0.012784 0.092394 -0.036053
vn 0.007110 0.096291 -0.026030
vn 0.008207 0.098739 -0.013536
vn 0.014788 0.098844 -0.003360
vn 0.026263 0.096475 0.001696
vn 0.037774 0.092589 0.000562
vn 0.046514 0.088214 -0.007399
vn 0.049762 0.084681 -0.018786
vn 0.046262 0.083217 -0.030573
vn 0.037176 0.084155 -0.039190
vn 0.025690 0.087070 -0.041940
vn 0.014565 0.091539 -0.037530
vn 0.007724 0.095577 -0.028379
vn 0.007522 0.098435 -0.015938
vn 0.013053 0.099014 -0.005084
vn 0.023831 0.097112 0.001190
vn 0.035619 0.093433 0.001274
vn 0.045156 0.089064 -0.005333
vn 0.049585 0.085271 -0.016436
vn 0.047641 0.083250 -0.028279
vn 0.039233 0.083824 -0.037873
vn 0.028106 0.086300 -0.041981
vn 0.016519 0.090655 -0.038842
vn -0.034868 0.086562 0.035932
vn -0.000559 0.080693 0.059062
vn 0.040669 0.068496 0.060451
vn 0.075112 0.053006 0.039352
vn 0.091494 0.040217 0.003373
vn 0.069743 -0.002261 -0.071630
vn 0.085620 0.032501 -0.040160
vn 0.049168 0.085929 -0.014099
vn 0.043573 0.089945 -0.003353
vn -0.008188 0.097868 0.018835
vn -0.022959 0.097078 -0.006984
vn -0.063019 0.065551 0.041613
vn -0.079625 0.059753 -0.009456
vn -0.090303 0.000303 0.042957
vn -0.099168 -0.008490 -0.009678
vn -0.073091 -0.063112 0.025975
vn 0.071549 0.030157 -0.063018
vn 0.064563 0.059406 -0.047986
vn 0.049306 0.083696 -0.023745
vn 0.015834 0.093490 0.031762
vn 0.022106 0.086935 -0.044199
vn -0.015402 0.077386 -0.061434
vn -0.047581 0.071498 -0.051225
vn -0.053078 0.051527 -0.067288
vn 0.070370 -0.000123 -0.071050
vn 0.096612 0.001429 -0.025769
vn 0.096411 0.012360 0.023498
vn 0.068560 0.030228 0.066225
vn 0.037193 -0.029277 0.088088
vn 0.059891 -0.065691 -0.045801
vn 0.079251 -0.060933 0.002544
vn 0.071367 -0.048173 0.050853
vn 0.020020 -0.097964 -0.001495
vn 0.024818 -0.093147 0.026603
vn 0.014129 -0.084690 0.051264
vn -0.029792 -0.085926 0.041582
vn -0.041020 -0.083519 0.036633
vn -0.068469 0.045787 -0.056705
vn -0.023260 0.090951 -0.034451
vn 0.033377 0.094250 0.001729
vn -0.008271 0.081501 -0.057351
vn 0.021404 0.097682 0.000438
vn 0.011553 0.099085 -0.006984
vn -0.065626 0.003898 -0.075353
vn -0.065626 0.003898 -0.075353
vn -0.065626 0.003898 -0.075353
vn -0.065626 0.003898 -0.075353
vn -0.065626 0.003898 -0.075353
vn -0.065626 0.003898 -0.075353
vn -0.065626 0.003898 -0.075353
vn -0.065626 0.003898 -0.075353
vn -0.065626 0.003898 -0.075353
vn 0.065626 -0.003898 0.075353
vn 0.065626 -0.003898 0.075353
vn 0.065626 -0.003898 0.075353
vn 0.065626 -0.003898 0.075353
vn 0.065626 -0.003898 0.075353
vn 0.065626 -0.003898 0.075353
vn 0.065626 -0.003898 0.075353
vn 0.065626 -0.003898 0.075353
vn 0.065626 -0.003898 0.075353
vn -0.013372 -0.069813 -0.070337
vn -0.043391 -0.074842 -0.050158
vn -0.043411 -0.032753 -0.083921
vn -0.084688 -0.043240 -0.030956
vn -0.061454 0.007729 -0.078509
vn -0.097681 -0.005622 -0.020662
vn -0.067168 0.048717 -0.055813
vn -0.095504 0.028582 0.007879
vn -0.057542 0.079354 -0.019794
vn -0.078833 0.044563 0.042420
vn -0.036783 0.091313 0.017579
vn -0.051899 0.039369 0.075872
vn -0.005460 0.083519 0.054724
vn -0.023254 0.014512 0.096170
vn 0.025152 0.057859 0.077587
vn 0.050095 0.020625 0.084054
vn -0.002832 -0.021925 0.097526
vn 0.065513 -0.024783 0.071371
vn 0.005273 -0.061364 0.078783
vn 0.065646 -0.060680 0.044816
vn -0.003000 -0.087476 0.048362
vn 0.051581 -0.085373 0.007137
vn -0.025753 -0.096054 0.010506
vn 0.025344 -0.090938 -0.032985
vn -0.052955 -0.083099 -0.017037
vn -0.004129 -0.077334 -0.063265
vn -0.080523 -0.050745 -0.030676
vn -0.035657 -0.044584 -0.082103
vn -0.057435 -0.004035 -0.081761
vn -0.096183 -0.012873 -0.024147
vn -0.067000 0.036723 -0.064517
vn -0.097431 0.022502 0.000867
vn -0.061696 0.072514 -0.030584
vn -0.082913 0.043072 0.035640
vn -0.043865 0.089622 0.006609
vn -0.058224 0.042313 0.069423
vn -0.015588 0.088255 0.044363
vn -0.028195 0.020356 0.093759
vn 0.016882 0.066541 0.072714
vn 0.043408 0.032758 0.083921
vn -0.006239 -0.013735 0.098856
vn 0.062668 -0.011989 0.077000
vn 0.005055 -0.054544 0.083662
vn 0.066993 -0.051385 0.053586
vn -0.000112 -0.083362 0.055234
vn 0.057398 -0.079543 0.019455
vn -0.020546 -0.096262 0.017652
vn 0.033469 -0.091555 -0.022304
vn -0.047400 -0.087150 -0.012576
vn 0.004728 -0.083105 -0.055419
vn -0.026571 -0.056223 -0.078313
vn -0.075466 -0.058630 -0.029453
vn -0.052429 -0.015817 -0.083672
vn -0.094176 -0.020168 -0.026908
vn -0.065512 0.024779 -0.071374
vn -0.098590 0.015724 -0.005729
vn -0.064886 0.063819 -0.041435
vn -0.086645 0.040772 0.028816
vn -0.050044 0.086475 -0.004209
vn -0.064016 0.044230 0.062815
vn -0.025087 0.090893 0.033304
vn -0.033665 0.025946 0.090518
vn 0.007999 0.074374 0.066367
vn 0.036280 0.043706 0.082302
vn -0.009956 -0.006068 0.099318
vn 0.058219 0.001949 0.081282
vn 0.004131 -0.047016 0.088162
vn 0.067231 -0.041165 0.061525
vn 0.002133 -0.078728 0.061623
vn 0.061697 -0.072511 0.030587
vn -0.015384 -0.095466 0.025487
vn 0.041434 -0.090402 -0.010522
vn -0.041951 -0.090452 -0.007647
vn 0.013295 -0.087349 -0.046834
vn -0.017149 -0.066283 -0.072887
vn -0.069894 -0.066093 -0.027323
vn -0.046303 -0.027767 -0.084173
vn -0.091650 -0.027587 -0.028968
vn -0.062933 0.012986 -0.076621
vn -0.098949 0.008787 -0.011480
vn -0.066835 0.053095 -0.052095
vn -0.090045 0.037594 0.021879
vn -0.055434 0.081860 -0.015036
vn -0.069295 0.045215 0.056159
vn -0.033471 0.091555 0.022301
vn -0.001591 0.081219 0.058317
vn -0.039536 0.031068 0.086439
vn 0.028715 0.053663 0.079346
vn -0.013966 0.001098 0.099014
vn 0.052600 0.015450 0.083633
vn 0.002422 -0.038705 0.092174
vn 0.066287 -0.029826 0.068677
vn 0.003768 -0.073585 0.067609
vn 0.064686 -0.064539 0.040625
vn -0.010555 -0.093612 0.033546
vn 0.049011 -0.087136 0.002300
vn -0.036560 -0.093051 -0.002193
vn 0.021703 -0.090166 -0.037403
vn -0.007997 -0.074375 -0.066366
vn -0.064261 -0.072589 -0.024523
vn -0.038883 -0.039905 -0.083040
vn -0.088552 -0.035210 -0.030311
vn -0.059363 0.001256 -0.080464
vn -0.098629 0.001781 -0.016408
vn -0.067241 0.041495 -0.061293
vn -0.093078 0.033438 0.014778
vn -0.060045 0.075618 -0.026009
vn -0.074122 0.045347 0.049494
vn -0.040846 0.090557 0.011446
vn -0.011798 0.086705 0.048406
vn -0.045878 0.035707 0.081365
vn 0.020614 0.062798 0.075043
vn -0.018294 0.007825 0.098001
vn 0.046301 0.027769 0.084173
vn -0.000007 -0.029999 0.095394
vn 0.063973 -0.017196 0.074912
vn 0.004804 -0.067893 0.073263
vn 0.066524 -0.055678 0.049745
vn -0.006416 -0.090915 0.041149
vn 0.055280 -0.082024 0.014703
vn 0.030048 -0.091493 -0.026949
vn -0.031178 -0.094937 0.003867
vn 0.000844 -0.080745 -0.058987
vn -0.058665 -0.078172 -0.021157
vn -0.030082 -0.051973 -0.079962
vn -0.084796 -0.043087 -0.030874
vn -0.054776 -0.010583 -0.082992
vn -0.097720 -0.005278 -0.020566
vn -0.066287 0.029824 -0.068677
vn -0.095650 0.028191 0.007512
vn -0.063755 0.067494 -0.037147
vn -0.078568 0.044669 0.042799
vn -0.047363 0.088070 0.000656
vn -0.021448 0.090102 0.037704
vn -0.052368 0.039591 0.075433
vn 0.011838 0.071169 0.069244
vn -0.022989 0.014178 0.096283
vn 0.039491 0.038985 0.083190
vn -0.002886 -0.021658 0.097584
vn 0.060062 -0.003319 0.079885
vn 0.005221 -0.061566 0.078628
vn 0.067265 -0.045819 0.058104
vn -0.002956 -0.087528 0.048271
vn 0.060046 -0.075617 0.026010
vn 0.038314 -0.091091 -0.015314
vn -0.025767 -0.096038 0.010616
vn 0.009463 -0.085616 -0.050797
vn -0.053144 -0.082929 -0.017277
vn -0.020869 -0.062533 -0.075194
vn -0.080279 -0.051202 -0.030556
vn -0.049040 -0.022688 -0.084144
vn -0.096275 -0.012432 -0.024011
vn -0.064202 0.018199 -0.074478
vn -0.097548 0.022007 0.000385
vn -0.066281 0.057298 -0.048205
vn -0.082695 0.043179 0.036015
vn -0.053140 0.084093 -0.010227
vn -0.030048 0.091493 0.026949
vn -0.058396 0.042427 0.069209
vn 0.002284 0.078650 0.061716
vn -0.028119 0.020205 0.093814
vn 0.032182 0.049287 0.080840
vn -0.006140 -0.013764 0.098858
vn 0.054929 0.010224 0.082935
vn 0.004971 -0.054502 0.083695
vn 0.066840 -0.034769 0.065753
vn -0.000137 -0.083549 0.054950
vn 0.063510 -0.068183 0.036297
vn 0.046279 -0.088610 -0.002545
vn -0.020325 -0.096223 0.018110
vn 0.017990 -0.089094 -0.041696
vn -0.047687 -0.086948 -0.012888
vn -0.011839 -0.071169 -0.069245
vn -0.075072 -0.059212 -0.029294
vn -0.041979 -0.035094 -0.083703
vn -0.094301 -0.019755 -0.026778
vn -0.061093 0.006543 -0.078897
vn -0.098608 0.015519 -0.005967
vn -0.067259 0.046130 -0.057865
vn -0.058195 0.078470 -0.021348
vn -0.086534 0.040827 0.029071
vn -0.037690 0.091190 0.016244
vn -0.063949 0.044291 0.062840
vn -0.007969 0.084867 0.052288
vn -0.033744 0.025913 0.090498
vn 0.024278 0.058846 0.077122
vn -0.009736 -0.006316 0.099324
vn 0.049041 0.022687 0.084144
vn 0.003979 -0.046610 0.088384
vn 0.065066 -0.022345 0.072575
vn 0.002075 -0.079013 0.061259
vn 0.065832 -0.059784 0.045738
vn 0.052978 -0.084233 0.009901
vn -0.015027 -0.095352 0.026120
vn 0.026526 -0.091126 -0.031504
vn -0.042252 -0.090287 -0.007946
vn -0.003043 -0.078116 -0.062359
vn -0.069679 -0.066342 -0.027269
vn -0.033493 -0.047551 -0.081346
vn -0.091758 -0.027333 -0.028868
vn -0.056940 -0.005314 -0.082034
vn -0.098938 0.008562 -0.011748
vn -0.066840 0.034771 -0.065752
vn -0.062412 0.070945 -0.032735
vn -0.090069 0.037520 0.021902
vn -0.044524 0.089371 0.005519
vn -0.069075 0.045267 0.056388
vn -0.017738 0.089012 0.041979
vn -0.039895 0.031248 0.086208
vn 0.015638 0.067728 0.071891
vn -0.013683 0.000735 0.099057
vn 0.042571 0.034135 0.083800
vn 0.002219 -0.038041 0.092455
vn 0.061706 -0.008577 0.078223
vn 0.067073 -0.050320 0.054489
vn 0.003702 -0.073894 0.067276
vn 0.058194 -0.078471 0.021345
vn -0.010356 -0.093534 0.033825
vn 0.035067 -0.091477 -0.020055
vn -0.036785 -0.092958 -0.002377
vn 0.005599 -0.083597 -0.054591
vn -0.064241 -0.072581 -0.024599
vn -0.024519 -0.058575 -0.077252
vn -0.088569 -0.035231 -0.030238
vn -0.051615 -0.017535 -0.083836
vn -0.098638 0.002078 -0.016313
vn -0.065256 0.023352 -0.072085
vn -0.065507 0.061312 -0.044155
vn -0.093229 0.033146 0.014483
vn -0.050669 0.086045 -0.005385
vn -0.073841 0.045413 0.049851
vn -0.026524 0.091125 0.031507
vn -0.046417 0.036011 0.080924
vn 0.005942 0.075980 0.064743
vn -0.018430 0.007749 0.097981
vn 0.035244 0.045161 0.081966
vn 0.000200 -0.030590 0.095206
vn 0.057563 0.003700 0.081687
vn -0.065441 -0.071981 -0.023156
vn -0.078970 -0.060900 0.007416
vn -0.087157 -0.031649 0.037443
vn -0.083884 -0.039202 0.037772
vn -0.069810 0.011140 0.070728
vn -0.079608 0.040004 0.045412
vn -0.023177 0.059666 0.076830
vn -0.055800 0.071988 0.041281
vn 0.037909 0.079690 0.047035
vn 0.004401 0.098695 0.015488
vn 0.077754 0.062664 -0.005252
vn 0.059205 0.078435 -0.018512
vn 0.080923 0.018561 -0.055740
vn 0.085936 0.023055 -0.045644
vn 0.046734 -0.036529 -0.080508
vn 0.073296 -0.045333 -0.050721
vn 0.048703 -0.039432 -0.077930
vn 0.006821 -0.084265 -0.053413
vn 0.037102 -0.091272 -0.017112
vn 0.093668 -0.032413 -0.013259
vn 0.060530 -0.074770 0.027305
vn 0.098703 -0.003033 0.015765
vn 0.067246 -0.041675 0.061165
vn 0.088164 0.036270 0.030191
vn 0.057563 0.003700 0.081687
vn -0.081408 0.057925 -0.004184
vn -0.086739 0.020770 0.045221
vn -0.089266 -0.005035 0.044790
vn -0.097043 -0.001508 0.024091
vn -0.085295 -0.030700 0.042217
vn -0.068334 -0.058984 0.043028
vn -0.076136 -0.054381 0.035299
vn -0.006569 -0.090993 0.040952
vn -0.030988 -0.094993 0.004015
vn -0.040810 -0.091285 -0.001258
vn 0.004846 -0.067572 0.073556
vn -0.061088 -0.058810 0.053006
vn -0.057340 -0.052403 0.062977
vn -0.086169 -0.050677 0.002580
vn 0.000200 -0.030590 0.095206
vn -0.096740 -0.024136 0.007664
vn -0.076959 -0.024152 -0.059111
vn -0.088605 0.023231 -0.040119
vn -0.030661 0.017234 -0.093610
vn -0.037264 0.062619 -0.068485
vn 0.029332 0.047024 -0.083237
vn 0.029966 0.069626 -0.065224
vn 0.076333 0.053624 -0.036023
vn 0.083435 0.043588 -0.033745
vn 0.019105 -0.057434 -0.079601
vn 0.018075 -0.007062 -0.098099
vn -0.000252 0.029705 -0.095486
vn -0.004451 0.067994 -0.073191
vn 0.006484 0.091255 -0.040379
vn 0.030701 0.095048 -0.004826
vn 0.059506 0.077331 0.021885
vn 0.083915 0.044787 0.030863
vn 0.097934 0.004008 0.019822
vn 0.095965 -0.027423 -0.006227
vn 0.078070 -0.044593 -0.043778
vn 0.052376 -0.039973 -0.075226
vn 0.023126 -0.013805 -0.096305
vn 0.002339 0.022242 -0.097467
vn -0.004959 0.060795 -0.079243
vn 0.003317 0.088153 -0.047097
vn 0.024650 0.096149 -0.012151
vn 0.054231 0.082058 0.018043
vn 0.079407 0.052515 0.030605
vn 0.096543 0.011539 0.023371
vn 0.097547 -0.022014 0.000086
vn 0.082664 -0.042944 -0.036367
vn 0.057782 -0.042508 -0.069672
vn 0.028905 -0.020649 -0.093478
vn 0.005438 0.014922 -0.098731
vn -0.004780 0.052925 -0.084712
vn 0.000634 0.084317 -0.053761
vn 0.019261 0.096204 -0.019332
vn 0.048580 0.086380 0.013358
vn 0.074738 0.059514 0.029534
vn 0.094447 0.019595 0.026378
vn 0.098508 -0.016217 0.005755
vn 0.086977 -0.040294 -0.028485
vn 0.063028 -0.044221 -0.063812
vn 0.035019 -0.027011 -0.089689
vn 0.009064 0.007661 -0.099293
vn -0.003908 0.045137 -0.089148
vn -0.001581 0.079675 -0.060410
vn 0.014517 0.095371 -0.026337
vn 0.042693 0.090081 0.007919
vn 0.069936 0.065880 0.027728
vn 0.091545 0.028150 0.028757
vn 0.098903 -0.010011 0.010867
vn 0.090770 -0.036651 -0.020432
vn 0.068163 -0.045145 -0.057582
vn 0.040929 -0.032279 -0.085339
vn 0.013252 0.000394 -0.099117
vn -0.002424 0.037517 -0.092664
vn -0.003308 0.074134 -0.067032
vn 0.010357 0.093757 -0.033201
vn 0.036499 0.093087 0.001643
vn 0.064977 0.071707 0.025221
vn 0.087850 0.036901 0.030342
vn 0.098737 -0.003338 0.015489
vn 0.093720 -0.032357 -0.013018
vn 0.073212 -0.045265 -0.050903
vn 0.046613 -0.036524 -0.080580
vn 0.018038 -0.006901 -0.098117
vn -0.000382 0.030055 -0.095376
vn -0.004493 0.067612 -0.073542
vn 0.006714 0.091410 -0.039989
vn 0.030180 0.095188 -0.005327
vn 0.059807 0.077065 0.022005
vn 0.083768 0.045000 0.030949
vn 0.097973 0.003866 0.019654
vn 0.095925 -0.027549 -0.006283
vn 0.078151 -0.044521 -0.043707
vn 0.052111 -0.039855 -0.075472
vn 0.023433 -0.014179 -0.096176
vn 0.002197 0.022688 -0.097368
vn -0.005039 0.060200 -0.079691
vn 0.003532 0.088318 -0.046770
vn 0.024413 0.096189 -0.012319
vn 0.054356 0.081976 0.018036
vn 0.079446 0.052413 0.030678
vn 0.096535 0.011653 0.023348
vn 0.097486 -0.022282 -0.000165
vn 0.082902 -0.042820 -0.035967
vn 0.057481 -0.042361 -0.070011
vn 0.029331 -0.021220 -0.093217
vn 0.005321 0.015333 -0.098674
vn -0.004848 0.052663 -0.084871
vn 0.000783 0.084422 -0.053595
vn 0.019263 0.096227 -0.019215
vn 0.048566 0.086404 0.013258
vn 0.074935 0.059222 0.029623
vn 0.094322 0.020024 0.026502
vn 0.098471 -0.016554 0.005422
vn 0.087287 -0.040093 -0.027814
vn 0.062778 -0.044093 -0.064146
vn 0.035171 -0.027275 -0.089549
vn 0.009021 0.007916 -0.099277
vn -0.003936 0.044868 -0.089282
vn -0.001528 0.079630 -0.060471
vn 0.014681 0.095431 -0.026028
vn 0.042408 0.090241 0.007619
vn 0.070228 0.065523 0.027835
vn 0.091264 0.028834 0.028973
vn 0.098905 -0.010321 0.010552
vn 0.090875 -0.036573 -0.020101
vn 0.068037 -0.045054 -0.057802
vn 0.040842 -0.032301 -0.085373
vn 0.013335 0.000394 -0.099106
vn -0.002528 0.037821 -0.092537
vn -0.003355 0.073849 -0.067343
vn 0.010600 0.093867 -0.032812
vn 0.035952 0.093307 0.001145
vn 0.065002 0.071740 0.025065
vn 0.088164 0.036270 0.030191
vn 0.076333 0.053624 -0.036023
vn 0.068013 0.059156 -0.043299
vn 0.060808 0.058579 -0.053581
vn 0.057195 0.052076 -0.063378
vn 0.058189 0.041570 -0.069900
vn 0.063270 0.030182 -0.071316
vn 0.071132 0.021980 -0.066762
vn 0.079474 0.018422 -0.057832
vn 0.085176 0.021766 -0.047658
vn 0.087254 0.030280 -0.038339
vn 0.084474 0.041285 -0.034054
vn 0.077866 0.052034 -0.035061
vn 0.069654 0.058552 -0.041473
vn 0.062164 0.059145 -0.051356
vn 0.057488 0.053771 -0.061675
vn 0.057662 0.043891 -0.068911
vn 0.062010 0.032123 -0.071574
vn 0.069437 0.023330 -0.068075
vn 0.077961 0.018553 -0.059816
vn 0.084297 0.020631 -0.049683
vn 0.087201 0.028242 -0.039980
vn 0.085372 0.039050 -0.034449
vn 0.079465 0.049979 -0.034460
vn 0.071250 0.057767 -0.039830
vn 0.063554 0.059491 -0.049211
vn 0.057981 0.055294 -0.059840
vn 0.057292 0.046117 -0.067756
vn 0.060769 0.034412 -0.071574
vn 0.067793 0.024817 -0.069197
vn 0.076301 0.019053 -0.061766
vn 0.083294 0.019707 -0.051709
vn 0.086923 0.026338 -0.041841
vn 0.086112 0.036825 -0.035051
vn 0.080919 0.047888 -0.034043
vn 0.072876 0.056736 -0.038342
vn 0.065006 0.059605 -0.047132
vn 0.058707 0.056619 -0.057860
vn 0.057075 0.048227 -0.066457
vn 0.059748 0.036784 -0.071254
vn 0.066212 0.026433 -0.070123
vn 0.074547 0.019879 -0.063620
vn 0.082165 0.019010 -0.053735
vn 0.086501 0.024618 -0.043721
vn 0.086682 0.034614 -0.035889
vn 0.082245 0.045732 -0.033828
vn 0.074539 0.055426 -0.037038
vn 0.066498 0.059500 -0.045142
vn 0.059705 0.057707 -0.055725
vn 0.057016 0.050209 -0.065025
vn 0.058905 0.039258 -0.070633
vn 0.064705 0.028187 -0.070844
vn 0.072824 0.020844 -0.065286
vn 0.080904 0.018569 -0.055765
vn 0.085920 0.023081 -0.045661
vn 0.087061 0.032426 -0.037000
vn 0.083434 0.043541 -0.033808
vn 0.076240 0.053800 -0.035958
vn 0.068022 0.059178 -0.043255
vn 0.060943 0.058528 -0.053483
vn 0.057127 0.052053 -0.063458
vn 0.058201 0.041622 -0.069858
vn 0.063286 0.030096 -0.071338
vn 0.071112 0.021990 -0.066780
vn 0.079496 0.018425 -0.057801
vn 0.085198 0.021736 -0.047633
vn 0.087217 0.030277 -0.038425
vn 0.084479 0.041334 -0.033982
vn 0.077938 0.051881 -0.035130
vn 0.069582 0.058630 -0.041483
vn 0.062216 0.059128 -0.051313
vn 0.057434 0.053747 -0.061746
vn 0.057655 0.043918 -0.068900
vn 0.061974 0.032182 -0.071579
vn 0.069433 0.023291 -0.068092
vn 0.077927 0.018631 -0.059835
vn 0.084342 0.020591 -0.049624
vn 0.087132 0.028210 -0.040152
vn 0.085376 0.039115 -0.034364
vn 0.079494 0.049917 -0.034482
vn 0.071186 0.057835 -0.039845
vn 0.063572 0.059494 -0.049184
vn 0.057967 0.055271 -0.059874
vn 0.057261 0.046118 -0.067782
vn 0.060799 0.034467 -0.071523
vn 0.067802 0.024736 -0.069217
vn 0.076209 0.019212 -0.061831
vn 0.083352 0.019662 -0.051632
vn 0.086897 0.026320 -0.041907
vn 0.086115 0.036888 -0.034979
vn 0.080937 0.047859 -0.034040
vn 0.072844 0.056762 -0.038363
vn 0.065000 0.059636 -0.047101
vn 0.058767 0.056591 -0.057826
vn 0.057023 0.048208 -0.066516
vn 0.059790 0.036941 -0.071137
vn 0.066228 0.026331 -0.070146
vn 0.074509 0.019937 -0.063647
vn 0.082220 0.018974 -0.053664
vn 0.086493 0.024598 -0.043749
vn 0.086677 0.034655 -0.035862
vn 0.082253 0.045743 -0.033795
vn 0.074562 0.055372 -0.037074
vn 0.066442 0.059557 -0.045149
vn 0.059862 0.057662 -0.055602
vn 0.056953 0.050179 -0.065104
vn 0.058917 0.039319 -0.070589
vn 0.064725 0.028093 -0.070863
vn 0.072855 0.020831 -0.065254
vn 0.029332 0.047024 -0.083237
vn 0.038701 0.020696 -0.089855
vn 0.056005 -0.001462 -0.082833
vn 0.075113 -0.012784 -0.064766
vn 0.090578 -0.009562 -0.041281
vn 0.098013 0.007586 -0.018325
vn 0.094798 0.031476 -0.004763
vn 0.081164 0.058293 -0.003786
vn 0.063224 0.076055 -0.014777
vn 0.044153 0.081642 -0.037216
vn 0.031467 0.073116 -0.060529
vn 0.028721 0.051843 -0.080545
vn 0.036019 0.025747 -0.089664
vn 0.051745 0.002527 -0.085534
vn 0.071612 -0.011617 -0.068825
vn 0.087827 -0.011575 -0.046394
vn 0.097466 0.003748 -0.022053
vn 0.096283 0.026194 -0.006586
vn 0.084432 0.053504 -0.002944
vn 0.066957 0.073350 -0.011690
vn 0.047708 0.081764 -0.032226
vn 0.033299 0.075766 -0.056131
vn 0.028279 0.057187 -0.077006
vn 0.033953 0.030765 -0.088886
vn 0.047814 0.006821 -0.087563
vn 0.067932 -0.009899 -0.072713
vn 0.084909 -0.012820 -0.051245
vn 0.096412 -0.000239 -0.026547
vn 0.097315 0.021238 -0.008876
vn 0.087548 0.048257 -0.002559
vn 0.070603 0.070232 -0.009097
vn 0.051581 0.081260 -0.027133
vn 0.035500 0.077947 -0.051614
vn 0.028351 0.062018 -0.073143
vn 0.032176 0.035932 -0.087599
vn 0.044344 0.011281 -0.088918
vn 0.064047 -0.007618 -0.076420
vn 0.081855 -0.013386 -0.055862
vn 0.094913 -0.003820 -0.031255
vn 0.097937 0.016551 -0.011596
vn 0.090457 0.042548 -0.002671
vn 0.074184 0.066697 -0.006943
vn 0.055497 0.080098 -0.022460
vn 0.038063 0.079674 -0.046939
vn 0.028937 0.066205 -0.069134
vn 0.030676 0.041253 -0.085774
vn 0.041291 0.015881 -0.089682
vn 0.059950 -0.004755 -0.079896
vn 0.078661 -0.013340 -0.060287
vn 0.092888 -0.007122 -0.036346
vn 0.098169 0.012076 -0.014735
vn 0.092896 0.036863 -0.003390
vn 0.077712 0.062720 -0.005194
vn 0.059328 0.078367 -0.018405
vn 0.040988 0.080929 -0.042078
vn 0.029981 0.069820 -0.065010
vn 0.029466 0.046700 -0.083372
vn 0.038599 0.020625 -0.089915
vn 0.055641 -0.001283 -0.083081
vn 0.075303 -0.012726 -0.064556
vn 0.090473 -0.009779 -0.041461
vn 0.098005 0.007771 -0.018293
vn 0.094800 0.031480 -0.004694
vn 0.081177 0.058271 -0.003845
vn 0.063083 0.076147 -0.014906
vn 0.044270 0.081662 -0.037034
vn 0.031439 0.072933 -0.060765
vn 0.028572 0.052233 -0.080345
vn 0.036216 0.025534 -0.089646
vn 0.051487 0.002625 -0.085687
vn 0.071745 -0.011561 -0.068695
vn 0.087833 -0.011639 -0.046366
vn 0.097419 0.003618 -0.022280
vn 0.096238 0.026380 -0.006512
vn 0.084542 0.053331 -0.002918
vn 0.066781 0.073477 -0.011894
vn 0.047900 0.081810 -0.031822
vn 0.033286 0.075595 -0.056369
vn 0.028149 0.057453 -0.076856
vn 0.034104 0.030632 -0.088874
vn 0.047768 0.006775 -0.087592
vn 0.067957 -0.009837 -0.072699
vn 0.085014 -0.012791 -0.051079
vn 0.096370 -0.000362 -0.026695
vn 0.097260 0.021518 -0.008798
vn 0.087753 0.047890 -0.002453
vn 0.070443 0.070364 -0.009308
vn 0.051704 0.081289 -0.026809
vn 0.035510 0.077829 -0.051784
vn 0.028280 0.062047 -0.073147
vn 0.032243 0.035931 -0.087575
vn 0.044413 0.011176 -0.088896
vn 0.063923 -0.007535 -0.076532
vn 0.082023 -0.013314 -0.055632
vn 0.094811 -0.004120 -0.031525
vn 0.097896 0.016838 -0.011529
vn 0.090607 0.042234 -0.002564
vn 0.074085 0.066790 -0.007107
vn 0.055474 0.080134 -0.022389
vn 0.038110 0.079629 -0.046978
vn 0.028902 0.066082 -0.069267
vn 0.030641 0.041414 -0.085709
vn 0.041482 0.015666 -0.089632
vn 0.059652 -0.004630 -0.080126
vn 0.078845 -0.013260 -0.060064
vn 0.092777 -0.007407 -0.036573
vn 0.098147 0.012291 -0.014701
vn 0.092850 0.036988 -0.003282
vn -0.030661 0.017234 -0.093610
vn -0.007102 -0.028888 -0.095473
vn 0.027130 -0.062139 -0.073504
vn 0.060104 -0.071796 -0.035111
vn 0.082777 -0.055567 0.007764
vn 0.088120 -0.016806 0.044187
vn 0.074885 0.028614 0.059778
vn 0.044638 0.073191 0.051483
vn 0.011353 0.096561 0.023391
vn -0.020258 0.095676 -0.020873
vn -0.036113 0.070487 -0.061052
vn -0.033334 0.026298 -0.090539
vn -0.012932 -0.020470 -0.097024
vn 0.019225 -0.056610 -0.080161
vn 0.054430 -0.071973 -0.043096
vn 0.079157 -0.061097 -0.001194
vn 0.088710 -0.024822 0.038916
vn 0.078943 0.019071 0.058347
vn 0.051312 0.065851 0.055052
vn 0.017953 0.093594 0.030295
vn -0.014766 0.098234 -0.011494
vn -0.034373 0.076904 -0.053891
vn -0.035673 0.036791 -0.085871
vn -0.017902 -0.012058 -0.097643
vn 0.011758 -0.050337 -0.085603
vn 0.048297 -0.071167 -0.051016
vn 0.075052 -0.065343 -0.009871
vn 0.088572 -0.033471 0.032166
vn 0.082218 0.009883 0.056059
vn 0.057985 0.057384 0.057834
vn 0.024517 0.089822 0.036482
vn -0.008442 0.099628 -0.001731
vn -0.031946 0.082649 -0.046352
vn -0.037049 0.046481 -0.080417
vn -0.022482 -0.003136 -0.097389
vn 0.004898 -0.043589 -0.089867
vn 0.041620 -0.069284 -0.058885
vn 0.070559 -0.068462 -0.018286
vn 0.087542 -0.041577 0.024651
vn 0.084810 0.000969 0.052974
vn 0.064473 0.047809 0.059646
vn 0.031116 0.085229 0.042046
vn -0.001905 0.099707 0.007412
vn -0.028794 0.087757 -0.038335
vn -0.037528 0.055186 -0.074472
vn -0.026672 0.006374 -0.096166
vn -0.001396 -0.036451 -0.093109
vn 0.034341 -0.066190 -0.066630
vn 0.065699 -0.070572 -0.026518
vn 0.085491 -0.049310 0.016120
vn 0.086774 -0.007781 0.049089
vn 0.070129 0.038073 0.060269
vn 0.037817 0.079735 0.047034
vn 0.004611 0.098655 0.015683
vn -0.024848 0.092184 -0.029744
vn -0.037220 0.063017 -0.068143
vn -0.030409 0.016494 -0.093826
vn -0.007204 -0.028919 -0.095456
vn 0.026491 -0.061756 -0.074057
vn 0.060435 -0.071737 -0.034663
vn 0.082600 -0.055883 0.007378
vn 0.088106 -0.016461 0.044343
vn 0.074864 0.028588 0.059818
vn 0.044649 0.073221 0.051431
vn 0.011094 0.096648 0.023154
vn -0.020035 0.095798 -0.020528
vn -0.036193 0.070103 -0.061446
vn -0.033566 0.027122 -0.090209
vn -0.012608 -0.020929 -0.096969
vn 0.018817 -0.056353 -0.080438
vn 0.054690 -0.071950 -0.042804
vn 0.079119 -0.061145 -0.001192
vn 0.088743 -0.025124 0.038645
vn 0.078802 0.019377 0.058436
vn 0.051578 0.065562 0.055148
vn 0.017584 0.093781 0.029931
vn -0.014312 0.098387 -0.010729
vn -0.034468 0.076554 -0.054328
vn -0.035811 0.037289 -0.085599
vn -0.017666 -0.012385 -0.097645
vn 0.011683 -0.050335 -0.085614
vn 0.048373 -0.071140 -0.050981
vn 0.075174 -0.065247 -0.009575
vn 0.088566 -0.033742 0.031899
vn 0.082053 0.010381 0.056210
vn 0.058487 0.056680 0.058023
vn 0.024150 0.090068 0.036119
vn -0.008138 0.099661 -0.001202
vn -0.032019 0.082428 -0.046696
vn -0.037103 0.046533 -0.080362
vn -0.022398 -0.003195 -0.097407
vn 0.005001 -0.043747 -0.089784
vn 0.041410 -0.069180 -0.059155
vn 0.070810 -0.068323 -0.017829
vn 0.087419 -0.042185 0.024049
vn 0.084687 0.001499 0.053159
vn 0.064782 0.047259 0.059748
vn 0.030863 0.085450 0.041784
vn -0.001887 0.099699 0.007523
vn -0.028785 0.087711 -0.038446
vn -0.037560 0.054935 -0.074642
vn -0.026765 0.006692 -0.096119
vn -0.001077 -0.036850 -0.092957
vn 0.033776 -0.065917 -0.067187
vn 0.066010 -0.070458 -0.026045
vn 0.085323 -0.049750 0.015648
vn 0.086722 -0.007374 0.049243
vn 0.069996 0.038252 0.060310
vn -0.076959 -0.024152 -0.059111
vn -0.049559 -0.067828 -0.054251
vn -0.014409 -0.095363 -0.026424
vn 0.016775 -0.097526 0.014398
vn 0.034873 -0.074714 0.056583
vn 0.034852 -0.031726 0.088198
vn 0.016752 0.013817 0.097614
vn -0.016238 0.054369 0.082343
vn -0.049305 0.071355 0.049774
vn -0.077817 0.062664 0.004205
vn -0.088608 0.031930 -0.033602
vn -0.080537 -0.015102 -0.057321
vn -0.055810 -0.060079 -0.057235
vn -0.022258 -0.091324 -0.034126
vn 0.011673 -0.099122 0.006212
vn 0.032396 -0.081472 0.048093
vn 0.036371 -0.040202 0.084030
vn 0.021768 0.004577 0.097495
vn -0.009372 0.048074 0.087184
vn -0.042872 0.069817 0.057337
vn -0.073263 0.066695 0.013576
vn -0.087859 0.039275 -0.027172
vn -0.084015 -0.004397 -0.054057
vn -0.061407 -0.052292 -0.059116
vn -0.029744 -0.086345 -0.040740
vn 0.006005 -0.099799 -0.002003
vn 0.029324 -0.086992 0.039655
vn 0.037293 -0.049548 0.078449
vn 0.026015 -0.004489 0.096452
vn -0.002315 0.040550 0.091380
vn -0.036420 0.067378 0.064295
vn -0.067741 0.069718 0.023463
vn -0.086451 0.046007 -0.020237
vn -0.086457 0.005716 -0.049926
vn -0.066746 -0.043915 -0.060137
vn -0.036760 -0.080681 -0.046252
vn -0.000316 -0.099467 -0.010310
vn 0.025737 -0.091411 0.031331
vn 0.037352 -0.058548 0.071951
vn 0.029564 -0.013435 0.094580
vn 0.004780 0.031826 0.094680
vn -0.029895 0.064042 0.070746
vn -0.061803 0.071431 0.032834
vn -0.084352 0.052187 -0.012699
vn -0.087955 0.015049 -0.045139
vn -0.071832 -0.034824 -0.060229
vn -0.043334 -0.074471 -0.050756
vn -0.007355 -0.097958 -0.018713
vn 0.021659 -0.094855 0.023096
vn 0.036488 -0.067356 0.064279
vn 0.032469 -0.022358 0.091901
vn 0.011199 0.022806 0.096719
vn -0.023219 0.059748 0.076753
vn -0.055684 0.071951 0.041502
vn -0.081473 0.057813 -0.004452
vn -0.088641 0.023625 -0.039807
vn -0.076596 -0.024923 -0.059261
vn -0.049541 -0.067762 -0.054351
vn -0.015051 -0.095088 -0.027050
vn 0.017063 -0.097404 0.014877
vn 0.034795 -0.075047 0.056190
vn 0.034748 -0.031365 0.088368
vn 0.016816 0.013800 0.097605
vn -0.016320 0.054378 0.082321
vn -0.049476 0.071424 0.049505
vn -0.077684 0.062802 0.004585
vn -0.088613 0.031531 -0.033964
vn -0.080861 -0.014259 -0.057081
vn -0.055466 -0.060520 -0.057103
vn -0.022609 -0.091104 -0.034479
vn 0.011883 -0.099073 0.006577
vn 0.032422 -0.081503 0.048021
vn 0.036372 -0.040532 0.083870
vn 0.021674 0.004875 0.097501
vn -0.009156 0.047789 0.087363
vn -0.043194 0.069948 0.056934
vn -0.072869 0.066960 0.014373
vn -0.087917 0.038863 -0.027572
vn -0.084151 -0.003872 -0.053885
vn -0.061179 -0.052653 -0.059032
vn -0.029771 -0.086297 -0.040823
vn 0.006032 -0.099800 -0.001886
vn 0.029466 -0.086845 0.039871
vn 0.037260 -0.049869 0.078261
vn 0.025842 -0.003997 0.096521
vn -0.001771 0.039878 0.091688
vn -0.036798 0.067554 0.063893
vn -0.067434 0.069849 0.023953
vn -0.086540 0.045701 -0.020550
vn -0.086455 0.005834 -0.049916
vn -0.066704 -0.044039 -0.060093
vn -0.036618 -0.080768 -0.046213
vn -0.000571 -0.099441 -0.010545
vn 0.025971 -0.091202 0.031744
vn 0.037288 -0.059260 0.071399
vn 0.029382 -0.012899 0.094712
vn 0.005154 0.031355 0.094817
vn -0.030215 0.064204 0.070462
vn -0.061705 0.071475 0.032921
vn -0.084410 0.052072 -0.012787
vn -0.087903 0.014847 -0.045307
vn -0.072006 -0.034558 -0.060174
vn -0.042980 -0.074796 -0.050579
vn -0.007956 -0.097789 -0.019342
vn 0.021928 -0.094674 0.023580
vn 0.036425 -0.067812 0.063833
vn 0.032328 -0.021939 0.092052
vn 0.011129 0.022987 0.096684
vn -0.086169 -0.050677 0.002580
vn -0.068697 -0.071887 0.010629
vn -0.049246 -0.081695 0.030012
vn -0.034342 -0.076997 0.053777
vn -0.028493 -0.059279 0.075327
vn -0.032757 -0.033283 0.088427
vn -0.046477 -0.009079 0.088076
vn -0.065987 0.009290 0.074562
vn -0.083457 0.012796 0.053583
vn -0.095876 0.002147 0.028342
vn -0.097650 -0.018880 0.010397
vn -0.088817 -0.045889 0.002413
vn -0.072468 -0.068458 0.007865
vn -0.053395 -0.080703 0.025219
vn -0.036511 -0.079030 0.049206
vn -0.028955 -0.063856 0.071302
vn -0.031115 -0.038137 0.087048
vn -0.043093 -0.013712 0.089191
vn -0.062118 0.006777 0.078073
vn -0.080250 0.013230 0.058180
vn -0.094140 0.005385 0.033295
vn -0.098115 -0.014161 0.013148
vn -0.091547 -0.040118 0.003132
vn -0.075930 -0.064821 0.005741
vn -0.057423 -0.079166 0.020865
vn -0.039078 -0.080561 0.044530
vn -0.029760 -0.067885 0.067127
vn -0.029737 -0.043616 0.084931
vn -0.040033 -0.018403 0.089770
vn -0.058072 0.003495 0.081335
vn -0.076921 0.013122 0.062538
vn -0.091873 0.008155 0.038637
vn -0.098188 -0.009702 0.016280
vn -0.093757 -0.034511 0.004306
vn -0.079320 -0.060758 0.004099
vn -0.061315 -0.077155 0.016959
vn -0.042102 -0.081547 0.039718
vn -0.030890 -0.071384 0.062850
vn -0.028876 -0.049045 0.082224
vn -0.037298 -0.023164 0.089846
vn -0.053931 -0.000503 0.084209
vn -0.073461 0.012459 0.066695
vn -0.089306 0.010310 0.043797
vn -0.097856 -0.005487 0.019850
vn -0.095486 -0.029117 0.005890
vn -0.082657 -0.056204 0.002980
vn -0.065067 -0.074726 0.013504
vn -0.045636 -0.081913 0.034751
vn -0.032350 -0.074384 0.058484
vn -0.028503 -0.054509 0.078844
vn -0.034891 -0.028033 0.089424
vn -0.050032 -0.004719 0.086455
vn -0.069848 0.011196 0.070682
vn -0.086506 0.011874 0.048742
vn -0.097084 -0.001519 0.023926
vn -0.096768 -0.023966 0.007851
vn -0.085925 -0.051096 0.002451
vn -0.068702 -0.071902 0.010493
vn -0.049627 -0.081574 0.029712
vn -0.034168 -0.076910 0.054013
vn -0.028526 -0.059472 0.075162
vn -0.032821 -0.033063 0.088485
vn -0.046413 -0.009085 0.088109
vn -0.066049 0.009266 0.074510
vn -0.083525 0.012875 0.053458
vn -0.095807 0.002173 0.028570
vn -0.097638 -0.019056 0.010186
vn -0.089032 -0.045461 0.002574
vn -0.072258 -0.068673 0.007923
vn -0.053582 -0.080634 0.025042
vn -0.036389 -0.078963 0.049403
vn -0.028915 -0.063912 0.071268
vn -0.031112 -0.038304 0.086976
vn -0.043095 -0.013559 0.089213
vn -0.062035 0.006584 0.078155
vn -0.080388 0.013328 0.057967
vn -0.093969 0.005501 0.033759
vn -0.098115 -0.014369 0.012921
vn -0.091651 -0.039872 0.003204
vn -0.075771 -0.065000 0.005802
vn -0.057446 -0.079170 0.020786
vn -0.039070 -0.080516 0.044617
vn -0.029652 -0.067840 0.067219
vn -0.029807 -0.043782 0.084821
vn -0.040080 -0.018142 0.089802
vn -0.057820 0.003099 0.081531
vn -0.077093 0.013225 0.062304
vn -0.091760 0.008235 0.038888
vn -0.098199 -0.009884 0.016105
vn -0.093788 -0.034431 0.004283
vn -0.079268 -0.060822 0.004163
vn -0.061247 -0.077218 0.016917
vn -0.042270 -0.081505 0.039625
vn -0.030735 -0.071284 0.063039
vn -0.028962 -0.049461 0.081944
vn -0.037370 -0.022868 0.089892
vn -0.053764 -0.000725 0.084315
vn -0.073619 0.012534 0.066507
vn -0.089268 0.010374 0.043858
vn -0.097860 -0.005591 0.019805
vn -0.095473 -0.029183 0.005774
vn -0.082747 -0.056068 0.003062
vn -0.064870 -0.074887 0.013555
vn -0.046021 -0.081832 0.034433
vn -0.032184 -0.074272 0.058718
vn -0.028535 -0.054754 0.078662
vn -0.034968 -0.027787 0.089471
vn -0.050070 -0.004629 0.086438
vn -0.057340 -0.052403 0.062977
vn -0.057981 -0.042037 0.069793
vn -0.063069 -0.030789 0.071235
vn -0.070839 -0.022031 0.067056
vn -0.078936 -0.018561 0.058521
vn -0.085107 -0.021586 0.047862
vn -0.087283 -0.029464 0.038904
vn -0.084554 -0.041030 0.034163
vn -0.078404 -0.051483 0.034674
vn -0.069966 -0.058294 0.041310
vn -0.062326 -0.059432 0.050826
vn -0.057784 -0.054025 0.061175
vn -0.057456 -0.044259 0.068847
vn -0.061610 -0.033018 0.071512
vn -0.069236 -0.023442 0.068241
vn -0.077339 -0.018669 0.060581
vn -0.084208 -0.020623 0.049837
vn -0.087225 -0.027501 0.040442
vn -0.085424 -0.038710 0.034702
vn -0.079846 -0.049599 0.034125
vn -0.071685 -0.057369 0.039624
vn -0.063681 -0.059666 0.048833
vn -0.058319 -0.055683 0.059147
vn -0.057207 -0.046373 0.067653
vn -0.060337 -0.035303 0.071507
vn -0.067637 -0.025039 0.069269
vn -0.075733 -0.019120 0.062441
vn -0.083066 -0.019753 0.052057
vn -0.086957 -0.025763 0.042128
vn -0.086154 -0.036351 0.035441
vn -0.081179 -0.047601 0.033825
vn -0.073456 -0.056219 0.037995
vn -0.065139 -0.059662 0.046877
vn -0.059048 -0.057082 0.057052
vn -0.057111 -0.048434 0.066276
vn -0.059324 -0.037571 0.071197
vn -0.066049 -0.026810 0.070134
vn -0.074125 -0.019862 0.064117
vn -0.081820 -0.019118 0.054221
vn -0.086504 -0.024220 0.043937
vn -0.086753 -0.033929 0.036369
vn -0.082409 -0.045498 0.033744
vn -0.075195 -0.054839 0.036584
vn -0.066685 -0.059432 0.044955
vn -0.059983 -0.058134 0.054977
vn -0.057164 -0.050429 0.064724
vn -0.058539 -0.039810 0.070628
vn -0.064492 -0.028743 0.070815
vn -0.072513 -0.020852 0.065628
vn -0.080421 -0.018660 0.056430
vn -0.085881 -0.022849 0.045852
vn -0.087149 -0.031586 0.037514
vn -0.083538 -0.043298 0.033863
vn -0.076827 -0.053260 0.035511
vn -0.068309 -0.058979 0.043073
vn -0.061085 -0.058882 0.052930
vn -0.057373 -0.052332 0.063005
vn -0.057947 -0.042018 0.069832
vn -0.062952 -0.030837 0.071317
vn -0.070894 -0.022060 0.066988
vn -0.078906 -0.018469 0.058590
vn -0.085095 -0.021638 0.047861
vn -0.087290 -0.029477 0.038878
vn -0.084558 -0.041011 0.034177
vn -0.078355 -0.051519 0.034731
vn -0.069995 -0.058298 0.041256
vn -0.062325 -0.059363 0.050908
vn -0.057732 -0.054144 0.061119
vn -0.057524 -0.044195 0.068831
vn -0.061511 -0.033049 0.071583
vn -0.069266 -0.023467 0.068202
vn -0.077354 -0.018647 0.060569
vn -0.084150 -0.020587 0.049949
vn -0.087210 -0.027579 0.040420
vn -0.085452 -0.038658 0.034691
vn -0.079787 -0.049639 0.034205
vn -0.071736 -0.057388 0.039504
vn -0.063685 -0.059604 0.048905
vn -0.058262 -0.055792 0.059099
vn -0.057252 -0.046340 0.067638
vn -0.060329 -0.035281 0.071524
vn -0.067632 -0.025061 0.069267
vn -0.075779 -0.019139 0.062380
vn -0.083050 -0.019715 0.052097
vn -0.086936 -0.025866 0.042109
vn -0.086211 -0.036251 0.035404
vn -0.081128 -0.047634 0.033900
vn -0.073504 -0.056244 0.037866
vn -0.065147 -0.059620 0.046918
vn -0.059024 -0.057093 0.057066
vn -0.057125 -0.048441 0.066259
vn -0.059364 -0.037539 0.071181
vn -0.066008 -0.026832 0.070164
vn -0.074185 -0.019897 0.064037
vn -0.081796 -0.019035 0.054288
vn -0.086484 -0.024315 0.043924
vn -0.086821 -0.033810 0.036317
vn -0.082380 -0.045513 0.033796
vn -0.075187 -0.054863 0.036565
vn -0.066701 -0.059415 0.044953
vn -0.059977 -0.058086 0.055034
vn -0.057149 -0.050475 0.064701
vn -0.058614 -0.039739 0.070606
vn -0.064417 -0.028768 0.070872
vn -0.072569 -0.020888 0.065555
vn -0.080387 -0.018538 0.056518
vn -0.085865 -0.022911 0.045851
vn -0.024691 0.092303 -0.029503
vn 0.041084 0.080951 -0.041942
vn 0.087035 0.032428 -0.037058
vn 0.034826 -0.091494 -0.020397
vn 0.034826 -0.091494 -0.020397
vn 0.034826 -0.091494 -0.020397
vn 0.034826 -0.091494 -0.020397
vn 0.034826 -0.091494 -0.020397
vn 0.034826 -0.091494 -0.020397
vn 0.034826 -0.091494 -0.020397
vn 0.034826 -0.091494 -0.020397
vn 0.034826 -0.091494 -0.020397
vn -0.034826 0.091494 0.020397
vn -0.034826 0.091494 0.020397
vn -0.034826 0.091494 0.020397
vn -0.034826 0.091494 0.020397
vn -0.034826 0.091494 0.020397
vn -0.034826 0.091494 0.020397
vn -0.034826 0.091494 0.020397
vn -0.034826 0.091494 0.020397
vn -0.034826 0.091494 0.020397
vn 0.000000 0.100000 0.000000
vn 0.000000 0.100000 0.000000
vn 0.000000 0.100000 0.000000
vn 0.000000 0.100000 0.000000
vn 0.000000 0.100000 0.000000
vn 0.000000 0.100000 0.000000
vn 0.000000 0.100000 0.000000
vn 0.000000 0.100000 0.000000
vn 0.000000 0.100000 0.000000
vn 0.000000 0.100000 0.000000
vn 0.000000 0.100000 0.000000
vn 0.000000 0.100000 0.000000
vn 0.021248 0.065761 -0.072277
vn 0.023372 0.093662 -0.026100
vn 0.079111 0.044503 -0.041963
vn 0.055484 0.082062 -0.013691
vn 0.079121 0.061042 -0.003705
vn 0.059043 0.080702 0.001026
vn 0.046150 0.087586 0.014104
vn 0.074171 0.054758 0.038733
vn 0.019234 0.095187 0.023865
vn 0.010802 0.074425 0.065910
vn 0.064954 0.027559 0.070862
vn 0.000826 0.040236 0.091545
vn -0.009235 -0.001371 0.099563
vn 0.055330 -0.011257 0.082534
vn -0.018206 -0.046477 0.086651
vn 0.046921 -0.053261 0.070439
vn -0.022766 -0.078232 0.057978
vn 0.043461 -0.080575 0.040235
vn -0.023036 -0.095828 0.016924
vn 0.045685 -0.088867 -0.003940
vn -0.018339 -0.093631 -0.029950
vn 0.052104 -0.074496 -0.041660
vn -0.010556 -0.073678 -0.066784
vn -0.000011 -0.037128 -0.092852
vn 0.062501 -0.039572 -0.067288
vn 0.010482 0.007066 -0.099198
vn 0.071563 0.000977 -0.069841
vn 0.018293 0.046977 -0.086363
vn 0.078336 0.038269 -0.048980
vn 0.023028 0.081037 -0.053877
vn 0.079521 0.059514 -0.011597
vn 0.022788 0.096598 -0.012228
vn 0.018245 0.093453 0.030554
vn 0.075642 0.058166 0.029917
vn 0.009286 0.069732 0.071072
vn 0.066880 0.033929 0.066151
vn -0.000737 0.034236 0.093954
vn 0.057249 -0.002534 0.081952
vn -0.010760 -0.008360 0.099067
vn 0.048271 -0.045999 0.074525
vn -0.019195 -0.052327 0.083026
vn -0.023105 -0.081954 0.052437
vn 0.043690 -0.076348 0.047562
vn -0.022629 -0.096928 0.009633
vn 0.044876 -0.089232 0.004889
vn -0.017297 -0.091542 -0.036344
vn 0.050500 -0.078902 -0.034988
vn -0.009112 -0.069182 -0.071630
vn 0.060293 -0.047983 -0.063737
vn 0.001740 -0.030298 -0.095284
vn 0.011868 0.013574 -0.098361
vn 0.069964 -0.006807 -0.071125
vn 0.019266 0.052763 -0.082734
vn 0.077233 0.031183 -0.055341
vn 0.023307 0.084760 -0.047671
vn 0.079754 0.057128 -0.019380
vn 0.022355 0.097307 -0.005623
vn 0.076819 0.060377 0.021296
vn 0.017153 0.091233 0.037179
vn 0.068815 0.039939 0.060575
vn 0.007743 0.064754 0.075808
vn -0.002299 0.028076 0.095950
vn 0.059144 0.005594 0.080441
vn -0.012251 -0.015407 0.098044
vn 0.049831 -0.037983 0.077937
vn -0.020081 -0.057864 0.079048
vn 0.044161 -0.071541 0.054145
vn -0.023342 -0.085327 0.046632
vn 0.044192 -0.088573 0.014209
vn -0.022091 -0.097505 0.002185
vn -0.016184 -0.089052 -0.042518
vn 0.049086 -0.082522 -0.027939
vn -0.007613 -0.064325 -0.076186
vn 0.057982 -0.056073 -0.059109
vn 0.003457 -0.023402 -0.097162
vn 0.068287 -0.014756 -0.071549
vn 0.013195 0.019991 -0.097089
vn 0.075965 0.023900 -0.060483
vn 0.020158 0.058361 -0.078662
vn 0.023463 0.087995 -0.041307
vn 0.079794 0.053832 -0.027113
vn 0.021823 0.097585 0.001002
vn 0.077761 0.061532 0.012926
vn 0.015958 0.088517 0.043705
vn 0.070732 0.045563 0.054047
vn 0.006182 0.059523 0.080117
vn 0.061040 0.013195 0.078103
vn -0.003856 0.021771 0.097525
vn -0.013697 -0.022474 0.096474
vn 0.051581 -0.029185 0.080546
vn -0.020866 -0.063076 0.074740
vn 0.044866 -0.066155 0.060087
vn -0.023473 -0.088334 0.040573
vn 0.043667 -0.086799 0.023647
vn -0.021431 -0.097536 -0.005246
vn 0.047836 -0.085404 -0.020444
vn -0.015005 -0.086176 -0.048461
vn 0.055839 -0.063101 -0.053854
vn -0.006062 -0.059113 -0.080429
vn 0.005131 -0.016482 -0.098499
vn 0.066493 -0.022938 -0.071081
vn 0.014459 0.026302 -0.095389
vn 0.074599 0.016517 -0.064514
vn 0.020962 0.063741 -0.074146
vn 0.079589 0.049543 -0.034800
vn 0.023500 0.090748 -0.034823
vn 0.078516 0.061744 0.004777
vn 0.021194 0.097430 0.007631
vn 0.014661 0.085296 0.050096
vn 0.072575 0.050703 0.046499
vn 0.004609 0.054068 0.083997
vn 0.062956 0.020365 0.074978
vn -0.005404 0.015335 0.098669
vn 0.053454 -0.019875 0.082144
vn -0.015088 -0.029517 0.094346
vn 0.045820 -0.060029 0.065552
vn -0.021548 -0.067957 0.070125
vn -0.023498 -0.090957 0.034272
vn 0.043402 -0.084103 0.032294
vn -0.020665 -0.097034 -0.012541
vn 0.046724 -0.087536 -0.012424
vn -0.013765 -0.082929 -0.054160
vn 0.053900 -0.069131 -0.048122
vn -0.004464 -0.053554 -0.084333
vn 0.064540 -0.031378 -0.069642
vn 0.006755 -0.009575 -0.099311
vn 0.015659 0.032492 -0.093269
vn 0.073168 0.009042 -0.067562
vn 0.021669 0.068871 -0.069190
vn 0.079079 0.044177 -0.042367
vn 0.023422 0.093023 -0.028250
vn 0.079110 0.061083 -0.003227
vn 0.020468 0.096840 0.014248
vn 0.074246 0.055107 0.038088
vn 0.013267 0.081567 0.056310
vn 0.003030 0.048414 0.087447
vn 0.064906 0.027187 0.071050
vn -0.006938 0.008784 0.099372
vn 0.055316 -0.010988 0.082580
vn -0.016390 -0.036372 0.091698
vn 0.046963 -0.053421 0.070290
vn -0.022128 -0.072499 0.065224
vn 0.043400 -0.080658 0.040134
vn -0.023411 -0.093178 0.027745
vn 0.045730 -0.088849 -0.003820
vn -0.019800 -0.096027 -0.019665
vn -0.012467 -0.079322 -0.059603
vn 0.052163 -0.074281 -0.041968
vn -0.002823 -0.047658 -0.087868
vn 0.062390 -0.040030 -0.067119
vn 0.008323 -0.002712 -0.099616
vn 0.071674 0.001426 -0.069720
vn 0.016791 0.038545 -0.090732
vn 0.078219 0.037784 -0.049540
vn 0.022273 0.073713 -0.063799
vn 0.023233 0.094831 -0.021617
vn 0.079545 0.059563 -0.011175
vn 0.019647 0.095812 0.020834
vn 0.075627 0.058314 0.029665
vn 0.011778 0.077330 0.062301
vn 0.066888 0.033716 0.066252
vn 0.001451 0.042585 0.090468
vn 0.057171 -0.002626 0.082004
vn -0.008453 0.002135 0.099619
vn -0.017583 -0.042929 0.088589
vn 0.048344 -0.045909 0.074533
vn -0.022607 -0.076696 0.060055
vn 0.043652 -0.076559 0.047258
vn -0.023210 -0.094974 0.021006
vn 0.044846 -0.089219 0.005370
vn -0.018845 -0.094541 -0.026586
vn 0.050610 -0.078656 -0.035381
vn -0.011115 -0.075367 -0.064778
vn -0.001145 -0.041436 -0.091004
vn 0.060062 -0.048647 -0.063451
vn 0.009831 0.004077 -0.099432
vn 0.070095 -0.006406 -0.071033
vn 0.017852 0.044446 -0.087783
vn 0.077140 0.030996 -0.055575
vn 0.022765 0.078228 -0.057984
vn 0.079801 0.057145 -0.019138
vn 0.022937 0.096179 -0.014948
vn 0.076764 0.060412 0.021395
vn 0.018730 0.094340 0.027372
vn 0.010228 0.072674 0.067925
vn 0.068880 0.039950 0.060495
vn -0.000125 0.036603 0.093060
vn 0.059040 0.005260 0.080539
vn -0.009944 -0.004592 0.099398
vn 0.049928 -0.037554 0.078082
vn -0.018666 -0.049164 0.085056
vn 0.044146 -0.071832 0.053770
vn -0.022984 -0.080541 0.054633
vn -0.022891 -0.096322 0.014076
vn 0.044086 -0.088501 0.014964
vn -0.017810 -0.092602 -0.033282
vn 0.049213 -0.082322 -0.028305
vn -0.009712 -0.071074 -0.069672
vn 0.057837 -0.056350 -0.058987
vn 0.000564 -0.034908 -0.093708
vn 0.068396 -0.014529 -0.071490
vn 0.011276 0.010771 -0.098777
vn 0.018837 0.050177 -0.084424
vn 0.075932 0.024002 -0.060483
vn 0.023138 0.082373 -0.051763
vn 0.079835 0.053755 -0.027144
vn 0.022540 0.097075 -0.008267
vn 0.077706 0.061526 0.013276
vn 0.017718 0.092417 0.033839
vn 0.070836 0.045815 0.053696
vn 0.008645 0.067689 0.073099
vn -0.001693 0.030485 0.095225
vn 0.060944 0.012756 0.078251
vn -0.011404 -0.011377 0.098694
vn 0.051677 -0.028448 0.080748
vn -0.019638 -0.055058 0.081135
vn 0.044878 -0.066447 0.059756
vn -0.023260 -0.084027 0.048974
vn 0.043575 -0.086751 0.023988
vn -0.022451 -0.097197 0.006979
vn 0.047945 -0.085290 -0.020662
vn -0.016700 -0.090236 -0.039732
vn -0.008262 -0.066449 -0.074271
vn 0.055796 -0.063070 -0.053935
vn 0.002294 -0.028095 -0.095945
vn 0.066534 -0.022987 -0.071027
vn 0.012653 0.017348 -0.097667
vn 0.074636 0.016836 -0.064389
vn 0.019744 0.055720 -0.080656
vn 0.079586 0.049301 -0.035150
vn 0.023381 0.086047 -0.045268
vn 0.022043 0.097527 -0.001592
vn 0.078488 0.061743 0.005247
vn 0.016612 0.090038 0.040214
vn 0.072679 0.051130 0.045864
vn 0.007129 0.062718 0.077561
vn 0.063082 0.020351 0.074877
vn -0.003137 0.024704 0.096850
vn 0.053369 -0.020581 0.082026
vn -0.013098 -0.019514 0.097199
vn 0.095524 -0.010023 0.027833
vn 0.098160 -0.001776 0.019012
vn 0.099769 0.000569 0.006769
vn 0.099815 -0.003814 -0.004725
vn 0.098317 -0.013611 -0.012187
vn 0.095654 -0.025792 -0.013605
vn 0.092857 -0.036262 -0.007913
vn 0.090369 -0.042729 0.002764
vn 0.089520 -0.042021 0.014846
vn 0.090008 -0.035212 0.025665
vn 0.092083 -0.024285 0.030512
vn 0.094940 -0.012046 0.029003
vn 0.097684 -0.002963 0.021193
vn 0.099553 0.000529 0.009427
vn 0.099933 -0.002408 -0.002758
vn 0.098738 -0.011329 -0.011064
vn 0.096201 -0.023448 -0.013985
vn 0.093420 -0.034382 -0.009515
vn 0.090746 -0.042013 0.000400
vn 0.089572 -0.042683 0.012454
vn 0.089798 -0.037020 0.023786
vn 0.091572 -0.026633 0.030087
vn 0.094345 -0.014527 0.029799
vn 0.097188 -0.004291 0.023155
vn 0.099279 0.000284 0.011980
vn 0.099990 -0.001238 -0.000623
vn 0.099098 -0.009191 -0.009749
vn 0.096754 -0.021016 -0.014035
vn 0.093977 -0.032397 -0.010902
vn 0.091227 -0.040915 -0.001918
vn 0.089671 -0.043106 0.010050
vn 0.089665 -0.038623 0.021645
vn 0.091099 -0.028910 0.029413
vn 0.093755 -0.016976 0.030360
vn 0.096662 -0.005854 0.024945
vn 0.098950 -0.000189 0.014452
vn 0.099985 -0.000342 0.001701
vn 0.099396 -0.007215 -0.008269
vn 0.097315 -0.018497 -0.013699
vn 0.094526 -0.030319 -0.012064
vn 0.091779 -0.039491 -0.004123
vn 0.089827 -0.043275 0.007640
vn 0.089563 -0.039997 0.019460
vn 0.090676 -0.031109 0.028464
vn 0.093175 -0.019430 0.030673
vn 0.096109 -0.007685 0.026534
vn 0.098572 -0.000871 0.016816
vn 0.099910 0.000229 0.004232
vn 0.099633 -0.005414 -0.006632
vn 0.097858 -0.015961 -0.013000
vn 0.095074 -0.028147 -0.012985
vn 0.092317 -0.037948 -0.006125
vn 0.090053 -0.043165 0.005222
vn 0.089510 -0.041140 0.017190
vn 0.090316 -0.033215 0.027200
vn 0.092621 -0.021813 0.030748
vn 0.095531 -0.009820 0.027881
vn 0.098151 -0.001758 0.019058
vn 0.099760 0.000461 0.006908
vn 0.099811 -0.003803 -0.004832
vn 0.098329 -0.013571 -0.012132
vn 0.095627 -0.025873 -0.013638
vn 0.092862 -0.036244 -0.007935
vn 0.090365 -0.042735 0.002801
vn 0.089501 -0.042054 0.014869
vn 0.090036 -0.035205 0.025576
vn 0.092071 -0.024239 0.030585
vn 0.094935 -0.012220 0.028947
vn 0.097692 -0.002860 0.021166
vn 0.099548 0.000490 0.009486
vn 0.099930 -0.002405 -0.002850
vn 0.098743 -0.011302 -0.011052
vn 0.096192 -0.023487 -0.013981
vn 0.093406 -0.034412 -0.009541
vn 0.090782 -0.041935 0.000387
vn 0.089540 -0.042732 0.012514
vn 0.089843 -0.037030 0.023602
vn 0.091561 -0.026572 0.030174
vn 0.094340 -0.014596 0.029781
vn 0.097198 -0.004202 0.023127
vn 0.099276 0.000279 0.012012
vn 0.099990 -0.001253 -0.000663
vn 0.099096 -0.009176 -0.009787
vn 0.096772 -0.020983 -0.013963
vn 0.093948 -0.032468 -0.010935
vn 0.091301 -0.040745 -0.001978
vn 0.089634 -0.043164 0.010131
vn 0.089679 -0.038631 0.021574
vn 0.091093 -0.028852 0.029489
vn 0.093748 -0.017009 0.030364
vn 0.096671 -0.005818 0.024918
vn 0.098950 -0.000151 0.014454
vn 0.099984 -0.000395 0.001753
vn 0.099390 -0.007208 -0.008350
vn 0.097359 -0.018383 -0.013541
vn 0.094492 -0.030412 -0.012100
vn 0.091806 -0.039426 -0.004149
vn 0.089796 -0.043326 0.007717
vn 0.089564 -0.040011 0.019428
vn 0.090680 -0.031070 0.028493
vn 0.093166 -0.019420 0.030707
vn 0.096112 -0.007747 0.026503
vn 0.098576 -0.000794 0.016796
vn 0.099903 0.000117 0.004404
vn 0.099626 -0.005411 -0.006737
vn 0.097874 -0.015914 -0.012942
vn 0.073110 0.008674 -0.067673
vn 0.095044 -0.028236 -0.013015
vn 0.064524 -0.031253 -0.069713
vn 0.092327 -0.037921 -0.006148
vn 0.053920 -0.069209 -0.047987
vn 0.090042 -0.043181 0.005271
vn 0.046626 -0.087612 -0.012252
vn 0.089494 -0.041167 0.017205
vn 0.043483 -0.084151 0.032059
vn 0.090337 -0.033207 0.027140
vn 0.045791 -0.059842 0.065744
vn 0.092601 -0.021811 0.030810
vn 0.053369 -0.020581 0.082026
vn 0.095524 -0.010023 0.027833
vn 0.095134 0.026114 -0.016356
vn 0.092671 0.006108 -0.037079
vn 0.054401 0.060944 -0.057674
vn 0.047455 0.017688 -0.086227
vn -0.014170 0.065730 -0.074018
vn -0.022968 0.018796 -0.095494
vn -0.073855 0.041055 -0.053479
vn -0.079738 0.013161 -0.058895
vn -0.099721 -0.000667 -0.007441
vn -0.099846 0.003584 0.004239
vn -0.078861 -0.044358 0.042583
vn -0.073474 -0.009376 0.067183
vn -0.021199 -0.065414 0.072606
vn -0.013098 -0.019514 0.097199
vn 0.092671 0.006108 -0.037079
vn 0.087123 -0.021126 -0.044309
vn 0.080427 -0.047830 -0.035267
vn 0.074350 -0.065484 -0.013561
vn 0.071178 -0.068754 0.014373
vn 0.071555 -0.056370 0.041258
vn 0.075161 -0.033707 0.056698
vn 0.081868 -0.004369 0.057259
vn 0.088065 0.018685 0.043537
vn 0.093513 0.031172 0.016839
vn 0.095191 0.028645 -0.010873
vn 0.093446 0.010649 -0.033978
vn 0.088317 -0.015530 -0.044261
vn 0.081823 -0.042549 -0.038659
vn 0.075394 -0.063072 -0.018377
vn 0.071483 -0.069438 0.008274
vn 0.071268 -0.059746 0.036760
vn 0.074115 -0.039007 0.054639
vn 0.080548 -0.009958 0.058419
vn 0.086861 0.014783 0.047294
vn 0.092677 0.029876 0.022769
vn 0.095139 0.030274 -0.005671
vn 0.094114 0.015629 -0.029973
vn 0.089498 -0.010244 -0.043418
vn 0.083184 -0.037125 -0.041257
vn 0.076546 -0.060096 -0.023006
vn 0.071971 -0.069383 0.002498
vn 0.071081 -0.062762 0.031755
vn 0.073267 -0.043850 0.052050
vn 0.079154 -0.015882 0.059011
vn 0.085667 0.010537 0.050499
vn 0.091609 0.027914 0.028786
vn 0.094964 0.031333 -0.000299
vn 0.094596 0.019946 -0.025569
vn 0.090629 -0.004938 -0.041975
vn 0.084504 -0.031749 -0.043024
vn 0.077789 -0.056527 -0.027451
vn 0.072625 -0.068679 -0.002983
vn 0.070983 -0.065368 0.026239
vn 0.072589 -0.048300 0.048969
vn 0.077674 -0.022117 0.058972
vn 0.084460 0.005937 0.053210
vn 0.090443 0.025348 0.034316
vn 0.094648 0.031841 0.005273
vn 0.094925 0.023469 -0.020941
vn 0.091689 0.000402 -0.039913
vn 0.085794 -0.026426 -0.044057
vn 0.079103 -0.052342 -0.031672
vn 0.073429 -0.067384 -0.008223
vn 0.070966 -0.067495 0.020206
vn 0.072054 -0.052411 0.045401
vn 0.076294 -0.028141 0.058200
vn 0.083212 0.000963 0.055451
vn 0.089273 0.022295 0.039157
vn 0.094165 0.031790 0.011063
vn 0.095123 0.026243 -0.016214
vn 0.092645 0.005753 -0.037199
vn 0.087060 -0.021129 -0.044432
vn 0.080465 -0.047508 -0.035615
vn 0.074368 -0.065522 -0.013276
vn 0.071102 -0.068886 0.014115
vn 0.071636 -0.056216 0.041329
vn 0.075124 -0.033694 0.056754
vn 0.081898 -0.004403 0.057213
vn 0.088112 0.018822 0.043382
vn 0.093484 0.031145 0.017052
vn 0.095210 0.028482 -0.011125
vn 0.093462 0.011075 -0.033796
vn 0.088299 -0.015813 -0.044196
vn 0.081820 -0.042339 -0.038895
vn 0.075426 -0.063089 -0.018185
vn 0.071435 -0.069487 0.008282
vn 0.071314 -0.059711 0.036728
vn 0.074150 -0.038823 0.054722
vn 0.080499 -0.010155 0.058454
vn 0.086952 0.014958 0.047069
vn 0.092574 0.029857 0.023207
vn 0.095175 0.030112 -0.005913
vn 0.094100 0.015938 -0.029854
vn 0.089503 -0.010436 -0.043362
vn 0.083148 -0.037138 -0.041318
vn 0.076586 -0.060060 -0.022964
vn 0.071949 -0.069398 0.002695
vn 0.071076 -0.062856 0.031582
vn 0.073348 -0.043586 0.052158
vn 0.079002 -0.016276 0.059108
vn 0.085775 0.010704 0.050281
vn 0.091505 0.027911 0.029118
vn 0.095004 0.031209 -0.000460
vn 0.094573 0.020010 -0.025603
vn 0.090653 -0.004976 -0.041919
vn 0.084457 -0.031930 -0.042982
vn 0.077831 -0.056404 -0.027585
vn 0.072626 -0.068690 -0.002689
vn 0.070915 -0.065581 0.025888
vn 0.072688 -0.048040 0.049078
vn 0.077519 -0.022436 0.059054
vn 0.084552 0.006044 0.053051
vn 0.090408 0.025401 0.034369
vn 0.094673 0.031771 0.005255
vn 0.094913 0.023375 -0.021098
vn 0.091721 0.000559 -0.039836
vn 0.085753 -0.026702 -0.043971
vn 0.079138 -0.052099 -0.031984
vn 0.073448 -0.067398 -0.007924
vn 0.070875 -0.067685 0.019888
vn 0.072143 -0.052226 0.045473
vn 0.076236 -0.028181 0.058257
vn 0.083257 0.000960 0.055383
vn 0.089304 0.022406 0.039022
vn 0.094152 0.031771 0.011229
vn 0.047455 0.017688 -0.086227
vn 0.036092 -0.032865 -0.087277
vn 0.024040 -0.076200 -0.060131
vn 0.014861 -0.097852 -0.014288
vn 0.011708 -0.092376 0.036464
vn 0.015109 -0.059801 0.078712
vn 0.023898 -0.013955 0.096094
vn 0.036547 0.037892 0.085021
vn 0.047190 0.072007 0.050873
vn 0.054679 0.083709 -0.001723
vn 0.055106 0.067523 -0.049031
vn 0.049214 0.026850 -0.082808
vn 0.038405 -0.023001 -0.089421
vn 0.026547 -0.068112 -0.068235
vn 0.016218 -0.095771 -0.023766
vn 0.011803 -0.095866 0.025893
vn 0.013998 -0.067556 0.072389
vn 0.021695 -0.024080 0.094602
vn 0.034135 0.028665 0.089516
vn 0.045232 0.066747 0.059151
vn 0.053736 0.083810 0.009402
vn 0.055493 0.072569 -0.040672
vn 0.051027 0.037169 -0.077555
vn 0.040657 -0.013518 -0.090356
vn 0.029008 -0.059524 -0.074936
vn 0.017828 -0.092636 -0.033177
vn 0.012176 -0.098018 0.015626
vn 0.013077 -0.074917 0.064934
vn 0.019749 -0.033584 0.092098
vn 0.031553 0.018440 0.093083
vn 0.043222 0.060772 0.066623
vn 0.052387 0.082558 0.020972
vn 0.055672 0.076734 -0.031821
vn 0.052477 0.046397 -0.071369
vn 0.042904 -0.003742 -0.090251
vn 0.031389 -0.050752 -0.080243
vn 0.019702 -0.088323 -0.042554
vn 0.012808 -0.099015 0.005660
vn 0.012356 -0.081766 0.056228
vn 0.018036 -0.042582 0.088665
vn 0.028813 0.007313 0.095479
vn 0.041138 0.054038 0.073400
vn 0.050786 0.080055 0.031812
vn 0.055626 0.080035 -0.022365
vn 0.053596 0.054389 -0.064570
vn 0.045135 0.006405 -0.089004
vn 0.033712 -0.041863 -0.084327
vn 0.021839 -0.082681 -0.051835
vn 0.013689 -0.098974 -0.004090
vn 0.011858 -0.087861 0.046258
vn 0.016528 -0.051194 0.084297
vn 0.026207 -0.003616 0.096437
vn 0.038944 0.046452 0.079533
vn 0.049051 0.076549 0.041645
vn 0.055313 0.082410 -0.012205
vn 0.054435 0.061167 -0.057406
vn 0.047310 0.016924 -0.086460
vn 0.036006 -0.032824 -0.087328
vn 0.024215 -0.075598 -0.060815
vn 0.014820 -0.097937 -0.013736
vn 0.011656 -0.092574 0.035975
vn 0.015204 -0.059500 0.078921
vn 0.023847 -0.013957 0.096107
vn 0.036600 0.037901 0.084994
vn 0.047231 0.072196 0.050566
vn 0.054672 0.083722 -0.001295
vn 0.055076 0.067211 -0.049490
vn 0.049350 0.027684 -0.082451
vn 0.038300 -0.023546 -0.089324
vn 0.026622 -0.067706 -0.068609
vn 0.016208 -0.095866 -0.023386
vn 0.011753 -0.095881 0.025861
vn 0.014053 -0.067517 0.072415
vn 0.021734 -0.023742 0.094678
vn 0.034068 0.028293 0.089660
vn 0.045340 0.067062 0.058711
vn 0.053630 0.083772 0.010298
vn 0.055499 0.072287 -0.041165
vn 0.051068 0.037682 -0.077280
vn 0.040609 -0.013917 -0.090318
vn 0.028973 -0.059479 -0.074986
vn 0.017866 -0.092656 -0.033100
vn 0.012126 -0.097972 0.015954
vn 0.013078 -0.075165 0.064646
vn 0.019846 -0.033072 0.092263
vn 0.031333 0.017615 0.093317
vn 0.043364 0.061130 0.066202
vn 0.052267 0.082480 0.021566
vn 0.055708 0.076552 -0.032192
vn 0.052442 0.046479 -0.071341
vn 0.042930 -0.003841 -0.090235
vn 0.031283 -0.051024 -0.080112
vn 0.019799 -0.088156 -0.042855
vn 0.012761 -0.098989 0.006197
vn 0.012298 -0.082258 0.055519
vn 0.018155 -0.042066 0.088887
vn 0.028620 0.006712 0.095581
vn 0.041271 0.054324 0.073114
vn 0.050726 0.080054 0.031908
vn 0.055671 0.079977 -0.022461
vn 0.053536 0.054187 -0.064789
vn 0.045233 0.006717 -0.088932
vn 0.033580 -0.042345 -0.084139
vn 0.021998 -0.082210 -0.052512
vn 0.013653 -0.099001 -0.003514
vn 0.011792 -0.088175 0.045673
vn 0.016636 -0.050822 0.084501
vn 0.026129 -0.003725 0.096454
vn 0.039020 0.046532 0.079450
vn 0.049068 0.076678 0.041386
vn 0.055329 0.082445 -0.011896
vn -0.022968 0.018796 -0.095494
vn -0.034716 -0.031148 -0.088457
vn -0.046479 -0.069684 -0.054624
vn -0.053897 -0.084032 -0.005811
vn -0.055562 -0.070752 0.043670
vn -0.050018 -0.032363 0.080317
vn -0.040309 0.015583 0.090180
vn -0.027383 0.064887 0.070992
vn -0.017568 0.093204 0.031693
vn -0.011929 0.096737 -0.022351
vn -0.013118 0.073517 -0.066507
vn -0.020980 0.028300 -0.093589
vn -0.032176 -0.021769 -0.092146
vn -0.044163 -0.062952 -0.063927
vn -0.052892 -0.083436 -0.015518
vn -0.055778 -0.075821 0.033763
vn -0.051524 -0.040911 0.075310
vn -0.042565 0.005315 0.090333
vn -0.029847 0.056553 0.076883
vn -0.019206 0.089261 0.040788
vn -0.012576 0.098555 -0.011348
vn -0.012345 0.079776 -0.059020
vn -0.018872 0.039260 -0.090014
vn -0.029892 -0.012588 -0.094594
vn -0.041750 -0.055541 -0.071917
vn -0.051678 -0.081785 -0.025309
vn -0.055670 -0.079557 0.023907
vn -0.052902 -0.049239 0.069115
vn -0.044619 -0.004492 0.089381
vn -0.032512 0.047047 0.082034
vn -0.020984 0.084510 0.049169
vn -0.013540 0.099079 0.000322
vn -0.011839 0.085237 -0.050937
vn -0.017015 0.049263 -0.085344
vn -0.027634 -0.002972 -0.096060
vn -0.039332 -0.047712 -0.078591
vn -0.050215 -0.078964 -0.035258
vn -0.055304 -0.082104 0.014157
vn -0.054103 -0.057291 0.061568
vn -0.046516 -0.013910 0.087423
vn -0.035302 0.036444 0.086172
vn -0.022926 0.078939 0.056948
vn -0.014698 0.098248 0.011457
vn -0.011603 0.089938 -0.042148
vn -0.015443 0.058184 -0.079850
vn -0.025378 0.007190 -0.096459
vn -0.036948 -0.039571 -0.084077
vn -0.048445 -0.074805 -0.045358
vn -0.054724 -0.083578 0.004473
vn -0.055032 -0.064812 0.052638
vn -0.048295 -0.023043 0.084479
vn -0.037903 0.025826 0.088861
vn -0.025061 0.072460 0.064198
vn -0.016010 0.096270 0.021811
vn -0.011649 0.093844 -0.032520
vn -0.014173 0.065975 -0.073800
vn -0.023106 0.017952 -0.095623
vn -0.034609 -0.031123 -0.088507
vn -0.046324 -0.069176 -0.055397
vn -0.053946 -0.084038 -0.005241
vn -0.055562 -0.071024 0.043226
vn -0.049974 -0.031992 0.080492
vn -0.040276 0.015530 0.090203
vn -0.027412 0.064940 0.070932
vn -0.017468 0.093320 0.031404
vn -0.011999 0.096823 -0.021940
vn -0.013132 0.073153 -0.066905
vn -0.020832 0.029191 -0.093348
vn -0.032305 -0.022302 -0.091973
vn -0.044032 -0.062622 -0.064340
vn -0.052960 -0.083470 -0.015101
vn -0.055739 -0.075873 0.033712
vn -0.051552 -0.040817 0.075342
vn -0.042454 0.005606 0.090367
vn -0.029989 0.056228 0.077066
vn -0.019079 0.089497 0.040327
vn -0.012671 0.098644 -0.010429
vn -0.012375 0.079429 -0.059480
vn -0.018756 0.039778 -0.089810
vn -0.030013 -0.012996 -0.094500
vn -0.041690 -0.055500 -0.071985
vn -0.051732 -0.081784 -0.025202
vn -0.055633 -0.079495 0.024196
vn -0.052991 -0.049499 0.068861
vn -0.044481 -0.003993 0.089474
vn -0.032760 0.046240 0.082393
vn -0.020865 0.084816 0.048692
vn -0.013579 0.099070 0.000913
vn -0.011878 0.085004 -0.051316
vn -0.016953 0.049355 -0.085303
vn -0.027706 -0.003087 -0.096036
vn -0.039350 -0.047949 -0.078438
vn -0.050208 -0.078825 -0.035577
vn -0.055296 -0.082019 0.014669
vn -0.054215 -0.057892 0.060903
vn -0.046397 -0.013361 0.087572
vn -0.035434 0.035871 0.086358
vn -0.022851 0.079216 0.056592
vn -0.014669 0.098237 0.011591
vn -0.011649 0.089870 -0.042280
vn -0.015428 0.057970 -0.080009
vn -0.025360 0.007512 -0.096439
vn -0.037033 -0.040011 -0.083831
vn -0.048323 -0.074405 -0.046139
vn -0.054753 -0.083526 0.005052
vn -0.055062 -0.065199 0.052127
vn -0.048228 -0.022608 0.084634
vn -0.037899 0.025674 0.088907
vn -0.025066 0.072574 0.064068
vn -0.015925 0.096336 0.021582
vn -0.011707 0.093933 -0.032242
vn -0.079738 0.013161 -0.058895
vn -0.086410 -0.012749 -0.048691
vn -0.092213 -0.029228 -0.025346
vn -0.095042 -0.030963 0.002903
vn -0.094424 -0.017387 0.027961
vn -0.089958 0.007483 0.043029
vn -0.083992 0.034632 0.041785
vn -0.076863 0.058723 0.025370
vn -0.072531 0.068842 0.000141
vn -0.070758 0.064200 -0.029525
vn -0.073029 0.046125 -0.050391
vn -0.078462 0.018476 -0.059181
vn -0.085011 -0.008210 -0.052017
vn -0.091207 -0.026671 -0.031145
vn -0.094732 -0.031933 -0.002454
vn -0.094892 -0.021294 0.023282
vn -0.090982 0.002258 0.041438
vn -0.085317 0.029136 0.043267
vn -0.078131 0.054955 0.029589
vn -0.073160 0.067939 0.005654
vn -0.070862 0.066432 -0.023776
vn -0.072261 0.050509 -0.047192
vn -0.077202 0.024744 -0.058546
vn -0.083695 -0.003599 -0.054610
vn -0.090082 -0.023697 -0.036381
vn -0.094308 -0.032287 -0.007976
vn -0.095158 -0.024588 0.018447
vn -0.091984 -0.002944 0.039120
vn -0.086546 0.023709 0.044133
vn -0.079584 0.050440 0.033499
vn -0.073882 0.066503 0.010899
vn -0.071153 0.068037 -0.017556
vn -0.071640 0.054512 -0.043546
vn -0.076006 0.030638 -0.057310
vn -0.082382 0.001376 -0.056668
vn -0.088877 -0.020366 -0.041062
vn -0.093759 -0.031959 -0.013709
vn -0.095254 -0.027288 0.013496
vn -0.092950 -0.008116 0.035979
vn -0.087703 0.018349 0.044403
vn -0.081156 0.045250 0.036962
vn -0.074724 0.064524 0.015906
vn -0.071512 0.068950 -0.011483
vn -0.071183 0.058146 -0.039397
vn -0.074894 0.036137 -0.055543
vn -0.081072 0.006780 -0.058150
vn -0.087623 -0.016725 -0.045195
vn -0.093061 -0.030862 -0.019676
vn -0.095205 -0.029412 0.008427
vn -0.093818 -0.013123 0.032030
vn -0.088815 0.013026 0.044070
vn -0.082619 0.039941 0.039734
vn -0.075715 0.061958 0.020700
vn -0.071943 0.069230 -0.005611
vn -0.070910 0.061397 -0.034673
vn -0.073902 0.041146 -0.053344
vn -0.079758 0.012666 -0.058976
vn -0.086341 -0.012778 -0.048805
vn -0.092187 -0.028948 -0.025759
vn -0.095031 -0.030964 0.003209
vn -0.094454 -0.017544 0.027760
vn -0.089906 0.007703 0.043099
vn -0.083978 0.034594 0.041845
vn -0.076881 0.058735 0.025288
vn -0.072452 0.068925 0.000027
vn -0.070839 0.064214 -0.029299
vn -0.072997 0.045948 -0.050599
vn -0.078440 0.018965 -0.059056
vn -0.085045 -0.008497 -0.051914
vn -0.091171 -0.026532 -0.031369
vn -0.094741 -0.031925 -0.002213
vn -0.094880 -0.021368 0.023262
vn -0.090987 0.002347 0.041423
vn -0.085245 0.029260 0.043326
vn -0.078241 0.054767 0.029647
vn -0.073058 0.068066 0.005437
vn -0.070972 0.066489 -0.023284
vn -0.072244 0.050313 -0.047428
vn -0.077166 0.025010 -0.058480
vn -0.083741 -0.003826 -0.054523
vn -0.090051 -0.023698 -0.036458
vn -0.094330 -0.032243 -0.007891
vn -0.095126 -0.024605 0.018591
vn -0.092052 -0.003048 0.038949
vn -0.086444 0.023947 0.044203
vn -0.079777 0.050008 0.033686
vn -0.073785 0.066651 0.010648
vn -0.071192 0.068068 -0.017274
vn -0.071645 0.054350 -0.043739
vn -0.075964 0.030716 -0.057324
vn -0.082426 0.001303 -0.056606
vn -0.088863 -0.020502 -0.041025
vn -0.093777 -0.031838 -0.013863
vn -0.095220 -0.027275 0.013757
vn -0.093068 -0.008431 0.035599
vn -0.087604 0.018630 0.044480
vn -0.081247 0.044992 0.037076
vn -0.074661 0.064649 0.015690
vn -0.071491 0.068987 -0.011396
vn -0.071217 0.058060 -0.039463
vn -0.074854 0.036060 -0.055647
vn -0.081095 0.006954 -0.058097
vn -0.087631 -0.016962 -0.045090
vn -0.093049 -0.030613 -0.020116
vn -0.095184 -0.029389 0.008734
vn -0.093868 -0.013322 0.031802
vn -0.088748 0.013272 0.044131
vn -0.082624 0.039863 0.039803
vn -0.075714 0.061997 0.020584
vn -0.071874 0.069294 -0.005697
vn -0.070978 0.061406 -0.034518
vn -0.099846 0.003584 0.004239
vn -0.098398 0.013105 0.012089
vn -0.095832 0.025185 0.013487
vn -0.092891 0.036090 0.008292
vn -0.090545 0.042400 -0.001961
vn -0.089500 0.042150 -0.014598
vn -0.089899 0.035952 -0.025013
vn -0.092050 0.024549 -0.030401
vn -0.094710 0.012743 -0.029456
vn -0.097622 0.003328 -0.021423
vn -0.099495 -0.000735 -0.010013
vn -0.099951 0.002314 0.002130
vn -0.098790 0.010908 0.011026
vn -0.096415 0.022604 0.013902
vn -0.093466 0.034198 0.009727
vn -0.090906 0.041663 0.000515
vn -0.089613 0.042677 -0.012172
vn -0.089667 0.037684 -0.023232
vn -0.091560 0.026969 -0.029823
vn -0.094152 0.015003 -0.030170
vn -0.097092 0.004835 -0.023449
vn -0.099228 -0.000401 -0.012396
vn -0.099994 0.001034 -0.000216
vn -0.099133 0.008925 0.009645
vn -0.096967 0.020049 0.013977
vn -0.094055 0.032141 0.010984
vn -0.091337 0.040621 0.002745
vn -0.089772 0.042985 -0.009663
vn -0.089530 0.039136 -0.021281
vn -0.091086 0.029365 -0.029000
vn -0.093614 0.017324 -0.030597
vn -0.096498 0.006556 -0.025398
vn -0.098907 0.000187 -0.014742
vn -0.099965 0.000064 -0.002653
vn -0.099426 0.007048 0.008050
vn -0.097482 0.017618 0.013673
vn -0.094651 0.029928 0.012059
vn -0.091821 0.039324 0.004753
vn -0.089977 0.043056 -0.007096
vn -0.089468 0.040342 -0.019183
vn -0.090614 0.031760 -0.027938
vn -0.093088 0.019699 -0.030767
vn -0.095886 0.008471 -0.027094
vn -0.098531 0.001009 -0.017049
vn -0.099869 -0.000508 -0.005092
vn -0.099664 0.005286 0.006253
vn -0.097956 0.015308 0.013047
vn -0.095248 0.027580 0.012928
vn -0.092345 0.037806 0.006564
vn -0.090219 0.042903 -0.004456
vn -0.089469 0.041326 -0.016954
vn -0.090197 0.034003 -0.026614
vn -0.092567 0.022118 -0.030695
vn -0.095300 0.010528 -0.028410
vn -0.098097 0.002059 -0.019305
vn -0.099717 -0.000735 -0.007476
vn -0.099842 0.003665 0.004263
vn -0.098391 0.013104 0.012144
vn -0.095841 0.025089 0.013603
vn -0.092899 0.036090 0.008200
vn -0.090517 0.042464 -0.001865
vn -0.089521 0.042102 -0.014606
vn -0.089895 0.035943 -0.025041
vn -0.092049 0.024568 -0.030386
vn -0.094736 0.012695 -0.029393
vn -0.097608 0.003334 -0.021483
vn -0.099504 -0.000669 -0.009929
vn -0.099955 0.002180 0.002083
vn -0.098784 0.010996 0.010994
vn -0.096417 0.022531 0.014004
vn -0.093474 0.034191 0.009672
vn -0.090895 0.041687 0.000504
vn -0.089620 0.042669 -0.012151
vn -0.089690 0.037611 -0.023263
vn -0.091541 0.027025 -0.029833
vn -0.094188 0.014949 -0.030086
vn -0.097061 0.004832 -0.023577
vn -0.099237 -0.000339 -0.012324
vn -0.099996 0.000907 -0.000253
vn -0.099131 0.008975 0.009618
vn -0.096961 0.020064 0.014001
vn -0.094063 0.032119 0.010979
vn -0.091337 0.040626 0.002666
vn -0.089765 0.043011 -0.009612
vn -0.089564 0.039040 -0.021311
vn -0.091041 0.029472 -0.029033
vn -0.093648 0.017279 -0.030519
vn -0.096464 0.006546 -0.025533
vn -0.098913 0.000231 -0.014702
vn -0.099965 0.000043 -0.002632
vn -0.099428 0.007048 0.008027
vn -0.097471 0.017691 0.013652
vn -0.094658 0.029891 0.012099
vn -0.091827 0.039321 0.004647
vn -0.089955 0.043116 -0.007007
vn -0.089503 0.040254 -0.019207
vn -0.090555 0.031886 -0.027984
vn -0.093110 0.019677 -0.030713
vn -0.095884 0.008445 -0.027111
vn -0.098530 0.001032 -0.017054
vn -0.099872 -0.000466 -0.005031
vn -0.099668 0.005238 0.006230
vn -0.097946 0.015405 0.013008
vn -0.095254 0.027523 0.013007
vn -0.092355 0.037800 0.006465
vn -0.090183 0.042991 -0.004335
vn -0.089494 0.041268 -0.016963
vn -0.090184 0.034014 -0.026643
vn -0.092571 0.022129 -0.030674
vn -0.095321 0.010488 -0.028355
vn -0.098087 0.002064 -0.019355
vn -0.073474 -0.009376 0.067183
vn -0.064206 0.032256 0.069549
vn -0.054280 0.068664 0.048363
vn -0.046380 0.087872 0.011286
vn -0.043541 0.084644 -0.030652
vn -0.045968 0.058973 -0.066401
vn -0.052987 0.021630 -0.082004
vn -0.063394 -0.021397 -0.074319
vn -0.072233 -0.050541 -0.047202
vn -0.078759 -0.061475 -0.004221
vn -0.079372 -0.049557 0.035274
vn -0.074890 -0.016833 0.064095
vn -0.066068 0.024071 0.071102
vn -0.056339 0.061803 0.054830
vn -0.047586 0.085869 0.019032
vn -0.043643 0.087277 -0.021864
vn -0.045149 0.065181 -0.060935
vn -0.051176 0.029935 -0.080529
vn -0.061424 -0.013641 -0.077724
vn -0.070578 -0.045995 -0.053881
vn -0.077916 -0.061240 -0.013371
vn -0.079638 -0.053485 0.028235
vn -0.076303 -0.025209 0.059518
vn -0.067933 0.016217 0.071569
vn -0.058346 0.054567 0.060151
vn -0.049003 0.082987 0.026683
vn -0.043982 0.088810 -0.013358
vn -0.044487 0.071024 -0.054557
vn -0.049601 0.037708 -0.078217
vn -0.059308 -0.005118 -0.080352
vn -0.068899 -0.040851 -0.059867
vn -0.076719 -0.059934 -0.022851
vn -0.079739 -0.056648 0.020801
vn -0.077411 -0.032685 0.054214
vn -0.069789 0.008155 0.071154
vn -0.060291 0.047211 0.064313
vn -0.050625 0.079140 0.034263
vn -0.044553 0.089380 -0.005122
vn -0.043973 0.076415 -0.047192
vn -0.048242 0.045042 -0.075126
vn -0.057039 0.004094 -0.082036
vn -0.067176 -0.035079 -0.065244
vn -0.075314 -0.057637 -0.031714
vn -0.079655 -0.059066 0.012893
vn -0.078256 -0.039123 0.048429
vn -0.071617 -0.000171 0.069792
vn -0.062199 0.039776 0.067447
vn -0.052437 0.074226 0.041725
vn -0.045349 0.089078 0.002912
vn -0.043607 0.081180 -0.038837
vn -0.047074 0.052026 -0.071255
vn -0.054871 0.013116 -0.082566
vn -0.065375 -0.028613 -0.070053
vn -0.073815 -0.054530 -0.039723
vn -0.079346 -0.060700 0.004443
vn -0.078883 -0.044536 0.042355
vn -0.073371 -0.008759 0.067379
vn -0.064097 0.032236 0.069660
vn -0.054402 0.068168 0.048924
vn -0.046368 0.087936 0.010832
vn -0.043464 0.084826 -0.030257
vn -0.046074 0.058721 -0.066551
vn -0.052923 0.021624 -0.082046
vn -0.063455 -0.021380 -0.074272
vn -0.072265 -0.050722 -0.046958
vn -0.078753 -0.061458 -0.004573
vn -0.079357 -0.049306 0.035658
vn -0.074981 -0.017517 0.063804
vn -0.066001 0.024519 0.071012
vn -0.056370 0.061479 0.055160
vn -0.047606 0.085926 0.018716
vn -0.043573 0.087316 -0.021849
vn -0.045220 0.065136 -0.060930
vn -0.051199 0.029656 -0.080618
vn -0.061376 -0.013325 -0.077817
vn -0.070675 -0.046261 -0.053525
vn -0.077811 -0.061210 -0.014099
vn -0.079659 -0.053242 0.028632
vn -0.076313 -0.025651 0.059315
vn -0.067916 0.016543 0.071511
vn -0.058293 0.054548 0.060219
vn -0.049060 0.082976 0.026611
vn -0.043926 0.088795 -0.013635
vn -0.044501 0.071210 -0.054303
vn -0.049685 0.037291 -0.078363
vn -0.059112 -0.004450 -0.080535
vn -0.069032 -0.041135 -0.059519
vn -0.076597 -0.059900 -0.023344
vn -0.079786 -0.056474 0.021090
vn -0.077368 -0.032774 0.054223
vn -0.069829 0.008237 0.071106
vn -0.060194 0.047450 0.064228
vn -0.050717 0.078980 0.034495
vn -0.044517 0.089372 -0.005566
vn -0.043912 0.076805 -0.046613
vn -0.048357 0.044621 -0.075303
vn -0.056850 0.004581 -0.082141
vn -0.067306 -0.035289 -0.064997
vn -0.075250 -0.057675 -0.031798
vn -0.079705 -0.058985 0.012955
vn -0.078203 -0.038973 0.048634
vn -0.071703 -0.000421 0.069703
vn -0.062096 0.040180 0.067303
vn -0.052552 0.073835 0.042269
vn -0.058654 0.080852 0.004763
vn -0.036514 0.090869 0.020235
vn -0.012908 0.095866 0.025361
vn 0.002832 0.096583 0.025763
vn -0.046897 0.087742 -0.010100
vn -0.043519 0.081453 -0.038361
vn -0.047189 0.051720 -0.071402
vn -0.054784 0.013195 -0.082611
vn -0.065455 -0.028650 -0.069963
vn -0.073825 -0.054666 -0.039517
vn -0.079361 -0.060698 0.004183
vn -0.020575 0.095335 -0.022087
vn -0.009710 0.096399 -0.024759
vn 0.002053 0.096436 -0.026380
vn 0.013469 0.021344 -0.096763
vn 0.002206 -0.028449 -0.095843
vn -0.010326 -0.072974 -0.067589
vn -0.019187 -0.095111 -0.024200
vn -0.023460 -0.092332 0.030406
vn -0.019514 -0.095618 -0.021827
vn -0.019514 -0.095618 -0.021827
vn -0.019514 -0.095618 -0.021827
vn -0.019514 -0.095618 -0.021827
vn -0.019514 -0.095618 -0.021827
vn -0.019514 -0.095618 -0.021827
vn -0.019514 -0.095618 -0.021827
vn -0.019514 -0.095618 -0.021827
vn -0.019514 -0.095618 -0.021827
vn 0.019514 0.095618 0.021827
vn 0.019514 0.095618 0.021827
vn 0.019514 0.095618 0.021827
vn 0.019514 0.095618 0.021827
vn 0.019514 0.095618 0.021827
vn 0.019514 0.095618 0.021827
vn 0.019514 0.095618 0.021827
vn 0.019514 0.095618 0.021827
vn 0.019514 0.095618 0.021827
vn 0.000000 -0.070711 0.070711
vn 0.000000 -0.070711 0.070711
vn 0.000000 -0.070711 0.070711
vn 0.000000 -0.070711 0.070711
vn 0.000000 -0.100000 0.000000
vn 0.000000 -0.100000 0.000000
vn 0.000000 -0.100000 0.000000
vn 0.000000 -0.100000 0.000000
vn 0.000000 -0.100000 0.000000
vn 0.000000 -0.100000 0.000000
vn 0.000000 -0.100000 0.000000
vn 0.000000 -0.100000 0.000000
vn 0.000000 -0.100000 0.000000
vn 0.000000 -0.100000 0.000000
vn 0.000000 -0.100000 0.000000
vn 0.000000 -0.100000 0.000000
vn 0.000000 -0.100000 0.000000
vn 0.000000 -0.100000 0.000000
vn 0.000000 -0.100000 0.000000
vn 0.000000 -0.100000 0.000000
vn 0.000000 -0.100000 0.000000
vn -0.100000 0.000000 0.000000
vn -0.100000 0.000000 0.000000
vn -0.100000 0.000000 0.000000
vn -0.100000 0.000000 0.000000
vn -0.100000 0.000000 0.000000
vn -0.100000 0.000000 0.000000
vn -0.100000 0.000000 0.000000
vn -0.100000 0.000000 0.000000
vn -0.100000 0.000000 0.000000
vn -0.100000 0.000000 0.000000
vn -0.100000 0.000000 0.000000
vn -0.100000 0.000000 0.000000
vn -0.100000 0.000000 0.000000
vn -0.100000 0.000000 0.000000
vn -0.100000 0.000000 0.000000
vn -0.100000 0.000000 0.000000
vn -0.100000 0.000000 0.000000
vn -0.100000 0.000000 0.000000
vn -0.100000 0.000000 0.000000
vn -0.100000 0.000000 0.000000
vn -0.100000 0.000000 0.000000
vn -0.100000 0.000000 0.000000
vn -0.100000 0.000000 0.000000
vn -0.100000 0.000000 0.000000
vn -0.100000 0.000000 0.000000
vn -0.100000 0.000000 0.000000
vn -0.100000 0.000000 0.000000
vn -0.100000 0.000000 0.000000
vn -0.100000 0.000000 0.000000
vn -0.100000 0.000000 0.000000
vn -0.100000 0.000000 0.000000
vn -0.100000 0.000000 0.000000
vn -0.100000 0.000000 0.000000
vn -0.100000 0.000000 0.000000
vn -0.100000 0.000000 0.000000
vn -0.100000 0.000000 0.000000
vn -0.100000 0.000000 0.000000
vn -0.100000 0.000000 0.000000
vn -0.100000 0.000000 0.000000
vn -0.100000 0.000000 0.000000
vn -0.100000 0.000000 0.000000
vn -0.100000 0.000000 0.000000
vn -0.100000 0.000000 0.000000
vn -0.100000 0.000000 0.000000
vn -0.100000 0.000000 0.000000
vn -0.070711 0.000000 -0.070711
vn -0.070711 0.000000 -0.070711
vn -0.070711 0.000000 -0.070711
vn -0.070711 0.000000 -0.070711
vn 0.000000 -0.100000 0.000000
vn 0.000000 -0.100000 0.000000
vn 0.000000 -0.100000 0.000000
vn 0.000000 -0.100000 0.000000
vn 0.000000 -0.100000 0.000000
vn 0.000000 -0.100000 0.000000
vn 0.000000 -0.100000 0.000000
vn 0.000000 0.000000 -0.100000
vn 0.000000 0.000000 -0.100000
vn 0.000000 0.000000 -0.100000
vn 0.000000 0.000000 -0.100000
vn 0.000000 0.000000 -0.100000
vn 0.000000 0.000000 -0.100000
vn 0.000000 0.000000 -0.100000
vn 0.000000 0.000000 -0.100000
vn 0.000000 -0.050000 0.086603
vn 0.000000 -0.050000 0.086603
vn 0.000000 0.000000 0.100000
vn 0.000000 -0.050000 0.086603
vn 0.000000 0.000000 0.100000
vn 0.000000 -0.050000 0.086603
vn 0.000000 -0.086603 0.050000
vn 0.000000 -0.086603 0.050000
vn 0.000000 -0.100000 0.000000
vn 0.000000 -0.086603 0.050000
vn 0.000000 -0.100000 0.000000
vn 0.000000 -0.086603 0.050000
vn 0.000000 -0.100000 0.000000
vn 0.000000 -0.100000 0.000000
vn 0.000000 -0.100000 0.000000
vn 0.000000 -0.100000 0.000000
vn 0.000000 -0.100000 0.000000
vn 0.000000 -0.100000 0.000000
vn 0.000000 -0.100000 0.000000
vn 0.000000 -0.100000 0.000000
vn 0.000000 -0.100000 0.000000
vn 0.000000 -0.100000 0.000000
vn 0.000000 -0.100000 0.000000
vn 0.000000 -0.100000 0.000000
vn 0.000000 -0.100000 0.000000
vn 0.000000 -0.100000 0.000000
vn 0.000000 -0.100000 0.000000
vn -0.000000 0.050000 -0.086603
vn -0.000000 0.050000 -0.086603
vn 0.000000 -0.000000 -0.100000
vn -0.000000 0.050000 -0.086603
vn 0.000000 -0.000000 -0.100000
vn -0.000000 0.050000 -0.086603
vn -0.000000 0.086603 -0.050000
vn -0.000000 0.086603 -0.050000
vn 0.000000 0.100000 0.000000
vn -0.000000 0.086603 -0.050000
vn 0.000000 0.100000 0.000000
vn -0.000000 0.086603 -0.050000
vn -0.000000 0.100000 -0.000000
vn -0.000000 0.100000 -0.000000
vn 0.000000 0.086603 0.050000
vn 0.000000 0.086603 0.050000
vn 0.000000 0.086603 0.050000
vn 0.000000 0.086603 0.050000
vn 0.000000 0.050000 0.086603
vn 0.000000 0.050000 0.086603
vn 0.000000 0.000000 0.100000
vn 0.000000 0.050000 0.086603
vn 0.000000 0.000000 0.100000
vn 0.000000 0.050000 0.086603
vn 0.000000 0.000000 0.100000
vn 0.000000 0.000000 0.100000
vn 0.000000 -0.100000 0.000000
vn 0.000000 -0.100000 0.000000
vn 0.000000 -0.100000 0.000000
vn 0.000000 -0.100000 0.000000
vn -0.000000 0.100000 -0.000000
vn -0.000000 0.100000 -0.000000
vn -0.000000 0.100000 -0.000000
vn -0.000000 0.100000 -0.000000
vn 0.100000 0.000000 0.000000
vn 0.100000 0.000000 0.000000
vn 0.100000 0.000000 0.000000
vn 0.100000 0.000000 0.000000
vn 0.100000 0.000000 0.000000
vn 0.100000 0.000000 0.000000
vn 0.000000 0.034534 0.093848
vn 0.000000 0.034534 0.093848
vn 0.000000 0.061086 0.079174
vn 0.000000 0.058779 0.080902
vn 0.000000 0.080902 0.058779
vn 0.000000 0.058779 0.080902
vn 0.000000 0.080902 0.058779
vn 0.000000 0.030902 0.095106
vn 0.000000 0.011726 0.099310
vn 0.000000 0.000000 0.100000
vn 0.000000 -0.011726 0.099310
vn 0.000000 -0.030902 0.095106
vn 0.000000 -0.034534 0.093848
vn 0.000000 -0.058779 0.080902
vn 0.000000 -0.034534 0.093848
vn 0.000000 -0.061086 0.079174
vn 0.000000 -0.080902 0.058779
vn 0.000000 -0.082016 0.057213
vn 0.000000 -0.095106 0.030902
vn 0.000000 -0.095398 0.029986
vn 0.000000 -0.100000 0.000000
vn 0.000000 -0.100000 0.000000
vn 0.000000 -0.095106 -0.030902
vn 0.000000 -0.095106 -0.030902
vn 0.000000 -0.080902 -0.058779
vn 0.000000 -0.080902 -0.058779
vn 0.000000 -0.058779 -0.080902
vn 0.000000 -0.058779 -0.080902
vn 0.000000 -0.030902 -0.095106
vn 0.000000 -0.030902 -0.095106
vn 0.000000 0.000000 -0.100000
vn 0.000000 0.000000 -0.100000
vn 0.000000 0.030902 -0.095106
vn 0.000000 0.030902 -0.095106
vn 0.000000 0.058779 -0.080902
vn 0.000000 0.058779 -0.080902
vn 0.000000 0.080902 -0.058779
vn 0.000000 0.080902 -0.058779
vn 0.000000 0.095106 -0.030902
vn 0.000000 0.095106 -0.030902
vn 0.000000 0.100000 0.000000
vn 0.000000 -0.100000 0.000000
vn 0.000000 0.100000 0.000000
vn 0.000000 0.095398 0.029986
vn 0.000000 0.095106 0.030902
vn 0.000000 0.100000 0.000000
vn 0.000000 0.095106 0.030902
vn 0.000000 0.082016 0.057213
vn 0.000000 -0.095106 0.030902
vn 0.000000 -0.100000 0.000000
vn 0.000000 -0.095106 -0.030902
vn 0.000000 -0.080902 -0.058779
vn 0.000000 -0.058779 -0.080902
vn 0.000000 -0.030902 -0.095106
vn 0.000000 0.000000 -0.100000
vn 0.000000 0.030902 -0.095106
vn 0.000000 0.058779 -0.080902
vn 0.000000 0.080902 -0.058779
vn 0.000000 0.095106 -0.030902
vn 0.000000 -0.080902 0.058779
vn 0.000000 -0.058779 0.080902
vn 0.000000 -0.030902 0.095106
vn 0.000000 0.000000 0.100000
vn 0.000000 0.030902 0.095106
vn 0.100000 0.000000 0.000000
vn 0.100000 0.000000 0.000000
vn 0.100000 0.000000 0.000000
vn 0.100000 0.000000 0.000000
vn 0.100000 0.000000 0.000000
vn 0.100000 0.000000 0.000000
vn 0.100000 0.000000 0.000000
vn 0.100000 0.000000 0.000000
vn -0.088546 0.000000 0.046472
vn -0.088546 0.000000 0.046472
vn -0.100000 0.000000 0.000000
vn -0.100000 0.000000 0.000000
vn -0.088546 0.000000 -0.046472
vn -0.088546 0.000000 -0.046472
vn -0.056806 0.000000 -0.082298
vn -0.056806 0.000000 -0.082298
vn -0.012054 0.000000 -0.099271
vn -0.012054 0.000000 -0.099271
vn 0.035460 0.000000 -0.093502
vn 0.035460 0.000000 -0.093502
vn 0.074851 0.000000 -0.066312
vn 0.074851 0.000000 -0.066312
vn 0.097094 0.000000 -0.023932
vn 0.097094 0.000000 -0.023932
vn 0.097094 0.000000 0.023932
vn 0.097094 0.000000 0.023932
vn 0.074851 0.000000 0.066312
vn 0.074851 0.000000 0.066312
vn 0.035460 0.000000 0.093502
vn 0.035460 0.000000 0.093502
vn -0.012054 0.000000 0.099271
vn -0.012054 0.000000 0.099271
vn -0.056806 0.000000 0.082298
vn -0.056806 0.000000 0.082298
vn 0.000000 -0.100000 0.000000
vn 0.000000 -0.100000 0.000000
vn 0.000000 -0.100000 0.000000
vn 0.000000 -0.100000 0.000000
vn 0.000000 -0.100000 0.000000
vn 0.000000 -0.100000 0.000000
vn 0.000000 -0.100000 0.000000
vn 0.000000 -0.100000 0.000000
vn 0.000000 -0.100000 0.000000
vn 0.000000 -0.100000 0.000000
vn 0.000000 -0.100000 0.000000
vn 0.000000 -0.100000 0.000000
vn 0.000000 -0.100000 0.000000
vn -0.100000 0.000000 0.000000
vn -0.100000 0.000000 0.000000
vn -0.100000 0.000000 0.000000
vn -0.100000 0.000000 0.000000
vn -0.100000 0.000000 0.000000
vn -0.100000 0.000000 0.000000
vn -0.100000 0.000000 0.000000
vn -0.100000 0.000000 0.000000
vn -0.100000 0.000000 0.000000
vn -0.100000 0.000000 0.000000
vn -0.100000 0.000000 0.000000
vn -0.100000 0.000000 0.000000
vn -0.100000 0.000000 0.000000
vn -0.100000 0.000000 0.000000
vn -0.100000 0.000000 0.000000
vn -0.100000 0.000000 0.000000
vn -0.100000 0.000000 0.000000
vn -0.100000 0.000000 0.000000
vn -0.100000 0.000000 0.000000
vn -0.100000 0.000000 0.000000
vn -0.100000 0.000000 0.000000
vn -0.100000 0.000000 0.000000
vn -0.100000 0.000000 0.000000
vn -0.100000 0.000000 0.000000
vn -0.100000 0.000000 0.000000
vn -0.100000 0.000000 0.000000
vn -0.100000 0.000000 0.000000
vn -0.100000 0.000000 0.000000
vn -0.100000 0.000000 0.000000
vn -0.100000 0.000000 0.000000
vn -0.100000 0.000000 0.000000
vn -0.100000 0.000000 0.000000
vn -0.100000 0.000000 0.000000
vn -0.100000 0.000000 0.000000
vn -0.100000 0.000000 0.000000
vn -0.100000 0.000000 0.000000
vn -0.100000 0.000000 0.000000
vn -0.100000 0.000000 0.000000
vn -0.100000 0.000000 0.000000
vn -0.100000 0.000000 0.000000
vn -0.100000 0.000000 0.000000
vn -0.100000 0.000000 0.000000
vn -0.100000 0.000000 0.000000
vn 0.000000 -0.086603 0.050000
vn 0.000000 -0.086603 0.050000
vn 0.000000 -0.100000 0.000000
vn 0.000000 -0.100000 0.000000
vn 0.000000 -0.086603 -0.050000
vn 0.000000 -0.086603 -0.050000
vn 0.000000 -0.050000 -0.086603
vn 0.000000 -0.050000 -0.086603
vn -0.000000 0.000000 -0.100000
vn -0.000000 0.000000 -0.100000
vn -0.000000 0.050000 -0.086603
vn -0.000000 0.050000 -0.086603
vn -0.000000 0.086603 -0.050000
vn -0.000000 0.086603 -0.050000
vn 0.000000 0.100000 0.000000
vn 0.000000 0.100000 0.000000
vn 0.000000 0.086603 0.050000
vn 0.000000 0.086603 0.050000
vn 0.000000 0.050000 0.086603
vn 0.000000 0.050000 0.086603
vn 0.000000 0.000000 0.100000
vn 0.000000 0.000000 0.100000
vn 0.000000 -0.050000 0.086603
vn 0.000000 -0.050000 0.086603
vn 0.100000 0.000000 0.000000
vn 0.100000 0.000000 0.000000
vn 0.100000 0.000000 0.000000
vn 0.100000 0.000000 0.000000
vn 0.100000 0.000000 0.000000
vn 0.100000 0.000000 0.000000
vn 0.100000 0.000000 0.000000
vn 0.100000 0.000000 0.000000
vn 0.100000 0.000000 0.000000
vn 0.100000 0.000000 0.000000
vn 0.100000 0.000000 0.000000
vn 0.100000 0.000000 0.000000
vn 0.100000 0.000000 0.000000
vn 0.100000 0.000000 0.000000
vn 0.100000 0.000000 0.000000
vn 0.100000 0.000000 0.000000
vn 0.100000 0.000000 0.000000
vn 0.100000 0.000000 0.000000
vn 0.100000 0.000000 0.000000
vn 0.100000 0.000000 0.000000
vn 0.100000 0.000000 0.000000
vn 0.100000 0.000000 0.000000
vn 0.100000 0.000000 0.000000
vn 0.100000 0.000000 0.000000
vn 0.000000 -0.086603 0.050000
vn 0.000000 -0.086603 0.050000
vn 0.000000 -0.100000 0.000000
vn 0.000000 -0.100000 0.000000
vn 0.000000 -0.086603 -0.050000
vn 0.000000 -0.086603 -0.050000
vn 0.000000 -0.050000 -0.086603
vn 0.000000 -0.050000 -0.086603
vn -0.000000 0.000000 -0.100000
vn -0.000000 0.000000 -0.100000
vn -0.000000 0.050000 -0.086603
vn -0.000000 0.050000 -0.086603
vn -0.000000 0.086603 -0.050000
vn -0.000000 0.086603 -0.050000
vn 0.000000 0.100000 0.000000
vn 0.000000 0.100000 0.000000
vn 0.000000 0.086603 0.050000
vn 0.000000 0.086603 0.050000
vn 0.000000 0.050000 0.086603
vn 0.000000 0.050000 0.086603
vn 0.000000 0.000000 0.100000
vn 0.000000 0.000000 0.100000
vn 0.000000 -0.050000 0.086603
vn 0.000000 -0.050000 0.086603
vn 0.100000 0.000000 0.000000
vn 0.100000 0.000000 0.000000
vn 0.100000 0.000000 0.000000
vn 0.100000 0.000000 0.000000
vn 0.100000 0.000000 0.000000
vn 0.100000 0.000000 0.000000
vn 0.100000 0.000000 0.000000
vn 0.100000 0.000000 0.000000
vn 0.100000 0.000000 0.000000
vn 0.100000 0.000000 0.000000
vn 0.100000 0.000000 0.000000
vn 0.100000 0.000000 0.000000
vn 0.100000 0.000000 0.000000
vn 0.100000 0.000000 0.000000
vn 0.100000 0.000000 0.000000
vn 0.100000 0.000000 0.000000
vn 0.100000 0.000000 0.000000
vn 0.100000 0.000000 0.000000
vn 0.100000 0.000000 0.000000
vn 0.100000 0.000000 0.000000
vn 0.000000 -0.000000 0.100000
vn 0.000000 -0.000000 0.100000
vn 0.000000 -0.000000 0.100000
vn 0.000000 -0.000000 0.100000
vn 0.000000 0.000000 -0.100000
vn 0.000000 0.000000 -0.100000
vn 0.000000 0.000000 -0.100000
vn 0.000000 0.000000 -0.100000
vn 0.000000 0.000000 0.100000
vn 0.000000 0.000000 0.100000
vn 0.000000 0.000000 -0.100000
vn 0.000000 0.000000 -0.100000
vn 0.000000 0.000000 0.100000
vn 0.000000 0.000000 0.100000
vn 0.000000 0.000000 0.100000
vn 0.000000 0.000000 0.100000
vn 0.000000 0.100000 0.000000
vn 0.000000 0.100000 0.000000
vn 0.000000 0.100000 0.000000
vn 0.000000 0.100000 0.000000
vn 0.000000 0.100000 0.000000
vn 0.000000 0.100000 0.000000
vn 0.000000 0.100000 0.000000
vn 0.000000 0.000000 0.100000
vn 0.000000 0.000000 0.100000
vn 0.000000 0.000000 0.100000
vn 0.000000 0.000000 0.100000
vn 0.100000 0.000000 0.000000
vn 0.100000 0.000000 0.000000
vn 0.100000 0.000000 0.000000
vn 0.100000 0.000000 0.000000
vn 0.100000 0.000000 0.000000
vn 0.100000 0.000000 0.000000
vn 0.100000 0.000000 0.000000
vn 0.100000 0.000000 0.000000
vn 0.100000 0.000000 0.000000
vn 0.100000 0.000000 0.000000
vn 0.100000 0.000000 0.000000
vn 0.100000 0.000000 0.000000
vn 0.100000 0.000000 0.000000
vn 0.100000 0.000000 0.000000
vn 0.100000 0.000000 0.000000
vn 0.100000 0.000000 0.000000
vn 0.100000 0.000000 0.000000
vn 0.100000 0.000000 0.000000
vn 0.100000 0.000000 0.000000
vn 0.100000 0.000000 0.000000
vn 0.100000 0.000000 0.000000
vn 0.100000 0.000000 0.000000
vn 0.100000 0.000000 0.000000
vn 0.100000 0.000000 0.000000
vn 0.100000 0.000000 0.000000
vn 0.100000 0.000000 0.000000
vn 0.100000 0.000000 0.000000
vn 0.100000 0.000000 0.000000
vn 0.100000 0.000000 0.000000
vn 0.100000 0.000000 0.000000
vn 0.100000 0.000000 0.000000
vn 0.100000 0.000000 0.000000
vn 0.100000 0.000000 0.000000
vn 0.100000 0.000000 0.000000
vn 0.100000 0.000000 0.000000
vn 0.100000 0.000000 0.000000
vn 0.100000 0.000000 0.000000
vn 0.100000 0.000000 0.000000
vn 0.100000 0.000000 0.000000
vn 0.100000 0.000000 0.000000
vn 0.100000 0.000000 0.000000
vn 0.100000 0.000000 0.000000
vn 0.100000 0.000000 0.000000
vn 0.100000 0.000000 0.000000
vn 0.100000 0.000000 0.000000
vn 0.100000 0.000000 0.000000
vn 0.100000 0.000000 0.000000
vn 0.100000 0.000000 0.000000
vn 0.100000 0.000000 0.000000
vn 0.100000 0.000000 0.000000
vn 0.100000 0.000000 0.000000
vn 0.100000 0.000000 0.000000
vn 0.100000 0.000000 0.000000
vn 0.000000 -0.008798 0.099612
vn 0.000000 -0.006587 0.099783
vn 0.000000 -0.006824 0.099767
vn 0.000000 -0.004429 0.099902
vn 0.000000 -0.003347 0.099944
vn 0.000000 -0.003441 0.099941
vn 0.000000 -0.006824 0.099767
vn 0.000000 0.020346 0.097908
vn 0.000000 0.020346 0.097908
vn 0.000000 0.046007 0.088789
vn 0.000000 0.046007 0.088789
vn 0.000000 0.068255 0.073084
vn 0.000000 0.068255 0.073084
vn 0.000000 0.085442 0.051958
vn 0.000000 0.085442 0.051958
vn 0.000000 0.096292 0.026980
vn 0.000000 0.096292 0.026980
vn 0.000000 0.100000 0.000000
vn 0.000000 0.100000 0.000000
vn -0.000000 0.096292 -0.026980
vn -0.000000 0.096292 -0.026980
vn -0.000000 0.085442 -0.051958
vn -0.000000 0.085442 -0.051958
vn -0.000000 0.068255 -0.073084
vn -0.000000 0.068255 -0.073084
vn -0.000000 0.046007 -0.088789
vn -0.000000 0.046007 -0.088789
vn -0.000000 0.020346 -0.097908
vn -0.000000 0.020346 -0.097908
vn 0.000000 -0.006824 -0.099767
vn 0.000000 -0.006824 -0.099767
vn 0.000000 -0.033488 -0.094226
vn 0.000000 -0.033488 -0.094226
vn 0.000000 -0.057668 -0.081697
vn 0.000000 -0.057668 -0.081697
vn 0.000000 -0.077571 -0.063109
vn 0.000000 -0.077571 -0.063109
vn 0.000000 -0.091721 -0.039840
vn 0.000000 -0.091721 -0.039840
vn 0.000000 -0.099069 -0.013617
vn 0.000000 -0.099069 -0.013617
vn 0.000000 -0.099069 0.013617
vn 0.000000 -0.099069 0.013617
vn 0.000000 -0.091721 0.039840
vn 0.000000 -0.091721 0.039840
vn 0.000000 -0.077571 0.063109
vn 0.000000 -0.077571 0.063109
vn 0.000000 -0.057668 0.081697
vn 0.000000 -0.057668 0.081697
vn 0.000000 -0.033488 0.094226
vn 0.000000 -0.033488 0.094226
vn 0.000000 -0.023832 0.097119
vn 0.000000 -0.023423 0.097218
vn 0.000000 -0.022046 0.097539
vn 0.000000 -0.020661 0.097842
vn 0.000000 -0.019039 0.098171
vn 0.000000 -0.017516 0.098454
vn 0.000000 -0.016010 0.098710
vn 0.000000 -0.012523 0.099213
vn 0.000000 -0.004845 0.099883
vn 0.000000 -0.019808 0.098019
vn 0.000000 -0.014904 0.098883
vn 0.000000 -0.011295 0.099360
usemtl Silver_-_Polished
f 154/1/1 1/2/2 173/3/3
f 173/3/3 1/2/2 2/4/4
f 173/3/3 2/4/4 3/5/5
f 4/6/6 174/7/7 3/5/5
f 3/5/5 174/7/7 172/8/8
f 3/5/5 172/8/8 173/3/3
f 173/3/3 172/8/8 1042/9/9
f 173/3/3 1042/9/9 155/10/10
f 155/10/10 1042/9/9 156/11/11
f 156/11/11 1042/9/9 165/12/12
f 156/11/11 165/12/12 157/13/13
f 5/14/14 179/15/15 4/6/6
f 4/6/6 179/15/15 175/16/16
f 4/6/6 175/16/16 174/7/7
f 174/7/7 175/16/16 172/8/8
f 6/17/17 182/18/18 5/14/14
f 5/14/14 182/18/18 183/19/19
f 5/14/14 183/19/19 179/15/15
f 179/15/15 183/19/19 184/20/20
f 179/15/15 184/20/20 180/21/21
f 180/21/21 184/20/20 185/22/22
f 180/21/21 185/22/22 181/23/23
f 181/23/23 185/22/22 149/24/24
f 181/23/23 149/24/24 178/25/25
f 178/25/25 149/24/24 150/26/26
f 178/25/25 150/26/26 168/27/27
f 168/27/27 150/26/26 167/28/28
f 168/27/27 167/28/28 1037/29/29
f 1037/29/29 167/28/28 1036/30/30
f 1037/29/29 1036/30/30 160/31/31
f 160/31/31 1036/30/30 159/32/32
f 159/32/32 1036/30/30 1035/33/33
f 159/32/32 1035/33/33 158/34/34
f 158/34/34 1035/33/33 156/35/11
f 158/34/34 156/35/11 157/36/13
f 6/17/17 7/37/35 182/18/18
f 182/18/18 7/37/35 187/38/36
f 182/18/18 187/38/36 188/39/37
f 188/39/37 187/38/36 196/40/38
f 188/39/37 196/40/38 197/41/39
f 197/41/39 196/40/38 205/42/40
f 197/41/39 205/42/40 206/43/41
f 206/43/41 205/42/40 214/44/42
f 206/43/41 214/44/42 215/45/43
f 215/45/43 214/44/42 223/46/44
f 215/45/43 223/46/44 224/47/45
f 224/47/45 223/46/44 232/48/46
f 224/47/45 232/48/46 233/49/47
f 233/49/47 232/48/46 241/50/48
f 233/49/47 241/50/48 242/51/49
f 242/51/49 241/50/48 250/52/50
f 242/51/49 250/52/50 17/53/51
f 17/53/51 250/52/50 18/54/52
f 18/54/52 250/52/50 258/55/53
f 18/54/52 258/55/53 19/56/54
f 19/56/54 258/55/53 266/57/55
f 19/56/54 266/57/55 20/58/56
f 20/58/56 266/57/55 274/59/57
f 20/58/56 274/59/57 21/60/58
f 21/60/58 274/59/57 282/61/59
f 21/60/58 282/61/59 22/62/60
f 22/62/60 282/61/59 23/63/61
f 23/63/61 282/61/59 290/64/62
f 23/63/61 290/64/62 24/65/63
f 24/65/63 290/64/62 298/66/64
f 24/65/63 298/66/64 25/67/65
f 25/67/65 298/66/64 306/68/66
f 25/67/65 306/68/66 26/69/67
f 26/69/67 306/68/66 314/70/68
f 26/69/67 314/70/68 27/71/69
f 27/71/69 314/70/68 322/72/70
f 27/71/69 322/72/70 28/73/71
f 28/73/71 322/72/70 29/74/72
f 29/74/72 322/72/70 330/75/73
f 29/74/72 330/75/73 30/76/74
f 30/76/74 330/75/73 338/77/75
f 30/76/74 338/77/75 31/78/76
f 31/78/76 338/77/75 346/79/77
f 31/78/76 346/79/77 32/80/78
f 32/80/78 346/79/77 354/81/79
f 32/80/78 354/81/79 33/82/80
f 33/82/80 354/81/79 362/83/81
f 33/82/80 362/83/81 34/84/82
f 34/84/82 362/83/81 35/85/83
f 35/85/83 362/83/81 370/86/84
f 35/85/83 370/86/84 36/87/85
f 36/87/85 370/86/84 378/88/86
f 36/87/85 378/88/86 37/89/87
f 37/89/87 378/88/86 386/90/88
f 37/89/87 386/90/88 38/91/89
f 38/91/89 386/90/88 394/92/90
f 38/91/89 394/92/90 39/93/91
f 39/93/91 394/92/90 402/94/92
f 39/93/91 402/94/92 40/95/93
f 40/95/93 402/94/92 41/96/94
f 41/96/94 402/94/92 410/97/95
f 41/96/94 410/97/95 42/98/96
f 42/98/96 410/97/95 418/99/97
f 42/98/96 418/99/97 43/100/98
f 43/100/98 418/99/97 426/101/99
f 43/100/98 426/101/99 44/102/100
f 44/102/100 426/101/99 434/103/101
f 44/102/100 434/103/101 45/104/102
f 45/104/102 434/103/101 442/105/103
f 45/104/102 442/105/103 46/106/104
f 46/106/104 442/105/103 47/107/105
f 47/107/105 442/105/103 450/108/106
f 47/107/105 450/108/106 48/109/107
f 48/109/107 450/108/106 458/110/108
f 48/109/107 458/110/108 49/111/109
f 49/111/109 458/110/108 466/112/110
f 49/111/109 466/112/110 50/113/111
f 50/113/111 466/112/110 474/114/112
f 50/113/111 474/114/112 51/115/113
f 51/115/113 474/114/112 482/116/114
f 51/115/113 482/116/114 52/117/115
f 52/117/115 482/116/114 53/118/116
f 53/118/116 482/116/114 490/119/117
f 53/118/116 490/119/117 54/120/118
f 54/120/118 490/119/117 498/121/119
f 54/120/118 498/121/119 55/122/120
f 55/122/120 498/121/119 506/123/121
f 55/122/120 506/123/121 56/124/122
f 56/124/122 506/123/121 514/125/123
f 56/124/122 514/125/123 57/126/124
f 57/126/124 514/125/123 522/127/125
f 57/126/124 522/127/125 58/128/126
f 58/128/126 522/127/125 59/129/127
f 59/129/127 522/127/125 530/130/128
f 59/129/127 530/130/128 60/131/129
f 60/131/129 530/130/128 538/132/130
f 60/131/129 538/132/130 61/133/131
f 61/133/131 538/132/130 546/134/132
f 61/133/131 546/134/132 62/135/133
f 62/135/133 546/134/132 554/136/134
f 62/135/133 554/136/134 63/137/135
f 63/137/135 554/136/134 562/138/136
f 63/137/135 562/138/136 64/139/137
f 64/139/137 562/138/136 65/140/138
f 65/140/138 562/138/136 570/141/139
f 65/140/138 570/141/139 66/142/140
f 66/142/140 570/141/139 578/143/141
f 66/142/140 578/143/141 67/144/142
f 67/144/142 578/143/141 586/145/143
f 67/144/142 586/145/143 68/146/144
f 68/146/144 586/145/143 594/147/145
f 68/146/144 594/147/145 69/148/146
f 69/148/146 594/147/145 602/149/147
f 69/148/146 602/149/147 70/150/148
f 70/150/148 602/149/147 71/151/149
f 71/151/149 602/149/147 610/152/150
f 71/151/149 610/152/150 72/153/151
f 72/153/151 610/152/150 618/154/152
f 72/153/151 618/154/152 73/155/153
f 73/155/153 618/154/152 626/156/154
f 73/155/153 626/156/154 74/157/155
f 74/157/155 626/156/154 634/158/156
f 74/157/155 634/158/156 75/159/157
f 75/159/157 634/158/156 642/160/158
f 75/159/157 642/160/158 76/161/159
f 76/161/159 642/160/158 77/162/160
f 77/162/160 642/160/158 650/163/161
f 77/162/160 650/163/161 78/164/162
f 78/164/162 650/163/161 658/165/163
f 78/164/162 658/165/163 79/166/164
f 79/166/164 658/165/163 666/167/165
f 79/166/164 666/167/165 80/168/166
f 80/168/166 666/167/165 674/169/167
f 80/168/166 674/169/167 81/170/168
f 81/170/168 674/169/167 682/171/169
f 81/170/168 682/171/169 82/172/170
f 82/172/170 682/171/169 83/173/171
f 83/173/171 682/171/169 690/174/172
f 83/173/171 690/174/172 84/175/173
f 84/175/173 690/174/172 698/176/174
f 84/175/173 698/176/174 85/177/175
f 85/177/175 698/176/174 706/178/176
f 85/177/175 706/178/176 86/179/177
f 86/179/177 706/178/176 714/180/178
f 86/179/177 714/180/178 87/181/179
f 87/181/179 714/180/178 722/182/180
f 87/181/179 722/182/180 88/183/181
f 88/183/181 722/182/180 89/184/182
f 89/184/182 722/182/180 730/185/183
f 89/184/182 730/185/183 90/186/184
f 90/186/184 730/185/183 738/187/185
f 90/186/184 738/187/185 91/188/186
f 91/188/186 738/187/185 746/189/187
f 91/188/186 746/189/187 92/190/188
f 92/190/188 746/189/187 754/191/189
f 92/190/188 754/191/189 93/192/190
f 93/192/190 754/191/189 762/193/191
f 93/192/190 762/193/191 94/194/192
f 94/194/192 762/193/191 95/195/193
f 95/195/193 762/193/191 770/196/194
f 95/195/193 770/196/194 96/197/195
f 96/197/195 770/196/194 778/198/196
f 96/197/195 778/198/196 97/199/197
f 97/199/197 778/198/196 786/200/198
f 97/199/197 786/200/198 98/201/199
f 98/201/199 786/200/198 794/202/200
f 98/201/199 794/202/200 99/203/201
f 99/203/201 794/202/200 802/204/202
f 99/203/201 802/204/202 100/205/203
f 100/205/203 802/204/202 101/206/204
f 101/206/204 802/204/202 810/207/205
f 101/206/204 810/207/205 102/208/206
f 102/208/206 810/207/205 818/209/207
f 102/208/206 818/209/207 103/210/208
f 103/210/208 818/209/207 826/211/209
f 103/210/208 826/211/209 104/212/210
f 104/212/210 826/211/209 834/213/211
f 104/212/210 834/213/211 105/214/212
f 105/214/212 834/213/211 842/215/213
f 105/214/212 842/215/213 106/216/214
f 106/216/214 842/215/213 107/217/215
f 107/217/215 842/215/213 850/218/216
f 107/217/215 850/218/216 108/219/217
f 108/219/217 850/218/216 858/220/218
f 108/219/217 858/220/218 109/221/219
f 109/221/219 858/220/218 866/222/220
f 109/221/219 866/222/220 110/223/221
f 110/223/221 866/222/220 874/224/222
f 110/223/221 874/224/222 111/225/223
f 111/225/223 874/224/222 882/226/224
f 111/225/223 882/226/224 112/227/225
f 112/227/225 882/226/224 113/228/226
f 113/228/226 882/226/224 890/229/227
f 113/228/226 890/229/227 114/230/228
f 114/230/228 890/229/227 898/231/229
f 114/230/228 898/231/229 115/232/230
f 115/232/230 898/231/229 906/233/231
f 115/232/230 906/233/231 116/234/232
f 116/234/232 906/233/231 914/235/233
f 116/234/232 914/235/233 117/236/234
f 117/236/234 914/235/233 922/237/235
f 117/236/234 922/237/235 118/238/236
f 118/238/236 922/237/235 119/239/237
f 119/239/237 922/237/235 930/240/238
f 119/239/237 930/240/238 120/241/239
f 120/241/239 930/240/238 938/242/240
f 120/241/239 938/242/240 121/243/241
f 121/243/241 938/242/240 946/244/242
f 121/243/241 946/244/242 122/245/243
f 122/245/243 946/244/242 954/246/244
f 122/245/243 954/246/244 123/247/245
f 123/247/245 954/246/244 962/248/246
f 123/247/245 962/248/246 124/249/247
f 124/249/247 962/248/246 125/250/248
f 125/250/248 962/248/246 970/251/249
f 125/250/248 970/251/249 126/252/250
f 126/252/250 970/251/249 978/253/251
f 126/252/250 978/253/251 127/254/252
f 127/254/252 978/253/251 986/255/253
f 127/254/252 986/255/253 128/256/254
f 128/256/254 986/255/253 994/257/255
f 128/256/254 994/257/255 129/258/256
f 129/258/256 994/257/255 1002/259/257
f 129/258/256 1002/259/257 130/260/258
f 130/260/258 1002/259/257 131/261/259
f 131/261/259 1002/259/257 1010/262/260
f 131/261/259 1010/262/260 132/263/261
f 132/263/261 1010/262/260 1018/264/262
f 132/263/261 1018/264/262 133/265/263
f 133/265/263 1018/264/262 1026/266/264
f 133/265/263 1026/266/264 134/267/265
f 134/267/265 1026/266/264 1034/268/266
f 134/267/265 1034/268/266 135/269/267
f 135/269/267 1034/268/266 144/270/268
f 135/269/267 144/270/268 136/271/269
f 7/37/35 8/272/270 187/38/36
f 187/38/36 8/272/270 9/273/271
f 187/38/36 9/273/271 195/274/272
f 195/274/272 9/273/271 10/275/273
f 195/274/272 10/275/273 11/276/274
f 195/274/272 11/276/274 203/277/275
f 203/277/275 11/276/274 12/278/276
f 203/277/275 12/278/276 211/279/277
f 211/279/277 12/278/276 13/280/278
f 211/279/277 13/280/278 219/281/279
f 219/281/279 13/280/278 14/282/280
f 219/281/279 14/282/280 227/283/281
f 227/283/281 14/282/280 15/284/282
f 227/283/281 15/284/282 235/285/283
f 235/285/283 15/284/282 16/286/284
f 235/285/283 16/286/284 17/287/51
f 235/285/283 17/287/51 243/288/285
f 243/288/285 17/287/51 18/289/52
f 243/288/285 18/289/52 251/290/286
f 251/290/286 18/289/52 19/291/54
f 251/290/286 19/291/54 259/292/287
f 259/292/287 19/291/54 20/293/56
f 259/292/287 20/293/56 267/294/288
f 267/294/288 20/293/56 21/295/58
f 267/294/288 21/295/58 275/296/289
f 275/296/289 21/295/58 22/297/60
f 275/296/289 22/297/60 23/298/61
f 275/296/289 23/298/61 283/299/290
f 283/299/290 23/298/61 24/300/63
f 283/299/290 24/300/63 291/301/291
f 291/301/291 24/300/63 25/302/65
f 291/301/291 25/302/65 299/303/292
f 299/303/292 25/302/65 26/304/67
f 299/303/292 26/304/67 307/305/293
f 307/305/293 26/304/67 27/306/69
f 307/305/293 27/306/69 315/307/294
f 315/307/294 27/306/69 28/308/71
f 315/307/294 28/308/71 29/309/72
f 315/307/294 29/309/72 323/310/295
f 323/310/295 29/309/72 30/311/74
f 323/310/295 30/311/74 331/312/296
f 331/312/296 30/311/74 31/313/76
f 331/312/296 31/313/76 339/314/297
f 339/314/297 31/313/76 32/315/78
f 339/314/297 32/315/78 347/316/298
f 347/316/298 32/315/78 33/317/80
f 347/316/298 33/317/80 355/318/299
f 355/318/299 33/317/80 34/319/82
f 355/318/299 34/319/82 35/320/83
f 355/318/299 35/320/83 363/321/300
f 363/321/300 35/320/83 36/322/85
f 363/321/300 36/322/85 371/323/301
f 371/323/301 36/322/85 37/324/87
f 371/323/301 37/324/87 379/325/302
f 379/325/302 37/324/87 38/326/89
f 379/325/302 38/326/89 387/327/303
f 387/327/303 38/326/89 39/328/91
f 387/327/303 39/328/91 395/329/304
f 395/329/304 39/328/91 40/330/93
f 395/329/304 40/330/93 41/331/94
f 395/329/304 41/331/94 403/332/305
f 403/332/305 41/331/94 42/333/96
f 403/332/305 42/333/96 411/334/306
f 411/334/306 42/333/96 43/335/98
f 411/334/306 43/335/98 419/336/307
f 419/336/307 43/335/98 44/337/100
f 419/336/307 44/337/100 427/338/308
f 427/338/308 44/337/100 45/339/102
f 427/338/308 45/339/102 435/340/309
f 435/340/309 45/339/102 46/341/104
f 435/340/309 46/341/104 47/342/105
f 435/340/309 47/342/105 443/343/310
f 443/343/310 47/342/105 48/344/107
f 443/343/310 48/344/107 451/345/311
f 451/345/311 48/344/107 49/346/109
f 451/345/311 49/346/109 459/347/312
f 459/347/312 49/346/109 50/348/111
f 459/347/312 50/348/111 467/349/313
f 467/349/313 50/348/111 51/350/113
f 467/349/313 51/350/113 475/351/314
f 475/351/314 51/350/113 52/352/115
f 475/351/314 52/352/115 53/353/116
f 475/351/314 53/353/116 483/354/315
f 483/354/315 53/353/116 54/355/118
f 483/354/315 54/355/118 491/356/316
f 491/356/316 54/355/118 55/357/120
f 491/356/316 55/357/120 499/358/317
f 499/358/317 55/357/120 56/359/122
f 499/358/317 56/359/122 507/360/318
f 507/360/318 56/359/122 57/361/124
f 507/360/318 57/361/124 515/362/319
f 515/362/319 57/361/124 58/363/126
f 515/362/319 58/363/126 59/364/127
f 515/362/319 59/364/127 523/365/320
f 523/365/320 59/364/127 60/366/129
f 523/365/320 60/366/129 531/367/321
f 531/367/321 60/366/129 61/368/131
f 531/367/321 61/368/131 539/369/322
f 539/369/322 61/368/131 62/370/133
f 539/369/322 62/370/133 547/371/323
f 547/371/323 62/370/133 63/372/135
f 547/371/323 63/372/135 555/373/324
f 555/373/324 63/372/135 64/374/137
f 555/373/324 64/374/137 65/375/138
f 555/373/324 65/375/138 563/376/325
f 563/376/325 65/375/138 66/377/140
f 563/376/325 66/377/140 571/378/326
f 571/378/326 66/377/140 67/379/142
f 571/378/326 67/379/142 579/380/327
f 579/380/327 67/379/142 68/381/144
f 579/380/327 68/381/144 587/382/328
f 587/382/328 68/381/144 69/383/146
f 587/382/328 69/383/146 595/384/329
f 595/384/329 69/383/146 70/385/148
f 595/384/329 70/385/148 71/386/149
f 595/384/329 71/386/149 603/387/330
f 603/387/330 71/386/149 72/388/151
f 603/387/330 72/388/151 611/389/331
f 611/389/331 72/388/151 73/390/153
f 611/389/331 73/390/153 619/391/332
f 619/391/332 73/390/153 74/392/155
f 619/391/332 74/392/155 627/393/333
f 627/393/333 74/392/155 75/394/157
f 627/393/333 75/394/157 635/395/334
f 635/395/334 75/394/157 76/396/159
f 635/395/334 76/396/159 77/397/160
f 635/395/334 77/397/160 643/398/335
f 643/398/335 77/397/160 78/399/162
f 643/398/335 78/399/162 651/400/336
f 651/400/336 78/399/162 79/401/164
f 651/400/336 79/401/164 659/402/337
f 659/402/337 79/401/164 80/403/166
f 659/402/337 80/403/166 667/404/338
f 667/404/338 80/403/166 81/405/168
f 667/404/338 81/405/168 675/406/339
f 675/406/339 81/405/168 82/407/170
f 675/406/339 82/407/170 83/408/171
f 675/406/339 83/408/171 683/409/340
f 683/409/340 83/408/171 84/410/173
f 683/409/340 84/410/173 691/411/341
f 691/411/341 84/410/173 85/412/175
f 691/411/341 85/412/175 699/413/342
f 699/413/342 85/412/175 86/414/177
f 699/413/342 86/414/177 707/415/343
f 707/415/343 86/414/177 87/416/179
f 707/415/343 87/416/179 715/417/344
f 715/417/344 87/416/179 88/418/181
f 715/417/344 88/418/181 89/419/182
f 715/417/344 89/419/182 723/420/345
f 723/420/345 89/419/182 90/421/184
f 723/420/345 90/421/184 731/422/346
f 731/422/346 90/421/184 91/423/186
f 731/422/346 91/423/186 739/424/347
f 739/424/347 91/423/186 92/425/188
f 739/424/347 92/425/188 747/426/348
f 747/426/348 92/425/188 93/427/190
f 747/426/348 93/427/190 755/428/349
f 755/428/349 93/427/190 94/429/192
f 755/428/349 94/429/192 95/430/193
f 755/428/349 95/430/193 763/431/350
f 763/431/350 95/430/193 96/432/195
f 763/431/350 96/432/195 771/433/351
f 771/433/351 96/432/195 97/434/197
f 771/433/351 97/434/197 779/435/352
f 779/435/352 97/434/197 98/436/199
f 779/435/352 98/436/199 787/437/353
f 787/437/353 98/436/199 99/438/201
f 787/437/353 99/438/201 795/439/354
f 795/439/354 99/438/201 100/440/203
f 795/439/354 100/440/203 101/441/204
f 795/439/354 101/441/204 803/442/355
f 803/442/355 101/441/204 102/443/206
f 803/442/355 102/443/206 811/444/356
f 811/444/356 102/443/206 103/445/208
f 811/444/356 103/445/208 819/446/357
f 819/446/357 103/445/208 104/447/210
f 819/446/357 104/447/210 827/448/358
f 827/448/358 104/447/210 105/449/212
f 827/448/358 105/449/212 835/450/359
f 835/450/359 105/449/212 106/451/214
f 835/450/359 106/451/214 107/452/215
f 835/450/359 107/452/215 843/453/360
f 843/453/360 107/452/215 108/454/217
f 843/453/360 108/454/217 851/455/361
f 851/455/361 108/454/217 109/456/219
f 851/455/361 109/456/219 859/457/362
f 859/457/362 109/456/219 110/458/221
f 859/457/362 110/458/221 867/459/363
f 867/459/363 110/458/221 111/460/223
f 867/459/363 111/460/223 875/461/364
f 875/461/364 111/460/223 112/462/225
f 875/461/364 112/462/225 113/463/226
f 875/461/364 113/463/226 883/464/365
f 883/464/365 113/463/226 114/465/228
f 883/464/365 114/465/228 891/466/366
f 891/466/366 114/465/228 115/467/230
f 891/466/366 115/467/230 899/468/367
f 899/468/367 115/467/230 116/469/232
f 899/468/367 116/469/232 907/470/368
f 907/470/368 116/469/232 117/471/234
f 907/470/368 117/471/234 915/472/369
f 915/472/369 117/471/234 118/473/236
f 915/472/369 118/473/236 119/474/237
f 915/472/369 119/474/237 923/475/370
f 923/475/370 119/474/237 120/476/239
f 923/475/370 120/476/239 931/477/371
f 931/477/371 120/476/239 121/478/241
f 931/477/371 121/478/241 939/479/372
f 939/479/372 121/478/241 122/480/243
f 939/479/372 122/480/243 947/481/373
f 947/481/373 122/480/243 123/482/245
f 947/481/373 123/482/245 955/483/374
f 955/483/374 123/482/245 124/484/247
f 955/483/374 124/484/247 125/485/248
f 955/483/374 125/485/248 963/486/375
f 963/486/375 125/485/248 126/487/250
f 963/486/375 126/487/250 971/488/376
f 971/488/376 126/487/250 127/489/252
f 971/488/376 127/489/252 979/490/377
f 979/490/377 127/489/252 128/491/254
f 979/490/377 128/491/254 987/492/378
f 987/492/378 128/491/254 129/493/256
f 987/492/378 129/493/256 995/494/379
f 995/494/379 129/493/256 130/495/258
f 995/494/379 130/495/258 131/496/259
f 995/494/379 131/496/259 1003/497/380
f 1003/497/380 131/496/259 132/498/261
f 1003/497/380 132/498/261 1011/499/381
f 1011/499/381 132/498/261 133/500/263
f 1011/499/381 133/500/263 1019/501/382
f 1019/501/382 133/500/263 134/502/265
f 1019/501/382 134/502/265 1027/503/383
f 1027/503/383 134/502/265 135/504/267
f 1027/503/383 135/504/267 137/505/384
f 137/505/384 135/504/267 136/506/269
f 137/505/384 138/507/385 1027/503/383
f 1027/503/383 138/507/385 1028/508/386
f 1027/503/383 1028/508/386 1019/501/382
f 1019/501/382 1028/508/386 1020/509/387
f 1019/501/382 1020/509/387 1011/499/381
f 1011/499/381 1020/509/387 1012/510/388
f 1011/499/381 1012/510/388 1003/497/380
f 1003/497/380 1012/510/388 1004/511/389
f 1003/497/380 1004/511/389 995/494/379
f 995/494/379 1004/511/389 996/512/390
f 995/494/379 996/512/390 987/492/378
f 987/492/378 996/512/390 988/513/391
f 987/492/378 988/513/391 979/490/377
f 979/490/377 988/513/391 980/514/392
f 979/490/377 980/514/392 971/488/376
f 971/488/376 980/514/392 972/515/393
f 971/488/376 972/515/393 963/486/375
f 963/486/375 972/515/393 964/516/394
f 963/486/375 964/516/394 955/483/374
f 955/483/374 964/516/394 956/517/395
f 955/483/374 956/517/395 947/481/373
f 947/481/373 956/517/395 948/518/396
f 947/481/373 948/518/396 939/479/372
f 939/479/372 948/518/396 940/519/397
f 939/479/372 940/519/397 931/477/371
f 931/477/371 940/519/397 932/520/398
f 931/477/371 932/520/398 923/475/370
f 923/475/370 932/520/398 924/521/399
f 923/475/370 924/521/399 915/472/369
f 915/472/369 924/521/399 916/522/400
f 915/472/369 916/522/400 907/470/368
f 907/470/368 916/522/400 908/523/401
f 907/470/368 908/523/401 899/468/367
f 899/468/367 908/523/401 900/524/402
f 899/468/367 900/524/402 891/466/366
f 891/466/366 900/524/402 892/525/403
f 891/466/366 892/525/403 883/464/365
f 883/464/365 892/525/403 884/526/404
f 883/464/365 884/526/404 875/461/364
f 875/461/364 884/526/404 876/527/405
f 875/461/364 876/527/405 867/459/363
f 867/459/363 876/527/405 868/528/406
f 867/459/363 868/528/406 859/457/362
f 859/457/362 868/528/406 860/529/407
f 859/457/362 860/529/407 851/455/361
f 851/455/361 860/529/407 852/530/408
f 851/455/361 852/530/408 843/453/360
f 843/453/360 852/530/408 844/531/409
f 843/453/360 844/531/409 835/450/359
f 835/450/359 844/531/409 836/532/410
f 835/450/359 836/532/410 827/448/358
f 827/448/358 836/532/410 828/533/411
f 827/448/358 828/533/411 819/446/357
f 819/446/357 828/533/411 820/534/412
f 819/446/357 820/534/412 811/444/356
f 811/444/356 820/534/412 812/535/413
f 811/444/356 812/535/413 803/442/355
f 803/442/355 812/535/413 804/536/414
f 803/442/355 804/536/414 795/439/354
f 795/439/354 804/536/414 796/537/415
f 795/439/354 796/537/415 787/437/353
f 787/437/353 796/537/415 788/538/416
f 787/437/353 788/538/416 779/435/352
f 779/435/352 788/538/416 780/539/417
f 779/435/352 780/539/417 771/433/351
f 771/433/351 780/539/417 772/540/418
f 771/433/351 772/540/418 763/431/350
f 763/431/350 772/540/418 764/541/419
f 763/431/350 764/541/419 755/428/349
f 755/428/349 764/541/419 756/542/420
f 755/428/349 756/542/420 747/426/348
f 747/426/348 756/542/420 748/543/421
f 747/426/348 748/543/421 739/424/347
f 739/424/347 748/543/421 740/544/422
f 739/424/347 740/544/422 731/422/346
f 731/422/346 740/544/422 732/545/423
f 731/422/346 732/545/423 723/420/345
f 723/420/345 732/545/423 724/546/424
f 723/420/345 724/546/424 715/417/344
f 715/417/344 724/546/424 716/547/425
f 715/417/344 716/547/425 707/415/343
f 707/415/343 716/547/425 708/548/426
f 707/415/343 708/548/426 699/413/342
f 699/413/342 708/548/426 700/549/427
f 699/413/342 700/549/427 691/411/341
f 691/411/341 700/549/427 692/550/428
f 691/411/341 692/550/428 683/409/340
f 683/409/340 692/550/428 684/551/429
f 683/409/340 684/551/429 675/406/339
f 675/406/339 684/551/429 676/552/430
f 675/406/339 676/552/430 667/404/338
f 667/404/338 676/552/430 668/553/431
f 667/404/338 668/553/431 659/402/337
f 659/402/337 668/553/431 660/554/432
f 659/402/337 660/554/432 651/400/336
f 651/400/336 660/554/432 652/555/433
f 651/400/336 652/555/433 643/398/335
f 643/398/335 652/555/433 644/556/434
f 643/398/335 644/556/434 635/395/334
f 635/395/334 644/556/434 636/557/435
f 635/395/334 636/557/435 627/393/333
f 627/393/333 636/557/435 628/558/436
f 627/393/333 628/558/436 619/391/332
f 619/391/332 628/558/436 620/559/437
f 619/391/332 620/559/437 611/389/331
f 611/389/331 620/559/437 612/560/438
f 611/389/331 612/560/438 603/387/330
f 603/387/330 612/560/438 604/561/439
f 603/387/330 604/561/439 595/384/329
f 595/384/329 604/561/439 596/562/440
f 595/384/329 596/562/440 587/382/328
f 587/382/328 596/562/440 588/563/441
f 587/382/328 588/563/441 579/380/327
f 579/380/327 588/563/441 580/564/442
f 579/380/327 580/564/442 571/378/326
f 571/378/326 580/564/442 572/565/443
f 571/378/326 572/565/443 563/376/325
f 563/376/325 572/565/443 564/566/444
f 563/376/325 564/566/444 555/373/324
f 555/373/324 564/566/444 556/567/445
f 555/373/324 556/567/445 547/371/323
f 547/371/323 556/567/445 548/568/446
f 547/371/323 548/568/446 539/369/322
f 539/369/322 548/568/446 540/569/447
f 539/369/322 540/569/447 531/367/321
f 531/367/321 540/569/447 532/570/448
f 531/367/321 532/570/448 523/365/320
f 523/365/320 532/570/448 524/571/449
f 523/365/320 524/571/449 515/362/319
f 515/362/319 524/571/449 516/572/450
f 515/362/319 516/572/450 507/360/318
f 507/360/318 516/572/450 508/573/451
f 507/360/318 508/573/451 499/358/317
f 499/358/317 508/573/451 500/574/452
f 499/358/317 500/574/452 491/356/316
f 491/356/316 500/574/452 492/575/453
f 491/356/316 492/575/453 483/354/315
f 483/354/315 492/575/453 484/576/454
f 483/354/315 484/576/454 475/351/314
f 475/351/314 484/576/454 476/577/455
f 475/351/314 476/577/455 467/349/313
f 467/349/313 476/577/455 468/578/456
f 467/349/313 468/578/456 459/347/312
f 459/347/312 468/578/456 460/579/457
f 459/347/312 460/579/457 451/345/311
f 451/345/311 460/579/457 452/580/458
f 451/345/311 452/580/458 443/343/310
f 443/343/310 452/580/458 444/581/459
f 443/343/310 444/581/459 435/340/309
f 435/340/309 444/581/459 436/582/460
f 435/340/309 436/582/460 427/338/308
f 427/338/308 436/582/460 428/583/461
f 427/338/308 428/583/461 419/336/307
f 419/336/307 428/583/461 420/584/462
f 419/336/307 420/584/462 411/334/306
f 411/334/306 420/584/462 412/585/463
f 411/334/306 412/585/463 403/332/305
f 403/332/305 412/585/463 404/586/464
f 403/332/305 404/586/464 395/329/304
f 395/329/304 404/586/464 396/587/465
f 395/329/304 396/587/465 387/327/303
f 387/327/303 396/587/465 388/588/466
f 387/327/303 388/588/466 379/325/302
f 379/325/302 388/588/466 380/589/467
f 379/325/302 380/589/467 371/323/301
f 371/323/301 380/589/467 372/590/468
f 371/323/301 372/590/468 363/321/300
f 363/321/300 372/590/468 364/591/469
f 363/321/300 364/591/469 355/318/299
f 355/318/299 364/591/469 356/592/470
f 355/318/299 356/592/470 347/316/298
f 347/316/298 356/592/470 348/593/471
f 347/316/298 348/593/471 339/314/297
f 339/314/297 348/593/471 340/594/472
f 339/314/297 340/594/472 331/312/296
f 331/312/296 340/594/472 332/595/473
f 331/312/296 332/595/473 323/310/295
f 323/310/295 332/595/473 324/596/474
f 323/310/295 324/596/474 315/307/294
f 315/307/294 324/596/474 316/597/475
f 315/307/294 316/597/475 307/305/293
f 307/305/293 316/597/475 308/598/476
f 307/305/293 308/598/476 299/303/292
f 299/303/292 308/598/476 300/599/477
f 299/303/292 300/599/477 291/301/291
f 291/301/291 300/599/477 292/600/478
f 291/301/291 292/600/478 283/299/290
f 283/299/290 292/600/478 284/601/479
f 283/299/290 284/601/479 275/296/289
f 275/296/289 284/601/479 276/602/480
f 275/296/289 276/602/480 267/294/288
f 267/294/288 276/602/480 268/603/481
f 267/294/288 268/603/481 259/292/287
f 259/292/287 268/603/481 260/604/482
f 259/292/287 260/604/482 251/290/286
f 251/290/286 260/604/482 252/605/483
f 251/290/286 252/605/483 243/288/285
f 243/288/285 252/605/483 244/606/484
f 243/288/285 244/606/484 235/285/283
f 235/285/283 244/606/484 236/607/485
f 235/285/283 236/607/485 227/283/281
f 227/283/281 236/607/485 228/608/486
f 227/283/281 228/608/486 219/281/279
f 219/281/279 228/608/486 220/609/487
f 219/281/279 220/609/487 211/279/277
f 211/279/277 220/609/487 212/610/488
f 211/279/277 212/610/488 203/277/275
f 203/277/275 212/610/488 204/611/489
f 203/277/275 204/611/489 195/274/272
f 195/274/272 204/611/489 196/40/38
f 195/274/272 196/40/38 187/38/36
f 138/507/385 139/612/490 1028/508/386
f 1028/508/386 139/612/490 1029/613/491
f 1028/508/386 1029/613/491 1020/509/387
f 1020/509/387 1029/613/491 1021/614/492
f 1020/509/387 1021/614/492 1012/510/388
f 1012/510/388 1021/614/492 1013/615/493
f 1012/510/388 1013/615/493 1004/511/389
f 1004/511/389 1013/615/493 1005/616/494
f 1004/511/389 1005/616/494 996/512/390
f 996/512/390 1005/616/494 997/617/495
f 996/512/390 997/617/495 988/513/391
f 988/513/391 997/617/495 989/618/496
f 988/513/391 989/618/496 980/514/392
f 980/514/392 989/618/496 981/619/497
f 980/514/392 981/619/497 972/515/393
f 972/515/393 981/619/497 973/620/498
f 972/515/393 973/620/498 964/516/394
f 964/516/394 973/620/498 965/621/499
f 964/516/394 965/621/499 956/517/395
f 956/517/395 965/621/499 957/622/500
f 956/517/395 957/622/500 948/518/396
f 948/518/396 957/622/500 949/623/501
f 948/518/396 949/623/501 940/519/397
f 940/519/397 949/623/501 941/624/502
f 940/519/397 941/624/502 932/520/398
f 932/520/398 941/624/502 933/625/503
f 932/520/398 933/625/503 924/521/399
f 924/521/399 933/625/503 925/626/504
f 924/521/399 925/626/504 916/522/400
f 916/522/400 925/626/504 917/627/505
f 916/522/400 917/627/505 908/523/401
f 908/523/401 917/627/505 909/628/506
f 908/523/401 909/628/506 900/524/402
f 900/524/402 909/628/506 901/629/507
f 900/524/402 901/629/507 892/525/403
f 892/525/403 901/629/507 893/630/508
f 892/525/403 893/630/508 884/526/404
f 884/526/404 893/630/508 885/631/509
f 884/526/404 885/631/509 876/527/405
f 876/527/405 885/631/509 877/632/510
f 876/527/405 877/632/510 868/528/406
f 868/528/406 877/632/510 869/633/511
f 868/528/406 869/633/511 860/529/407
f 860/529/407 869/633/511 861/634/512
f 860/529/407 861/634/512 852/530/408
f 852/530/408 861/634/512 853/635/513
f 852/530/408 853/635/513 844/531/409
f 844/531/409 853/635/513 845/636/514
f 844/531/409 845/636/514 836/532/410
f 836/532/410 845/636/514 837/637/515
f 836/532/410 837/637/515 828/533/411
f 828/533/411 837/637/515 829/638/516
f 828/533/411 829/638/516 820/534/412
f 820/534/412 829/638/516 821/639/517
f 820/534/412 821/639/517 812/535/413
f 812/535/413 821/639/517 813/640/518
f 812/535/413 813/640/518 804/536/414
f 804/536/414 813/640/518 805/641/519
f 804/536/414 805/641/519 796/537/415
f 796/537/415 805/641/519 797/642/520
f 796/537/415 797/642/520 788/538/416
f 788/538/416 797/642/520 789/643/521
f 788/538/416 789/643/521 780/539/417
f 780/539/417 789/643/521 781/644/522
f 780/539/417 781/644/522 772/540/418
f 772/540/418 781/644/522 773/645/523
f 772/540/418 773/645/523 764/541/419
f 764/541/419 773/645/523 765/646/524
f 764/541/419 765/646/524 756/542/420
f 756/542/420 765/646/524 757/647/525
f 756/542/420 757/647/525 748/543/421
f 748/543/421 757/647/525 749/648/526
f 748/543/421 749/648/526 740/544/422
f 740/544/422 749/648/526 741/649/527
f 740/544/422 741/649/527 732/545/423
f 732/545/423 741/649/527 733/650/528
f 732/545/423 733/650/528 724/546/424
f 724/546/424 733/650/528 725/651/529
f 724/546/424 725/651/529 716/547/425
f 716/547/425 725/651/529 717/652/530
f 716/547/425 717/652/530 708/548/426
f 708/548/426 717/652/530 709/653/531
f 708/548/426 709/653/531 700/549/427
f 700/549/427 709/653/531 701/654/532
f 700/549/427 701/654/532 692/550/428
f 692/550/428 701/654/532 693/655/533
f 692/550/428 693/655/533 684/551/429
f 684/551/429 693/655/533 685/656/534
f 684/551/429 685/656/534 676/552/430
f 676/552/430 685/656/534 677/657/535
f 676/552/430 677/657/535 668/553/431
f 668/553/431 677/657/535 669/658/536
f 668/553/431 669/658/536 660/554/432
f 660/554/432 669/658/536 661/659/537
f 660/554/432 661/659/537 652/555/433
f 652/555/433 661/659/537 653/660/538
f 652/555/433 653/660/538 644/556/434
f 644/556/434 653/660/538 645/661/539
f 644/556/434 645/661/539 636/557/435
f 636/557/435 645/661/539 637/662/540
f 636/557/435 637/662/540 628/558/436
f 628/558/436 637/662/540 629/663/541
f 628/558/436 629/663/541 620/559/437
f 620/559/437 629/663/541 621/664/542
f 620/559/437 621/664/542 612/560/438
f 612/560/438 621/664/542 613/665/543
f 612/560/438 613/665/543 604/561/439
f 604/561/439 613/665/543 605/666/544
f 604/561/439 605/666/544 596/562/440
f 596/562/440 605/666/544 597/667/545
f 596/562/440 597/667/545 588/563/441
f 588/563/441 597/667/545 589/668/546
f 588/563/441 589/668/546 580/564/442
f 580/564/442 589/668/546 581/669/547
f 580/564/442 581/669/547 572/565/443
f 572/565/443 581/669/547 573/670/548
f 572/565/443 573/670/548 564/566/444
f 564/566/444 573/670/548 565/671/549
f 564/566/444 565/671/549 556/567/445
f 556/567/445 565/671/549 557/672/550
f 556/567/445 557/672/550 548/568/446
f 548/568/446 557/672/550 549/673/551
f 548/568/446 549/673/551 540/569/447
f 540/569/447 549/673/551 541/674/552
f 540/569/447 541/674/552 532/570/448
f 532/570/448 541/674/552 533/675/553
f 532/570/448 533/675/553 524/571/449
f 524/571/449 533/675/553 525/676/554
f 524/571/449 525/676/554 516/572/450
f 516/572/450 525/676/554 517/677/555
f 516/572/450 517/677/555 508/573/451
f 508/573/451 517/677/555 509/678/556
f 508/573/451 509/678/556 500/574/452
f 500/574/452 509/678/556 501/679/557
f 500/574/452 501/679/557 492/575/453
f 492/575/453 501/679/557 493/680/558
f 492/575/453 493/680/558 484/576/454
f 484/576/454 493/680/558 485/681/559
f 484/576/454 485/681/559 476/577/455
f 476/577/455 485/681/559 477/682/560
f 476/577/455 477/682/560 468/578/456
f 468/578/456 477/682/560 469/683/561
f 468/578/456 469/683/561 460/579/457
f 460/579/457 469/683/561 461/684/562
f 460/579/457 461/684/562 452/580/458
f 452/580/458 461/684/562 453/685/563
f 452/580/458 453/685/563 444/581/459
f 444/581/459 453/685/563 445/686/564
f 444/581/459 445/686/564 436/582/460
f 436/582/460 445/686/564 437/687/565
f 436/582/460 437/687/565 428/583/461
f 428/583/461 437/687/565 429/688/566
f 428/583/461 429/688/566 420/584/462
f 420/584/462 429/688/566 421/689/567
f 420/584/462 421/689/567 412/585/463
f 412/585/463 421/689/567 413/690/568
f 412/585/463 413/690/568 404/586/464
f 404/586/464 413/690/568 405/691/569
f 404/586/464 405/691/569 396/587/465
f 396/587/465 405/691/569 397/692/570
f 396/587/465 397/692/570 388/588/466
f 388/588/466 397/692/570 389/693/571
f 388/588/466 389/693/571 380/589/467
f 380/589/467 389/693/571 381/694/572
f 380/589/467 381/694/572 372/590/468
f 372/590/468 381/694/572 373/695/573
f 372/590/468 373/695/573 364/591/469
f 364/591/469 373/695/573 365/696/574
f 364/591/469 365/696/574 356/592/470
f 356/592/470 365/696/574 357/697/575
f 356/592/470 357/697/575 348/593/471
f 348/593/471 357/697/575 349/698/576
f 348/593/471 349/698/576 340/594/472
f 340/594/472 349/698/576 341/699/577
f 340/594/472 341/699/577 332/595/473
f 332/595/473 341/699/577 333/700/578
f 332/595/473 333/700/578 324/596/474
f 324/596/474 333/700/578 325/701/579
f 324/596/474 325/701/579 316/597/475
f 316/597/475 325/701/579 317/702/580
f 316/597/475 317/702/580 308/598/476
f 308/598/476 317/702/580 309/703/581
f 308/598/476 309/703/581 300/599/477
f 300/599/477 309/703/581 301/704/582
f 300/599/477 301/704/582 292/600/478
f 292/600/478 301/704/582 293/705/583
f 292/600/478 293/705/583 284/601/479
f 284/601/479 293/705/583 285/706/584
f 284/601/479 285/706/584 276/602/480
f 276/602/480 285/706/584 277/707/585
f 276/602/480 277/707/585 268/603/481
f 268/603/481 277/707/585 269/708/586
f 268/603/481 269/708/586 260/604/482
f 260/604/482 269/708/586 261/709/587
f 260/604/482 261/709/587 252/605/483
f 252/605/483 261/709/587 253/710/588
f 252/605/483 253/710/588 244/606/484
f 244/606/484 253/710/588 245/711/589
f 244/606/484 245/711/589 236/607/485
f 236/607/485 245/711/589 237/712/590
f 236/607/485 237/712/590 228/608/486
f 228/608/486 237/712/590 229/713/591
f 228/608/486 229/713/591 220/609/487
f 220/609/487 229/713/591 221/714/592
f 220/609/487 221/714/592 212/610/488
f 212/610/488 221/714/592 213/715/593
f 212/610/488 213/715/593 204/611/489
f 204/611/489 213/715/593 205/42/40
f 204/611/489 205/42/40 196/40/38
f 139/612/490 140/716/594 1029/613/491
f 1029/613/491 140/716/594 1030/717/595
f 1029/613/491 1030/717/595 1021/614/492
f 1021/614/492 1030/717/595 1022/718/596
f 1021/614/492 1022/718/596 1013/615/493
f 1013/615/493 1022/718/596 1014/719/597
f 1013/615/493 1014/719/597 1005/616/494
f 1005/616/494 1014/719/597 1006/720/598
f 1005/616/494 1006/720/598 997/617/495
f 997/617/495 1006/720/598 998/721/599
f 997/617/495 998/721/599 989/618/496
f 989/618/496 998/721/599 990/722/600
f 989/618/496 990/722/600 981/619/497
f 981/619/497 990/722/600 982/723/601
f 981/619/497 982/723/601 973/620/498
f 973/620/498 982/723/601 974/724/602
f 973/620/498 974/724/602 965/621/499
f 965/621/499 974/724/602 966/725/603
f 965/621/499 966/725/603 957/622/500
f 957/622/500 966/725/603 958/726/604
f 957/622/500 958/726/604 949/623/501
f 949/623/501 958/726/604 950/727/605
f 949/623/501 950/727/605 941/624/502
f 941/624/502 950/727/605 942/728/606
f 941/624/502 942/728/606 933/625/503
f 933/625/503 942/728/606 934/729/607
f 933/625/503 934/729/607 925/626/504
f 925/626/504 934/729/607 926/730/608
f 925/626/504 926/730/608 917/627/505
f 917/627/505 926/730/608 918/731/609
f 917/627/505 918/731/609 909/628/506
f 909/628/506 918/731/609 910/732/610
f 909/628/506 910/732/610 901/629/507
f 901/629/507 910/732/610 902/733/611
f 901/629/507 902/733/611 893/630/508
f 893/630/508 902/733/611 894/734/612
f 893/630/508 894/734/612 885/631/509
f 885/631/509 894/734/612 886/735/613
f 885/631/509 886/735/613 877/632/510
f 877/632/510 886/735/613 878/736/614
f 877/632/510 878/736/614 869/633/511
f 869/633/511 878/736/614 870/737/615
f 869/633/511 870/737/615 861/634/512
f 861/634/512 870/737/615 862/738/616
f 861/634/512 862/738/616 853/635/513
f 853/635/513 862/738/616 854/739/617
f 853/635/513 854/739/617 845/636/514
f 845/636/514 854/739/617 846/740/618
f 845/636/514 846/740/618 837/637/515
f 837/637/515 846/740/618 838/741/619
f 837/637/515 838/741/619 829/638/516
f 829/638/516 838/741/619 830/742/620
f 829/638/516 830/742/620 821/639/517
f 821/639/517 830/742/620 822/743/621
f 821/639/517 822/743/621 813/640/518
f 813/640/518 822/743/621 814/744/622
f 813/640/518 814/744/622 805/641/519
f 805/641/519 814/744/622 806/745/623
f 805/641/519 806/745/623 797/642/520
f 797/642/520 806/745/623 798/746/624
f 797/642/520 798/746/624 789/643/521
f 789/643/521 798/746/624 790/747/625
f 789/643/521 790/747/625 781/644/522
f 781/644/522 790/747/625 782/748/626
f 781/644/522 782/748/626 773/645/523
f 773/645/523 782/748/626 774/749/627
f 773/645/523 774/749/627 765/646/524
f 765/646/524 774/749/627 766/750/628
f 765/646/524 766/750/628 757/647/525
f 757/647/525 766/750/628 758/751/629
f 757/647/525 758/751/629 749/648/526
f 749/648/526 758/751/629 750/752/630
f 749/648/526 750/752/630 741/649/527
f 741/649/527 750/752/630 742/753/631
f 741/649/527 742/753/631 733/650/528
f 733/650/528 742/753/631 734/754/632
f 733/650/528 734/754/632 725/651/529
f 725/651/529 734/754/632 726/755/633
f 725/651/529 726/755/633 717/652/530
f 717/652/530 726/755/633 718/756/634
f 717/652/530 718/756/634 709/653/531
f 709/653/531 718/756/634 710/757/635
f 709/653/531 710/757/635 701/654/532
f 701/654/532 710/757/635 702/758/636
f 701/654/532 702/758/636 693/655/533
f 693/655/533 702/758/636 694/759/637
f 693/655/533 694/759/637 685/656/534
f 685/656/534 694/759/637 686/760/638
f 685/656/534 686/760/638 677/657/535
f 677/657/535 686/760/638 678/761/639
f 677/657/535 678/761/639 669/658/536
f 669/658/536 678/761/639 670/762/640
f 669/658/536 670/762/640 661/659/537
f 661/659/537 670/762/640 662/763/641
f 661/659/537 662/763/641 653/660/538
f 653/660/538 662/763/641 654/764/642
f 653/660/538 654/764/642 645/661/539
f 645/661/539 654/764/642 646/765/643
f 645/661/539 646/765/643 637/662/540
f 637/662/540 646/765/643 638/766/644
f 637/662/540 638/766/644 629/663/541
f 629/663/541 638/766/644 630/767/645
f 629/663/541 630/767/645 621/664/542
f 621/664/542 630/767/645 622/768/646
f 621/664/542 622/768/646 613/665/543
f 613/665/543 622/768/646 614/769/647
f 613/665/543 614/769/647 605/666/544
f 605/666/544 614/769/647 606/770/648
f 605/666/544 606/770/648 597/667/545
f 597/667/545 606/770/648 598/771/649
f 597/667/545 598/771/649 589/668/546
f 589/668/546 598/771/649 590/772/650
f 589/668/546 590/772/650 581/669/547
f 581/669/547 590/772/650 582/773/651
f 581/669/547 582/773/651 573/670/548
f 573/670/548 582/773/651 574/774/652
f 573/670/548 574/774/652 565/671/549
f 565/671/549 574/774/652 566/775/653
f 565/671/549 566/775/653 557/672/550
f 557/672/550 566/775/653 558/776/654
f 557/672/550 558/776/654 549/673/551
f 549/673/551 558/776/654 550/777/655
f 549/673/551 550/777/655 541/674/552
f 541/674/552 550/777/655 542/778/656
f 541/674/552 542/778/656 533/675/553
f 533/675/553 542/778/656 534/779/657
f 533/675/553 534/779/657 525/676/554
f 525/676/554 534/779/657 526/780/658
f 525/676/554 526/780/658 517/677/555
f 517/677/555 526/780/658 518/781/659
f 517/677/555 518/781/659 509/678/556
f 509/678/556 518/781/659 510/782/660
f 509/678/556 510/782/660 501/679/557
f 501/679/557 510/782/660 502/783/661
f 501/679/557 502/783/661 493/680/558
f 493/680/558 502/783/661 494/784/662
f 493/680/558 494/784/662 485/681/559
f 485/681/559 494/784/662 486/785/663
f 485/681/559 486/785/663 477/682/560
f 477/682/560 486/785/663 478/786/664
f 477/682/560 478/786/664 469/683/561
f 469/683/561 478/786/664 470/787/665
f 469/683/561 470/787/665 461/684/562
f 461/684/562 470/787/665 462/788/666
f 461/684/562 462/788/666 453/685/563
f 453/685/563 462/788/666 454/789/667
f 453/685/563 454/789/667 445/686/564
f 445/686/564 454/789/667 446/790/668
f 445/686/564 446/790/668 437/687/565
f 437/687/565 446/790/668 438/791/669
f 437/687/565 438/791/669 429/688/566
f 429/688/566 438/791/669 430/792/670
f 429/688/566 430/792/670 421/689/567
f 421/689/567 430/792/670 422/793/671
f 421/689/567 422/793/671 413/690/568
f 413/690/568 422/793/671 414/794/672
f 413/690/568 414/794/672 405/691/569
f 405/691/569 414/794/672 406/795/673
f 405/691/569 406/795/673 397/692/570
f 397/692/570 406/795/673 398/796/674
f 397/692/570 398/796/674 389/693/571
f 389/693/571 398/796/674 390/797/675
f 389/693/571 390/797/675 381/694/572
f 381/694/572 390/797/675 382/798/676
f 381/694/572 382/798/676 373/695/573
f 373/695/573 382/798/676 374/799/677
f 373/695/573 374/799/677 365/696/574
f 365/696/574 374/799/677 366/800/678
f 365/696/574 366/800/678 357/697/575
f 357/697/575 366/800/678 358/801/679
f 357/697/575 358/801/679 349/698/576
f 349/698/576 358/801/679 350/802/680
f 349/698/576 350/802/680 341/699/577
f 341/699/577 350/802/680 342/803/681
f 341/699/577 342/803/681 333/700/578
f 333/700/578 342/803/681 334/804/682
f 333/700/578 334/804/682 325/701/579
f 325/701/579 334/804/682 326/805/683
f 325/701/579 326/805/683 317/702/580
f 317/702/580 326/805/683 318/806/684
f 317/702/580 318/806/684 309/703/581
f 309/703/581 318/806/684 310/807/685
f 309/703/581 310/807/685 301/704/582
f 301/704/582 310/807/685 302/808/686
f 301/704/582 302/808/686 293/705/583
f 293/705/583 302/808/686 294/809/687
f 293/705/583 294/809/687 285/706/584
f 285/706/584 294/809/687 286/810/688
f 285/706/584 286/810/688 277/707/585
f 277/707/585 286/810/688 278/811/689
f 277/707/585 278/811/689 269/708/586
f 269/708/586 278/811/689 270/812/690
f 269/708/586 270/812/690 261/709/587
f 261/709/587 270/812/690 262/813/691
f 261/709/587 262/813/691 253/710/588
f 253/710/588 262/813/691 254/814/692
f 253/710/588 254/814/692 245/711/589
f 245/711/589 254/814/692 246/815/693
f 245/711/589 246/815/693 237/712/590
f 237/712/590 246/815/693 238/816/694
f 237/712/590 238/816/694 229/713/591
f 229/713/591 238/816/694 230/817/695
f 229/713/591 230/817/695 221/714/592
f 221/714/592 230/817/695 222/818/696
f 221/714/592 222/818/696 213/715/593
f 213/715/593 222/818/696 214/44/42
f 213/715/593 214/44/42 205/42/40
f 140/716/594 141/819/697 1030/717/595
f 1030/717/595 141/819/697 1031/820/698
f 1030/717/595 1031/820/698 1022/718/596
f 1022/718/596 1031/820/698 1023/821/699
f 1022/718/596 1023/821/699 1014/719/597
f 1014/719/597 1023/821/699 1015/822/700
f 1014/719/597 1015/822/700 1006/720/598
f 1006/720/598 1015/822/700 1007/823/701
f 1006/720/598 1007/823/701 998/721/599
f 998/721/599 1007/823/701 999/824/702
f 998/721/599 999/824/702 990/722/600
f 990/722/600 999/824/702 991/825/703
f 990/722/600 991/825/703 982/723/601
f 982/723/601 991/825/703 983/826/704
f 982/723/601 983/826/704 974/724/602
f 974/724/602 983/826/704 975/827/705
f 974/724/602 975/827/705 966/725/603
f 966/725/603 975/827/705 967/828/706
f 966/725/603 967/828/706 958/726/604
f 958/726/604 967/828/706 959/829/707
f 958/726/604 959/829/707 950/727/605
f 950/727/605 959/829/707 951/830/708
f 950/727/605 951/830/708 942/728/606
f 942/728/606 951/830/708 943/831/709
f 942/728/606 943/831/709 934/729/607
f 934/729/607 943/831/709 935/832/710
f 934/729/607 935/832/710 926/730/608
f 926/730/608 935/832/710 927/833/711
f 926/730/608 927/833/711 918/731/609
f 918/731/609 927/833/711 919/834/712
f 918/731/609 919/834/712 910/732/610
f 910/732/610 919/834/712 911/835/713
f 910/732/610 911/835/713 902/733/611
f 902/733/611 911/835/713 903/836/714
f 902/733/611 903/836/714 894/734/612
f 894/734/612 903/836/714 895/837/715
f 894/734/612 895/837/715 886/735/613
f 886/735/613 895/837/715 887/838/716
f 886/735/613 887/838/716 878/736/614
f 878/736/614 887/838/716 879/839/717
f 878/736/614 879/839/717 870/737/615
f 870/737/615 879/839/717 871/840/718
f 870/737/615 871/840/718 862/738/616
f 862/738/616 871/840/718 863/841/719
f 862/738/616 863/841/719 854/739/617
f 854/739/617 863/841/719 855/842/720
f 854/739/617 855/842/720 846/740/618
f 846/740/618 855/842/720 847/843/721
f 846/740/618 847/843/721 838/741/619
f 838/741/619 847/843/721 839/844/722
f 838/741/619 839/844/722 830/742/620
f 830/742/620 839/844/722 831/845/723
f 830/742/620 831/845/723 822/743/621
f 822/743/621 831/845/723 823/846/724
f 822/743/621 823/846/724 814/744/622
f 814/744/622 823/846/724 815/847/725
f 814/744/622 815/847/725 806/745/623
f 806/745/623 815/847/725 807/848/726
f 806/745/623 807/848/726 798/746/624
f 798/746/624 807/848/726 799/849/727
f 798/746/624 799/849/727 790/747/625
f 790/747/625 799/849/727 791/850/728
f 790/747/625 791/850/728 782/748/626
f 782/748/626 791/850/728 783/851/729
f 782/748/626 783/851/729 774/749/627
f 774/749/627 783/851/729 775/852/730
f 774/749/627 775/852/730 766/750/628
f 766/750/628 775/852/730 767/853/731
f 766/750/628 767/853/731 758/751/629
f 758/751/629 767/853/731 759/854/732
f 758/751/629 759/854/732 750/752/630
f 750/752/630 759/854/732 751/855/733
f 750/752/630 751/855/733 742/753/631
f 742/753/631 751/855/733 743/856/734
f 742/753/631 743/856/734 734/754/632
f 734/754/632 743/856/734 735/857/735
f 734/754/632 735/857/735 726/755/633
f 726/755/633 735/857/735 727/858/736
f 726/755/633 727/858/736 718/756/634
f 718/756/634 727/858/736 719/859/737
f 718/756/634 719/859/737 710/757/635
f 710/757/635 719/859/737 711/860/738
f 710/757/635 711/860/738 702/758/636
f 702/758/636 711/860/738 703/861/739
f 702/758/636 703/861/739 694/759/637
f 694/759/637 703/861/739 695/862/740
f 694/759/637 695/862/740 686/760/638
f 686/760/638 695/862/740 687/863/741
f 686/760/638 687/863/741 678/761/639
f 678/761/639 687/863/741 679/864/742
f 678/761/639 679/864/742 670/762/640
f 670/762/640 679/864/742 671/865/743
f 670/762/640 671/865/743 662/763/641
f 662/763/641 671/865/743 663/866/744
f 662/763/641 663/866/744 654/764/642
f 654/764/642 663/866/744 655/867/745
f 654/764/642 655/867/745 646/765/643
f 646/765/643 655/867/745 647/868/746
f 646/765/643 647/868/746 638/766/644
f 638/766/644 647/868/746 639/869/747
f 638/766/644 639/869/747 630/767/645
f 630/767/645 639/869/747 631/870/748
f 630/767/645 631/870/748 622/768/646
f 622/768/646 631/870/748 623/871/749
f 622/768/646 623/871/749 614/769/647
f 614/769/647 623/871/749 615/872/750
f 614/769/647 615/872/750 606/770/648
f 606/770/648 615/872/750 607/873/751
f 606/770/648 607/873/751 598/771/649
f 598/771/649 607/873/751 599/874/752
f 598/771/649 599/874/752 590/772/650
f 590/772/650 599/874/752 591/875/753
f 590/772/650 591/875/753 582/773/651
f 582/773/651 591/875/753 583/876/754
f 582/773/651 583/876/754 574/774/652
f 574/774/652 583/876/754 575/877/755
f 574/774/652 575/877/755 566/775/653
f 566/775/653 575/877/755 567/878/756
f 566/775/653 567/878/756 558/776/654
f 558/776/654 567/878/756 559/879/757
f 558/776/654 559/879/757 550/777/655
f 550/777/655 559/879/757 551/880/758
f 550/777/655 551/880/758 542/778/656
f 542/778/656 551/880/758 543/881/759
f 542/778/656 543/881/759 534/779/657
f 534/779/657 543/881/759 535/882/760
f 534/779/657 535/882/760 526/780/658
f 526/780/658 535/882/760 527/883/761
f 526/780/658 527/883/761 518/781/659
f 518/781/659 527/883/761 519/884/762
f 518/781/659 519/884/762 510/782/660
f 510/782/660 519/884/762 511/885/763
f 510/782/660 511/885/763 502/783/661
f 502/783/661 511/885/763 503/886/764
f 502/783/661 503/886/764 494/784/662
f 494/784/662 503/886/764 495/887/765
f 494/784/662 495/887/765 486/785/663
f 486/785/663 495/887/765 487/888/766
f 486/785/663 487/888/766 478/786/664
f 478/786/664 487/888/766 479/889/767
f 478/786/664 479/889/767 470/787/665
f 470/787/665 479/889/767 471/890/768
f 470/787/665 471/890/768 462/788/666
f 462/788/666 471/890/768 463/891/769
f 462/788/666 463/891/769 454/789/667
f 454/789/667 463/891/769 455/892/770
f 454/789/667 455/892/770 446/790/668
f 446/790/668 455/892/770 447/893/771
f 446/790/668 447/893/771 438/791/669
f 438/791/669 447/893/771 439/894/772
f 438/791/669 439/894/772 430/792/670
f 430/792/670 439/894/772 431/895/773
f 430/792/670 431/895/773 422/793/671
f 422/793/671 431/895/773 423/896/774
f 422/793/671 423/896/774 414/794/672
f 414/794/672 423/896/774 415/897/775
f 414/794/672 415/897/775 406/795/673
f 406/795/673 415/897/775 407/898/776
f 406/795/673 407/898/776 398/796/674
f 398/796/674 407/898/776 399/899/777
f 398/796/674 399/899/777 390/797/675
f 390/797/675 399/899/777 391/900/778
f 390/797/675 391/900/778 382/798/676
f 382/798/676 391/900/778 383/901/779
f 382/798/676 383/901/779 374/799/677
f 374/799/677 383/901/779 375/902/780
f 374/799/677 375/902/780 366/800/678
f 366/800/678 375/902/780 367/903/781
f 366/800/678 367/903/781 358/801/679
f 358/801/679 367/903/781 359/904/782
f 358/801/679 359/904/782 350/802/680
f 350/802/680 359/904/782 351/905/783
f 350/802/680 351/905/783 342/803/681
f 342/803/681 351/905/783 343/906/784
f 342/803/681 343/906/784 334/804/682
f 334/804/682 343/906/784 335/907/785
f 334/804/682 335/907/785 326/805/683
f 326/805/683 335/907/785 327/908/786
f 326/805/683 327/908/786 318/806/684
f 318/806/684 327/908/786 319/909/787
f 318/806/684 319/909/787 310/807/685
f 310/807/685 319/909/787 311/910/788
f 310/807/685 311/910/788 302/808/686
f 302/808/686 311/910/788 303/911/789
f 302/808/686 303/911/789 294/809/687
f 294/809/687 303/911/789 295/912/790
f 294/809/687 295/912/790 286/810/688
f 286/810/688 295/912/790 287/913/791
f 286/810/688 287/913/791 278/811/689
f 278/811/689 287/913/791 279/914/792
f 278/811/689 279/914/792 270/812/690
f 270/812/690 279/914/792 271/915/793
f 270/812/690 271/915/793 262/813/691
f 262/813/691 271/915/793 263/916/794
f 262/813/691 263/916/794 254/814/692
f 254/814/692 263/916/794 255/917/795
f 254/814/692 255/917/795 246/815/693
f 246/815/693 255/917/795 247/918/796
f 246/815/693 247/918/796 238/816/694
f 238/816/694 247/918/796 239/919/797
f 238/816/694 239/919/797 230/817/695
f 230/817/695 239/919/797 231/920/798
f 230/817/695 231/920/798 222/818/696
f 222/818/696 231/920/798 223/46/44
f 222/818/696 223/46/44 214/44/42
f 141/819/697 142/921/799 1031/820/698
f 1031/820/698 142/921/799 1032/922/800
f 1031/820/698 1032/922/800 1023/821/699
f 1023/821/699 1032/922/800 1024/923/801
f 1023/821/699 1024/923/801 1015/822/700
f 1015/822/700 1024/923/801 1016/924/802
f 1015/822/700 1016/924/802 1007/823/701
f 1007/823/701 1016/924/802 1008/925/803
f 1007/823/701 1008/925/803 999/824/702
f 999/824/702 1008/925/803 1000/926/804
f 999/824/702 1000/926/804 991/825/703
f 991/825/703 1000/926/804 992/927/805
f 991/825/703 992/927/805 983/826/704
f 983/826/704 992/927/805 984/928/806
f 983/826/704 984/928/806 975/827/705
f 975/827/705 984/928/806 976/929/807
f 975/827/705 976/929/807 967/828/706
f 967/828/706 976/929/807 968/930/808
f 967/828/706 968/930/808 959/829/707
f 959/829/707 968/930/808 960/931/809
f 959/829/707 960/931/809 951/830/708
f 951/830/708 960/931/809 952/932/810
f 951/830/708 952/932/810 943/831/709
f 943/831/709 952/932/810 944/933/811
f 943/831/709 944/933/811 935/832/710
f 935/832/710 944/933/811 936/934/812
f 935/832/710 936/934/812 927/833/711
f 927/833/711 936/934/812 928/935/813
f 927/833/711 928/935/813 919/834/712
f 919/834/712 928/935/813 920/936/814
f 919/834/712 920/936/814 911/835/713
f 911/835/713 920/936/814 912/937/815
f 911/835/713 912/937/815 903/836/714
f 903/836/714 912/937/815 904/938/816
f 903/836/714 904/938/816 895/837/715
f 895/837/715 904/938/816 896/939/817
f 895/837/715 896/939/817 887/838/716
f 887/838/716 896/939/817 888/940/818
f 887/838/716 888/940/818 879/839/717
f 879/839/717 888/940/818 880/941/819
f 879/839/717 880/941/819 871/840/718
f 871/840/718 880/941/819 872/942/820
f 871/840/718 872/942/820 863/841/719
f 863/841/719 872/942/820 864/943/821
f 863/841/719 864/943/821 855/842/720
f 855/842/720 864/943/821 856/944/822
f 855/842/720 856/944/822 847/843/721
f 847/843/721 856/944/822 848/945/823
f 847/843/721 848/945/823 839/844/722
f 839/844/722 848/945/823 840/946/824
f 839/844/722 840/946/824 831/845/723
f 831/845/723 840/946/824 832/947/825
f 831/845/723 832/947/825 823/846/724
f 823/846/724 832/947/825 824/948/826
f 823/846/724 824/948/826 815/847/725
f 815/847/725 824/948/826 816/949/827
f 815/847/725 816/949/827 807/848/726
f 807/848/726 816/949/827 808/950/828
f 807/848/726 808/950/828 799/849/727
f 799/849/727 808/950/828 800/951/829
f 799/849/727 800/951/829 791/850/728
f 791/850/728 800/951/829 792/952/830
f 791/850/728 792/952/830 783/851/729
f 783/851/729 792/952/830 784/953/831
f 783/851/729 784/953/831 775/852/730
f 775/852/730 784/953/831 776/954/832
f 775/852/730 776/954/832 767/853/731
f 767/853/731 776/954/832 768/955/833
f 767/853/731 768/955/833 759/854/732
f 759/854/732 768/955/833 760/956/834
f 759/854/732 760/956/834 751/855/733
f 751/855/733 760/956/834 752/957/835
f 751/855/733 752/957/835 743/856/734
f 743/856/734 752/957/835 744/958/836
f 743/856/734 744/958/836 735/857/735
f 735/857/735 744/958/836 736/959/837
f 735/857/735 736/959/837 727/858/736
f 727/858/736 736/959/837 728/960/838
f 727/858/736 728/960/838 719/859/737
f 719/859/737 728/960/838 720/961/839
f 719/859/737 720/961/839 711/860/738
f 711/860/738 720/961/839 712/962/840
f 711/860/738 712/962/840 703/861/739
f 703/861/739 712/962/840 704/963/841
f 703/861/739 704/963/841 695/862/740
f 695/862/740 704/963/841 696/964/842
f 695/862/740 696/964/842 687/863/741
f 687/863/741 696/964/842 688/965/843
f 687/863/741 688/965/843 679/864/742
f 679/864/742 688/965/843 680/966/844
f 679/864/742 680/966/844 671/865/743
f 671/865/743 680/966/844 672/967/845
f 671/865/743 672/967/845 663/866/744
f 663/866/744 672/967/845 664/968/846
f 663/866/744 664/968/846 655/867/745
f 655/867/745 664/968/846 656/969/847
f 655/867/745 656/969/847 647/868/746
f 647/868/746 656/969/847 648/970/848
f 647/868/746 648/970/848 639/869/747
f 639/869/747 648/970/848 640/971/849
f 639/869/747 640/971/849 631/870/748
f 631/870/748 640/971/849 632/972/850
f 631/870/748 632/972/850 623/871/749
f 623/871/749 632/972/850 624/973/851
f 623/871/749 624/973/851 615/872/750
f 615/872/750 624/973/851 616/974/852
f 615/872/750 616/974/852 607/873/751
f 607/873/751 616/974/852 608/975/853
f 607/873/751 608/975/853 599/874/752
f 599/874/752 608/975/853 600/976/854
f 599/874/752 600/976/854 591/875/753
f 591/875/753 600/976/854 592/977/855
f 591/875/753 592/977/855 583/876/754
f 583/876/754 592/977/855 584/978/856
f 583/876/754 584/978/856 575/877/755
f 575/877/755 584/978/856 576/979/857
f 575/877/755 576/979/857 567/878/756
f 567/878/756 576/979/857 568/980/858
f 567/878/756 568/980/858 559/879/757
f 559/879/757 568/980/858 560/981/859
f 559/879/757 560/981/859 551/880/758
f 551/880/758 560/981/859 552/982/860
f 551/880/758 552/982/860 543/881/759
f 543/881/759 552/982/860 544/983/861
f 543/881/759 544/983/861 535/882/760
f 535/882/760 544/983/861 536/984/862
f 535/882/760 536/984/862 527/883/761
f 527/883/761 536/984/862 528/985/863
f 527/883/761 528/985/863 519/884/762
f 519/884/762 528/985/863 520/986/864
f 519/884/762 520/986/864 511/885/763
f 511/885/763 520/986/864 512/987/865
f 511/885/763 512/987/865 503/886/764
f 503/886/764 512/987/865 504/988/866
f 503/886/764 504/988/866 495/887/765
f 495/887/765 504/988/866 496/989/867
f 495/887/765 496/989/867 487/888/766
f 487/888/766 496/989/867 488/990/868
f 487/888/766 488/990/868 479/889/767
f 479/889/767 488/990/868 480/991/869
f 479/889/767 480/991/869 471/890/768
f 471/890/768 480/991/869 472/992/870
f 471/890/768 472/992/870 463/891/769
f 463/891/769 472/992/870 464/993/871
f 463/891/769 464/993/871 455/892/770
f 455/892/770 464/993/871 456/994/872
f 455/892/770 456/994/872 447/893/771
f 447/893/771 456/994/872 448/995/873
f 447/893/771 448/995/873 439/894/772
f 439/894/772 448/995/873 440/996/874
f 439/894/772 440/996/874 431/895/773
f 431/895/773 440/996/874 432/997/875
f 431/895/773 432/997/875 423/896/774
f 423/896/774 432/997/875 424/998/876
f 423/896/774 424/998/876 415/897/775
f 415/897/775 424/998/876 416/999/877
f 415/897/775 416/999/877 407/898/776
f 407/898/776 416/999/877 408/1000/878
f 407/898/776 408/1000/878 399/899/777
f 399/899/777 408/1000/878 400/1001/879
f 399/899/777 400/1001/879 391/900/778
f 391/900/778 400/1001/879 392/1002/880
f 391/900/778 392/1002/880 383/901/779
f 383/901/779 392/1002/880 384/1003/881
f 383/901/779 384/1003/881 375/902/780
f 375/902/780 384/1003/881 376/1004/882
f 375/902/780 376/1004/882 367/903/781
f 367/903/781 376/1004/882 368/1005/883
f 367/903/781 368/1005/883 359/904/782
f 359/904/782 368/1005/883 360/1006/884
f 359/904/782 360/1006/884 351/905/783
f 351/905/783 360/1006/884 352/1007/885
f 351/905/783 352/1007/885 343/906/784
f 343/906/784 352/1007/885 344/1008/886
f 343/906/784 344/1008/886 335/907/785
f 335/907/785 344/1008/886 336/1009/887
f 335/907/785 336/1009/887 327/908/786
f 327/908/786 336/1009/887 328/1010/888
f 327/908/786 328/1010/888 319/909/787
f 319/909/787 328/1010/888 320/1011/889
f 319/909/787 320/1011/889 311/910/788
f 311/910/788 320/1011/889 312/1012/890
f 311/910/788 312/1012/890 303/911/789
f 303/911/789 312/1012/890 304/1013/891
f 303/911/789 304/1013/891 295/912/790
f 295/912/790 304/1013/891 296/1014/892
f 295/912/790 296/1014/892 287/913/791
f 287/913/791 296/1014/892 288/1015/893
f 287/913/791 288/1015/893 279/914/792
f 279/914/792 288/1015/893 280/1016/894
f 279/914/792 280/1016/894 271/915/793
f 271/915/793 280/1016/894 272/1017/895
f 271/915/793 272/1017/895 263/916/794
f 263/916/794 272/1017/895 264/1018/896
f 263/916/794 264/1018/896 255/917/795
f 255/917/795 264/1018/896 256/1019/897
f 255/917/795 256/1019/897 247/918/796
f 247/918/796 256/1019/897 248/1020/898
f 247/918/796 248/1020/898 239/919/797
f 239/919/797 248/1020/898 240/1021/899
f 239/919/797 240/1021/899 231/920/798
f 231/920/798 240/1021/899 232/48/46
f 231/920/798 232/48/46 223/46/44
f 142/921/799 143/1022/900 1032/922/800
f 1032/922/800 143/1022/900 1033/1023/901
f 1032/922/800 1033/1023/901 1024/923/801
f 1024/923/801 1033/1023/901 1025/1024/902
f 1024/923/801 1025/1024/902 1016/924/802
f 1016/924/802 1025/1024/902 1017/1025/903
f 1016/924/802 1017/1025/903 1008/925/803
f 1008/925/803 1017/1025/903 1009/1026/904
f 1008/925/803 1009/1026/904 1000/926/804
f 1000/926/804 1009/1026/904 1001/1027/905
f 1000/926/804 1001/1027/905 992/927/805
f 992/927/805 1001/1027/905 993/1028/906
f 992/927/805 993/1028/906 984/928/806
f 984/928/806 993/1028/906 985/1029/907
f 984/928/806 985/1029/907 976/929/807
f 976/929/807 985/1029/907 977/1030/908
f 976/929/807 977/1030/908 968/930/808
f 968/930/808 977/1030/908 969/1031/909
f 968/930/808 969/1031/909 960/931/809
f 960/931/809 969/1031/909 961/1032/910
f 960/931/809 961/1032/910 952/932/810
f 952/932/810 961/1032/910 953/1033/911
f 952/932/810 953/1033/911 944/933/811
f 944/933/811 953/1033/911 945/1034/912
f 944/933/811 945/1034/912 936/934/812
f 936/934/812 945/1034/912 937/1035/913
f 936/934/812 937/1035/913 928/935/813
f 928/935/813 937/1035/913 929/1036/914
f 928/935/813 929/1036/914 920/936/814
f 920/936/814 929/1036/914 921/1037/915
f 920/936/814 921/1037/915 912/937/815
f 912/937/815 921/1037/915 913/1038/916
f 912/937/815 913/1038/916 904/938/816
f 904/938/816 913/1038/916 905/1039/917
f 904/938/816 905/1039/917 896/939/817
f 896/939/817 905/1039/917 897/1040/918
f 896/939/817 897/1040/918 888/940/818
f 888/940/818 897/1040/918 889/1041/919
f 888/940/818 889/1041/919 880/941/819
f 880/941/819 889/1041/919 881/1042/920
f 880/941/819 881/1042/920 872/942/820
f 872/942/820 881/1042/920 873/1043/921
f 872/942/820 873/1043/921 864/943/821
f 864/943/821 873/1043/921 865/1044/922
f 864/943/821 865/1044/922 856/944/822
f 856/944/822 865/1044/922 857/1045/923
f 856/944/822 857/1045/923 848/945/823
f 848/945/823 857/1045/923 849/1046/924
f 848/945/823 849/1046/924 840/946/824
f 840/946/824 849/1046/924 841/1047/925
f 840/946/824 841/1047/925 832/947/825
f 832/947/825 841/1047/925 833/1048/926
f 832/947/825 833/1048/926 824/948/826
f 824/948/826 833/1048/926 825/1049/927
f 824/948/826 825/1049/927 816/949/827
f 816/949/827 825/1049/927 817/1050/928
f 816/949/827 817/1050/928 808/950/828
f 808/950/828 817/1050/928 809/1051/929
f 808/950/828 809/1051/929 800/951/829
f 800/951/829 809/1051/929 801/1052/930
f 800/951/829 801/1052/930 792/952/830
f 792/952/830 801/1052/930 793/1053/931
f 792/952/830 793/1053/931 784/953/831
f 784/953/831 793/1053/931 785/1054/932
f 784/953/831 785/1054/932 776/954/832
f 776/954/832 785/1054/932 777/1055/933
f 776/954/832 777/1055/933 768/955/833
f 768/955/833 777/1055/933 769/1056/934
f 768/955/833 769/1056/934 760/956/834
f 760/956/834 769/1056/934 761/1057/935
f 760/956/834 761/1057/935 752/957/835
f 752/957/835 761/1057/935 753/1058/936
f 752/957/835 753/1058/936 744/958/836
f 744/958/836 753/1058/936 745/1059/937
f 744/958/836 745/1059/937 736/959/837
f 736/959/837 745/1059/937 737/1060/938
f 736/959/837 737/1060/938 728/960/838
f 728/960/838 737/1060/938 729/1061/939
f 728/960/838 729/1061/939 720/961/839
f 720/961/839 729/1061/939 721/1062/940
f 720/961/839 721/1062/940 712/962/840
f 712/962/840 721/1062/940 713/1063/941
f 712/962/840 713/1063/941 704/963/841
f 704/963/841 713/1063/941 705/1064/942
f 704/963/841 705/1064/942 696/964/842
f 696/964/842 705/1064/942 697/1065/943
f 696/964/842 697/1065/943 688/965/843
f 688/965/843 697/1065/943 689/1066/944
f 688/965/843 689/1066/944 680/966/844
f 680/966/844 689/1066/944 681/1067/945
f 680/966/844 681/1067/945 672/967/845
f 672/967/845 681/1067/945 673/1068/946
f 672/967/845 673/1068/946 664/968/846
f 664/968/846 673/1068/946 665/1069/947
f 664/968/846 665/1069/947 656/969/847
f 656/969/847 665/1069/947 657/1070/948
f 656/969/847 657/1070/948 648/970/848
f 648/970/848 657/1070/948 649/1071/949
f 648/970/848 649/1071/949 640/971/849
f 640/971/849 649/1071/949 641/1072/950
f 640/971/849 641/1072/950 632/972/850
f 632/972/850 641/1072/950 633/1073/951
f 632/972/850 633/1073/951 624/973/851
f 624/973/851 633/1073/951 625/1074/952
f 624/973/851 625/1074/952 616/974/852
f 616/974/852 625/1074/952 617/1075/953
f 616/974/852 617/1075/953 608/975/853
f 608/975/853 617/1075/953 609/1076/954
f 608/975/853 609/1076/954 600/976/854
f 600/976/854 609/1076/954 601/1077/955
f 600/976/854 601/1077/955 592/977/855
f 592/977/855 601/1077/955 593/1078/956
f 592/977/855 593/1078/956 584/978/856
f 584/978/856 593/1078/956 585/1079/957
f 584/978/856 585/1079/957 576/979/857
f 576/979/857 585/1079/957 577/1080/958
f 576/979/857 577/1080/958 568/980/858
f 568/980/858 577/1080/958 569/1081/959
f 568/980/858 569/1081/959 560/981/859
f 560/981/859 569/1081/959 561/1082/960
f 560/981/859 561/1082/960 552/982/860
f 552/982/860 561/1082/960 553/1083/961
f 552/982/860 553/1083/961 544/983/861
f 544/983/861 553/1083/961 545/1084/962
f 544/983/861 545/1084/962 536/984/862
f 536/984/862 545/1084/962 537/1085/963
f 536/984/862 537/1085/963 528/985/863
f 528/985/863 537/1085/963 529/1086/964
f 528/985/863 529/1086/964 520/986/864
f 520/986/864 529/1086/964 521/1087/965
f 520/986/864 521/1087/965 512/987/865
f 512/987/865 521/1087/965 513/1088/966
f 512/987/865 513/1088/966 504/988/866
f 504/988/866 513/1088/966 505/1089/967
f 504/988/866 505/1089/967 496/989/867
f 496/989/867 505/1089/967 497/1090/968
f 496/989/867 497/1090/968 488/990/868
f 488/990/868 497/1090/968 489/1091/969
f 488/990/868 489/1091/969 480/991/869
f 480/991/869 489/1091/969 481/1092/970
f 480/991/869 481/1092/970 472/992/870
f 472/992/870 481/1092/970 473/1093/971
f 472/992/870 473/1093/971 464/993/871
f 464/993/871 473/1093/971 465/1094/972
f 464/993/871 465/1094/972 456/994/872
f 456/994/872 465/1094/972 457/1095/973
f 456/994/872 457/1095/973 448/995/873
f 448/995/873 457/1095/973 449/1096/974
f 448/995/873 449/1096/974 440/996/874
f 440/996/874 449/1096/974 441/1097/975
f 440/996/874 441/1097/975 432/997/875
f 432/997/875 441/1097/975 433/1098/976
f 432/997/875 433/1098/976 424/998/876
f 424/998/876 433/1098/976 425/1099/977
f 424/998/876 425/1099/977 416/999/877
f 416/999/877 425/1099/977 417/1100/978
f 416/999/877 417/1100/978 408/1000/878
f 408/1000/878 417/1100/978 409/1101/979
f 408/1000/878 409/1101/979 400/1001/879
f 400/1001/879 409/1101/979 401/1102/980
f 400/1001/879 401/1102/980 392/1002/880
f 392/1002/880 401/1102/980 393/1103/981
f 392/1002/880 393/1103/981 384/1003/881
f 384/1003/881 393/1103/981 385/1104/982
f 384/1003/881 385/1104/982 376/1004/882
f 376/1004/882 385/1104/982 377/1105/983
f 376/1004/882 377/1105/983 368/1005/883
f 368/1005/883 377/1105/983 369/1106/984
f 368/1005/883 369/1106/984 360/1006/884
f 360/1006/884 369/1106/984 361/1107/985
f 360/1006/884 361/1107/985 352/1007/885
f 352/1007/885 361/1107/985 353/1108/986
f 352/1007/885 353/1108/986 344/1008/886
f 344/1008/886 353/1108/986 345/1109/987
f 344/1008/886 345/1109/987 336/1009/887
f 336/1009/887 345/1109/987 337/1110/988
f 336/1009/887 337/1110/988 328/1010/888
f 328/1010/888 337/1110/988 329/1111/989
f 328/1010/888 329/1111/989 320/1011/889
f 320/1011/889 329/1111/989 321/1112/990
f 320/1011/889 321/1112/990 312/1012/890
f 312/1012/890 321/1112/990 313/1113/991
f 312/1012/890 313/1113/991 304/1013/891
f 304/1013/891 313/1113/991 305/1114/992
f 304/1013/891 305/1114/992 296/1014/892
f 296/1014/892 305/1114/992 297/1115/993
f 296/1014/892 297/1115/993 288/1015/893
f 288/1015/893 297/1115/993 289/1116/994
f 288/1015/893 289/1116/994 280/1016/894
f 280/1016/894 289/1116/994 281/1117/995
f 280/1016/894 281/1117/995 272/1017/895
f 272/1017/895 281/1117/995 273/1118/996
f 272/1017/895 273/1118/996 264/1018/896
f 264/1018/896 273/1118/996 265/1119/997
f 264/1018/896 265/1119/997 256/1019/897
f 256/1019/897 265/1119/997 257/1120/998
f 256/1019/897 257/1120/998 248/1020/898
f 248/1020/898 257/1120/998 249/1121/999
f 248/1020/898 249/1121/999 240/1021/899
f 240/1021/899 249/1121/999 241/50/48
f 240/1021/899 241/50/48 232/48/46
f 143/1022/900 144/270/268 1033/1023/901
f 1033/1023/901 144/270/268 1034/268/266
f 1033/1023/901 1034/268/266 1025/1024/902
f 1025/1024/902 1034/268/266 1026/266/264
f 1025/1024/902 1026/266/264 1017/1025/903
f 1017/1025/903 1026/266/264 1018/264/262
f 1017/1025/903 1018/264/262 1009/1026/904
f 1009/1026/904 1018/264/262 1010/262/260
f 1009/1026/904 1010/262/260 1001/1027/905
f 1001/1027/905 1010/262/260 1002/259/257
f 1001/1027/905 1002/259/257 993/1028/906
f 993/1028/906 1002/259/257 994/257/255
f 993/1028/906 994/257/255 985/1029/907
f 985/1029/907 994/257/255 986/255/253
f 985/1029/907 986/255/253 977/1030/908
f 977/1030/908 986/255/253 978/253/251
f 977/1030/908 978/253/251 969/1031/909
f 969/1031/909 978/253/251 970/251/249
f 969/1031/909 970/251/249 961/1032/910
f 961/1032/910 970/251/249 962/248/246
f 961/1032/910 962/248/246 953/1033/911
f 953/1033/911 962/248/246 954/246/244
f 953/1033/911 954/246/244 945/1034/912
f 945/1034/912 954/246/244 946/244/242
f 945/1034/912 946/244/242 937/1035/913
f 937/1035/913 946/244/242 938/242/240
f 937/1035/913 938/242/240 929/1036/914
f 929/1036/914 938/242/240 930/240/238
f 929/1036/914 930/240/238 921/1037/915
f 921/1037/915 930/240/238 922/237/235
f 921/1037/915 922/237/235 913/1038/916
f 913/1038/916 922/237/235 914/235/233
f 913/1038/916 914/235/233 905/1039/917
f 905/1039/917 914/235/233 906/233/231
f 905/1039/917 906/233/231 897/1040/918
f 897/1040/918 906/233/231 898/231/229
f 897/1040/918 898/231/229 889/1041/919
f 889/1041/919 898/231/229 890/229/227
f 889/1041/919 890/229/227 881/1042/920
f 881/1042/920 890/229/227 882/226/224
f 881/1042/920 882/226/224 873/1043/921
f 873/1043/921 882/226/224 874/224/222
f 873/1043/921 874/224/222 865/1044/922
f 865/1044/922 874/224/222 866/222/220
f 865/1044/922 866/222/220 857/1045/923
f 857/1045/923 866/222/220 858/220/218
f 857/1045/923 858/220/218 849/1046/924
f 849/1046/924 858/220/218 850/218/216
f 849/1046/924 850/218/216 841/1047/925
f 841/1047/925 850/218/216 842/215/213
f 841/1047/925 842/215/213 833/1048/926
f 833/1048/926 842/215/213 834/213/211
f 833/1048/926 834/213/211 825/1049/927
f 825/1049/927 834/213/211 826/211/209
f 825/1049/927 826/211/209 817/1050/928
f 817/1050/928 826/211/209 818/209/207
f 817/1050/928 818/209/207 809/1051/929
f 809/1051/929 818/209/207 810/207/205
f 809/1051/929 810/207/205 801/1052/930
f 801/1052/930 810/207/205 802/204/202
f 801/1052/930 802/204/202 793/1053/931
f 793/1053/931 802/204/202 794/202/200
f 793/1053/931 794/202/200 785/1054/932
f 785/1054/932 794/202/200 786/200/198
f 785/1054/932 786/200/198 777/1055/933
f 777/1055/933 786/200/198 778/198/196
f 777/1055/933 778/198/196 769/1056/934
f 769/1056/934 778/198/196 770/196/194
f 769/1056/934 770/196/194 761/1057/935
f 761/1057/935 770/196/194 762/193/191
f 761/1057/935 762/193/191 753/1058/936
f 753/1058/936 762/193/191 754/191/189
f 753/1058/936 754/191/189 745/1059/937
f 745/1059/937 754/191/189 746/189/187
f 745/1059/937 746/189/187 737/1060/938
f 737/1060/938 746/189/187 738/187/185
f 737/1060/938 738/187/185 729/1061/939
f 729/1061/939 738/187/185 730/185/183
f 729/1061/939 730/185/183 721/1062/940
f 721/1062/940 730/185/183 722/182/180
f 721/1062/940 722/182/180 713/1063/941
f 713/1063/941 722/182/180 714/180/178
f 713/1063/941 714/180/178 705/1064/942
f 705/1064/942 714/180/178 706/178/176
f 705/1064/942 706/178/176 697/1065/943
f 697/1065/943 706/178/176 698/176/174
f 697/1065/943 698/176/174 689/1066/944
f 689/1066/944 698/176/174 690/174/172
f 689/1066/944 690/174/172 681/1067/945
f 681/1067/945 690/174/172 682/171/169
f 681/1067/945 682/171/169 673/1068/946
f 673/1068/946 682/171/169 674/169/167
f 673/1068/946 674/169/167 665/1069/947
f 665/1069/947 674/169/167 666/167/165
f 665/1069/947 666/167/165 657/1070/948
f 657/1070/948 666/167/165 658/165/163
f 657/1070/948 658/165/163 649/1071/949
f 649/1071/949 658/165/163 650/163/161
f 649/1071/949 650/163/161 641/1072/950
f 641/1072/950 650/163/161 642/160/158
f 641/1072/950 642/160/158 633/1073/951
f 633/1073/951 642/160/158 634/158/156
f 633/1073/951 634/158/156 625/1074/952
f 625/1074/952 634/158/156 626/156/154
f 625/1074/952 626/156/154 617/1075/953
f 617/1075/953 626/156/154 618/154/152
f 617/1075/953 618/154/152 609/1076/954
f 609/1076/954 618/154/152 610/152/150
f 609/1076/954 610/152/150 601/1077/955
f 601/1077/955 610/152/150 602/149/147
f 601/1077/955 602/149/147 593/1078/956
f 593/1078/956 602/149/147 594/147/145
f 593/1078/956 594/147/145 585/1079/957
f 585/1079/957 594/147/145 586/145/143
f 585/1079/957 586/145/143 577/1080/958
f 577/1080/958 586/145/143 578/143/141
f 577/1080/958 578/143/141 569/1081/959
f 569/1081/959 578/143/141 570/141/139
f 569/1081/959 570/141/139 561/1082/960
f 561/1082/960 570/141/139 562/138/136
f 561/1082/960 562/138/136 553/1083/961
f 553/1083/961 562/138/136 554/136/134
f 553/1083/961 554/136/134 545/1084/962
f 545/1084/962 554/136/134 546/134/132
f 545/1084/962 546/134/132 537/1085/963
f 537/1085/963 546/134/132 538/132/130
f 537/1085/963 538/132/130 529/1086/964
f 529/1086/964 538/132/130 530/130/128
f 529/1086/964 530/130/128 521/1087/965
f 521/1087/965 530/130/128 522/127/125
f 521/1087/965 522/127/125 513/1088/966
f 513/1088/966 522/127/125 514/125/123
f 513/1088/966 514/125/123 505/1089/967
f 505/1089/967 514/125/123 506/123/121
f 505/1089/967 506/123/121 497/1090/968
f 497/1090/968 506/123/121 498/121/119
f 497/1090/968 498/121/119 489/1091/969
f 489/1091/969 498/121/119 490/119/117
f 489/1091/969 490/119/117 481/1092/970
f 481/1092/970 490/119/117 482/116/114
f 481/1092/970 482/116/114 473/1093/971
f 473/1093/971 482/116/114 474/114/112
f 473/1093/971 474/114/112 465/1094/972
f 465/1094/972 474/114/112 466/112/110
f 465/1094/972 466/112/110 457/1095/973
f 457/1095/973 466/112/110 458/110/108
f 457/1095/973 458/110/108 449/1096/974
f 449/1096/974 458/110/108 450/108/106
f 449/1096/974 450/108/106 441/1097/975
f 441/1097/975 450/108/106 442/105/103
f 441/1097/975 442/105/103 433/1098/976
f 433/1098/976 442/105/103 434/103/101
f 433/1098/976 434/103/101 425/1099/977
f 425/1099/977 434/103/101 426/101/99
f 425/1099/977 426/101/99 417/1100/978
f 417/1100/978 426/101/99 418/99/97
f 417/1100/978 418/99/97 409/1101/979
f 409/1101/979 418/99/97 410/97/95
f 409/1101/979 410/97/95 401/1102/980
f 401/1102/980 410/97/95 402/94/92
f 401/1102/980 402/94/92 393/1103/981
f 393/1103/981 402/94/92 394/92/90
f 393/1103/981 394/92/90 385/1104/982
f 385/1104/982 394/92/90 386/90/88
f 385/1104/982 386/90/88 377/1105/983
f 377/1105/983 386/90/88 378/88/86
f 377/1105/983 378/88/86 369/1106/984
f 369/1106/984 378/88/86 370/86/84
f 369/1106/984 370/86/84 361/1107/985
f 361/1107/985 370/86/84 362/83/81
f 361/1107/985 362/83/81 353/1108/986
f 353/1108/986 362/83/81 354/81/79
f 353/1108/986 354/81/79 345/1109/987
f 345/1109/987 354/81/79 346/79/77
f 345/1109/987 346/79/77 337/1110/988
f 337/1110/988 346/79/77 338/77/75
f 337/1110/988 338/77/75 329/1111/989
f 329/1111/989 338/77/75 330/75/73
f 329/1111/989 330/75/73 321/1112/990
f 321/1112/990 330/75/73 322/72/70
f 321/1112/990 322/72/70 313/1113/991
f 313/1113/991 322/72/70 314/70/68
f 313/1113/991 314/70/68 305/1114/992
f 305/1114/992 314/70/68 306/68/66
f 305/1114/992 306/68/66 297/1115/993
f 297/1115/993 306/68/66 298/66/64
f 297/1115/993 298/66/64 289/1116/994
f 289/1116/994 298/66/64 290/64/62
f 289/1116/994 290/64/62 281/1117/995
f 281/1117/995 290/64/62 282/61/59
f 281/1117/995 282/61/59 273/1118/996
f 273/1118/996 282/61/59 274/59/57
f 273/1118/996 274/59/57 265/1119/997
f 265/1119/997 274/59/57 266/57/55
f 265/1119/997 266/57/55 257/1120/998
f 257/1120/998 266/57/55 258/55/53
f 257/1120/998 258/55/53 249/1121/999
f 249/1121/999 258/55/53 250/52/50
f 249/1121/999 250/52/50 241/50/48
f 17/53/51 16/1122/284 242/51/49
f 242/51/49 16/1122/284 15/1123/282
f 242/51/49 15/1123/282 234/1124/1000
f 234/1124/1000 15/1123/282 14/1125/280
f 234/1124/1000 14/1125/280 226/1126/1001
f 226/1126/1001 14/1125/280 13/1127/278
f 226/1126/1001 13/1127/278 218/1128/1002
f 218/1128/1002 13/1127/278 12/1129/276
f 218/1128/1002 12/1129/276 210/1130/1003
f 210/1130/1003 12/1129/276 11/1131/274
f 210/1130/1003 11/1131/274 202/1132/1004
f 202/1132/1004 11/1131/274 10/1133/273
f 202/1132/1004 10/1133/273 9/1134/271
f 8/1135/270 145/1136/1005 9/1134/271
f 9/1134/271 145/1136/1005 194/1137/1006
f 9/1134/271 194/1137/1006 202/1132/1004
f 202/1132/1004 194/1137/1006 193/1138/1007
f 202/1132/1004 193/1138/1007 201/1139/1008
f 201/1139/1008 193/1138/1007 192/1140/1009
f 201/1139/1008 192/1140/1009 200/1141/1010
f 200/1141/1010 192/1140/1009 191/1142/1011
f 200/1141/1010 191/1142/1011 199/1143/1012
f 199/1143/1012 191/1142/1011 190/1144/1013
f 199/1143/1012 190/1144/1013 198/1145/1014
f 198/1145/1014 190/1144/1013 189/1146/1015
f 198/1145/1014 189/1146/1015 197/41/39
f 197/41/39 189/1146/1015 188/39/37
f 145/1136/1005 146/1147/1016 194/1137/1006
f 194/1137/1006 146/1147/1016 147/1148/1017
f 194/1137/1006 147/1148/1017 193/1138/1007
f 193/1138/1007 147/1148/1017 148/1149/1018
f 193/1138/1007 148/1149/1018 186/1150/1019
f 186/1150/1019 148/1149/1018 149/24/24
f 186/1150/1019 149/24/24 185/22/22
f 150/26/26 151/1151/1020 167/28/28
f 167/28/28 151/1151/1020 152/1152/1021
f 167/28/28 152/1152/1021 166/1153/1022
f 166/1153/1022 152/1152/1021 153/1154/1023
f 166/1153/1022 153/1154/1023 154/1155/1
f 154/1155/1 153/1154/1023 1/1156/2
f 154/1155/1 155/1157/10 166/1153/1022
f 166/1153/1022 155/1157/10 1035/33/33
f 166/1153/1022 1035/33/33 1036/30/30
f 155/1157/10 156/35/11 1035/33/33
f 160/31/31 161/1158/1024 1037/29/29
f 1037/29/29 161/1158/1024 1038/1159/1025
f 1037/29/29 1038/1159/1025 168/27/27
f 168/27/27 1038/1159/1025 169/1160/1026
f 168/27/27 169/1160/1026 178/25/25
f 178/25/25 169/1160/1026 177/1161/1027
f 178/25/25 177/1161/1027 181/23/23
f 181/23/23 177/1161/1027 176/1162/1028
f 181/23/23 176/1162/1028 180/21/21
f 180/21/21 176/1162/1028 175/16/16
f 180/21/21 175/16/16 179/15/15
f 161/1158/1024 162/1163/1029 1038/1159/1025
f 1038/1159/1025 162/1163/1029 1039/1164/1030
f 1038/1159/1025 1039/1164/1030 169/1160/1026
f 169/1160/1026 1039/1164/1030 170/1165/1031
f 169/1160/1026 170/1165/1031 177/1161/1027
f 177/1161/1027 170/1165/1031 176/1162/1028
f 162/1163/1029 163/1166/1032 1039/1164/1030
f 1039/1164/1030 163/1166/1032 1040/1167/1033
f 1039/1164/1030 1040/1167/1033 170/1165/1031
f 170/1165/1031 1040/1167/1033 171/1168/1034
f 170/1165/1031 171/1168/1034 176/1162/1028
f 176/1162/1028 171/1168/1034 175/16/16
f 163/1166/1032 164/1169/1035 1040/1167/1033
f 1040/1167/1033 164/1169/1035 1041/1170/1036
f 1040/1167/1033 1041/1170/1036 171/1168/1034
f 171/1168/1034 1041/1170/1036 172/8/8
f 171/1168/1034 172/8/8 175/16/16
f 164/1169/1035 165/12/12 1041/1170/1036
f 1041/1170/1036 165/12/12 1042/9/9
f 1041/1170/1036 1042/9/9 172/8/8
f 155/10/10 154/1/1 173/3/3
f 1036/30/30 167/28/28 166/1153/1022
f 188/39/37 189/1146/1015 182/18/18
f 182/18/18 189/1146/1015 183/19/19
f 189/1146/1015 190/1144/1013 183/19/19
f 183/19/19 190/1144/1013 184/20/20
f 190/1144/1013 191/1142/1011 184/20/20
f 184/20/20 191/1142/1011 185/22/22
f 191/1142/1011 192/1140/1009 185/22/22
f 185/22/22 192/1140/1009 186/1150/1019
f 192/1140/1009 193/1138/1007 186/1150/1019
f 197/41/39 206/43/41 198/1145/1014
f 198/1145/1014 206/43/41 207/1171/1037
f 198/1145/1014 207/1171/1037 199/1143/1012
f 199/1143/1012 207/1171/1037 208/1172/1038
f 199/1143/1012 208/1172/1038 200/1141/1010
f 200/1141/1010 208/1172/1038 209/1173/1039
f 200/1141/1010 209/1173/1039 201/1139/1008
f 201/1139/1008 209/1173/1039 210/1130/1003
f 201/1139/1008 210/1130/1003 202/1132/1004
f 206/43/41 215/45/43 207/1171/1037
f 207/1171/1037 215/45/43 216/1174/1040
f 207/1171/1037 216/1174/1040 208/1172/1038
f 208/1172/1038 216/1174/1040 217/1175/1041
f 208/1172/1038 217/1175/1041 209/1173/1039
f 209/1173/1039 217/1175/1041 218/1128/1002
f 209/1173/1039 218/1128/1002 210/1130/1003
f 215/45/43 224/47/45 216/1174/1040
f 216/1174/1040 224/47/45 225/1176/1042
f 216/1174/1040 225/1176/1042 217/1175/1041
f 217/1175/1041 225/1176/1042 226/1126/1001
f 217/1175/1041 226/1126/1001 218/1128/1002
f 234/1124/1000 226/1126/1001 225/1176/1042
f 234/1124/1000 225/1176/1042 233/49/47
f 233/49/47 225/1176/1042 224/47/45
f 242/51/49 234/1124/1000 233/49/47
f 136/1177/1043 144/1178/1044 137/1179/1045
f 137/1179/1045 144/1178/1044 138/1180/1046
f 138/1180/1046 144/1178/1044 143/1181/1047
f 138/1180/1046 143/1181/1047 139/1182/1048
f 139/1182/1048 143/1181/1047 142/1183/1049
f 139/1182/1048 142/1183/1049 140/1184/1050
f 140/1184/1050 142/1183/1049 141/1185/1051
f 157/1186/1052 165/1187/1053 158/1188/1054
f 158/1188/1054 165/1187/1053 159/1189/1055
f 159/1189/1055 165/1187/1053 164/1190/1056
f 159/1189/1055 164/1190/1056 160/1191/1057
f 160/1191/1057 164/1190/1056 163/1192/1058
f 160/1191/1057 163/1192/1058 161/1193/1059
f 161/1193/1059 163/1192/1058 162/1194/1060
f 1043/1195/1061 1044/1196/1062 1069/1197/1063
f 1069/1197/1063 1044/1196/1062 1213/1198/1064
f 1069/1197/1063 1213/1198/1064 1070/1199/1065
f 1070/1199/1065 1213/1198/1064 1248/1200/1066
f 1070/1199/1065 1248/1200/1066 1071/1201/1067
f 1071/1201/1067 1248/1200/1066 1256/1202/1068
f 1071/1201/1067 1256/1202/1068 1072/1203/1069
f 1072/1203/1069 1256/1202/1068 1264/1204/1070
f 1072/1203/1069 1264/1204/1070 1073/1205/1071
f 1073/1205/1071 1264/1204/1070 1272/1206/1072
f 1073/1205/1071 1272/1206/1072 1074/1207/1073
f 1074/1207/1073 1272/1206/1072 1280/1208/1074
f 1074/1207/1073 1280/1208/1074 1075/1209/1075
f 1075/1209/1075 1280/1208/1074 1076/1210/1076
f 1076/1210/1076 1280/1208/1074 1288/1211/1077
f 1076/1210/1076 1288/1211/1077 1077/1212/1078
f 1077/1212/1078 1288/1211/1077 1296/1213/1079
f 1077/1212/1078 1296/1213/1079 1078/1214/1080
f 1078/1214/1080 1296/1213/1079 1304/1215/1081
f 1078/1214/1080 1304/1215/1081 1079/1216/1082
f 1079/1216/1082 1304/1215/1081 1312/1217/1083
f 1079/1216/1082 1312/1217/1083 1080/1218/1084
f 1080/1218/1084 1312/1217/1083 1320/1219/1085
f 1080/1218/1084 1320/1219/1085 1081/1220/1086
f 1081/1220/1086 1320/1219/1085 1328/1221/1087
f 1081/1220/1086 1328/1221/1087 1082/1222/1088
f 1082/1222/1088 1328/1221/1087 1083/1223/1089
f 1083/1223/1089 1328/1221/1087 1336/1224/1090
f 1083/1223/1089 1336/1224/1090 1084/1225/1091
f 1084/1225/1091 1336/1224/1090 1344/1226/1092
f 1084/1225/1091 1344/1226/1092 1085/1227/1093
f 1085/1227/1093 1344/1226/1092 1352/1228/1094
f 1085/1227/1093 1352/1228/1094 1086/1229/1095
f 1086/1229/1095 1352/1228/1094 1360/1230/1096
f 1086/1229/1095 1360/1230/1096 1087/1231/1097
f 1087/1231/1097 1360/1230/1096 1368/1232/1098
f 1087/1231/1097 1368/1232/1098 1088/1233/1099
f 1088/1233/1099 1368/1232/1098 1089/1234/1100
f 1089/1234/1100 1368/1232/1098 1376/1235/1101
f 1089/1234/1100 1376/1235/1101 1090/1236/1102
f 1090/1236/1102 1376/1235/1101 1384/1237/1103
f 1090/1236/1102 1384/1237/1103 1091/1238/1104
f 1091/1238/1104 1384/1237/1103 1392/1239/1105
f 1091/1238/1104 1392/1239/1105 1092/1240/1106
f 1092/1240/1106 1392/1239/1105 1400/1241/1107
f 1092/1240/1106 1400/1241/1107 1093/1242/1108
f 1093/1242/1108 1400/1241/1107 1408/1243/1109
f 1093/1242/1108 1408/1243/1109 1094/1244/1110
f 1094/1244/1110 1408/1243/1109 1095/1245/1111
f 1095/1245/1111 1408/1243/1109 1416/1246/1112
f 1095/1245/1111 1416/1246/1112 1096/1247/1113
f 1096/1247/1113 1416/1246/1112 1424/1248/1114
f 1096/1247/1113 1424/1248/1114 1097/1249/1115
f 1097/1249/1115 1424/1248/1114 1432/1250/1116
f 1097/1249/1115 1432/1250/1116 1098/1251/1117
f 1098/1251/1117 1432/1250/1116 1440/1252/1118
f 1098/1251/1117 1440/1252/1118 1099/1253/1119
f 1099/1253/1119 1440/1252/1118 1448/1254/1120
f 1099/1253/1119 1448/1254/1120 1100/1255/1121
f 1100/1255/1121 1448/1254/1120 1456/1256/1122
f 1100/1255/1121 1456/1256/1122 1101/1257/1123
f 1101/1257/1123 1456/1256/1122 1102/1258/1124
f 1102/1258/1124 1456/1256/1122 1464/1259/1125
f 1102/1258/1124 1464/1259/1125 1103/1260/1126
f 1103/1260/1126 1464/1259/1125 1472/1261/1127
f 1103/1260/1126 1472/1261/1127 1104/1262/1128
f 1104/1262/1128 1472/1261/1127 1480/1263/1129
f 1104/1262/1128 1480/1263/1129 1105/1264/1130
f 1105/1264/1130 1480/1263/1129 1488/1265/1131
f 1105/1264/1130 1488/1265/1131 1106/1266/1132
f 1106/1266/1132 1488/1265/1131 1496/1267/1133
f 1106/1266/1132 1496/1267/1133 1107/1268/1134
f 1107/1268/1134 1496/1267/1133 1108/1269/1135
f 1108/1269/1135 1496/1267/1133 1504/1270/1136
f 1108/1269/1135 1504/1270/1136 1109/1271/1137
f 1109/1271/1137 1504/1270/1136 1512/1272/1138
f 1109/1271/1137 1512/1272/1138 1110/1273/1139
f 1110/1273/1139 1512/1272/1138 1520/1274/1140
f 1110/1273/1139 1520/1274/1140 1111/1275/1141
f 1111/1275/1141 1520/1274/1140 1528/1276/1142
f 1111/1275/1141 1528/1276/1142 1112/1277/1143
f 1112/1277/1143 1528/1276/1142 1536/1278/1144
f 1112/1277/1143 1536/1278/1144 1113/1279/1145
f 1113/1279/1145 1536/1278/1144 1114/1280/1146
f 1114/1280/1146 1536/1278/1144 1544/1281/1147
f 1114/1280/1146 1544/1281/1147 1115/1282/1148
f 1115/1282/1148 1544/1281/1147 1552/1283/1149
f 1115/1282/1148 1552/1283/1149 1116/1284/1150
f 1116/1284/1150 1552/1283/1149 1560/1285/1151
f 1116/1284/1150 1560/1285/1151 1117/1286/1152
f 1117/1286/1152 1560/1285/1151 1568/1287/1153
f 1117/1286/1152 1568/1287/1153 1118/1288/1154
f 1118/1288/1154 1568/1287/1153 1576/1289/1155
f 1118/1288/1154 1576/1289/1155 1119/1290/1156
f 1119/1290/1156 1576/1289/1155 1584/1291/1157
f 1119/1290/1156 1584/1291/1157 1120/1292/1158
f 1120/1292/1158 1584/1291/1157 1121/1293/1159
f 1121/1293/1159 1584/1291/1157 1592/1294/1160
f 1121/1293/1159 1592/1294/1160 1122/1295/1161
f 1122/1295/1161 1592/1294/1160 1600/1296/1162
f 1122/1295/1161 1600/1296/1162 1123/1297/1163
f 1123/1297/1163 1600/1296/1162 1608/1298/1164
f 1123/1297/1163 1608/1298/1164 1124/1299/1165
f 1124/1299/1165 1608/1298/1164 1616/1300/1166
f 1124/1299/1165 1616/1300/1166 1125/1301/1167
f 1125/1301/1167 1616/1300/1166 1624/1302/1168
f 1125/1301/1167 1624/1302/1168 1126/1303/1169
f 1126/1303/1169 1624/1302/1168 1127/1304/1170
f 1127/1304/1170 1624/1302/1168 1632/1305/1171
f 1127/1304/1170 1632/1305/1171 1128/1306/1172
f 1128/1306/1172 1632/1305/1171 1640/1307/1173
f 1128/1306/1172 1640/1307/1173 1129/1308/1174
f 1129/1308/1174 1640/1307/1173 1648/1309/1175
f 1129/1308/1174 1648/1309/1175 1130/1310/1176
f 1130/1310/1176 1648/1309/1175 1656/1311/1177
f 1130/1310/1176 1656/1311/1177 1131/1312/1178
f 1131/1312/1178 1656/1311/1177 1664/1313/1179
f 1131/1312/1178 1664/1313/1179 1132/1314/1180
f 1132/1314/1180 1664/1313/1179 1133/1315/1181
f 1133/1315/1181 1664/1313/1179 1672/1316/1182
f 1133/1315/1181 1672/1316/1182 1134/1317/1183
f 1134/1317/1183 1672/1316/1182 1680/1318/1184
f 1134/1317/1183 1680/1318/1184 1135/1319/1185
f 1135/1319/1185 1680/1318/1184 1688/1320/1186
f 1135/1319/1185 1688/1320/1186 1136/1321/1187
f 1136/1321/1187 1688/1320/1186 1696/1322/1188
f 1136/1321/1187 1696/1322/1188 1137/1323/1189
f 1137/1323/1189 1696/1322/1188 1704/1324/1190
f 1137/1323/1189 1704/1324/1190 1138/1325/1191
f 1138/1325/1191 1704/1324/1190 1712/1326/1192
f 1138/1325/1191 1712/1326/1192 1139/1327/1193
f 1139/1327/1193 1712/1326/1192 1140/1328/1194
f 1140/1328/1194 1712/1326/1192 1720/1329/1195
f 1140/1328/1194 1720/1329/1195 1141/1330/1196
f 1141/1330/1196 1720/1329/1195 1728/1331/1197
f 1141/1330/1196 1728/1331/1197 1142/1332/1198
f 1142/1332/1198 1728/1331/1197 1736/1333/1199
f 1142/1332/1198 1736/1333/1199 1143/1334/1200
f 1143/1334/1200 1736/1333/1199 1744/1335/1201
f 1143/1334/1200 1744/1335/1201 1144/1336/1202
f 1144/1336/1202 1744/1335/1201 1752/1337/1203
f 1144/1336/1202 1752/1337/1203 1145/1338/1204
f 1145/1338/1204 1752/1337/1203 1146/1339/1205
f 1146/1339/1205 1752/1337/1203 1760/1340/1206
f 1146/1339/1205 1760/1340/1206 1147/1341/1207
f 1147/1341/1207 1760/1340/1206 1768/1342/1208
f 1147/1341/1207 1768/1342/1208 1148/1343/1209
f 1148/1343/1209 1768/1342/1208 1776/1344/1210
f 1148/1343/1209 1776/1344/1210 1149/1345/1211
f 1149/1345/1211 1776/1344/1210 1784/1346/1212
f 1149/1345/1211 1784/1346/1212 1150/1347/1213
f 1150/1347/1213 1784/1346/1212 1792/1348/1214
f 1150/1347/1213 1792/1348/1214 1151/1349/1215
f 1151/1349/1215 1792/1348/1214 1800/1350/1216
f 1151/1349/1215 1800/1350/1216 1152/1351/1217
f 1152/1351/1217 1800/1350/1216 1153/1352/1218
f 1153/1352/1218 1800/1350/1216 1808/1353/1219
f 1153/1352/1218 1808/1353/1219 1154/1354/1220
f 1154/1354/1220 1808/1353/1219 1816/1355/1221
f 1154/1354/1220 1816/1355/1221 1155/1356/1222
f 1155/1356/1222 1816/1355/1221 1824/1357/1223
f 1155/1356/1222 1824/1357/1223 1156/1358/1224
f 1156/1358/1224 1824/1357/1223 1832/1359/1225
f 1156/1358/1224 1832/1359/1225 1157/1360/1226
f 1157/1360/1226 1832/1359/1225 1840/1361/1227
f 1157/1360/1226 1840/1361/1227 1158/1362/1228
f 1158/1362/1228 1840/1361/1227 1159/1363/1229
f 1159/1363/1229 1840/1361/1227 1848/1364/1230
f 1159/1363/1229 1848/1364/1230 1160/1365/1231
f 1160/1365/1231 1848/1364/1230 1856/1366/1232
f 1160/1365/1231 1856/1366/1232 1161/1367/1233
f 1161/1367/1233 1856/1366/1232 1864/1368/1234
f 1161/1367/1233 1864/1368/1234 1162/1369/1235
f 1162/1369/1235 1864/1368/1234 1872/1370/1236
f 1162/1369/1235 1872/1370/1236 1163/1371/1237
f 1163/1371/1237 1872/1370/1236 1880/1372/1238
f 1163/1371/1237 1880/1372/1238 1164/1373/1239
f 1164/1373/1239 1880/1372/1238 1165/1374/1240
f 1165/1374/1240 1880/1372/1238 1888/1375/1241
f 1165/1374/1240 1888/1375/1241 1166/1376/1242
f 1166/1376/1242 1888/1375/1241 1896/1377/1243
f 1166/1376/1242 1896/1377/1243 1167/1378/1244
f 1167/1378/1244 1896/1377/1243 1904/1379/1245
f 1167/1378/1244 1904/1379/1245 1168/1380/1246
f 1168/1380/1246 1904/1379/1245 1912/1381/1247
f 1168/1380/1246 1912/1381/1247 1169/1382/1248
f 1169/1382/1248 1912/1381/1247 1920/1383/1249
f 1169/1382/1248 1920/1383/1249 1170/1384/1250
f 1170/1384/1250 1920/1383/1249 1928/1385/1251
f 1170/1384/1250 1928/1385/1251 1171/1386/1252
f 1171/1386/1252 1928/1385/1251 1172/1387/1253
f 1172/1387/1253 1928/1385/1251 1936/1388/1254
f 1172/1387/1253 1936/1388/1254 1173/1389/1255
f 1173/1389/1255 1936/1388/1254 1944/1390/1256
f 1173/1389/1255 1944/1390/1256 1174/1391/1257
f 1174/1391/1257 1944/1390/1256 1952/1392/1258
f 1174/1391/1257 1952/1392/1258 1175/1393/1259
f 1175/1393/1259 1952/1392/1258 1960/1394/1260
f 1175/1393/1259 1960/1394/1260 1176/1395/1261
f 1176/1395/1261 1960/1394/1260 1968/1396/1262
f 1176/1395/1261 1968/1396/1262 1177/1397/1263
f 1177/1397/1263 1968/1396/1262 1178/1398/1264
f 1178/1398/1264 1968/1396/1262 1976/1399/1265
f 1178/1398/1264 1976/1399/1265 1179/1400/1266
f 1179/1400/1266 1976/1399/1265 1984/1401/1267
f 1179/1400/1266 1984/1401/1267 1180/1402/1268
f 1180/1402/1268 1984/1401/1267 1992/1403/1269
f 1180/1402/1268 1992/1403/1269 1181/1404/1270
f 1181/1404/1270 1992/1403/1269 2000/1405/1271
f 1181/1404/1270 2000/1405/1271 1182/1406/1272
f 1182/1406/1272 2000/1405/1271 2008/1407/1273
f 1182/1406/1272 2008/1407/1273 1183/1408/1274
f 1183/1408/1274 2008/1407/1273 1184/1409/1275
f 1184/1409/1275 2008/1407/1273 2016/1410/1276
f 1184/1409/1275 2016/1410/1276 1185/1411/1277
f 1185/1411/1277 2016/1410/1276 2024/1412/1278
f 1185/1411/1277 2024/1412/1278 1186/1413/1279
f 1186/1413/1279 2024/1412/1278 2032/1414/1280
f 1186/1413/1279 2032/1414/1280 1187/1415/1281
f 1187/1415/1281 2032/1414/1280 2040/1416/1282
f 1187/1415/1281 2040/1416/1282 1188/1417/1283
f 1188/1417/1283 2040/1416/1282 2048/1418/1284
f 1188/1417/1283 2048/1418/1284 1189/1419/1285
f 1189/1419/1285 2048/1418/1284 2056/1420/1286
f 1189/1419/1285 2056/1420/1286 1190/1421/1287
f 1190/1421/1287 2056/1420/1286 1191/1422/1288
f 1191/1422/1288 2056/1420/1286 2064/1423/1289
f 1191/1422/1288 2064/1423/1289 1192/1424/1290
f 1192/1424/1290 2064/1423/1289 2072/1425/1291
f 1192/1424/1290 2072/1425/1291 1193/1426/1292
f 1193/1426/1292 2072/1425/1291 2080/1427/1293
f 1193/1426/1292 2080/1427/1293 1194/1428/1294
f 1194/1428/1294 2080/1427/1293 2088/1429/1295
f 1194/1428/1294 2088/1429/1295 1195/1430/1296
f 1195/1430/1296 2088/1429/1295 1204/1431/1297
f 1195/1430/1296 1204/1431/1297 1196/1432/1298
f 1044/1196/1062 1045/1433/1299 1213/1198/1064
f 1213/1198/1064 1045/1433/1299 1046/1434/1300
f 1213/1198/1064 1046/1434/1300 1212/1435/1301
f 1212/1435/1301 1046/1434/1300 1047/1436/1302
f 1212/1435/1301 1047/1436/1302 1214/1437/1303
f 1214/1437/1303 1047/1436/1302 1048/1438/1304
f 1214/1437/1303 1048/1438/1304 1215/1439/1305
f 1215/1439/1305 1048/1438/1304 1220/1440/1306
f 1215/1439/1305 1220/1440/1306 1216/1441/1307
f 1216/1441/1307 1220/1440/1306 1221/1442/1308
f 1216/1441/1307 1221/1442/1308 1217/1443/1309
f 1217/1443/1309 1221/1442/1308 1222/1444/1310
f 1217/1443/1309 1222/1444/1310 1218/1445/1311
f 1218/1445/1311 1222/1444/1310 1223/1446/1312
f 1218/1445/1311 1223/1446/1312 1219/1447/1313
f 1219/1447/1313 1223/1446/1312 1224/1448/1314
f 1219/1447/1313 1224/1448/1314 1067/1449/1315
f 1067/1449/1315 1224/1448/1314 1054/1450/1316
f 1054/1450/1316 1224/1448/1314 1055/1451/1317
f 1055/1451/1317 1224/1448/1314 1232/1452/1318
f 1055/1451/1317 1232/1452/1318 1056/1453/1319
f 1056/1453/1319 1232/1452/1318 1240/1454/1320
f 1056/1453/1319 1240/1454/1320 1057/1455/1321
f 1057/1455/1321 1240/1454/1320 1066/1456/1322
f 1057/1455/1321 1066/1456/1322 1058/1457/1323
f 1220/1440/1306 1048/1438/1304 1228/1458/1324
f 1228/1458/1324 1048/1438/1304 1049/1459/1325
f 1228/1458/1324 1049/1459/1325 1050/1460/1326
f 1228/1458/1324 1050/1460/1326 1227/1461/1327
f 1227/1461/1327 1050/1460/1326 1051/1462/1328
f 1227/1461/1327 1051/1462/1328 1226/1463/1329
f 1226/1463/1329 1051/1462/1328 1052/1464/1330
f 1226/1463/1329 1052/1464/1330 1225/1465/1331
f 1225/1465/1331 1052/1464/1330 1205/1466/1332
f 1225/1465/1331 1205/1466/1332 1055/1467/1317
f 1055/1467/1317 1205/1466/1332 1054/1468/1316
f 1054/1468/1316 1205/1466/1332 1053/1469/1333
f 1053/1469/1333 1205/1466/1332 1052/1464/1330
f 1055/1467/1317 1056/1470/1319 1225/1465/1331
f 1225/1465/1331 1056/1470/1319 1233/1471/1334
f 1225/1465/1331 1233/1471/1334 1234/1472/1335
f 1234/1472/1335 1233/1471/1334 1060/1473/1336
f 1234/1472/1335 1060/1473/1336 1061/1474/1337
f 1056/1470/1319 1057/1475/1321 1233/1471/1334
f 1233/1471/1334 1057/1475/1321 1059/1476/1338
f 1233/1471/1334 1059/1476/1338 1060/1473/1336
f 1057/1475/1321 1058/1477/1323 1059/1476/1338
f 1234/1472/1335 1061/1474/1337 1235/1478/1339
f 1235/1478/1339 1061/1474/1337 1062/1479/1340
f 1235/1478/1339 1062/1479/1340 1236/1480/1341
f 1236/1480/1341 1062/1479/1340 1063/1481/1342
f 1236/1480/1341 1063/1481/1342 1237/1482/1343
f 1237/1482/1343 1063/1481/1342 1064/1483/1344
f 1237/1482/1343 1064/1483/1344 1238/1484/1345
f 1238/1484/1345 1064/1483/1344 1065/1485/1346
f 1238/1484/1345 1065/1485/1346 1239/1486/1347
f 1239/1486/1347 1065/1485/1346 1066/1456/1322
f 1239/1486/1347 1066/1456/1322 1240/1454/1320
f 1067/1449/1315 1068/1487/1348 1219/1447/1313
f 1219/1447/1313 1068/1487/1348 1043/1488/1061
f 1219/1447/1313 1043/1488/1061 1206/1489/1349
f 1206/1489/1349 1043/1488/1061 1069/1490/1063
f 1206/1489/1349 1069/1490/1063 1070/1491/1065
f 1206/1489/1349 1070/1491/1065 1241/1492/1350
f 1241/1492/1350 1070/1491/1065 1071/1493/1067
f 1241/1492/1350 1071/1493/1067 1249/1494/1351
f 1249/1494/1351 1071/1493/1067 1072/1495/1069
f 1249/1494/1351 1072/1495/1069 1257/1496/1352
f 1257/1496/1352 1072/1495/1069 1073/1497/1071
f 1257/1496/1352 1073/1497/1071 1265/1498/1353
f 1265/1498/1353 1073/1497/1071 1074/1499/1073
f 1265/1498/1353 1074/1499/1073 1273/1500/1354
f 1273/1500/1354 1074/1499/1073 1075/1501/1075
f 1273/1500/1354 1075/1501/1075 1076/1502/1076
f 1273/1500/1354 1076/1502/1076 1281/1503/1355
f 1281/1503/1355 1076/1502/1076 1077/1504/1078
f 1281/1503/1355 1077/1504/1078 1289/1505/1356
f 1289/1505/1356 1077/1504/1078 1078/1506/1080
f 1289/1505/1356 1078/1506/1080 1297/1507/1357
f 1297/1507/1357 1078/1506/1080 1079/1508/1082
f 1297/1507/1357 1079/1508/1082 1305/1509/1358
f 1305/1509/1358 1079/1508/1082 1080/1510/1084
f 1305/1509/1358 1080/1510/1084 1313/1511/1359
f 1313/1511/1359 1080/1510/1084 1081/1512/1086
f 1313/1511/1359 1081/1512/1086 1321/1513/1360
f 1321/1513/1360 1081/1512/1086 1082/1514/1088
f 1321/1513/1360 1082/1514/1088 1083/1515/1089
f 1321/1513/1360 1083/1515/1089 1329/1516/1361
f 1329/1516/1361 1083/1515/1089 1084/1517/1091
f 1329/1516/1361 1084/1517/1091 1337/1518/1362
f 1337/1518/1362 1084/1517/1091 1085/1519/1093
f 1337/1518/1362 1085/1519/1093 1345/1520/1363
f 1345/1520/1363 1085/1519/1093 1086/1521/1095
f 1345/1520/1363 1086/1521/1095 1353/1522/1364
f 1353/1522/1364 1086/1521/1095 1087/1523/1097
f 1353/1522/1364 1087/1523/1097 1361/1524/1365
f 1361/1524/1365 1087/1523/1097 1088/1525/1099
f 1361/1524/1365 1088/1525/1099 1089/1526/1100
f 1361/1524/1365 1089/1526/1100 1369/1527/1366
f 1369/1527/1366 1089/1526/1100 1090/1528/1102
f 1369/1527/1366 1090/1528/1102 1377/1529/1367
f 1377/1529/1367 1090/1528/1102 1091/1530/1104
f 1377/1529/1367 1091/1530/1104 1385/1531/1368
f 1385/1531/1368 1091/1530/1104 1092/1532/1106
f 1385/1531/1368 1092/1532/1106 1393/1533/1369
f 1393/1533/1369 1092/1532/1106 1093/1534/1108
f 1393/1533/1369 1093/1534/1108 1401/1535/1370
f 1401/1535/1370 1093/1534/1108 1094/1536/1110
f 1401/1535/1370 1094/1536/1110 1095/1537/1111
f 1401/1535/1370 1095/1537/1111 1409/1538/1371
f 1409/1538/1371 1095/1537/1111 1096/1539/1113
f 1409/1538/1371 1096/1539/1113 1417/1540/1372
f 1417/1540/1372 1096/1539/1113 1097/1541/1115
f 1417/1540/1372 1097/1541/1115 1425/1542/1373
f 1425/1542/1373 1097/1541/1115 1098/1543/1117
f 1425/1542/1373 1098/1543/1117 1433/1544/1374
f 1433/1544/1374 1098/1543/1117 1099/1545/1119
f 1433/1544/1374 1099/1545/1119 1441/1546/1375
f 1441/1546/1375 1099/1545/1119 1100/1547/1121
f 1441/1546/1375 1100/1547/1121 1449/1548/1376
f 1449/1548/1376 1100/1547/1121 1101/1549/1123
f 1449/1548/1376 1101/1549/1123 1102/1550/1124
f 1449/1548/1376 1102/1550/1124 1457/1551/1377
f 1457/1551/1377 1102/1550/1124 1103/1552/1126
f 1457/1551/1377 1103/1552/1126 1465/1553/1378
f 1465/1553/1378 1103/1552/1126 1104/1554/1128
f 1465/1553/1378 1104/1554/1128 1473/1555/1379
f 1473/1555/1379 1104/1554/1128 1105/1556/1130
f 1473/1555/1379 1105/1556/1130 1481/1557/1380
f 1481/1557/1380 1105/1556/1130 1106/1558/1132
f 1481/1557/1380 1106/1558/1132 1489/1559/1381
f 1489/1559/1381 1106/1558/1132 1107/1560/1134
f 1489/1559/1381 1107/1560/1134 1108/1561/1135
f 1489/1559/1381 1108/1561/1135 1497/1562/1382
f 1497/1562/1382 1108/1561/1135 1109/1563/1137
f 1497/1562/1382 1109/1563/1137 1505/1564/1383
f 1505/1564/1383 1109/1563/1137 1110/1565/1139
f 1505/1564/1383 1110/1565/1139 1513/1566/1384
f 1513/1566/1384 1110/1565/1139 1111/1567/1141
f 1513/1566/1384 1111/1567/1141 1521/1568/1385
f 1521/1568/1385 1111/1567/1141 1112/1569/1143
f 1521/1568/1385 1112/1569/1143 1529/1570/1386
f 1529/1570/1386 1112/1569/1143 1113/1571/1145
f 1529/1570/1386 1113/1571/1145 1114/1572/1146
f 1529/1570/1386 1114/1572/1146 1537/1573/1387
f 1537/1573/1387 1114/1572/1146 1115/1574/1148
f 1537/1573/1387 1115/1574/1148 1545/1575/1388
f 1545/1575/1388 1115/1574/1148 1116/1576/1150
f 1545/1575/1388 1116/1576/1150 1553/1577/1389
f 1553/1577/1389 1116/1576/1150 1117/1578/1152
f 1553/1577/1389 1117/1578/1152 1561/1579/1390
f 1561/1579/1390 1117/1578/1152 1118/1580/1154
f 1561/1579/1390 1118/1580/1154 1569/1581/1391
f 1569/1581/1391 1118/1580/1154 1119/1582/1156
f 1569/1581/1391 1119/1582/1156 1577/1583/1392
f 1577/1583/1392 1119/1582/1156 1120/1584/1158
f 1577/1583/1392 1120/1584/1158 1121/1585/1159
f 1577/1583/1392 1121/1585/1159 1585/1586/1393
f 1585/1586/1393 1121/1585/1159 1122/1587/1161
f 1585/1586/1393 1122/1587/1161 1593/1588/1394
f 1593/1588/1394 1122/1587/1161 1123/1589/1163
f 1593/1588/1394 1123/1589/1163 1601/1590/1395
f 1601/1590/1395 1123/1589/1163 1124/1591/1165
f 1601/1590/1395 1124/1591/1165 1609/1592/1396
f 1609/1592/1396 1124/1591/1165 1125/1593/1167
f 1609/1592/1396 1125/1593/1167 1617/1594/1397
f 1617/1594/1397 1125/1593/1167 1126/1595/1169
f 1617/1594/1397 1126/1595/1169 1127/1596/1170
f 1617/1594/1397 1127/1596/1170 1625/1597/1398
f 1625/1597/1398 1127/1596/1170 1128/1598/1172
f 1625/1597/1398 1128/1598/1172 1633/1599/1399
f 1633/1599/1399 1128/1598/1172 1129/1600/1174
f 1633/1599/1399 1129/1600/1174 1641/1601/1400
f 1641/1601/1400 1129/1600/1174 1130/1602/1176
f 1641/1601/1400 1130/1602/1176 1649/1603/1401
f 1649/1603/1401 1130/1602/1176 1131/1604/1178
f 1649/1603/1401 1131/1604/1178 1657/1605/1402
f 1657/1605/1402 1131/1604/1178 1132/1606/1180
f 1657/1605/1402 1132/1606/1180 1133/1607/1181
f 1657/1605/1402 1133/1607/1181 1665/1608/1403
f 1665/1608/1403 1133/1607/1181 1134/1609/1183
f 1665/1608/1403 1134/1609/1183 1673/1610/1404
f 1673/1610/1404 1134/1609/1183 1135/1611/1185
f 1673/1610/1404 1135/1611/1185 1681/1612/1405
f 1681/1612/1405 1135/1611/1185 1136/1613/1187
f 1681/1612/1405 1136/1613/1187 1689/1614/1406
f 1689/1614/1406 1136/1613/1187 1137/1615/1189
f 1689/1614/1406 1137/1615/1189 1697/1616/1407
f 1697/1616/1407 1137/1615/1189 1138/1617/1191
f 1697/1616/1407 1138/1617/1191 1705/1618/1408
f 1705/1618/1408 1138/1617/1191 1139/1619/1193
f 1705/1618/1408 1139/1619/1193 1140/1620/1194
f 1705/1618/1408 1140/1620/1194 1713/1621/1409
f 1713/1621/1409 1140/1620/1194 1141/1622/1196
f 1713/1621/1409 1141/1622/1196 1721/1623/1410
f 1721/1623/1410 1141/1622/1196 1142/1624/1198
f 1721/1623/1410 1142/1624/1198 1729/1625/1411
f 1729/1625/1411 1142/1624/1198 1143/1626/1200
f 1729/1625/1411 1143/1626/1200 1737/1627/1412
f 1737/1627/1412 1143/1626/1200 1144/1628/1202
f 1737/1627/1412 1144/1628/1202 1745/1629/1413
f 1745/1629/1413 1144/1628/1202 1145/1630/1204
f 1745/1629/1413 1145/1630/1204 1146/1631/1205
f 1745/1629/1413 1146/1631/1205 1753/1632/1414
f 1753/1632/1414 1146/1631/1205 1147/1633/1207
f 1753/1632/1414 1147/1633/1207 1761/1634/1415
f 1761/1634/1415 1147/1633/1207 1148/1635/1209
f 1761/1634/1415 1148/1635/1209 1769/1636/1416
f 1769/1636/1416 1148/1635/1209 1149/1637/1211
f 1769/1636/1416 1149/1637/1211 1777/1638/1417
f 1777/1638/1417 1149/1637/1211 1150/1639/1213
f 1777/1638/1417 1150/1639/1213 1785/1640/1418
f 1785/1640/1418 1150/1639/1213 1151/1641/1215
f 1785/1640/1418 1151/1641/1215 1793/1642/1419
f 1793/1642/1419 1151/1641/1215 1152/1643/1217
f 1793/1642/1419 1152/1643/1217 1153/1644/1218
f 1793/1642/1419 1153/1644/1218 1801/1645/1420
f 1801/1645/1420 1153/1644/1218 1154/1646/1220
f 1801/1645/1420 1154/1646/1220 1809/1647/1421
f 1809/1647/1421 1154/1646/1220 1155/1648/1222
f 1809/1647/1421 1155/1648/1222 1817/1649/1422
f 1817/1649/1422 1155/1648/1222 1156/1650/1224
f 1817/1649/1422 1156/1650/1224 1825/1651/1423
f 1825/1651/1423 1156/1650/1224 1157/1652/1226
f 1825/1651/1423 1157/1652/1226 1833/1653/1424
f 1833/1653/1424 1157/1652/1226 1158/1654/1228
f 1833/1653/1424 1158/1654/1228 1159/1655/1229
f 1833/1653/1424 1159/1655/1229 1841/1656/1425
f 1841/1656/1425 1159/1655/1229 1160/1657/1231
f 1841/1656/1425 1160/1657/1231 1849/1658/1426
f 1849/1658/1426 1160/1657/1231 1161/1659/1233
f 1849/1658/1426 1161/1659/1233 1857/1660/1427
f 1857/1660/1427 1161/1659/1233 1162/1661/1235
f 1857/1660/1427 1162/1661/1235 1865/1662/1428
f 1865/1662/1428 1162/1661/1235 1163/1663/1237
f 1865/1662/1428 1163/1663/1237 1873/1664/1429
f 1873/1664/1429 1163/1663/1237 1164/1665/1239
f 1873/1664/1429 1164/1665/1239 1165/1666/1240
f 1873/1664/1429 1165/1666/1240 1881/1667/1430
f 1881/1667/1430 1165/1666/1240 1166/1668/1242
f 1881/1667/1430 1166/1668/1242 1889/1669/1431
f 1889/1669/1431 1166/1668/1242 1167/1670/1244
f 1889/1669/1431 1167/1670/1244 1897/1671/1432
f 1897/1671/1432 1167/1670/1244 1168/1672/1246
f 1897/1671/1432 1168/1672/1246 1905/1673/1433
f 1905/1673/1433 1168/1672/1246 1169/1674/1248
f 1905/1673/1433 1169/1674/1248 1913/1675/1434
f 1913/1675/1434 1169/1674/1248 1170/1676/1250
f 1913/1675/1434 1170/1676/1250 1921/1677/1435
f 1921/1677/1435 1170/1676/1250 1171/1678/1252
f 1921/1677/1435 1171/1678/1252 1172/1679/1253
f 1921/1677/1435 1172/1679/1253 1929/1680/1436
f 1929/1680/1436 1172/1679/1253 1173/1681/1255
f 1929/1680/1436 1173/1681/1255 1937/1682/1437
f 1937/1682/1437 1173/1681/1255 1174/1683/1257
f 1937/1682/1437 1174/1683/1257 1945/1684/1438
f 1945/1684/1438 1174/1683/1257 1175/1685/1259
f 1945/1684/1438 1175/1685/1259 1953/1686/1439
f 1953/1686/1439 1175/1685/1259 1176/1687/1261
f 1953/1686/1439 1176/1687/1261 1961/1688/1440
f 1961/1688/1440 1176/1687/1261 1177/1689/1263
f 1961/1688/1440 1177/1689/1263 1178/1690/1264
f 1961/1688/1440 1178/1690/1264 1969/1691/1441
f 1969/1691/1441 1178/1690/1264 1179/1692/1266
f 1969/1691/1441 1179/1692/1266 1977/1693/1442
f 1977/1693/1442 1179/1692/1266 1180/1694/1268
f 1977/1693/1442 1180/1694/1268 1985/1695/1443
f 1985/1695/1443 1180/1694/1268 1181/1696/1270
f 1985/1695/1443 1181/1696/1270 1993/1697/1444
f 1993/1697/1444 1181/1696/1270 1182/1698/1272
f 1993/1697/1444 1182/1698/1272 2001/1699/1445
f 2001/1699/1445 1182/1698/1272 1183/1700/1274
f 2001/1699/1445 1183/1700/1274 1184/1701/1275
f 2001/1699/1445 1184/1701/1275 2009/1702/1446
f 2009/1702/1446 1184/1701/1275 1185/1703/1277
f 2009/1702/1446 1185/1703/1277 2017/1704/1447
f 2017/1704/1447 1185/1703/1277 1186/1705/1279
f 2017/1704/1447 1186/1705/1279 2025/1706/1448
f 2025/1706/1448 1186/1705/1279 1187/1707/1281
f 2025/1706/1448 1187/1707/1281 2033/1708/1449
f 2033/1708/1449 1187/1707/1281 1188/1709/1283
f 2033/1708/1449 1188/1709/1283 2041/1710/1450
f 2041/1710/1450 1188/1709/1283 1189/1711/1285
f 2041/1710/1450 1189/1711/1285 2049/1712/1451
f 2049/1712/1451 1189/1711/1285 1190/1713/1287
f 2049/1712/1451 1190/1713/1287 1191/1714/1288
f 2049/1712/1451 1191/1714/1288 2057/1715/1452
f 2057/1715/1452 1191/1714/1288 1192/1716/1290
f 2057/1715/1452 1192/1716/1290 2065/1717/1453
f 2065/1717/1453 1192/1716/1290 1193/1718/1292
f 2065/1717/1453 1193/1718/1292 2073/1719/1454
f 2073/1719/1454 1193/1718/1292 1194/1720/1294
f 2073/1719/1454 1194/1720/1294 2081/1721/1455
f 2081/1721/1455 1194/1720/1294 1195/1722/1296
f 2081/1721/1455 1195/1722/1296 1197/1723/1456
f 1197/1723/1456 1195/1722/1296 1196/1724/1298
f 1197/1723/1456 1198/1725/1457 2081/1721/1455
f 2081/1721/1455 1198/1725/1457 2082/1726/1458
f 2081/1721/1455 2082/1726/1458 2073/1719/1454
f 2073/1719/1454 2082/1726/1458 2074/1727/1459
f 2073/1719/1454 2074/1727/1459 2065/1717/1453
f 2065/1717/1453 2074/1727/1459 2066/1728/1460
f 2065/1717/1453 2066/1728/1460 2057/1715/1452
f 2057/1715/1452 2066/1728/1460 2058/1729/1461
f 2057/1715/1452 2058/1729/1461 2049/1712/1451
f 2049/1712/1451 2058/1729/1461 2050/1730/1462
f 2049/1712/1451 2050/1730/1462 2041/1710/1450
f 2041/1710/1450 2050/1730/1462 2042/1731/1463
f 2041/1710/1450 2042/1731/1463 2033/1708/1449
f 2033/1708/1449 2042/1731/1463 2034/1732/1464
f 2033/1708/1449 2034/1732/1464 2025/1706/1448
f 2025/1706/1448 2034/1732/1464 2026/1733/1465
f 2025/1706/1448 2026/1733/1465 2017/1704/1447
f 2017/1704/1447 2026/1733/1465 2018/1734/1466
f 2017/1704/1447 2018/1734/1466 2009/1702/1446
f 2009/1702/1446 2018/1734/1466 2010/1735/1467
f 2009/1702/1446 2010/1735/1467 2001/1699/1445
f 2001/1699/1445 2010/1735/1467 2002/1736/1468
f 2001/1699/1445 2002/1736/1468 1993/1697/1444
f 1993/1697/1444 2002/1736/1468 1994/1737/1469
f 1993/1697/1444 1994/1737/1469 1985/1695/1443
f 1985/1695/1443 1994/1737/1469 1986/1738/1470
f 1985/1695/1443 1986/1738/1470 1977/1693/1442
f 1977/1693/1442 1986/1738/1470 1978/1739/1471
f 1977/1693/1442 1978/1739/1471 1969/1691/1441
f 1969/1691/1441 1978/1739/1471 1970/1740/1472
f 1969/1691/1441 1970/1740/1472 1961/1688/1440
f 1961/1688/1440 1970/1740/1472 1962/1741/1473
f 1961/1688/1440 1962/1741/1473 1953/1686/1439
f 1953/1686/1439 1962/1741/1473 1954/1742/1474
f 1953/1686/1439 1954/1742/1474 1945/1684/1438
f 1945/1684/1438 1954/1742/1474 1946/1743/1475
f 1945/1684/1438 1946/1743/1475 1937/1682/1437
f 1937/1682/1437 1946/1743/1475 1938/1744/1476
f 1937/1682/1437 1938/1744/1476 1929/1680/1436
f 1929/1680/1436 1938/1744/1476 1930/1745/1477
f 1929/1680/1436 1930/1745/1477 1921/1677/1435
f 1921/1677/1435 1930/1745/1477 1922/1746/1478
f 1921/1677/1435 1922/1746/1478 1913/1675/1434
f 1913/1675/1434 1922/1746/1478 1914/1747/1479
f 1913/1675/1434 1914/1747/1479 1905/1673/1433
f 1905/1673/1433 1914/1747/1479 1906/1748/1480
f 1905/1673/1433 1906/1748/1480 1897/1671/1432
f 1897/1671/1432 1906/1748/1480 1898/1749/1481
f 1897/1671/1432 1898/1749/1481 1889/1669/1431
f 1889/1669/1431 1898/1749/1481 1890/1750/1482
f 1889/1669/1431 1890/1750/1482 1881/1667/1430
f 1881/1667/1430 1890/1750/1482 1882/1751/1483
f 1881/1667/1430 1882/1751/1483 1873/1664/1429
f 1873/1664/1429 1882/1751/1483 1874/1752/1484
f 1873/1664/1429 1874/1752/1484 1865/1662/1428
f 1865/1662/1428 1874/1752/1484 1866/1753/1485
f 1865/1662/1428 1866/1753/1485 1857/1660/1427
f 1857/1660/1427 1866/1753/1485 1858/1754/1486
f 1857/1660/1427 1858/1754/1486 1849/1658/1426
f 1849/1658/1426 1858/1754/1486 1850/1755/1487
f 1849/1658/1426 1850/1755/1487 1841/1656/1425
f 1841/1656/1425 1850/1755/1487 1842/1756/1488
f 1841/1656/1425 1842/1756/1488 1833/1653/1424
f 1833/1653/1424 1842/1756/1488 1834/1757/1489
f 1833/1653/1424 1834/1757/1489 1825/1651/1423
f 1825/1651/1423 1834/1757/1489 1826/1758/1490
f 1825/1651/1423 1826/1758/1490 1817/1649/1422
f 1817/1649/1422 1826/1758/1490 1818/1759/1491
f 1817/1649/1422 1818/1759/1491 1809/1647/1421
f 1809/1647/1421 1818/1759/1491 1810/1760/1492
f 1809/1647/1421 1810/1760/1492 1801/1645/1420
f 1801/1645/1420 1810/1760/1492 1802/1761/1493
f 1801/1645/1420 1802/1761/1493 1793/1642/1419
f 1793/1642/1419 1802/1761/1493 1794/1762/1494
f 1793/1642/1419 1794/1762/1494 1785/1640/1418
f 1785/1640/1418 1794/1762/1494 1786/1763/1495
f 1785/1640/1418 1786/1763/1495 1777/1638/1417
f 1777/1638/1417 1786/1763/1495 1778/1764/1496
f 1777/1638/1417 1778/1764/1496 1769/1636/1416
f 1769/1636/1416 1778/1764/1496 1770/1765/1497
f 1769/1636/1416 1770/1765/1497 1761/1634/1415
f 1761/1634/1415 1770/1765/1497 1762/1766/1498
f 1761/1634/1415 1762/1766/1498 1753/1632/1414
f 1753/1632/1414 1762/1766/1498 1754/1767/1499
f 1753/1632/1414 1754/1767/1499 1745/1629/1413
f 1745/1629/1413 1754/1767/1499 1746/1768/1500
f 1745/1629/1413 1746/1768/1500 1737/1627/1412
f 1737/1627/1412 1746/1768/1500 1738/1769/1501
f 1737/1627/1412 1738/1769/1501 1729/1625/1411
f 1729/1625/1411 1738/1769/1501 1730/1770/1502
f 1729/1625/1411 1730/1770/1502 1721/1623/1410
f 1721/1623/1410 1730/1770/1502 1722/1771/1503
f 1721/1623/1410 1722/1771/1503 1713/1621/1409
f 1713/1621/1409 1722/1771/1503 1714/1772/1504
f 1713/1621/1409 1714/1772/1504 1705/1618/1408
f 1705/1618/1408 1714/1772/1504 1706/1773/1505
f 1705/1618/1408 1706/1773/1505 1697/1616/1407
f 1697/1616/1407 1706/1773/1505 1698/1774/1506
f 1697/1616/1407 1698/1774/1506 1689/1614/1406
f 1689/1614/1406 1698/1774/1506 1690/1775/1507
f 1689/1614/1406 1690/1775/1507 1681/1612/1405
f 1681/1612/1405 1690/1775/1507 1682/1776/1508
f 1681/1612/1405 1682/1776/1508 1673/1610/1404
f 1673/1610/1404 1682/1776/1508 1674/1777/1509
f 1673/1610/1404 1674/1777/1509 1665/1608/1403
f 1665/1608/1403 1674/1777/1509 1666/1778/1510
f 1665/1608/1403 1666/1778/1510 1657/1605/1402
f 1657/1605/1402 1666/1778/1510 1658/1779/1511
f 1657/1605/1402 1658/1779/1511 1649/1603/1401
f 1649/1603/1401 1658/1779/1511 1650/1780/1512
f 1649/1603/1401 1650/1780/1512 1641/1601/1400
f 1641/1601/1400 1650/1780/1512 1642/1781/1513
f 1641/1601/1400 1642/1781/1513 1633/1599/1399
f 1633/1599/1399 1642/1781/1513 1634/1782/1514
f 1633/1599/1399 1634/1782/1514 1625/1597/1398
f 1625/1597/1398 1634/1782/1514 1626/1783/1515
f 1625/1597/1398 1626/1783/1515 1617/1594/1397
f 1617/1594/1397 1626/1783/1515 1618/1784/1516
f 1617/1594/1397 1618/1784/1516 1609/1592/1396
f 1609/1592/1396 1618/1784/1516 1610/1785/1517
f 1609/1592/1396 1610/1785/1517 1601/1590/1395
f 1601/1590/1395 1610/1785/1517 1602/1786/1518
f 1601/1590/1395 1602/1786/1518 1593/1588/1394
f 1593/1588/1394 1602/1786/1518 1594/1787/1519
f 1593/1588/1394 1594/1787/1519 1585/1586/1393
f 1585/1586/1393 1594/1787/1519 1586/1788/1520
f 1585/1586/1393 1586/1788/1520 1577/1583/1392
f 1577/1583/1392 1586/1788/1520 1578/1789/1521
f 1577/1583/1392 1578/1789/1521 1569/1581/1391
f 1569/1581/1391 1578/1789/1521 1570/1790/1522
f 1569/1581/1391 1570/1790/1522 1561/1579/1390
f 1561/1579/1390 1570/1790/1522 1562/1791/1523
f 1561/1579/1390 1562/1791/1523 1553/1577/1389
f 1553/1577/1389 1562/1791/1523 1554/1792/1524
f 1553/1577/1389 1554/1792/1524 1545/1575/1388
f 1545/1575/1388 1554/1792/1524 1546/1793/1525
f 1545/1575/1388 1546/1793/1525 1537/1573/1387
f 1537/1573/1387 1546/1793/1525 1538/1794/1526
f 1537/1573/1387 1538/1794/1526 1529/1570/1386
f 1529/1570/1386 1538/1794/1526 1530/1795/1527
f 1529/1570/1386 1530/1795/1527 1521/1568/1385
f 1521/1568/1385 1530/1795/1527 1522/1796/1528
f 1521/1568/1385 1522/1796/1528 1513/1566/1384
f 1513/1566/1384 1522/1796/1528 1514/1797/1529
f 1513/1566/1384 1514/1797/1529 1505/1564/1383
f 1505/1564/1383 1514/1797/1529 1506/1798/1530
f 1505/1564/1383 1506/1798/1530 1497/1562/1382
f 1497/1562/1382 1506/1798/1530 1498/1799/1531
f 1497/1562/1382 1498/1799/1531 1489/1559/1381
f 1489/1559/1381 1498/1799/1531 1490/1800/1532
f 1489/1559/1381 1490/1800/1532 1481/1557/1380
f 1481/1557/1380 1490/1800/1532 1482/1801/1533
f 1481/1557/1380 1482/1801/1533 1473/1555/1379
f 1473/1555/1379 1482/1801/1533 1474/1802/1534
f 1473/1555/1379 1474/1802/1534 1465/1553/1378
f 1465/1553/1378 1474/1802/1534 1466/1803/1535
f 1465/1553/1378 1466/1803/1535 1457/1551/1377
f 1457/1551/1377 1466/1803/1535 1458/1804/1536
f 1457/1551/1377 1458/1804/1536 1449/1548/1376
f 1449/1548/1376 1458/1804/1536 1450/1805/1537
f 1449/1548/1376 1450/1805/1537 1441/1546/1375
f 1441/1546/1375 1450/1805/1537 1442/1806/1538
f 1441/1546/1375 1442/1806/1538 1433/1544/1374
f 1433/1544/1374 1442/1806/1538 1434/1807/1539
f 1433/1544/1374 1434/1807/1539 1425/1542/1373
f 1425/1542/1373 1434/1807/1539 1426/1808/1540
f 1425/1542/1373 1426/1808/1540 1417/1540/1372
f 1417/1540/1372 1426/1808/1540 1418/1809/1541
f 1417/1540/1372 1418/1809/1541 1409/1538/1371
f 1409/1538/1371 1418/1809/1541 1410/1810/1542
f 1409/1538/1371 1410/1810/1542 1401/1535/1370
f 1401/1535/1370 1410/1810/1542 1402/1811/1543
f 1401/1535/1370 1402/1811/1543 1393/1533/1369
f 1393/1533/1369 1402/1811/1543 1394/1812/1544
f 1393/1533/1369 1394/1812/1544 1385/1531/1368
f 1385/1531/1368 1394/1812/1544 1386/1813/1545
f 1385/1531/1368 1386/1813/1545 1377/1529/1367
f 1377/1529/1367 1386/1813/1545 1378/1814/1546
f 1377/1529/1367 1378/1814/1546 1369/1527/1366
f 1369/1527/1366 1378/1814/1546 1370/1815/1547
f 1369/1527/1366 1370/1815/1547 1361/1524/1365
f 1361/1524/1365 1370/1815/1547 1362/1816/1548
f 1361/1524/1365 1362/1816/1548 1353/1522/1364
f 1353/1522/1364 1362/1816/1548 1354/1817/1549
f 1353/1522/1364 1354/1817/1549 1345/1520/1363
f 1345/1520/1363 1354/1817/1549 1346/1818/1550
f 1345/1520/1363 1346/1818/1550 1337/1518/1362
f 1337/1518/1362 1346/1818/1550 1338/1819/1551
f 1337/1518/1362 1338/1819/1551 1329/1516/1361
f 1329/1516/1361 1338/1819/1551 1330/1820/1552
f 1329/1516/1361 1330/1820/1552 1321/1513/1360
f 1321/1513/1360 1330/1820/1552 1322/1821/1553
f 1321/1513/1360 1322/1821/1553 1313/1511/1359
f 1313/1511/1359 1322/1821/1553 1314/1822/1554
f 1313/1511/1359 1314/1822/1554 1305/1509/1358
f 1305/1509/1358 1314/1822/1554 1306/1823/1555
f 1305/1509/1358 1306/1823/1555 1297/1507/1357
f 1297/1507/1357 1306/1823/1555 1298/1824/1556
f 1297/1507/1357 1298/1824/1556 1289/1505/1356
f 1289/1505/1356 1298/1824/1556 1290/1825/1557
f 1289/1505/1356 1290/1825/1557 1281/1503/1355
f 1281/1503/1355 1290/1825/1557 1282/1826/1558
f 1281/1503/1355 1282/1826/1558 1273/1500/1354
f 1273/1500/1354 1282/1826/1558 1274/1827/1559
f 1273/1500/1354 1274/1827/1559 1265/1498/1353
f 1265/1498/1353 1274/1827/1559 1266/1828/1560
f 1265/1498/1353 1266/1828/1560 1257/1496/1352
f 1257/1496/1352 1266/1828/1560 1258/1829/1561
f 1257/1496/1352 1258/1829/1561 1249/1494/1351
f 1249/1494/1351 1258/1829/1561 1250/1830/1562
f 1249/1494/1351 1250/1830/1562 1241/1492/1350
f 1241/1492/1350 1250/1830/1562 1242/1831/1563
f 1241/1492/1350 1242/1831/1563 1206/1489/1349
f 1206/1489/1349 1242/1831/1563 1207/1832/1564
f 1206/1489/1349 1207/1832/1564 1219/1447/1313
f 1219/1447/1313 1207/1832/1564 1218/1445/1311
f 1198/1725/1457 1199/1833/1565 2082/1726/1458
f 2082/1726/1458 1199/1833/1565 2083/1834/1566
f 2082/1726/1458 2083/1834/1566 2074/1727/1459
f 2074/1727/1459 2083/1834/1566 2075/1835/1567
f 2074/1727/1459 2075/1835/1567 2066/1728/1460
f 2066/1728/1460 2075/1835/1567 2067/1836/1568
f 2066/1728/1460 2067/1836/1568 2058/1729/1461
f 2058/1729/1461 2067/1836/1568 2059/1837/1569
f 2058/1729/1461 2059/1837/1569 2050/1730/1462
f 2050/1730/1462 2059/1837/1569 2051/1838/1570
f 2050/1730/1462 2051/1838/1570 2042/1731/1463
f 2042/1731/1463 2051/1838/1570 2043/1839/1571
f 2042/1731/1463 2043/1839/1571 2034/1732/1464
f 2034/1732/1464 2043/1839/1571 2035/1840/1572
f 2034/1732/1464 2035/1840/1572 2026/1733/1465
f 2026/1733/1465 2035/1840/1572 2027/1841/1573
f 2026/1733/1465 2027/1841/1573 2018/1734/1466
f 2018/1734/1466 2027/1841/1573 2019/1842/1574
f 2018/1734/1466 2019/1842/1574 2010/1735/1467
f 2010/1735/1467 2019/1842/1574 2011/1843/1575
f 2010/1735/1467 2011/1843/1575 2002/1736/1468
f 2002/1736/1468 2011/1843/1575 2003/1844/1576
f 2002/1736/1468 2003/1844/1576 1994/1737/1469
f 1994/1737/1469 2003/1844/1576 1995/1845/1577
f 1994/1737/1469 1995/1845/1577 1986/1738/1470
f 1986/1738/1470 1995/1845/1577 1987/1846/1578
f 1986/1738/1470 1987/1846/1578 1978/1739/1471
f 1978/1739/1471 1987/1846/1578 1979/1847/1579
f 1978/1739/1471 1979/1847/1579 1970/1740/1472
f 1970/1740/1472 1979/1847/1579 1971/1848/1580
f 1970/1740/1472 1971/1848/1580 1962/1741/1473
f 1962/1741/1473 1971/1848/1580 1963/1849/1581
f 1962/1741/1473 1963/1849/1581 1954/1742/1474
f 1954/1742/1474 1963/1849/1581 1955/1850/1582
f 1954/1742/1474 1955/1850/1582 1946/1743/1475
f 1946/1743/1475 1955/1850/1582 1947/1851/1583
f 1946/1743/1475 1947/1851/1583 1938/1744/1476
f 1938/1744/1476 1947/1851/1583 1939/1852/1584
f 1938/1744/1476 1939/1852/1584 1930/1745/1477
f 1930/1745/1477 1939/1852/1584 1931/1853/1585
f 1930/1745/1477 1931/1853/1585 1922/1746/1478
f 1922/1746/1478 1931/1853/1585 1923/1854/1586
f 1922/1746/1478 1923/1854/1586 1914/1747/1479
f 1914/1747/1479 1923/1854/1586 1915/1855/1587
f 1914/1747/1479 1915/1855/1587 1906/1748/1480
f 1906/1748/1480 1915/1855/1587 1907/1856/1588
f 1906/1748/1480 1907/1856/1588 1898/1749/1481
f 1898/1749/1481 1907/1856/1588 1899/1857/1589
f 1898/1749/1481 1899/1857/1589 1890/1750/1482
f 1890/1750/1482 1899/1857/1589 1891/1858/1590
f 1890/1750/1482 1891/1858/1590 1882/1751/1483
f 1882/1751/1483 1891/1858/1590 1883/1859/1591
f 1882/1751/1483 1883/1859/1591 1874/1752/1484
f 1874/1752/1484 1883/1859/1591 1875/1860/1592
f 1874/1752/1484 1875/1860/1592 1866/1753/1485
f 1866/1753/1485 1875/1860/1592 1867/1861/1593
f 1866/1753/1485 1867/1861/1593 1858/1754/1486
f 1858/1754/1486 1867/1861/1593 1859/1862/1594
f 1858/1754/1486 1859/1862/1594 1850/1755/1487
f 1850/1755/1487 1859/1862/1594 1851/1863/1595
f 1850/1755/1487 1851/1863/1595 1842/1756/1488
f 1842/1756/1488 1851/1863/1595 1843/1864/1596
f 1842/1756/1488 1843/1864/1596 1834/1757/1489
f 1834/1757/1489 1843/1864/1596 1835/1865/1597
f 1834/1757/1489 1835/1865/1597 1826/1758/1490
f 1826/1758/1490 1835/1865/1597 1827/1866/1598
f 1826/1758/1490 1827/1866/1598 1818/1759/1491
f 1818/1759/1491 1827/1866/1598 1819/1867/1599
f 1818/1759/1491 1819/1867/1599 1810/1760/1492
f 1810/1760/1492 1819/1867/1599 1811/1868/1600
f 1810/1760/1492 1811/1868/1600 1802/1761/1493
f 1802/1761/1493 1811/1868/1600 1803/1869/1601
f 1802/1761/1493 1803/1869/1601 1794/1762/1494
f 1794/1762/1494 1803/1869/1601 1795/1870/1602
f 1794/1762/1494 1795/1870/1602 1786/1763/1495
f 1786/1763/1495 1795/1870/1602 1787/1871/1603
f 1786/1763/1495 1787/1871/1603 1778/1764/1496
f 1778/1764/1496 1787/1871/1603 1779/1872/1604
f 1778/1764/1496 1779/1872/1604 1770/1765/1497
f 1770/1765/1497 1779/1872/1604 1771/1873/1605
f 1770/1765/1497 1771/1873/1605 1762/1766/1498
f 1762/1766/1498 1771/1873/1605 1763/1874/1606
f 1762/1766/1498 1763/1874/1606 1754/1767/1499
f 1754/1767/1499 1763/1874/1606 1755/1875/1607
f 1754/1767/1499 1755/1875/1607 1746/1768/1500
f 1746/1768/1500 1755/1875/1607 1747/1876/1608
f 1746/1768/1500 1747/1876/1608 1738/1769/1501
f 1738/1769/1501 1747/1876/1608 1739/1877/1609
f 1738/1769/1501 1739/1877/1609 1730/1770/1502
f 1730/1770/1502 1739/1877/1609 1731/1878/1610
f 1730/1770/1502 1731/1878/1610 1722/1771/1503
f 1722/1771/1503 1731/1878/1610 1723/1879/1611
f 1722/1771/1503 1723/1879/1611 1714/1772/1504
f 1714/1772/1504 1723/1879/1611 1715/1880/1612
f 1714/1772/1504 1715/1880/1612 1706/1773/1505
f 1706/1773/1505 1715/1880/1612 1707/1881/1613
f 1706/1773/1505 1707/1881/1613 1698/1774/1506
f 1698/1774/1506 1707/1881/1613 1699/1882/1614
f 1698/1774/1506 1699/1882/1614 1690/1775/1507
f 1690/1775/1507 1699/1882/1614 1691/1883/1615
f 1690/1775/1507 1691/1883/1615 1682/1776/1508
f 1682/1776/1508 1691/1883/1615 1683/1884/1616
f 1682/1776/1508 1683/1884/1616 1674/1777/1509
f 1674/1777/1509 1683/1884/1616 1675/1885/1617
f 1674/1777/1509 1675/1885/1617 1666/1778/1510
f 1666/1778/1510 1675/1885/1617 1667/1886/1618
f 1666/1778/1510 1667/1886/1618 1658/1779/1511
f 1658/1779/1511 1667/1886/1618 1659/1887/1619
f 1658/1779/1511 1659/1887/1619 1650/1780/1512
f 1650/1780/1512 1659/1887/1619 1651/1888/1620
f 1650/1780/1512 1651/1888/1620 1642/1781/1513
f 1642/1781/1513 1651/1888/1620 1643/1889/1621
f 1642/1781/1513 1643/1889/1621 1634/1782/1514
f 1634/1782/1514 1643/1889/1621 1635/1890/1622
f 1634/1782/1514 1635/1890/1622 1626/1783/1515
f 1626/1783/1515 1635/1890/1622 1627/1891/1623
f 1626/1783/1515 1627/1891/1623 1618/1784/1516
f 1618/1784/1516 1627/1891/1623 1619/1892/1624
f 1618/1784/1516 1619/1892/1624 1610/1785/1517
f 1610/1785/1517 1619/1892/1624 1611/1893/1625
f 1610/1785/1517 1611/1893/1625 1602/1786/1518
f 1602/1786/1518 1611/1893/1625 1603/1894/1626
f 1602/1786/1518 1603/1894/1626 1594/1787/1519
f 1594/1787/1519 1603/1894/1626 1595/1895/1627
f 1594/1787/1519 1595/1895/1627 1586/1788/1520
f 1586/1788/1520 1595/1895/1627 1587/1896/1628
f 1586/1788/1520 1587/1896/1628 1578/1789/1521
f 1578/1789/1521 1587/1896/1628 1579/1897/1629
f 1578/1789/1521 1579/1897/1629 1570/1790/1522
f 1570/1790/1522 1579/1897/1629 1571/1898/1630
f 1570/1790/1522 1571/1898/1630 1562/1791/1523
f 1562/1791/1523 1571/1898/1630 1563/1899/1631
f 1562/1791/1523 1563/1899/1631 1554/1792/1524
f 1554/1792/1524 1563/1899/1631 1555/1900/1632
f 1554/1792/1524 1555/1900/1632 1546/1793/1525
f 1546/1793/1525 1555/1900/1632 1547/1901/1633
f 1546/1793/1525 1547/1901/1633 1538/1794/1526
f 1538/1794/1526 1547/1901/1633 1539/1902/1634
f 1538/1794/1526 1539/1902/1634 1530/1795/1527
f 1530/1795/1527 1539/1902/1634 1531/1903/1635
f 1530/1795/1527 1531/1903/1635 1522/1796/1528
f 1522/1796/1528 1531/1903/1635 1523/1904/1636
f 1522/1796/1528 1523/1904/1636 1514/1797/1529
f 1514/1797/1529 1523/1904/1636 1515/1905/1637
f 1514/1797/1529 1515/1905/1637 1506/1798/1530
f 1506/1798/1530 1515/1905/1637 1507/1906/1638
f 1506/1798/1530 1507/1906/1638 1498/1799/1531
f 1498/1799/1531 1507/1906/1638 1499/1907/1639
f 1498/1799/1531 1499/1907/1639 1490/1800/1532
f 1490/1800/1532 1499/1907/1639 1491/1908/1640
f 1490/1800/1532 1491/1908/1640 1482/1801/1533
f 1482/1801/1533 1491/1908/1640 1483/1909/1641
f 1482/1801/1533 1483/1909/1641 1474/1802/1534
f 1474/1802/1534 1483/1909/1641 1475/1910/1642
f 1474/1802/1534 1475/1910/1642 1466/1803/1535
f 1466/1803/1535 1475/1910/1642 1467/1911/1643
f 1466/1803/1535 1467/1911/1643 1458/1804/1536
f 1458/1804/1536 1467/1911/1643 1459/1912/1644
f 1458/1804/1536 1459/1912/1644 1450/1805/1537
f 1450/1805/1537 1459/1912/1644 1451/1913/1645
f 1450/1805/1537 1451/1913/1645 1442/1806/1538
f 1442/1806/1538 1451/1913/1645 1443/1914/1646
f 1442/1806/1538 1443/1914/1646 1434/1807/1539
f 1434/1807/1539 1443/1914/1646 1435/1915/1647
f 1434/1807/1539 1435/1915/1647 1426/1808/1540
f 1426/1808/1540 1435/1915/1647 1427/1916/1648
f 1426/1808/1540 1427/1916/1648 1418/1809/1541
f 1418/1809/1541 1427/1916/1648 1419/1917/1649
f 1418/1809/1541 1419/1917/1649 1410/1810/1542
f 1410/1810/1542 1419/1917/1649 1411/1918/1650
f 1410/1810/1542 1411/1918/1650 1402/1811/1543
f 1402/1811/1543 1411/1918/1650 1403/1919/1651
f 1402/1811/1543 1403/1919/1651 1394/1812/1544
f 1394/1812/1544 1403/1919/1651 1395/1920/1652
f 1394/1812/1544 1395/1920/1652 1386/1813/1545
f 1386/1813/1545 1395/1920/1652 1387/1921/1653
f 1386/1813/1545 1387/1921/1653 1378/1814/1546
f 1378/1814/1546 1387/1921/1653 1379/1922/1654
f 1378/1814/1546 1379/1922/1654 1370/1815/1547
f 1370/1815/1547 1379/1922/1654 1371/1923/1655
f 1370/1815/1547 1371/1923/1655 1362/1816/1548
f 1362/1816/1548 1371/1923/1655 1363/1924/1656
f 1362/1816/1548 1363/1924/1656 1354/1817/1549
f 1354/1817/1549 1363/1924/1656 1355/1925/1657
f 1354/1817/1549 1355/1925/1657 1346/1818/1550
f 1346/1818/1550 1355/1925/1657 1347/1926/1658
f 1346/1818/1550 1347/1926/1658 1338/1819/1551
f 1338/1819/1551 1347/1926/1658 1339/1927/1659
f 1338/1819/1551 1339/1927/1659 1330/1820/1552
f 1330/1820/1552 1339/1927/1659 1331/1928/1660
f 1330/1820/1552 1331/1928/1660 1322/1821/1553
f 1322/1821/1553 1331/1928/1660 1323/1929/1661
f 1322/1821/1553 1323/1929/1661 1314/1822/1554
f 1314/1822/1554 1323/1929/1661 1315/1930/1662
f 1314/1822/1554 1315/1930/1662 1306/1823/1555
f 1306/1823/1555 1315/1930/1662 1307/1931/1663
f 1306/1823/1555 1307/1931/1663 1298/1824/1556
f 1298/1824/1556 1307/1931/1663 1299/1932/1664
f 1298/1824/1556 1299/1932/1664 1290/1825/1557
f 1290/1825/1557 1299/1932/1664 1291/1933/1665
f 1290/1825/1557 1291/1933/1665 1282/1826/1558
f 1282/1826/1558 1291/1933/1665 1283/1934/1666
f 1282/1826/1558 1283/1934/1666 1274/1827/1559
f 1274/1827/1559 1283/1934/1666 1275/1935/1667
f 1274/1827/1559 1275/1935/1667 1266/1828/1560
f 1266/1828/1560 1275/1935/1667 1267/1936/1668
f 1266/1828/1560 1267/1936/1668 1258/1829/1561
f 1258/1829/1561 1267/1936/1668 1259/1937/1669
f 1258/1829/1561 1259/1937/1669 1250/1830/1562
f 1250/1830/1562 1259/1937/1669 1251/1938/1670
f 1250/1830/1562 1251/1938/1670 1242/1831/1563
f 1242/1831/1563 1251/1938/1670 1243/1939/1671
f 1242/1831/1563 1243/1939/1671 1207/1832/1564
f 1207/1832/1564 1243/1939/1671 1208/1940/1672
f 1207/1832/1564 1208/1940/1672 1218/1445/1311
f 1218/1445/1311 1208/1940/1672 1217/1443/1309
f 1199/1833/1565 1200/1941/1673 2083/1834/1566
f 2083/1834/1566 1200/1941/1673 2084/1942/1674
f 2083/1834/1566 2084/1942/1674 2075/1835/1567
f 2075/1835/1567 2084/1942/1674 2076/1943/1675
f 2075/1835/1567 2076/1943/1675 2067/1836/1568
f 2067/1836/1568 2076/1943/1675 2068/1944/1676
f 2067/1836/1568 2068/1944/1676 2059/1837/1569
f 2059/1837/1569 2068/1944/1676 2060/1945/1677
f 2059/1837/1569 2060/1945/1677 2051/1838/1570
f 2051/1838/1570 2060/1945/1677 2052/1946/1678
f 2051/1838/1570 2052/1946/1678 2043/1839/1571
f 2043/1839/1571 2052/1946/1678 2044/1947/1679
f 2043/1839/1571 2044/1947/1679 2035/1840/1572
f 2035/1840/1572 2044/1947/1679 2036/1948/1680
f 2035/1840/1572 2036/1948/1680 2027/1841/1573
f 2027/1841/1573 2036/1948/1680 2028/1949/1681
f 2027/1841/1573 2028/1949/1681 2019/1842/1574
f 2019/1842/1574 2028/1949/1681 2020/1950/1682
f 2019/1842/1574 2020/1950/1682 2011/1843/1575
f 2011/1843/1575 2020/1950/1682 2012/1951/1683
f 2011/1843/1575 2012/1951/1683 2003/1844/1576
f 2003/1844/1576 2012/1951/1683 2004/1952/1684
f 2003/1844/1576 2004/1952/1684 1995/1845/1577
f 1995/1845/1577 2004/1952/1684 1996/1953/1685
f 1995/1845/1577 1996/1953/1685 1987/1846/1578
f 1987/1846/1578 1996/1953/1685 1988/1954/1686
f 1987/1846/1578 1988/1954/1686 1979/1847/1579
f 1979/1847/1579 1988/1954/1686 1980/1955/1687
f 1979/1847/1579 1980/1955/1687 1971/1848/1580
f 1971/1848/1580 1980/1955/1687 1972/1956/1688
f 1971/1848/1580 1972/1956/1688 1963/1849/1581
f 1963/1849/1581 1972/1956/1688 1964/1957/1689
f 1963/1849/1581 1964/1957/1689 1955/1850/1582
f 1955/1850/1582 1964/1957/1689 1956/1958/1690
f 1955/1850/1582 1956/1958/1690 1947/1851/1583
f 1947/1851/1583 1956/1958/1690 1948/1959/1691
f 1947/1851/1583 1948/1959/1691 1939/1852/1584
f 1939/1852/1584 1948/1959/1691 1940/1960/1692
f 1939/1852/1584 1940/1960/1692 1931/1853/1585
f 1931/1853/1585 1940/1960/1692 1932/1961/1693
f 1931/1853/1585 1932/1961/1693 1923/1854/1586
f 1923/1854/1586 1932/1961/1693 1924/1962/1694
f 1923/1854/1586 1924/1962/1694 1915/1855/1587
f 1915/1855/1587 1924/1962/1694 1916/1963/1695
f 1915/1855/1587 1916/1963/1695 1907/1856/1588
f 1907/1856/1588 1916/1963/1695 1908/1964/1696
f 1907/1856/1588 1908/1964/1696 1899/1857/1589
f 1899/1857/1589 1908/1964/1696 1900/1965/1697
f 1899/1857/1589 1900/1965/1697 1891/1858/1590
f 1891/1858/1590 1900/1965/1697 1892/1966/1698
f 1891/1858/1590 1892/1966/1698 1883/1859/1591
f 1883/1859/1591 1892/1966/1698 1884/1967/1699
f 1883/1859/1591 1884/1967/1699 1875/1860/1592
f 1875/1860/1592 1884/1967/1699 1876/1968/1700
f 1875/1860/1592 1876/1968/1700 1867/1861/1593
f 1867/1861/1593 1876/1968/1700 1868/1969/1701
f 1867/1861/1593 1868/1969/1701 1859/1862/1594
f 1859/1862/1594 1868/1969/1701 1860/1970/1702
f 1859/1862/1594 1860/1970/1702 1851/1863/1595
f 1851/1863/1595 1860/1970/1702 1852/1971/1703
f 1851/1863/1595 1852/1971/1703 1843/1864/1596
f 1843/1864/1596 1852/1971/1703 1844/1972/1704
f 1843/1864/1596 1844/1972/1704 1835/1865/1597
f 1835/1865/1597 1844/1972/1704 1836/1973/1705
f 1835/1865/1597 1836/1973/1705 1827/1866/1598
f 1827/1866/1598 1836/1973/1705 1828/1974/1706
f 1827/1866/1598 1828/1974/1706 1819/1867/1599
f 1819/1867/1599 1828/1974/1706 1820/1975/1707
f 1819/1867/1599 1820/1975/1707 1811/1868/1600
f 1811/1868/1600 1820/1975/1707 1812/1976/1708
f 1811/1868/1600 1812/1976/1708 1803/1869/1601
f 1803/1869/1601 1812/1976/1708 1804/1977/1709
f 1803/1869/1601 1804/1977/1709 1795/1870/1602
f 1795/1870/1602 1804/1977/1709 1796/1978/1710
f 1795/1870/1602 1796/1978/1710 1787/1871/1603
f 1787/1871/1603 1796/1978/1710 1788/1979/1711
f 1787/1871/1603 1788/1979/1711 1779/1872/1604
f 1779/1872/1604 1788/1979/1711 1780/1980/1712
f 1779/1872/1604 1780/1980/1712 1771/1873/1605
f 1771/1873/1605 1780/1980/1712 1772/1981/1713
f 1771/1873/1605 1772/1981/1713 1763/1874/1606
f 1763/1874/1606 1772/1981/1713 1764/1982/1714
f 1763/1874/1606 1764/1982/1714 1755/1875/1607
f 1755/1875/1607 1764/1982/1714 1756/1983/1715
f 1755/1875/1607 1756/1983/1715 1747/1876/1608
f 1747/1876/1608 1756/1983/1715 1748/1984/1716
f 1747/1876/1608 1748/1984/1716 1739/1877/1609
f 1739/1877/1609 1748/1984/1716 1740/1985/1717
f 1739/1877/1609 1740/1985/1717 1731/1878/1610
f 1731/1878/1610 1740/1985/1717 1732/1986/1718
f 1731/1878/1610 1732/1986/1718 1723/1879/1611
f 1723/1879/1611 1732/1986/1718 1724/1987/1719
f 1723/1879/1611 1724/1987/1719 1715/1880/1612
f 1715/1880/1612 1724/1987/1719 1716/1988/1720
f 1715/1880/1612 1716/1988/1720 1707/1881/1613
f 1707/1881/1613 1716/1988/1720 1708/1989/1721
f 1707/1881/1613 1708/1989/1721 1699/1882/1614
f 1699/1882/1614 1708/1989/1721 1700/1990/1722
f 1699/1882/1614 1700/1990/1722 1691/1883/1615
f 1691/1883/1615 1700/1990/1722 1692/1991/1723
f 1691/1883/1615 1692/1991/1723 1683/1884/1616
f 1683/1884/1616 1692/1991/1723 1684/1992/1724
f 1683/1884/1616 1684/1992/1724 1675/1885/1617
f 1675/1885/1617 1684/1992/1724 1676/1993/1725
f 1675/1885/1617 1676/1993/1725 1667/1886/1618
f 1667/1886/1618 1676/1993/1725 1668/1994/1726
f 1667/1886/1618 1668/1994/1726 1659/1887/1619
f 1659/1887/1619 1668/1994/1726 1660/1995/1727
f 1659/1887/1619 1660/1995/1727 1651/1888/1620
f 1651/1888/1620 1660/1995/1727 1652/1996/1728
f 1651/1888/1620 1652/1996/1728 1643/1889/1621
f 1643/1889/1621 1652/1996/1728 1644/1997/1729
f 1643/1889/1621 1644/1997/1729 1635/1890/1622
f 1635/1890/1622 1644/1997/1729 1636/1998/1730
f 1635/1890/1622 1636/1998/1730 1627/1891/1623
f 1627/1891/1623 1636/1998/1730 1628/1999/1731
f 1627/1891/1623 1628/1999/1731 1619/1892/1624
f 1619/1892/1624 1628/1999/1731 1620/2000/1732
f 1619/1892/1624 1620/2000/1732 1611/1893/1625
f 1611/1893/1625 1620/2000/1732 1612/2001/1733
f 1611/1893/1625 1612/2001/1733 1603/1894/1626
f 1603/1894/1626 1612/2001/1733 1604/2002/1734
f 1603/1894/1626 1604/2002/1734 1595/1895/1627
f 1595/1895/1627 1604/2002/1734 1596/2003/1735
f 1595/1895/1627 1596/2003/1735 1587/1896/1628
f 1587/1896/1628 1596/2003/1735 1588/2004/1736
f 1587/1896/1628 1588/2004/1736 1579/1897/1629
f 1579/1897/1629 1588/2004/1736 1580/2005/1737
f 1579/1897/1629 1580/2005/1737 1571/1898/1630
f 1571/1898/1630 1580/2005/1737 1572/2006/1738
f 1571/1898/1630 1572/2006/1738 1563/1899/1631
f 1563/1899/1631 1572/2006/1738 1564/2007/1739
f 1563/1899/1631 1564/2007/1739 1555/1900/1632
f 1555/1900/1632 1564/2007/1739 1556/2008/1740
f 1555/1900/1632 1556/2008/1740 1547/1901/1633
f 1547/1901/1633 1556/2008/1740 1548/2009/1741
f 1547/1901/1633 1548/2009/1741 1539/1902/1634
f 1539/1902/1634 1548/2009/1741 1540/2010/1742
f 1539/1902/1634 1540/2010/1742 1531/1903/1635
f 1531/1903/1635 1540/2010/1742 1532/2011/1743
f 1531/1903/1635 1532/2011/1743 1523/1904/1636
f 1523/1904/1636 1532/2011/1743 1524/2012/1744
f 1523/1904/1636 1524/2012/1744 1515/1905/1637
f 1515/1905/1637 1524/2012/1744 1516/2013/1745
f 1515/1905/1637 1516/2013/1745 1507/1906/1638
f 1507/1906/1638 1516/2013/1745 1508/2014/1746
f 1507/1906/1638 1508/2014/1746 1499/1907/1639
f 1499/1907/1639 1508/2014/1746 1500/2015/1747
f 1499/1907/1639 1500/2015/1747 1491/1908/1640
f 1491/1908/1640 1500/2015/1747 1492/2016/1748
f 1491/1908/1640 1492/2016/1748 1483/1909/1641
f 1483/1909/1641 1492/2016/1748 1484/2017/1749
f 1483/1909/1641 1484/2017/1749 1475/1910/1642
f 1475/1910/1642 1484/2017/1749 1476/2018/1750
f 1475/1910/1642 1476/2018/1750 1467/1911/1643
f 1467/1911/1643 1476/2018/1750 1468/2019/1751
f 1467/1911/1643 1468/2019/1751 1459/1912/1644
f 1459/1912/1644 1468/2019/1751 1460/2020/1752
f 1459/1912/1644 1460/2020/1752 1451/1913/1645
f 1451/1913/1645 1460/2020/1752 1452/2021/1753
f 1451/1913/1645 1452/2021/1753 1443/1914/1646
f 1443/1914/1646 1452/2021/1753 1444/2022/1754
f 1443/1914/1646 1444/2022/1754 1435/1915/1647
f 1435/1915/1647 1444/2022/1754 1436/2023/1755
f 1435/1915/1647 1436/2023/1755 1427/1916/1648
f 1427/1916/1648 1436/2023/1755 1428/2024/1756
f 1427/1916/1648 1428/2024/1756 1419/1917/1649
f 1419/1917/1649 1428/2024/1756 1420/2025/1757
f 1419/1917/1649 1420/2025/1757 1411/1918/1650
f 1411/1918/1650 1420/2025/1757 1412/2026/1758
f 1411/1918/1650 1412/2026/1758 1403/1919/1651
f 1403/1919/1651 1412/2026/1758 1404/2027/1759
f 1403/1919/1651 1404/2027/1759 1395/1920/1652
f 1395/1920/1652 1404/2027/1759 1396/2028/1760
f 1395/1920/1652 1396/2028/1760 1387/1921/1653
f 1387/1921/1653 1396/2028/1760 1388/2029/1761
f 1387/1921/1653 1388/2029/1761 1379/1922/1654
f 1379/1922/1654 1388/2029/1761 1380/2030/1762
f 1379/1922/1654 1380/2030/1762 1371/1923/1655
f 1371/1923/1655 1380/2030/1762 1372/2031/1763
f 1371/1923/1655 1372/2031/1763 1363/1924/1656
f 1363/1924/1656 1372/2031/1763 1364/2032/1764
f 1363/1924/1656 1364/2032/1764 1355/1925/1657
f 1355/1925/1657 1364/2032/1764 1356/2033/1765
f 1355/1925/1657 1356/2033/1765 1347/1926/1658
f 1347/1926/1658 1356/2033/1765 1348/2034/1766
f 1347/1926/1658 1348/2034/1766 1339/1927/1659
f 1339/1927/1659 1348/2034/1766 1340/2035/1767
f 1339/1927/1659 1340/2035/1767 1331/1928/1660
f 1331/1928/1660 1340/2035/1767 1332/2036/1768
f 1331/1928/1660 1332/2036/1768 1323/1929/1661
f 1323/1929/1661 1332/2036/1768 1324/2037/1769
f 1323/1929/1661 1324/2037/1769 1315/1930/1662
f 1315/1930/1662 1324/2037/1769 1316/2038/1770
f 1315/1930/1662 1316/2038/1770 1307/1931/1663
f 1307/1931/1663 1316/2038/1770 1308/2039/1771
f 1307/1931/1663 1308/2039/1771 1299/1932/1664
f 1299/1932/1664 1308/2039/1771 1300/2040/1772
f 1299/1932/1664 1300/2040/1772 1291/1933/1665
f 1291/1933/1665 1300/2040/1772 1292/2041/1773
f 1291/1933/1665 1292/2041/1773 1283/1934/1666
f 1283/1934/1666 1292/2041/1773 1284/2042/1774
f 1283/1934/1666 1284/2042/1774 1275/1935/1667
f 1275/1935/1667 1284/2042/1774 1276/2043/1775
f 1275/1935/1667 1276/2043/1775 1267/1936/1668
f 1267/1936/1668 1276/2043/1775 1268/2044/1776
f 1267/1936/1668 1268/2044/1776 1259/1937/1669
f 1259/1937/1669 1268/2044/1776 1260/2045/1777
f 1259/1937/1669 1260/2045/1777 1251/1938/1670
f 1251/1938/1670 1260/2045/1777 1252/2046/1778
f 1251/1938/1670 1252/2046/1778 1243/1939/1671
f 1243/1939/1671 1252/2046/1778 1244/2047/1779
f 1243/1939/1671 1244/2047/1779 1208/1940/1672
f 1208/1940/1672 1244/2047/1779 1209/2048/1780
f 1208/1940/1672 1209/2048/1780 1216/1441/1307
f 1216/1441/1307 1209/2048/1780 1215/1439/1305
f 1200/1941/1673 1201/2049/1781 2084/1942/1674
f 2084/1942/1674 1201/2049/1781 2085/2050/1782
f 2084/1942/1674 2085/2050/1782 2076/1943/1675
f 2076/1943/1675 2085/2050/1782 2077/2051/1783
f 2076/1943/1675 2077/2051/1783 2068/1944/1676
f 2068/1944/1676 2077/2051/1783 2069/2052/1784
f 2068/1944/1676 2069/2052/1784 2060/1945/1677
f 2060/1945/1677 2069/2052/1784 2061/2053/1785
f 2060/1945/1677 2061/2053/1785 2052/1946/1678
f 2052/1946/1678 2061/2053/1785 2053/2054/1786
f 2052/1946/1678 2053/2054/1786 2044/1947/1679
f 2044/1947/1679 2053/2054/1786 2045/2055/1787
f 2044/1947/1679 2045/2055/1787 2036/1948/1680
f 2036/1948/1680 2045/2055/1787 2037/2056/1788
f 2036/1948/1680 2037/2056/1788 2028/1949/1681
f 2028/1949/1681 2037/2056/1788 2029/2057/1789
f 2028/1949/1681 2029/2057/1789 2020/1950/1682
f 2020/1950/1682 2029/2057/1789 2021/2058/1790
f 2020/1950/1682 2021/2058/1790 2012/1951/1683
f 2012/1951/1683 2021/2058/1790 2013/2059/1791
f 2012/1951/1683 2013/2059/1791 2004/1952/1684
f 2004/1952/1684 2013/2059/1791 2005/2060/1792
f 2004/1952/1684 2005/2060/1792 1996/1953/1685
f 1996/1953/1685 2005/2060/1792 1997/2061/1793
f 1996/1953/1685 1997/2061/1793 1988/1954/1686
f 1988/1954/1686 1997/2061/1793 1989/2062/1794
f 1988/1954/1686 1989/2062/1794 1980/1955/1687
f 1980/1955/1687 1989/2062/1794 1981/2063/1795
f 1980/1955/1687 1981/2063/1795 1972/1956/1688
f 1972/1956/1688 1981/2063/1795 1973/2064/1796
f 1972/1956/1688 1973/2064/1796 1964/1957/1689
f 1964/1957/1689 1973/2064/1796 1965/2065/1797
f 1964/1957/1689 1965/2065/1797 1956/1958/1690
f 1956/1958/1690 1965/2065/1797 1957/2066/1798
f 1956/1958/1690 1957/2066/1798 1948/1959/1691
f 1948/1959/1691 1957/2066/1798 1949/2067/1799
f 1948/1959/1691 1949/2067/1799 1940/1960/1692
f 1940/1960/1692 1949/2067/1799 1941/2068/1800
f 1940/1960/1692 1941/2068/1800 1932/1961/1693
f 1932/1961/1693 1941/2068/1800 1933/2069/1801
f 1932/1961/1693 1933/2069/1801 1924/1962/1694
f 1924/1962/1694 1933/2069/1801 1925/2070/1802
f 1924/1962/1694 1925/2070/1802 1916/1963/1695
f 1916/1963/1695 1925/2070/1802 1917/2071/1803
f 1916/1963/1695 1917/2071/1803 1908/1964/1696
f 1908/1964/1696 1917/2071/1803 1909/2072/1804
f 1908/1964/1696 1909/2072/1804 1900/1965/1697
f 1900/1965/1697 1909/2072/1804 1901/2073/1805
f 1900/1965/1697 1901/2073/1805 1892/1966/1698
f 1892/1966/1698 1901/2073/1805 1893/2074/1806
f 1892/1966/1698 1893/2074/1806 1884/1967/1699
f 1884/1967/1699 1893/2074/1806 1885/2075/1807
f 1884/1967/1699 1885/2075/1807 1876/1968/1700
f 1876/1968/1700 1885/2075/1807 1877/2076/1808
f 1876/1968/1700 1877/2076/1808 1868/1969/1701
f 1868/1969/1701 1877/2076/1808 1869/2077/1809
f 1868/1969/1701 1869/2077/1809 1860/1970/1702
f 1860/1970/1702 1869/2077/1809 1861/2078/1810
f 1860/1970/1702 1861/2078/1810 1852/1971/1703
f 1852/1971/1703 1861/2078/1810 1853/2079/1811
f 1852/1971/1703 1853/2079/1811 1844/1972/1704
f 1844/1972/1704 1853/2079/1811 1845/2080/1812
f 1844/1972/1704 1845/2080/1812 1836/1973/1705
f 1836/1973/1705 1845/2080/1812 1837/2081/1813
f 1836/1973/1705 1837/2081/1813 1828/1974/1706
f 1828/1974/1706 1837/2081/1813 1829/2082/1814
f 1828/1974/1706 1829/2082/1814 1820/1975/1707
f 1820/1975/1707 1829/2082/1814 1821/2083/1815
f 1820/1975/1707 1821/2083/1815 1812/1976/1708
f 1812/1976/1708 1821/2083/1815 1813/2084/1816
f 1812/1976/1708 1813/2084/1816 1804/1977/1709
f 1804/1977/1709 1813/2084/1816 1805/2085/1817
f 1804/1977/1709 1805/2085/1817 1796/1978/1710
f 1796/1978/1710 1805/2085/1817 1797/2086/1818
f 1796/1978/1710 1797/2086/1818 1788/1979/1711
f 1788/1979/1711 1797/2086/1818 1789/2087/1819
f 1788/1979/1711 1789/2087/1819 1780/1980/1712
f 1780/1980/1712 1789/2087/1819 1781/2088/1820
f 1780/1980/1712 1781/2088/1820 1772/1981/1713
f 1772/1981/1713 1781/2088/1820 1773/2089/1821
f 1772/1981/1713 1773/2089/1821 1764/1982/1714
f 1764/1982/1714 1773/2089/1821 1765/2090/1822
f 1764/1982/1714 1765/2090/1822 1756/1983/1715
f 1756/1983/1715 1765/2090/1822 1757/2091/1823
f 1756/1983/1715 1757/2091/1823 1748/1984/1716
f 1748/1984/1716 1757/2091/1823 1749/2092/1824
f 1748/1984/1716 1749/2092/1824 1740/1985/1717
f 1740/1985/1717 1749/2092/1824 1741/2093/1825
f 1740/1985/1717 1741/2093/1825 1732/1986/1718
f 1732/1986/1718 1741/2093/1825 1733/2094/1826
f 1732/1986/1718 1733/2094/1826 1724/1987/1719
f 1724/1987/1719 1733/2094/1826 1725/2095/1827
f 1724/1987/1719 1725/2095/1827 1716/1988/1720
f 1716/1988/1720 1725/2095/1827 1717/2096/1828
f 1716/1988/1720 1717/2096/1828 1708/1989/1721
f 1708/1989/1721 1717/2096/1828 1709/2097/1829
f 1708/1989/1721 1709/2097/1829 1700/1990/1722
f 1700/1990/1722 1709/2097/1829 1701/2098/1830
f 1700/1990/1722 1701/2098/1830 1692/1991/1723
f 1692/1991/1723 1701/2098/1830 1693/2099/1831
f 1692/1991/1723 1693/2099/1831 1684/1992/1724
f 1684/1992/1724 1693/2099/1831 1685/2100/1832
f 1684/1992/1724 1685/2100/1832 1676/1993/1725
f 1676/1993/1725 1685/2100/1832 1677/2101/1833
f 1676/1993/1725 1677/2101/1833 1668/1994/1726
f 1668/1994/1726 1677/2101/1833 1669/2102/1834
f 1668/1994/1726 1669/2102/1834 1660/1995/1727
f 1660/1995/1727 1669/2102/1834 1661/2103/1835
f 1660/1995/1727 1661/2103/1835 1652/1996/1728
f 1652/1996/1728 1661/2103/1835 1653/2104/1836
f 1652/1996/1728 1653/2104/1836 1644/1997/1729
f 1644/1997/1729 1653/2104/1836 1645/2105/1837
f 1644/1997/1729 1645/2105/1837 1636/1998/1730
f 1636/1998/1730 1645/2105/1837 1637/2106/1838
f 1636/1998/1730 1637/2106/1838 1628/1999/1731
f 1628/1999/1731 1637/2106/1838 1629/2107/1839
f 1628/1999/1731 1629/2107/1839 1620/2000/1732
f 1620/2000/1732 1629/2107/1839 1621/2108/1840
f 1620/2000/1732 1621/2108/1840 1612/2001/1733
f 1612/2001/1733 1621/2108/1840 1613/2109/1841
f 1612/2001/1733 1613/2109/1841 1604/2002/1734
f 1604/2002/1734 1613/2109/1841 1605/2110/1842
f 1604/2002/1734 1605/2110/1842 1596/2003/1735
f 1596/2003/1735 1605/2110/1842 1597/2111/1843
f 1596/2003/1735 1597/2111/1843 1588/2004/1736
f 1588/2004/1736 1597/2111/1843 1589/2112/1844
f 1588/2004/1736 1589/2112/1844 1580/2005/1737
f 1580/2005/1737 1589/2112/1844 1581/2113/1845
f 1580/2005/1737 1581/2113/1845 1572/2006/1738
f 1572/2006/1738 1581/2113/1845 1573/2114/1846
f 1572/2006/1738 1573/2114/1846 1564/2007/1739
f 1564/2007/1739 1573/2114/1846 1565/2115/1847
f 1564/2007/1739 1565/2115/1847 1556/2008/1740
f 1556/2008/1740 1565/2115/1847 1557/2116/1848
f 1556/2008/1740 1557/2116/1848 1548/2009/1741
f 1548/2009/1741 1557/2116/1848 1549/2117/1849
f 1548/2009/1741 1549/2117/1849 1540/2010/1742
f 1540/2010/1742 1549/2117/1849 1541/2118/1850
f 1540/2010/1742 1541/2118/1850 1532/2011/1743
f 1532/2011/1743 1541/2118/1850 1533/2119/1851
f 1532/2011/1743 1533/2119/1851 1524/2012/1744
f 1524/2012/1744 1533/2119/1851 1525/2120/1852
f 1524/2012/1744 1525/2120/1852 1516/2013/1745
f 1516/2013/1745 1525/2120/1852 1517/2121/1853
f 1516/2013/1745 1517/2121/1853 1508/2014/1746
f 1508/2014/1746 1517/2121/1853 1509/2122/1854
f 1508/2014/1746 1509/2122/1854 1500/2015/1747
f 1500/2015/1747 1509/2122/1854 1501/2123/1855
f 1500/2015/1747 1501/2123/1855 1492/2016/1748
f 1492/2016/1748 1501/2123/1855 1493/2124/1856
f 1492/2016/1748 1493/2124/1856 1484/2017/1749
f 1484/2017/1749 1493/2124/1856 1485/2125/1857
f 1484/2017/1749 1485/2125/1857 1476/2018/1750
f 1476/2018/1750 1485/2125/1857 1477/2126/1858
f 1476/2018/1750 1477/2126/1858 1468/2019/1751
f 1468/2019/1751 1477/2126/1858 1469/2127/1859
f 1468/2019/1751 1469/2127/1859 1460/2020/1752
f 1460/2020/1752 1469/2127/1859 1461/2128/1860
f 1460/2020/1752 1461/2128/1860 1452/2021/1753
f 1452/2021/1753 1461/2128/1860 1453/2129/1861
f 1452/2021/1753 1453/2129/1861 1444/2022/1754
f 1444/2022/1754 1453/2129/1861 1445/2130/1862
f 1444/2022/1754 1445/2130/1862 1436/2023/1755
f 1436/2023/1755 1445/2130/1862 1437/2131/1863
f 1436/2023/1755 1437/2131/1863 1428/2024/1756
f 1428/2024/1756 1437/2131/1863 1429/2132/1864
f 1428/2024/1756 1429/2132/1864 1420/2025/1757
f 1420/2025/1757 1429/2132/1864 1421/2133/1865
f 1420/2025/1757 1421/2133/1865 1412/2026/1758
f 1412/2026/1758 1421/2133/1865 1413/2134/1866
f 1412/2026/1758 1413/2134/1866 1404/2027/1759
f 1404/2027/1759 1413/2134/1866 1405/2135/1867
f 1404/2027/1759 1405/2135/1867 1396/2028/1760
f 1396/2028/1760 1405/2135/1867 1397/2136/1868
f 1396/2028/1760 1397/2136/1868 1388/2029/1761
f 1388/2029/1761 1397/2136/1868 1389/2137/1869
f 1388/2029/1761 1389/2137/1869 1380/2030/1762
f 1380/2030/1762 1389/2137/1869 1381/2138/1870
f 1380/2030/1762 1381/2138/1870 1372/2031/1763
f 1372/2031/1763 1381/2138/1870 1373/2139/1871
f 1372/2031/1763 1373/2139/1871 1364/2032/1764
f 1364/2032/1764 1373/2139/1871 1365/2140/1872
f 1364/2032/1764 1365/2140/1872 1356/2033/1765
f 1356/2033/1765 1365/2140/1872 1357/2141/1873
f 1356/2033/1765 1357/2141/1873 1348/2034/1766
f 1348/2034/1766 1357/2141/1873 1349/2142/1874
f 1348/2034/1766 1349/2142/1874 1340/2035/1767
f 1340/2035/1767 1349/2142/1874 1341/2143/1875
f 1340/2035/1767 1341/2143/1875 1332/2036/1768
f 1332/2036/1768 1341/2143/1875 1333/2144/1876
f 1332/2036/1768 1333/2144/1876 1324/2037/1769
f 1324/2037/1769 1333/2144/1876 1325/2145/1877
f 1324/2037/1769 1325/2145/1877 1316/2038/1770
f 1316/2038/1770 1325/2145/1877 1317/2146/1878
f 1316/2038/1770 1317/2146/1878 1308/2039/1771
f 1308/2039/1771 1317/2146/1878 1309/2147/1879
f 1308/2039/1771 1309/2147/1879 1300/2040/1772
f 1300/2040/1772 1309/2147/1879 1301/2148/1880
f 1300/2040/1772 1301/2148/1880 1292/2041/1773
f 1292/2041/1773 1301/2148/1880 1293/2149/1881
f 1292/2041/1773 1293/2149/1881 1284/2042/1774
f 1284/2042/1774 1293/2149/1881 1285/2150/1882
f 1284/2042/1774 1285/2150/1882 1276/2043/1775
f 1276/2043/1775 1285/2150/1882 1277/2151/1883
f 1276/2043/1775 1277/2151/1883 1268/2044/1776
f 1268/2044/1776 1277/2151/1883 1269/2152/1884
f 1268/2044/1776 1269/2152/1884 1260/2045/1777
f 1260/2045/1777 1269/2152/1884 1261/2153/1885
f 1260/2045/1777 1261/2153/1885 1252/2046/1778
f 1252/2046/1778 1261/2153/1885 1253/2154/1886
f 1252/2046/1778 1253/2154/1886 1244/2047/1779
f 1244/2047/1779 1253/2154/1886 1245/2155/1887
f 1244/2047/1779 1245/2155/1887 1209/2048/1780
f 1209/2048/1780 1245/2155/1887 1210/2156/1888
f 1209/2048/1780 1210/2156/1888 1215/1439/1305
f 1215/1439/1305 1210/2156/1888 1214/1437/1303
f 1201/2049/1781 1202/2157/1889 2085/2050/1782
f 2085/2050/1782 1202/2157/1889 2086/2158/1890
f 2085/2050/1782 2086/2158/1890 2077/2051/1783
f 2077/2051/1783 2086/2158/1890 2078/2159/1891
f 2077/2051/1783 2078/2159/1891 2069/2052/1784
f 2069/2052/1784 2078/2159/1891 2070/2160/1892
f 2069/2052/1784 2070/2160/1892 2061/2053/1785
f 2061/2053/1785 2070/2160/1892 2062/2161/1893
f 2061/2053/1785 2062/2161/1893 2053/2054/1786
f 2053/2054/1786 2062/2161/1893 2054/2162/1894
f 2053/2054/1786 2054/2162/1894 2045/2055/1787
f 2045/2055/1787 2054/2162/1894 2046/2163/1895
f 2045/2055/1787 2046/2163/1895 2037/2056/1788
f 2037/2056/1788 2046/2163/1895 2038/2164/1896
f 2037/2056/1788 2038/2164/1896 2029/2057/1789
f 2029/2057/1789 2038/2164/1896 2030/2165/1897
f 2029/2057/1789 2030/2165/1897 2021/2058/1790
f 2021/2058/1790 2030/2165/1897 2022/2166/1898
f 2021/2058/1790 2022/2166/1898 2013/2059/1791
f 2013/2059/1791 2022/2166/1898 2014/2167/1899
f 2013/2059/1791 2014/2167/1899 2005/2060/1792
f 2005/2060/1792 2014/2167/1899 2006/2168/1900
f 2005/2060/1792 2006/2168/1900 1997/2061/1793
f 1997/2061/1793 2006/2168/1900 1998/2169/1901
f 1997/2061/1793 1998/2169/1901 1989/2062/1794
f 1989/2062/1794 1998/2169/1901 1990/2170/1902
f 1989/2062/1794 1990/2170/1902 1981/2063/1795
f 1981/2063/1795 1990/2170/1902 1982/2171/1903
f 1981/2063/1795 1982/2171/1903 1973/2064/1796
f 1973/2064/1796 1982/2171/1903 1974/2172/1904
f 1973/2064/1796 1974/2172/1904 1965/2065/1797
f 1965/2065/1797 1974/2172/1904 1966/2173/1905
f 1965/2065/1797 1966/2173/1905 1957/2066/1798
f 1957/2066/1798 1966/2173/1905 1958/2174/1906
f 1957/2066/1798 1958/2174/1906 1949/2067/1799
f 1949/2067/1799 1958/2174/1906 1950/2175/1907
f 1949/2067/1799 1950/2175/1907 1941/2068/1800
f 1941/2068/1800 1950/2175/1907 1942/2176/1908
f 1941/2068/1800 1942/2176/1908 1933/2069/1801
f 1933/2069/1801 1942/2176/1908 1934/2177/1909
f 1933/2069/1801 1934/2177/1909 1925/2070/1802
f 1925/2070/1802 1934/2177/1909 1926/2178/1910
f 1925/2070/1802 1926/2178/1910 1917/2071/1803
f 1917/2071/1803 1926/2178/1910 1918/2179/1911
f 1917/2071/1803 1918/2179/1911 1909/2072/1804
f 1909/2072/1804 1918/2179/1911 1910/2180/1912
f 1909/2072/1804 1910/2180/1912 1901/2073/1805
f 1901/2073/1805 1910/2180/1912 1902/2181/1913
f 1901/2073/1805 1902/2181/1913 1893/2074/1806
f 1893/2074/1806 1902/2181/1913 1894/2182/1914
f 1893/2074/1806 1894/2182/1914 1885/2075/1807
f 1885/2075/1807 1894/2182/1914 1886/2183/1915
f 1885/2075/1807 1886/2183/1915 1877/2076/1808
f 1877/2076/1808 1886/2183/1915 1878/2184/1916
f 1877/2076/1808 1878/2184/1916 1869/2077/1809
f 1869/2077/1809 1878/2184/1916 1870/2185/1917
f 1869/2077/1809 1870/2185/1917 1861/2078/1810
f 1861/2078/1810 1870/2185/1917 1862/2186/1918
f 1861/2078/1810 1862/2186/1918 1853/2079/1811
f 1853/2079/1811 1862/2186/1918 1854/2187/1919
f 1853/2079/1811 1854/2187/1919 1845/2080/1812
f 1845/2080/1812 1854/2187/1919 1846/2188/1920
f 1845/2080/1812 1846/2188/1920 1837/2081/1813
f 1837/2081/1813 1846/2188/1920 1838/2189/1921
f 1837/2081/1813 1838/2189/1921 1829/2082/1814
f 1829/2082/1814 1838/2189/1921 1830/2190/1922
f 1829/2082/1814 1830/2190/1922 1821/2083/1815
f 1821/2083/1815 1830/2190/1922 1822/2191/1923
f 1821/2083/1815 1822/2191/1923 1813/2084/1816
f 1813/2084/1816 1822/2191/1923 1814/2192/1924
f 1813/2084/1816 1814/2192/1924 1805/2085/1817
f 1805/2085/1817 1814/2192/1924 1806/2193/1925
f 1805/2085/1817 1806/2193/1925 1797/2086/1818
f 1797/2086/1818 1806/2193/1925 1798/2194/1926
f 1797/2086/1818 1798/2194/1926 1789/2087/1819
f 1789/2087/1819 1798/2194/1926 1790/2195/1927
f 1789/2087/1819 1790/2195/1927 1781/2088/1820
f 1781/2088/1820 1790/2195/1927 1782/2196/1928
f 1781/2088/1820 1782/2196/1928 1773/2089/1821
f 1773/2089/1821 1782/2196/1928 1774/2197/1929
f 1773/2089/1821 1774/2197/1929 1765/2090/1822
f 1765/2090/1822 1774/2197/1929 1766/2198/1930
f 1765/2090/1822 1766/2198/1930 1757/2091/1823
f 1757/2091/1823 1766/2198/1930 1758/2199/1931
f 1757/2091/1823 1758/2199/1931 1749/2092/1824
f 1749/2092/1824 1758/2199/1931 1750/2200/1932
f 1749/2092/1824 1750/2200/1932 1741/2093/1825
f 1741/2093/1825 1750/2200/1932 1742/2201/1933
f 1741/2093/1825 1742/2201/1933 1733/2094/1826
f 1733/2094/1826 1742/2201/1933 1734/2202/1934
f 1733/2094/1826 1734/2202/1934 1725/2095/1827
f 1725/2095/1827 1734/2202/1934 1726/2203/1935
f 1725/2095/1827 1726/2203/1935 1717/2096/1828
f 1717/2096/1828 1726/2203/1935 1718/2204/1936
f 1717/2096/1828 1718/2204/1936 1709/2097/1829
f 1709/2097/1829 1718/2204/1936 1710/2205/1937
f 1709/2097/1829 1710/2205/1937 1701/2098/1830
f 1701/2098/1830 1710/2205/1937 1702/2206/1938
f 1701/2098/1830 1702/2206/1938 1693/2099/1831
f 1693/2099/1831 1702/2206/1938 1694/2207/1939
f 1693/2099/1831 1694/2207/1939 1685/2100/1832
f 1685/2100/1832 1694/2207/1939 1686/2208/1940
f 1685/2100/1832 1686/2208/1940 1677/2101/1833
f 1677/2101/1833 1686/2208/1940 1678/2209/1941
f 1677/2101/1833 1678/2209/1941 1669/2102/1834
f 1669/2102/1834 1678/2209/1941 1670/2210/1942
f 1669/2102/1834 1670/2210/1942 1661/2103/1835
f 1661/2103/1835 1670/2210/1942 1662/2211/1943
f 1661/2103/1835 1662/2211/1943 1653/2104/1836
f 1653/2104/1836 1662/2211/1943 1654/2212/1944
f 1653/2104/1836 1654/2212/1944 1645/2105/1837
f 1645/2105/1837 1654/2212/1944 1646/2213/1945
f 1645/2105/1837 1646/2213/1945 1637/2106/1838
f 1637/2106/1838 1646/2213/1945 1638/2214/1946
f 1637/2106/1838 1638/2214/1946 1629/2107/1839
f 1629/2107/1839 1638/2214/1946 1630/2215/1947
f 1629/2107/1839 1630/2215/1947 1621/2108/1840
f 1621/2108/1840 1630/2215/1947 1622/2216/1948
f 1621/2108/1840 1622/2216/1948 1613/2109/1841
f 1613/2109/1841 1622/2216/1948 1614/2217/1949
f 1613/2109/1841 1614/2217/1949 1605/2110/1842
f 1605/2110/1842 1614/2217/1949 1606/2218/1950
f 1605/2110/1842 1606/2218/1950 1597/2111/1843
f 1597/2111/1843 1606/2218/1950 1598/2219/1951
f 1597/2111/1843 1598/2219/1951 1589/2112/1844
f 1589/2112/1844 1598/2219/1951 1590/2220/1952
f 1589/2112/1844 1590/2220/1952 1581/2113/1845
f 1581/2113/1845 1590/2220/1952 1582/2221/1953
f 1581/2113/1845 1582/2221/1953 1573/2114/1846
f 1573/2114/1846 1582/2221/1953 1574/2222/1954
f 1573/2114/1846 1574/2222/1954 1565/2115/1847
f 1565/2115/1847 1574/2222/1954 1566/2223/1955
f 1565/2115/1847 1566/2223/1955 1557/2116/1848
f 1557/2116/1848 1566/2223/1955 1558/2224/1956
f 1557/2116/1848 1558/2224/1956 1549/2117/1849
f 1549/2117/1849 1558/2224/1956 1550/2225/1957
f 1549/2117/1849 1550/2225/1957 1541/2118/1850
f 1541/2118/1850 1550/2225/1957 1542/2226/1958
f 1541/2118/1850 1542/2226/1958 1533/2119/1851
f 1533/2119/1851 1542/2226/1958 1534/2227/1959
f 1533/2119/1851 1534/2227/1959 1525/2120/1852
f 1525/2120/1852 1534/2227/1959 1526/2228/1960
f 1525/2120/1852 1526/2228/1960 1517/2121/1853
f 1517/2121/1853 1526/2228/1960 1518/2229/1961
f 1517/2121/1853 1518/2229/1961 1509/2122/1854
f 1509/2122/1854 1518/2229/1961 1510/2230/1962
f 1509/2122/1854 1510/2230/1962 1501/2123/1855
f 1501/2123/1855 1510/2230/1962 1502/2231/1963
f 1501/2123/1855 1502/2231/1963 1493/2124/1856
f 1493/2124/1856 1502/2231/1963 1494/2232/1964
f 1493/2124/1856 1494/2232/1964 1485/2125/1857
f 1485/2125/1857 1494/2232/1964 1486/2233/1965
f 1485/2125/1857 1486/2233/1965 1477/2126/1858
f 1477/2126/1858 1486/2233/1965 1478/2234/1966
f 1477/2126/1858 1478/2234/1966 1469/2127/1859
f 1469/2127/1859 1478/2234/1966 1470/2235/1967
f 1469/2127/1859 1470/2235/1967 1461/2128/1860
f 1461/2128/1860 1470/2235/1967 1462/2236/1968
f 1461/2128/1860 1462/2236/1968 1453/2129/1861
f 1453/2129/1861 1462/2236/1968 1454/2237/1969
f 1453/2129/1861 1454/2237/1969 1445/2130/1862
f 1445/2130/1862 1454/2237/1969 1446/2238/1970
f 1445/2130/1862 1446/2238/1970 1437/2131/1863
f 1437/2131/1863 1446/2238/1970 1438/2239/1971
f 1437/2131/1863 1438/2239/1971 1429/2132/1864
f 1429/2132/1864 1438/2239/1971 1430/2240/1972
f 1429/2132/1864 1430/2240/1972 1421/2133/1865
f 1421/2133/1865 1430/2240/1972 1422/2241/1973
f 1421/2133/1865 1422/2241/1973 1413/2134/1866
f 1413/2134/1866 1422/2241/1973 1414/2242/1974
f 1413/2134/1866 1414/2242/1974 1405/2135/1867
f 1405/2135/1867 1414/2242/1974 1406/2243/1975
f 1405/2135/1867 1406/2243/1975 1397/2136/1868
f 1397/2136/1868 1406/2243/1975 1398/2244/1976
f 1397/2136/1868 1398/2244/1976 1389/2137/1869
f 1389/2137/1869 1398/2244/1976 1390/2245/1977
f 1389/2137/1869 1390/2245/1977 1381/2138/1870
f 1381/2138/1870 1390/2245/1977 1382/2246/1978
f 1381/2138/1870 1382/2246/1978 1373/2139/1871
f 1373/2139/1871 1382/2246/1978 1374/2247/1979
f 1373/2139/1871 1374/2247/1979 1365/2140/1872
f 1365/2140/1872 1374/2247/1979 1366/2248/1980
f 1365/2140/1872 1366/2248/1980 1357/2141/1873
f 1357/2141/1873 1366/2248/1980 1358/2249/1981
f 1357/2141/1873 1358/2249/1981 1349/2142/1874
f 1349/2142/1874 1358/2249/1981 1350/2250/1982
f 1349/2142/1874 1350/2250/1982 1341/2143/1875
f 1341/2143/1875 1350/2250/1982 1342/2251/1983
f 1341/2143/1875 1342/2251/1983 1333/2144/1876
f 1333/2144/1876 1342/2251/1983 1334/2252/1984
f 1333/2144/1876 1334/2252/1984 1325/2145/1877
f 1325/2145/1877 1334/2252/1984 1326/2253/1985
f 1325/2145/1877 1326/2253/1985 1317/2146/1878
f 1317/2146/1878 1326/2253/1985 1318/2254/1986
f 1317/2146/1878 1318/2254/1986 1309/2147/1879
f 1309/2147/1879 1318/2254/1986 1310/2255/1987
f 1309/2147/1879 1310/2255/1987 1301/2148/1880
f 1301/2148/1880 1310/2255/1987 1302/2256/1988
f 1301/2148/1880 1302/2256/1988 1293/2149/1881
f 1293/2149/1881 1302/2256/1988 1294/2257/1989
f 1293/2149/1881 1294/2257/1989 1285/2150/1882
f 1285/2150/1882 1294/2257/1989 1286/2258/1990
f 1285/2150/1882 1286/2258/1990 1277/2151/1883
f 1277/2151/1883 1286/2258/1990 1278/2259/1991
f 1277/2151/1883 1278/2259/1991 1269/2152/1884
f 1269/2152/1884 1278/2259/1991 1270/2260/1992
f 1269/2152/1884 1270/2260/1992 1261/2153/1885
f 1261/2153/1885 1270/2260/1992 1262/2261/1993
f 1261/2153/1885 1262/2261/1993 1253/2154/1886
f 1253/2154/1886 1262/2261/1993 1254/2262/1994
f 1253/2154/1886 1254/2262/1994 1245/2155/1887
f 1245/2155/1887 1254/2262/1994 1246/2263/1995
f 1245/2155/1887 1246/2263/1995 1210/2156/1888
f 1210/2156/1888 1246/2263/1995 1211/2264/1996
f 1210/2156/1888 1211/2264/1996 1214/1437/1303
f 1214/1437/1303 1211/2264/1996 1212/1435/1301
f 1202/2157/1889 1203/2265/1997 2086/2158/1890
f 2086/2158/1890 1203/2265/1997 2087/2266/1998
f 2086/2158/1890 2087/2266/1998 2078/2159/1891
f 2078/2159/1891 2087/2266/1998 2079/2267/1999
f 2078/2159/1891 2079/2267/1999 2070/2160/1892
f 2070/2160/1892 2079/2267/1999 2071/2268/2000
f 2070/2160/1892 2071/2268/2000 2062/2161/1893
f 2062/2161/1893 2071/2268/2000 2063/2269/2001
f 2062/2161/1893 2063/2269/2001 2054/2162/1894
f 2054/2162/1894 2063/2269/2001 2055/2270/2002
f 2054/2162/1894 2055/2270/2002 2046/2163/1895
f 2046/2163/1895 2055/2270/2002 2047/2271/2003
f 2046/2163/1895 2047/2271/2003 2038/2164/1896
f 2038/2164/1896 2047/2271/2003 2039/2272/2004
f 2038/2164/1896 2039/2272/2004 2030/2165/1897
f 2030/2165/1897 2039/2272/2004 2031/2273/2005
f 2030/2165/1897 2031/2273/2005 2022/2166/1898
f 2022/2166/1898 2031/2273/2005 2023/2274/2006
f 2022/2166/1898 2023/2274/2006 2014/2167/1899
f 2014/2167/1899 2023/2274/2006 2015/2275/2007
f 2014/2167/1899 2015/2275/2007 2006/2168/1900
f 2006/2168/1900 2015/2275/2007 2007/2276/2008
f 2006/2168/1900 2007/2276/2008 1998/2169/1901
f 1998/2169/1901 2007/2276/2008 1999/2277/2009
f 1998/2169/1901 1999/2277/2009 1990/2170/1902
f 1990/2170/1902 1999/2277/2009 1991/2278/2010
f 1990/2170/1902 1991/2278/2010 1982/2171/1903
f 1982/2171/1903 1991/2278/2010 1983/2279/2011
f 1982/2171/1903 1983/2279/2011 1974/2172/1904
f 1974/2172/1904 1983/2279/2011 1975/2280/2012
f 1974/2172/1904 1975/2280/2012 1966/2173/1905
f 1966/2173/1905 1975/2280/2012 1967/2281/2013
f 1966/2173/1905 1967/2281/2013 1958/2174/1906
f 1958/2174/1906 1967/2281/2013 1959/2282/2014
f 1958/2174/1906 1959/2282/2014 1950/2175/1907
f 1950/2175/1907 1959/2282/2014 1951/2283/2015
f 1950/2175/1907 1951/2283/2015 1942/2176/1908
f 1942/2176/1908 1951/2283/2015 1943/2284/2016
f 1942/2176/1908 1943/2284/2016 1934/2177/1909
f 1934/2177/1909 1943/2284/2016 1935/2285/2017
f 1934/2177/1909 1935/2285/2017 1926/2178/1910
f 1926/2178/1910 1935/2285/2017 1927/2286/2018
f 1926/2178/1910 1927/2286/2018 1918/2179/1911
f 1918/2179/1911 1927/2286/2018 1919/2287/2019
f 1918/2179/1911 1919/2287/2019 1910/2180/1912
f 1910/2180/1912 1919/2287/2019 1911/2288/2020
f 1910/2180/1912 1911/2288/2020 1902/2181/1913
f 1902/2181/1913 1911/2288/2020 1903/2289/2021
f 1902/2181/1913 1903/2289/2021 1894/2182/1914
f 1894/2182/1914 1903/2289/2021 1895/2290/2022
f 1894/2182/1914 1895/2290/2022 1886/2183/1915
f 1886/2183/1915 1895/2290/2022 1887/2291/2023
f 1886/2183/1915 1887/2291/2023 1878/2184/1916
f 1878/2184/1916 1887/2291/2023 1879/2292/2024
f 1878/2184/1916 1879/2292/2024 1870/2185/1917
f 1870/2185/1917 1879/2292/2024 1871/2293/2025
f 1870/2185/1917 1871/2293/2025 1862/2186/1918
f 1862/2186/1918 1871/2293/2025 1863/2294/2026
f 1862/2186/1918 1863/2294/2026 1854/2187/1919
f 1854/2187/1919 1863/2294/2026 1855/2295/2027
f 1854/2187/1919 1855/2295/2027 1846/2188/1920
f 1846/2188/1920 1855/2295/2027 1847/2296/2028
f 1846/2188/1920 1847/2296/2028 1838/2189/1921
f 1838/2189/1921 1847/2296/2028 1839/2297/2029
f 1838/2189/1921 1839/2297/2029 1830/2190/1922
f 1830/2190/1922 1839/2297/2029 1831/2298/2030
f 1830/2190/1922 1831/2298/2030 1822/2191/1923
f 1822/2191/1923 1831/2298/2030 1823/2299/2031
f 1822/2191/1923 1823/2299/2031 1814/2192/1924
f 1814/2192/1924 1823/2299/2031 1815/2300/2032
f 1814/2192/1924 1815/2300/2032 1806/2193/1925
f 1806/2193/1925 1815/2300/2032 1807/2301/2033
f 1806/2193/1925 1807/2301/2033 1798/2194/1926
f 1798/2194/1926 1807/2301/2033 1799/2302/2034
f 1798/2194/1926 1799/2302/2034 1790/2195/1927
f 1790/2195/1927 1799/2302/2034 1791/2303/2035
f 1790/2195/1927 1791/2303/2035 1782/2196/1928
f 1782/2196/1928 1791/2303/2035 1783/2304/2036
f 1782/2196/1928 1783/2304/2036 1774/2197/1929
f 1774/2197/1929 1783/2304/2036 1775/2305/2037
f 1774/2197/1929 1775/2305/2037 1766/2198/1930
f 1766/2198/1930 1775/2305/2037 1767/2306/2038
f 1766/2198/1930 1767/2306/2038 1758/2199/1931
f 1758/2199/1931 1767/2306/2038 1759/2307/2039
f 1758/2199/1931 1759/2307/2039 1750/2200/1932
f 1750/2200/1932 1759/2307/2039 1751/2308/2040
f 1750/2200/1932 1751/2308/2040 1742/2201/1933
f 1742/2201/1933 1751/2308/2040 1743/2309/2041
f 1742/2201/1933 1743/2309/2041 1734/2202/1934
f 1734/2202/1934 1743/2309/2041 1735/2310/2042
f 1734/2202/1934 1735/2310/2042 1726/2203/1935
f 1726/2203/1935 1735/2310/2042 1727/2311/2043
f 1726/2203/1935 1727/2311/2043 1718/2204/1936
f 1718/2204/1936 1727/2311/2043 1719/2312/2044
f 1718/2204/1936 1719/2312/2044 1710/2205/1937
f 1710/2205/1937 1719/2312/2044 1711/2313/2045
f 1710/2205/1937 1711/2313/2045 1702/2206/1938
f 1702/2206/1938 1711/2313/2045 1703/2314/2046
f 1702/2206/1938 1703/2314/2046 1694/2207/1939
f 1694/2207/1939 1703/2314/2046 1695/2315/2047
f 1694/2207/1939 1695/2315/2047 1686/2208/1940
f 1686/2208/1940 1695/2315/2047 1687/2316/2048
f 1686/2208/1940 1687/2316/2048 1678/2209/1941
f 1678/2209/1941 1687/2316/2048 1679/2317/2049
f 1678/2209/1941 1679/2317/2049 1670/2210/1942
f 1670/2210/1942 1679/2317/2049 1671/2318/2050
f 1670/2210/1942 1671/2318/2050 1662/2211/1943
f 1662/2211/1943 1671/2318/2050 1663/2319/2051
f 1662/2211/1943 1663/2319/2051 1654/2212/1944
f 1654/2212/1944 1663/2319/2051 1655/2320/2052
f 1654/2212/1944 1655/2320/2052 1646/2213/1945
f 1646/2213/1945 1655/2320/2052 1647/2321/2053
f 1646/2213/1945 1647/2321/2053 1638/2214/1946
f 1638/2214/1946 1647/2321/2053 1639/2322/2054
f 1638/2214/1946 1639/2322/2054 1630/2215/1947
f 1630/2215/1947 1639/2322/2054 1631/2323/2055
f 1630/2215/1947 1631/2323/2055 1622/2216/1948
f 1622/2216/1948 1631/2323/2055 1623/2324/2056
f 1622/2216/1948 1623/2324/2056 1614/2217/1949
f 1614/2217/1949 1623/2324/2056 1615/2325/2057
f 1614/2217/1949 1615/2325/2057 1606/2218/1950
f 1606/2218/1950 1615/2325/2057 1607/2326/2058
f 1606/2218/1950 1607/2326/2058 1598/2219/1951
f 1598/2219/1951 1607/2326/2058 1599/2327/2059
f 1598/2219/1951 1599/2327/2059 1590/2220/1952
f 1590/2220/1952 1599/2327/2059 1591/2328/2060
f 1590/2220/1952 1591/2328/2060 1582/2221/1953
f 1582/2221/1953 1591/2328/2060 1583/2329/2061
f 1582/2221/1953 1583/2329/2061 1574/2222/1954
f 1574/2222/1954 1583/2329/2061 1575/2330/2062
f 1574/2222/1954 1575/2330/2062 1566/2223/1955
f 1566/2223/1955 1575/2330/2062 1567/2331/2063
f 1566/2223/1955 1567/2331/2063 1558/2224/1956
f 1558/2224/1956 1567/2331/2063 1559/2332/2064
f 1558/2224/1956 1559/2332/2064 1550/2225/1957
f 1550/2225/1957 1559/2332/2064 1551/2333/2065
f 1550/2225/1957 1551/2333/2065 1542/2226/1958
f 1542/2226/1958 1551/2333/2065 1543/2334/2066
f 1542/2226/1958 1543/2334/2066 1534/2227/1959
f 1534/2227/1959 1543/2334/2066 1535/2335/2067
f 1534/2227/1959 1535/2335/2067 1526/2228/1960
f 1526/2228/1960 1535/2335/2067 1527/2336/2068
f 1526/2228/1960 1527/2336/2068 1518/2229/1961
f 1518/2229/1961 1527/2336/2068 1519/2337/2069
f 1518/2229/1961 1519/2337/2069 1510/2230/1962
f 1510/2230/1962 1519/2337/2069 1511/2338/2070
f 1510/2230/1962 1511/2338/2070 1502/2231/1963
f 1502/2231/1963 1511/2338/2070 1503/2339/2071
f 1502/2231/1963 1503/2339/2071 1494/2232/1964
f 1494/2232/1964 1503/2339/2071 1495/2340/2072
f 1494/2232/1964 1495/2340/2072 1486/2233/1965
f 1486/2233/1965 1495/2340/2072 1487/2341/2073
f 1486/2233/1965 1487/2341/2073 1478/2234/1966
f 1478/2234/1966 1487/2341/2073 1479/2342/2074
f 1478/2234/1966 1479/2342/2074 1470/2235/1967
f 1470/2235/1967 1479/2342/2074 1471/2343/2075
f 1470/2235/1967 1471/2343/2075 1462/2236/1968
f 1462/2236/1968 1471/2343/2075 1463/2344/2076
f 1462/2236/1968 1463/2344/2076 1454/2237/1969
f 1454/2237/1969 1463/2344/2076 1455/2345/2077
f 1454/2237/1969 1455/2345/2077 1446/2238/1970
f 1446/2238/1970 1455/2345/2077 1447/2346/2078
f 1446/2238/1970 1447/2346/2078 1438/2239/1971
f 1438/2239/1971 1447/2346/2078 1439/2347/2079
f 1438/2239/1971 1439/2347/2079 1430/2240/1972
f 1430/2240/1972 1439/2347/2079 1431/2348/2080
f 1430/2240/1972 1431/2348/2080 1422/2241/1973
f 1422/2241/1973 1431/2348/2080 1423/2349/2081
f 1422/2241/1973 1423/2349/2081 1414/2242/1974
f 1414/2242/1974 1423/2349/2081 1415/2350/2082
f 1414/2242/1974 1415/2350/2082 1406/2243/1975
f 1406/2243/1975 1415/2350/2082 1407/2351/2083
f 1406/2243/1975 1407/2351/2083 1398/2244/1976
f 1398/2244/1976 1407/2351/2083 1399/2352/2084
f 1398/2244/1976 1399/2352/2084 1390/2245/1977
f 1390/2245/1977 1399/2352/2084 1391/2353/2085
f 1390/2245/1977 1391/2353/2085 1382/2246/1978
f 1382/2246/1978 1391/2353/2085 1383/2354/2086
f 1382/2246/1978 1383/2354/2086 1374/2247/1979
f 1374/2247/1979 1383/2354/2086 1375/2355/2087
f 1374/2247/1979 1375/2355/2087 1366/2248/1980
f 1366/2248/1980 1375/2355/2087 1367/2356/2088
f 1366/2248/1980 1367/2356/2088 1358/2249/1981
f 1358/2249/1981 1367/2356/2088 1359/2357/2089
f 1358/2249/1981 1359/2357/2089 1350/2250/1982
f 1350/2250/1982 1359/2357/2089 1351/2358/2090
f 1350/2250/1982 1351/2358/2090 1342/2251/1983
f 1342/2251/1983 1351/2358/2090 1343/2359/2091
f 1342/2251/1983 1343/2359/2091 1334/2252/1984
f 1334/2252/1984 1343/2359/2091 1335/2360/2092
f 1334/2252/1984 1335/2360/2092 1326/2253/1985
f 1326/2253/1985 1335/2360/2092 1327/2361/2093
f 1326/2253/1985 1327/2361/2093 1318/2254/1986
f 1318/2254/1986 1327/2361/2093 1319/2362/2094
f 1318/2254/1986 1319/2362/2094 1310/2255/1987
f 1310/2255/1987 1319/2362/2094 1311/2363/2095
f 1310/2255/1987 1311/2363/2095 1302/2256/1988
f 1302/2256/1988 1311/2363/2095 1303/2364/2096
f 1302/2256/1988 1303/2364/2096 1294/2257/1989
f 1294/2257/1989 1303/2364/2096 1295/2365/2097
f 1294/2257/1989 1295/2365/2097 1286/2258/1990
f 1286/2258/1990 1295/2365/2097 1287/2366/2098
f 1286/2258/1990 1287/2366/2098 1278/2259/1991
f 1278/2259/1991 1287/2366/2098 1279/2367/2099
f 1278/2259/1991 1279/2367/2099 1270/2260/1992
f 1270/2260/1992 1279/2367/2099 1271/2368/2100
f 1270/2260/1992 1271/2368/2100 1262/2261/1993
f 1262/2261/1993 1271/2368/2100 1263/2369/2101
f 1262/2261/1993 1263/2369/2101 1254/2262/1994
f 1254/2262/1994 1263/2369/2101 1255/2370/2102
f 1254/2262/1994 1255/2370/2102 1246/2263/1995
f 1246/2263/1995 1255/2370/2102 1247/2371/2103
f 1246/2263/1995 1247/2371/2103 1211/2264/1996
f 1211/2264/1996 1247/2371/2103 1212/1435/1301
f 1203/2265/1997 1204/1431/1297 2087/2266/1998
f 2087/2266/1998 1204/1431/1297 2088/1429/1295
f 2087/2266/1998 2088/1429/1295 2079/2267/1999
f 2079/2267/1999 2088/1429/1295 2080/1427/1293
f 2079/2267/1999 2080/1427/1293 2071/2268/2000
f 2071/2268/2000 2080/1427/1293 2072/1425/1291
f 2071/2268/2000 2072/1425/1291 2063/2269/2001
f 2063/2269/2001 2072/1425/1291 2064/1423/1289
f 2063/2269/2001 2064/1423/1289 2055/2270/2002
f 2055/2270/2002 2064/1423/1289 2056/1420/1286
f 2055/2270/2002 2056/1420/1286 2047/2271/2003
f 2047/2271/2003 2056/1420/1286 2048/1418/1284
f 2047/2271/2003 2048/1418/1284 2039/2272/2004
f 2039/2272/2004 2048/1418/1284 2040/1416/1282
f 2039/2272/2004 2040/1416/1282 2031/2273/2005
f 2031/2273/2005 2040/1416/1282 2032/1414/1280
f 2031/2273/2005 2032/1414/1280 2023/2274/2006
f 2023/2274/2006 2032/1414/1280 2024/1412/1278
f 2023/2274/2006 2024/1412/1278 2015/2275/2007
f 2015/2275/2007 2024/1412/1278 2016/1410/1276
f 2015/2275/2007 2016/1410/1276 2007/2276/2008
f 2007/2276/2008 2016/1410/1276 2008/1407/1273
f 2007/2276/2008 2008/1407/1273 1999/2277/2009
f 1999/2277/2009 2008/1407/1273 2000/1405/1271
f 1999/2277/2009 2000/1405/1271 1991/2278/2010
f 1991/2278/2010 2000/1405/1271 1992/1403/1269
f 1991/2278/2010 1992/1403/1269 1983/2279/2011
f 1983/2279/2011 1992/1403/1269 1984/1401/1267
f 1983/2279/2011 1984/1401/1267 1975/2280/2012
f 1975/2280/2012 1984/1401/1267 1976/1399/1265
f 1975/2280/2012 1976/1399/1265 1967/2281/2013
f 1967/2281/2013 1976/1399/1265 1968/1396/1262
f 1967/2281/2013 1968/1396/1262 1959/2282/2014
f 1959/2282/2014 1968/1396/1262 1960/1394/1260
f 1959/2282/2014 1960/1394/1260 1951/2283/2015
f 1951/2283/2015 1960/1394/1260 1952/1392/1258
f 1951/2283/2015 1952/1392/1258 1943/2284/2016
f 1943/2284/2016 1952/1392/1258 1944/1390/1256
f 1943/2284/2016 1944/1390/1256 1935/2285/2017
f 1935/2285/2017 1944/1390/1256 1936/1388/1254
f 1935/2285/2017 1936/1388/1254 1927/2286/2018
f 1927/2286/2018 1936/1388/1254 1928/1385/1251
f 1927/2286/2018 1928/1385/1251 1919/2287/2019
f 1919/2287/2019 1928/1385/1251 1920/1383/1249
f 1919/2287/2019 1920/1383/1249 1911/2288/2020
f 1911/2288/2020 1920/1383/1249 1912/1381/1247
f 1911/2288/2020 1912/1381/1247 1903/2289/2021
f 1903/2289/2021 1912/1381/1247 1904/1379/1245
f 1903/2289/2021 1904/1379/1245 1895/2290/2022
f 1895/2290/2022 1904/1379/1245 1896/1377/1243
f 1895/2290/2022 1896/1377/1243 1887/2291/2023
f 1887/2291/2023 1896/1377/1243 1888/1375/1241
f 1887/2291/2023 1888/1375/1241 1879/2292/2024
f 1879/2292/2024 1888/1375/1241 1880/1372/1238
f 1879/2292/2024 1880/1372/1238 1871/2293/2025
f 1871/2293/2025 1880/1372/1238 1872/1370/1236
f 1871/2293/2025 1872/1370/1236 1863/2294/2026
f 1863/2294/2026 1872/1370/1236 1864/1368/1234
f 1863/2294/2026 1864/1368/1234 1855/2295/2027
f 1855/2295/2027 1864/1368/1234 1856/1366/1232
f 1855/2295/2027 1856/1366/1232 1847/2296/2028
f 1847/2296/2028 1856/1366/1232 1848/1364/1230
f 1847/2296/2028 1848/1364/1230 1839/2297/2029
f 1839/2297/2029 1848/1364/1230 1840/1361/1227
f 1839/2297/2029 1840/1361/1227 1831/2298/2030
f 1831/2298/2030 1840/1361/1227 1832/1359/1225
f 1831/2298/2030 1832/1359/1225 1823/2299/2031
f 1823/2299/2031 1832/1359/1225 1824/1357/1223
f 1823/2299/2031 1824/1357/1223 1815/2300/2032
f 1815/2300/2032 1824/1357/1223 1816/1355/1221
f 1815/2300/2032 1816/1355/1221 1807/2301/2033
f 1807/2301/2033 1816/1355/1221 1808/1353/1219
f 1807/2301/2033 1808/1353/1219 1799/2302/2034
f 1799/2302/2034 1808/1353/1219 1800/1350/1216
f 1799/2302/2034 1800/1350/1216 1791/2303/2035
f 1791/2303/2035 1800/1350/1216 1792/1348/1214
f 1791/2303/2035 1792/1348/1214 1783/2304/2036
f 1783/2304/2036 1792/1348/1214 1784/1346/1212
f 1783/2304/2036 1784/1346/1212 1775/2305/2037
f 1775/2305/2037 1784/1346/1212 1776/1344/1210
f 1775/2305/2037 1776/1344/1210 1767/2306/2038
f 1767/2306/2038 1776/1344/1210 1768/1342/1208
f 1767/2306/2038 1768/1342/1208 1759/2307/2039
f 1759/2307/2039 1768/1342/1208 1760/1340/1206
f 1759/2307/2039 1760/1340/1206 1751/2308/2040
f 1751/2308/2040 1760/1340/1206 1752/1337/1203
f 1751/2308/2040 1752/1337/1203 1743/2309/2041
f 1743/2309/2041 1752/1337/1203 1744/1335/1201
f 1743/2309/2041 1744/1335/1201 1735/2310/2042
f 1735/2310/2042 1744/1335/1201 1736/1333/1199
f 1735/2310/2042 1736/1333/1199 1727/2311/2043
f 1727/2311/2043 1736/1333/1199 1728/1331/1197
f 1727/2311/2043 1728/1331/1197 1719/2312/2044
f 1719/2312/2044 1728/1331/1197 1720/1329/1195
f 1719/2312/2044 1720/1329/1195 1711/2313/2045
f 1711/2313/2045 1720/1329/1195 1712/1326/1192
f 1711/2313/2045 1712/1326/1192 1703/2314/2046
f 1703/2314/2046 1712/1326/1192 1704/1324/1190
f 1703/2314/2046 1704/1324/1190 1695/2315/2047
f 1695/2315/2047 1704/1324/1190 1696/1322/1188
f 1695/2315/2047 1696/1322/1188 1687/2316/2048
f 1687/2316/2048 1696/1322/1188 1688/1320/1186
f 1687/2316/2048 1688/1320/1186 1679/2317/2049
f 1679/2317/2049 1688/1320/1186 1680/1318/1184
f 1679/2317/2049 1680/1318/1184 1671/2318/2050
f 1671/2318/2050 1680/1318/1184 1672/1316/1182
f 1671/2318/2050 1672/1316/1182 1663/2319/2051
f 1663/2319/2051 1672/1316/1182 1664/1313/1179
f 1663/2319/2051 1664/1313/1179 1655/2320/2052
f 1655/2320/2052 1664/1313/1179 1656/1311/1177
f 1655/2320/2052 1656/1311/1177 1647/2321/2053
f 1647/2321/2053 1656/1311/1177 1648/1309/1175
f 1647/2321/2053 1648/1309/1175 1639/2322/2054
f 1639/2322/2054 1648/1309/1175 1640/1307/1173
f 1639/2322/2054 1640/1307/1173 1631/2323/2055
f 1631/2323/2055 1640/1307/1173 1632/1305/1171
f 1631/2323/2055 1632/1305/1171 1623/2324/2056
f 1623/2324/2056 1632/1305/1171 1624/1302/1168
f 1623/2324/2056 1624/1302/1168 1615/2325/2057
f 1615/2325/2057 1624/1302/1168 1616/1300/1166
f 1615/2325/2057 1616/1300/1166 1607/2326/2058
f 1607/2326/2058 1616/1300/1166 1608/1298/1164
f 1607/2326/2058 1608/1298/1164 1599/2327/2059
f 1599/2327/2059 1608/1298/1164 1600/1296/1162
f 1599/2327/2059 1600/1296/1162 1591/2328/2060
f 1591/2328/2060 1600/1296/1162 1592/1294/1160
f 1591/2328/2060 1592/1294/1160 1583/2329/2061
f 1583/2329/2061 1592/1294/1160 1584/1291/1157
f 1583/2329/2061 1584/1291/1157 1575/2330/2062
f 1575/2330/2062 1584/1291/1157 1576/1289/1155
f 1575/2330/2062 1576/1289/1155 1567/2331/2063
f 1567/2331/2063 1576/1289/1155 1568/1287/1153
f 1567/2331/2063 1568/1287/1153 1559/2332/2064
f 1559/2332/2064 1568/1287/1153 1560/1285/1151
f 1559/2332/2064 1560/1285/1151 1551/2333/2065
f 1551/2333/2065 1560/1285/1151 1552/1283/1149
f 1551/2333/2065 1552/1283/1149 1543/2334/2066
f 1543/2334/2066 1552/1283/1149 1544/1281/1147
f 1543/2334/2066 1544/1281/1147 1535/2335/2067
f 1535/2335/2067 1544/1281/1147 1536/1278/1144
f 1535/2335/2067 1536/1278/1144 1527/2336/2068
f 1527/2336/2068 1536/1278/1144 1528/1276/1142
f 1527/2336/2068 1528/1276/1142 1519/2337/2069
f 1519/2337/2069 1528/1276/1142 1520/1274/1140
f 1519/2337/2069 1520/1274/1140 1511/2338/2070
f 1511/2338/2070 1520/1274/1140 1512/1272/1138
f 1511/2338/2070 1512/1272/1138 1503/2339/2071
f 1503/2339/2071 1512/1272/1138 1504/1270/1136
f 1503/2339/2071 1504/1270/1136 1495/2340/2072
f 1495/2340/2072 1504/1270/1136 1496/1267/1133
f 1495/2340/2072 1496/1267/1133 1487/2341/2073
f 1487/2341/2073 1496/1267/1133 1488/1265/1131
f 1487/2341/2073 1488/1265/1131 1479/2342/2074
f 1479/2342/2074 1488/1265/1131 1480/1263/1129
f 1479/2342/2074 1480/1263/1129 1471/2343/2075
f 1471/2343/2075 1480/1263/1129 1472/1261/1127
f 1471/2343/2075 1472/1261/1127 1463/2344/2076
f 1463/2344/2076 1472/1261/1127 1464/1259/1125
f 1463/2344/2076 1464/1259/1125 1455/2345/2077
f 1455/2345/2077 1464/1259/1125 1456/1256/1122
f 1455/2345/2077 1456/1256/1122 1447/2346/2078
f 1447/2346/2078 1456/1256/1122 1448/1254/1120
f 1447/2346/2078 1448/1254/1120 1439/2347/2079
f 1439/2347/2079 1448/1254/1120 1440/1252/1118
f 1439/2347/2079 1440/1252/1118 1431/2348/2080
f 1431/2348/2080 1440/1252/1118 1432/1250/1116
f 1431/2348/2080 1432/1250/1116 1423/2349/2081
f 1423/2349/2081 1432/1250/1116 1424/1248/1114
f 1423/2349/2081 1424/1248/1114 1415/2350/2082
f 1415/2350/2082 1424/1248/1114 1416/1246/1112
f 1415/2350/2082 1416/1246/1112 1407/2351/2083
f 1407/2351/2083 1416/1246/1112 1408/1243/1109
f 1407/2351/2083 1408/1243/1109 1399/2352/2084
f 1399/2352/2084 1408/1243/1109 1400/1241/1107
f 1399/2352/2084 1400/1241/1107 1391/2353/2085
f 1391/2353/2085 1400/1241/1107 1392/1239/1105
f 1391/2353/2085 1392/1239/1105 1383/2354/2086
f 1383/2354/2086 1392/1239/1105 1384/1237/1103
f 1383/2354/2086 1384/1237/1103 1375/2355/2087
f 1375/2355/2087 1384/1237/1103 1376/1235/1101
f 1375/2355/2087 1376/1235/1101 1367/2356/2088
f 1367/2356/2088 1376/1235/1101 1368/1232/1098
f 1367/2356/2088 1368/1232/1098 1359/2357/2089
f 1359/2357/2089 1368/1232/1098 1360/1230/1096
f 1359/2357/2089 1360/1230/1096 1351/2358/2090
f 1351/2358/2090 1360/1230/1096 1352/1228/1094
f 1351/2358/2090 1352/1228/1094 1343/2359/2091
f 1343/2359/2091 1352/1228/1094 1344/1226/1092
f 1343/2359/2091 1344/1226/1092 1335/2360/2092
f 1335/2360/2092 1344/1226/1092 1336/1224/1090
f 1335/2360/2092 1336/1224/1090 1327/2361/2093
f 1327/2361/2093 1336/1224/1090 1328/1221/1087
f 1327/2361/2093 1328/1221/1087 1319/2362/2094
f 1319/2362/2094 1328/1221/1087 1320/1219/1085
f 1319/2362/2094 1320/1219/1085 1311/2363/2095
f 1311/2363/2095 1320/1219/1085 1312/1217/1083
f 1311/2363/2095 1312/1217/1083 1303/2364/2096
f 1303/2364/2096 1312/1217/1083 1304/1215/1081
f 1303/2364/2096 1304/1215/1081 1295/2365/2097
f 1295/2365/2097 1304/1215/1081 1296/1213/1079
f 1295/2365/2097 1296/1213/1079 1287/2366/2098
f 1287/2366/2098 1296/1213/1079 1288/1211/1077
f 1287/2366/2098 1288/1211/1077 1279/2367/2099
f 1279/2367/2099 1288/1211/1077 1280/1208/1074
f 1279/2367/2099 1280/1208/1074 1271/2368/2100
f 1271/2368/2100 1280/1208/1074 1272/1206/1072
f 1271/2368/2100 1272/1206/1072 1263/2369/2101
f 1263/2369/2101 1272/1206/1072 1264/1204/1070
f 1263/2369/2101 1264/1204/1070 1255/2370/2102
f 1255/2370/2102 1264/1204/1070 1256/1202/1068
f 1255/2370/2102 1256/1202/1068 1247/2371/2103
f 1247/2371/2103 1256/1202/1068 1248/1200/1066
f 1247/2371/2103 1248/1200/1066 1212/1435/1301
f 1212/1435/1301 1248/1200/1066 1213/1198/1064
f 1217/1443/1309 1208/1940/1672 1216/1441/1307
f 1221/1442/1308 1220/1440/1306 1229/2372/2104
f 1229/2372/2104 1220/1440/1306 1228/1458/1324
f 1229/2372/2104 1228/1458/1324 1237/1482/1343
f 1237/1482/1343 1228/1458/1324 1236/1480/1341
f 1222/1444/1310 1221/1442/1308 1230/2373/2105
f 1230/2373/2105 1221/1442/1308 1229/2372/2104
f 1230/2373/2105 1229/2372/2104 1238/1484/1345
f 1238/1484/1345 1229/2372/2104 1237/1482/1343
f 1232/1452/1318 1224/1448/1314 1223/1446/1312
f 1223/1446/1312 1222/1444/1310 1231/2374/2106
f 1231/2374/2106 1222/1444/1310 1230/2373/2105
f 1231/2374/2106 1230/2373/2105 1239/1486/1347
f 1239/1486/1347 1230/2373/2105 1238/1484/1345
f 1225/1465/1331 1234/1472/1335 1226/1463/1329
f 1226/1463/1329 1234/1472/1335 1235/1478/1339
f 1226/1463/1329 1235/1478/1339 1227/1461/1327
f 1227/1461/1327 1235/1478/1339 1236/1480/1341
f 1227/1461/1327 1236/1480/1341 1228/1458/1324
f 1240/1454/1320 1232/1452/1318 1231/2374/2106
f 1231/2374/2106 1232/1452/1318 1223/1446/1312
f 1240/1454/1320 1231/2374/2106 1239/1486/1347
f 1196/2375/2107 1204/2376/2108 1197/2377/2109
f 1197/2377/2109 1204/2376/2108 1198/2378/2110
f 1198/2378/2110 1204/2376/2108 1203/2379/2111
f 1198/2378/2110 1203/2379/2111 1199/2380/2112
f 1199/2380/2112 1203/2379/2111 1202/2381/2113
f 1199/2380/2112 1202/2381/2113 1200/2382/2114
f 1200/2382/2114 1202/2381/2113 1201/2383/2115
f 1058/2384/2116 1066/2385/2117 1059/2386/2118
f 1059/2386/2118 1066/2385/2117 1060/2387/2119
f 1060/2387/2119 1066/2385/2117 1065/2388/2120
f 1060/2387/2119 1065/2388/2120 1061/2389/2121
f 1061/2389/2121 1065/2388/2120 1064/2390/2122
f 1061/2389/2121 1064/2390/2122 1062/2391/2123
f 1062/2391/2123 1064/2390/2122 1063/2392/2124
f 1048/2393/2125 1047/2394/2126 2092/2395/2127
f 2092/2395/2127 1047/2394/2126 2091/2396/2128
f 2091/2396/2128 1047/2394/2126 1046/2397/2129
f 2091/2396/2128 1046/2397/2129 1045/2398/2130
f 1045/2398/2130 1044/2399/2131 2091/2396/2128
f 2091/2396/2128 1044/2399/2131 1043/2400/2132
f 2091/2396/2128 1043/2400/2132 2090/2401/2133
f 2090/2401/2133 1043/2400/2132 2089/2402/2134
f 2089/2402/2134 1043/2400/2132 1068/2403/2135
f 2089/2402/2134 1068/2403/2135 1067/2404/2136
f 2242/2405/2137 2093/2406/2138 2265/2407/2139
f 2265/2407/2139 2093/2406/2138 2094/2408/2140
f 2265/2407/2139 2094/2408/2140 2266/2409/2141
f 2266/2409/2141 2094/2408/2140 2095/2410/2142
f 2266/2409/2141 2095/2410/2142 2096/2411/2143
f 2266/2409/2141 2096/2411/2143 2273/2412/2144
f 2273/2412/2144 2096/2411/2143 2097/2413/2145
f 2273/2412/2144 2097/2413/2145 2098/2414/2146
f 2273/2412/2144 2098/2414/2146 2281/2415/2147
f 2281/2415/2147 2098/2414/2146 2099/2416/2148
f 2281/2415/2147 2099/2416/2148 2100/2417/2149
f 2281/2415/2147 2100/2417/2149 2289/2418/2150
f 2289/2418/2150 2100/2417/2149 2101/2419/2151
f 2289/2418/2150 2101/2419/2151 2297/2420/2152
f 2297/2420/2152 2101/2419/2151 2102/2421/2153
f 2297/2420/2152 2102/2421/2153 2305/2422/2154
f 2305/2422/2154 2102/2421/2153 2103/2423/2155
f 2305/2422/2154 2103/2423/2155 2313/2424/2156
f 2313/2424/2156 2103/2423/2155 2104/2425/2157
f 2313/2424/2156 2104/2425/2157 2321/2426/2158
f 2321/2426/2158 2104/2425/2157 2105/2427/2159
f 2321/2426/2158 2105/2427/2159 2106/2428/2160
f 2321/2426/2158 2106/2428/2160 2329/2429/2161
f 2329/2429/2161 2106/2428/2160 2107/2430/2162
f 2329/2429/2161 2107/2430/2162 2337/2431/2163
f 2337/2431/2163 2107/2430/2162 2108/2432/2164
f 2337/2431/2163 2108/2432/2164 2345/2433/2165
f 2345/2433/2165 2108/2432/2164 2109/2434/2166
f 2345/2433/2165 2109/2434/2166 2353/2435/2167
f 2353/2435/2167 2109/2434/2166 2110/2436/2168
f 2353/2435/2167 2110/2436/2168 2111/2437/2169
f 2353/2435/2167 2111/2437/2169 2361/2438/2170
f 2361/2438/2170 2111/2437/2169 2112/2439/2171
f 2361/2438/2170 2112/2439/2171 2369/2440/2172
f 2369/2440/2172 2112/2439/2171 2113/2441/2173
f 2369/2440/2172 2113/2441/2173 2377/2442/2174
f 2377/2442/2174 2113/2441/2173 2114/2443/2175
f 2377/2442/2174 2114/2443/2175 2385/2444/2176
f 2385/2444/2176 2114/2443/2175 2115/2445/2177
f 2385/2444/2176 2115/2445/2177 2116/2446/2178
f 2385/2444/2176 2116/2446/2178 2393/2447/2179
f 2393/2447/2179 2116/2446/2178 2117/2448/2180
f 2393/2447/2179 2117/2448/2180 2401/2449/2181
f 2401/2449/2181 2117/2448/2180 2118/2450/2182
f 2401/2449/2181 2118/2450/2182 2409/2451/2183
f 2409/2451/2183 2118/2450/2182 2119/2452/2184
f 2409/2451/2183 2119/2452/2184 2417/2453/2185
f 2417/2453/2185 2119/2452/2184 2120/2454/2186
f 2417/2453/2185 2120/2454/2186 2121/2455/2187
f 2417/2453/2185 2121/2455/2187 2425/2456/2188
f 2425/2456/2188 2121/2455/2187 2122/2457/2189
f 2425/2456/2188 2122/2457/2189 2433/2458/2190
f 2433/2458/2190 2122/2457/2189 2123/2459/2191
f 2433/2458/2190 2123/2459/2191 2441/2460/2192
f 2441/2460/2192 2123/2459/2191 2124/2461/2193
f 2441/2460/2192 2124/2461/2193 2449/2462/2194
f 2449/2462/2194 2124/2461/2193 2125/2463/2195
f 2449/2462/2194 2125/2463/2195 2457/2464/2196
f 2457/2464/2196 2125/2463/2195 2126/2465/2197
f 2457/2464/2196 2126/2465/2197 2127/2466/2198
f 2457/2464/2196 2127/2466/2198 2465/2467/2199
f 2465/2467/2199 2127/2466/2198 2128/2468/2200
f 2465/2467/2199 2128/2468/2200 2473/2469/2201
f 2473/2469/2201 2128/2468/2200 2129/2470/2202
f 2473/2469/2201 2129/2470/2202 2481/2471/2203
f 2481/2471/2203 2129/2470/2202 2130/2472/2204
f 2481/2471/2203 2130/2472/2204 2489/2473/2205
f 2489/2473/2205 2130/2472/2204 2131/2474/2206
f 2489/2473/2205 2131/2474/2206 2132/2475/2207
f 2489/2473/2205 2132/2475/2207 2497/2476/2208
f 2497/2476/2208 2132/2475/2207 2133/2477/2209
f 2497/2476/2208 2133/2477/2209 2505/2478/2210
f 2505/2478/2210 2133/2477/2209 2134/2479/2211
f 2505/2478/2210 2134/2479/2211 2513/2480/2212
f 2513/2480/2212 2134/2479/2211 2135/2481/2213
f 2513/2480/2212 2135/2481/2213 2521/2482/2214
f 2521/2482/2214 2135/2481/2213 2136/2483/2215
f 2521/2482/2214 2136/2483/2215 2137/2484/2216
f 2521/2482/2214 2137/2484/2216 2529/2485/2217
f 2529/2485/2217 2137/2484/2216 2138/2486/2218
f 2529/2485/2217 2138/2486/2218 2537/2487/2219
f 2537/2487/2219 2138/2486/2218 2139/2488/2220
f 2537/2487/2219 2139/2488/2220 2545/2489/2221
f 2545/2489/2221 2139/2488/2220 2140/2490/2222
f 2545/2489/2221 2140/2490/2222 2553/2491/2223
f 2553/2491/2223 2140/2490/2222 2141/2492/2224
f 2553/2491/2223 2141/2492/2224 2142/2493/2225
f 2553/2491/2223 2142/2493/2225 2561/2494/2226
f 2561/2494/2226 2142/2493/2225 2143/2495/2227
f 2561/2494/2226 2143/2495/2227 2569/2496/2228
f 2569/2496/2228 2143/2495/2227 2144/2497/2229
f 2569/2496/2228 2144/2497/2229 2577/2498/2230
f 2577/2498/2230 2144/2497/2229 2145/2499/2231
f 2577/2498/2230 2145/2499/2231 2585/2500/2232
f 2585/2500/2232 2145/2499/2231 2146/2501/2233
f 2585/2500/2232 2146/2501/2233 2593/2502/2234
f 2593/2502/2234 2146/2501/2233 2147/2503/2235
f 2593/2502/2234 2147/2503/2235 2148/2504/2236
f 2593/2502/2234 2148/2504/2236 2601/2505/2237
f 2601/2505/2237 2148/2504/2236 2149/2506/2238
f 2601/2505/2237 2149/2506/2238 2609/2507/2239
f 2609/2507/2239 2149/2506/2238 2150/2508/2240
f 2609/2507/2239 2150/2508/2240 2617/2509/2241
f 2617/2509/2241 2150/2508/2240 2151/2510/2242
f 2617/2509/2241 2151/2510/2242 2625/2511/2243
f 2625/2511/2243 2151/2510/2242 2152/2512/2244
f 2625/2511/2243 2152/2512/2244 2153/2513/2245
f 2625/2511/2243 2153/2513/2245 2633/2514/2246
f 2633/2514/2246 2153/2513/2245 2154/2515/2247
f 2633/2514/2246 2154/2515/2247 2641/2516/2248
f 2641/2516/2248 2154/2515/2247 2155/2517/2249
f 2641/2516/2248 2155/2517/2249 2649/2518/2250
f 2649/2518/2250 2155/2517/2249 2156/2519/2251
f 2649/2518/2250 2156/2519/2251 2657/2520/2252
f 2657/2520/2252 2156/2519/2251 2157/2521/2253
f 2657/2520/2252 2157/2521/2253 2158/2522/2254
f 2657/2520/2252 2158/2522/2254 2665/2523/2255
f 2665/2523/2255 2158/2522/2254 2159/2524/2256
f 2665/2523/2255 2159/2524/2256 2673/2525/2257
f 2673/2525/2257 2159/2524/2256 2160/2526/2258
f 2673/2525/2257 2160/2526/2258 2681/2527/2259
f 2681/2527/2259 2160/2526/2258 2161/2528/2260
f 2681/2527/2259 2161/2528/2260 2689/2529/2261
f 2689/2529/2261 2161/2528/2260 2162/2530/2262
f 2689/2529/2261 2162/2530/2262 2163/2531/2263
f 2689/2529/2261 2163/2531/2263 2697/2532/2264
f 2697/2532/2264 2163/2531/2263 2164/2533/2265
f 2697/2532/2264 2164/2533/2265 2705/2534/2266
f 2705/2534/2266 2164/2533/2265 2165/2535/2267
f 2705/2534/2266 2165/2535/2267 2713/2536/2268
f 2713/2536/2268 2165/2535/2267 2166/2537/2269
f 2713/2536/2268 2166/2537/2269 2721/2538/2270
f 2721/2538/2270 2166/2537/2269 2167/2539/2271
f 2721/2538/2270 2167/2539/2271 2168/2540/2272
f 2721/2538/2270 2168/2540/2272 2729/2541/2273
f 2729/2541/2273 2168/2540/2272 2169/2542/2274
f 2729/2541/2273 2169/2542/2274 2737/2543/2275
f 2737/2543/2275 2169/2542/2274 2170/2544/2276
f 2737/2543/2275 2170/2544/2276 2745/2545/2277
f 2745/2545/2277 2170/2544/2276 2171/2546/2278
f 2745/2545/2277 2171/2546/2278 2753/2547/2279
f 2753/2547/2279 2171/2546/2278 2172/2548/2280
f 2753/2547/2279 2172/2548/2280 2761/2549/2281
f 2761/2549/2281 2172/2548/2280 2173/2550/2282
f 2761/2549/2281 2173/2550/2282 2174/2551/2283
f 2761/2549/2281 2174/2551/2283 2769/2552/2284
f 2769/2552/2284 2174/2551/2283 2175/2553/2285
f 2769/2552/2284 2175/2553/2285 2777/2554/2286
f 2777/2554/2286 2175/2553/2285 2176/2555/2287
f 2777/2554/2286 2176/2555/2287 2785/2556/2288
f 2785/2556/2288 2176/2555/2287 2177/2557/2289
f 2785/2556/2288 2177/2557/2289 2793/2558/2290
f 2793/2558/2290 2177/2557/2289 2178/2559/2291
f 2793/2558/2290 2178/2559/2291 2179/2560/2292
f 2793/2558/2290 2179/2560/2292 2801/2561/2293
f 2801/2561/2293 2179/2560/2292 2180/2562/2294
f 2801/2561/2293 2180/2562/2294 2809/2563/2295
f 2809/2563/2295 2180/2562/2294 2181/2564/2296
f 2809/2563/2295 2181/2564/2296 2817/2565/2297
f 2817/2565/2297 2181/2564/2296 2182/2566/2298
f 2817/2565/2297 2182/2566/2298 2825/2567/2299
f 2825/2567/2299 2182/2566/2298 2183/2568/2300
f 2825/2567/2299 2183/2568/2300 2184/2569/2301
f 2825/2567/2299 2184/2569/2301 2833/2570/2302
f 2833/2570/2302 2184/2569/2301 2185/2571/2303
f 2833/2570/2302 2185/2571/2303 2841/2572/2304
f 2841/2572/2304 2185/2571/2303 2186/2573/2305
f 2841/2572/2304 2186/2573/2305 2849/2574/2306
f 2849/2574/2306 2186/2573/2305 2187/2575/2307
f 2849/2574/2306 2187/2575/2307 2857/2576/2308
f 2857/2576/2308 2187/2575/2307 2188/2577/2309
f 2857/2576/2308 2188/2577/2309 2189/2578/2310
f 2857/2576/2308 2189/2578/2310 2865/2579/2311
f 2865/2579/2311 2189/2578/2310 2190/2580/2312
f 2865/2579/2311 2190/2580/2312 2873/2581/2313
f 2873/2581/2313 2190/2580/2312 2191/2582/2314
f 2873/2581/2313 2191/2582/2314 2881/2583/2315
f 2881/2583/2315 2191/2582/2314 2192/2584/2316
f 2881/2583/2315 2192/2584/2316 2889/2585/2317
f 2889/2585/2317 2192/2584/2316 2193/2586/2318
f 2889/2585/2317 2193/2586/2318 2897/2587/2319
f 2897/2587/2319 2193/2586/2318 2194/2588/2320
f 2897/2587/2319 2194/2588/2320 2195/2589/2321
f 2897/2587/2319 2195/2589/2321 2905/2590/2322
f 2905/2590/2322 2195/2589/2321 2196/2591/2323
f 2905/2590/2322 2196/2591/2323 2913/2592/2324
f 2913/2592/2324 2196/2591/2323 2197/2593/2325
f 2913/2592/2324 2197/2593/2325 2921/2594/2326
f 2921/2594/2326 2197/2593/2325 2198/2595/2327
f 2921/2594/2326 2198/2595/2327 2929/2596/2328
f 2929/2596/2328 2198/2595/2327 2199/2597/2329
f 2929/2596/2328 2199/2597/2329 2200/2598/2330
f 2929/2596/2328 2200/2598/2330 2937/2599/2331
f 2937/2599/2331 2200/2598/2330 2201/2600/2332
f 2937/2599/2331 2201/2600/2332 2945/2601/2333
f 2945/2601/2333 2201/2600/2332 2202/2602/2334
f 2945/2601/2333 2202/2602/2334 2953/2603/2335
f 2953/2603/2335 2202/2602/2334 2203/2604/2336
f 2953/2603/2335 2203/2604/2336 2961/2605/2337
f 2961/2605/2337 2203/2604/2336 2204/2606/2338
f 2961/2605/2337 2204/2606/2338 2205/2607/2339
f 2961/2605/2337 2205/2607/2339 2969/2608/2340
f 2969/2608/2340 2205/2607/2339 2206/2609/2341
f 2969/2608/2340 2206/2609/2341 2977/2610/2342
f 2977/2610/2342 2206/2609/2341 2207/2611/2343
f 2977/2610/2342 2207/2611/2343 2985/2612/2344
f 2985/2612/2344 2207/2611/2343 2208/2613/2345
f 2985/2612/2344 2208/2613/2345 2993/2614/2346
f 2993/2614/2346 2208/2613/2345 2209/2615/2347
f 2993/2614/2346 2209/2615/2347 2210/2616/2348
f 2993/2614/2346 2210/2616/2348 3001/2617/2349
f 3001/2617/2349 2210/2616/2348 2211/2618/2350
f 3001/2617/2349 2211/2618/2350 3009/2619/2351
f 3009/2619/2351 2211/2618/2350 2212/2620/2352
f 3009/2619/2351 2212/2620/2352 3017/2621/2353
f 3017/2621/2353 2212/2620/2352 2213/2622/2354
f 3017/2621/2353 2213/2622/2354 3025/2623/2355
f 3025/2623/2355 2213/2622/2354 2214/2624/2356
f 3025/2623/2355 2214/2624/2356 3033/2625/2357
f 3033/2625/2357 2214/2624/2356 2215/2626/2358
f 3033/2625/2357 2215/2626/2358 2216/2627/2359
f 3033/2625/2357 2216/2627/2359 3041/2628/2360
f 3041/2628/2360 2216/2627/2359 2217/2629/2361
f 3041/2628/2360 2217/2629/2361 3049/2630/2362
f 3049/2630/2362 2217/2629/2361 2218/2631/2363
f 3049/2630/2362 2218/2631/2363 3057/2632/2364
f 3057/2632/2364 2218/2631/2363 2219/2633/2365
f 3057/2632/2364 2219/2633/2365 3065/2634/2366
f 3065/2634/2366 2219/2633/2365 2220/2635/2367
f 3065/2634/2366 2220/2635/2367 2221/2636/2368
f 3065/2634/2366 2221/2636/2368 3073/2637/2369
f 3073/2637/2369 2221/2636/2368 2222/2638/2370
f 3073/2637/2369 2222/2638/2370 3081/2639/2371
f 3081/2639/2371 2222/2638/2370 2223/2640/2372
f 3081/2639/2371 2223/2640/2372 3089/2641/2373
f 3089/2641/2373 2223/2640/2372 2224/2642/2374
f 3089/2641/2373 2224/2642/2374 2226/2643/2375
f 2226/2643/2375 2224/2642/2374 2225/2644/2376
f 2226/2643/2375 2227/2645/2377 3089/2641/2373
f 3089/2641/2373 2227/2645/2377 3090/2646/2378
f 3089/2641/2373 3090/2646/2378 3081/2639/2371
f 3081/2639/2371 3090/2646/2378 3082/2647/2379
f 3081/2639/2371 3082/2647/2379 3073/2637/2369
f 3073/2637/2369 3082/2647/2379 3074/2648/2380
f 3073/2637/2369 3074/2648/2380 3065/2634/2366
f 3065/2634/2366 3074/2648/2380 3066/2649/2381
f 3065/2634/2366 3066/2649/2381 3057/2632/2364
f 3057/2632/2364 3066/2649/2381 3058/2650/2382
f 3057/2632/2364 3058/2650/2382 3049/2630/2362
f 3049/2630/2362 3058/2650/2382 3050/2651/2383
f 3049/2630/2362 3050/2651/2383 3041/2628/2360
f 3041/2628/2360 3050/2651/2383 3042/2652/2384
f 3041/2628/2360 3042/2652/2384 3033/2625/2357
f 3033/2625/2357 3042/2652/2384 3034/2653/2385
f 3033/2625/2357 3034/2653/2385 3025/2623/2355
f 3025/2623/2355 3034/2653/2385 3026/2654/2386
f 3025/2623/2355 3026/2654/2386 3017/2621/2353
f 3017/2621/2353 3026/2654/2386 3018/2655/2387
f 3017/2621/2353 3018/2655/2387 3009/2619/2351
f 3009/2619/2351 3018/2655/2387 3010/2656/2388
f 3009/2619/2351 3010/2656/2388 3001/2617/2349
f 3001/2617/2349 3010/2656/2388 3002/2657/2389
f 3001/2617/2349 3002/2657/2389 2993/2614/2346
f 2993/2614/2346 3002/2657/2389 2994/2658/2390
f 2993/2614/2346 2994/2658/2390 2985/2612/2344
f 2985/2612/2344 2994/2658/2390 2986/2659/2391
f 2985/2612/2344 2986/2659/2391 2977/2610/2342
f 2977/2610/2342 2986/2659/2391 2978/2660/2392
f 2977/2610/2342 2978/2660/2392 2969/2608/2340
f 2969/2608/2340 2978/2660/2392 2970/2661/2393
f 2969/2608/2340 2970/2661/2393 2961/2605/2337
f 2961/2605/2337 2970/2661/2393 2962/2662/2394
f 2961/2605/2337 2962/2662/2394 2953/2603/2335
f 2953/2603/2335 2962/2662/2394 2954/2663/2395
f 2953/2603/2335 2954/2663/2395 2945/2601/2333
f 2945/2601/2333 2954/2663/2395 2946/2664/2396
f 2945/2601/2333 2946/2664/2396 2937/2599/2331
f 2937/2599/2331 2946/2664/2396 2938/2665/2397
f 2937/2599/2331 2938/2665/2397 2929/2596/2328
f 2929/2596/2328 2938/2665/2397 2930/2666/2398
f 2929/2596/2328 2930/2666/2398 2921/2594/2326
f 2921/2594/2326 2930/2666/2398 2922/2667/2399
f 2921/2594/2326 2922/2667/2399 2913/2592/2324
f 2913/2592/2324 2922/2667/2399 2914/2668/2400
f 2913/2592/2324 2914/2668/2400 2905/2590/2322
f 2905/2590/2322 2914/2668/2400 2906/2669/2401
f 2905/2590/2322 2906/2669/2401 2897/2587/2319
f 2897/2587/2319 2906/2669/2401 2898/2670/2402
f 2897/2587/2319 2898/2670/2402 2889/2585/2317
f 2889/2585/2317 2898/2670/2402 2890/2671/2403
f 2889/2585/2317 2890/2671/2403 2881/2583/2315
f 2881/2583/2315 2890/2671/2403 2882/2672/2404
f 2881/2583/2315 2882/2672/2404 2873/2581/2313
f 2873/2581/2313 2882/2672/2404 2874/2673/2405
f 2873/2581/2313 2874/2673/2405 2865/2579/2311
f 2865/2579/2311 2874/2673/2405 2866/2674/2406
f 2865/2579/2311 2866/2674/2406 2857/2576/2308
f 2857/2576/2308 2866/2674/2406 2858/2675/2407
f 2857/2576/2308 2858/2675/2407 2849/2574/2306
f 2849/2574/2306 2858/2675/2407 2850/2676/2408
f 2849/2574/2306 2850/2676/2408 2841/2572/2304
f 2841/2572/2304 2850/2676/2408 2842/2677/2409
f 2841/2572/2304 2842/2677/2409 2833/2570/2302
f 2833/2570/2302 2842/2677/2409 2834/2678/2410
f 2833/2570/2302 2834/2678/2410 2825/2567/2299
f 2825/2567/2299 2834/2678/2410 2826/2679/2411
f 2825/2567/2299 2826/2679/2411 2817/2565/2297
f 2817/2565/2297 2826/2679/2411 2818/2680/2412
f 2817/2565/2297 2818/2680/2412 2809/2563/2295
f 2809/2563/2295 2818/2680/2412 2810/2681/2413
f 2809/2563/2295 2810/2681/2413 2801/2561/2293
f 2801/2561/2293 2810/2681/2413 2802/2682/2414
f 2801/2561/2293 2802/2682/2414 2793/2558/2290
f 2793/2558/2290 2802/2682/2414 2794/2683/2415
f 2793/2558/2290 2794/2683/2415 2785/2556/2288
f 2785/2556/2288 2794/2683/2415 2786/2684/2416
f 2785/2556/2288 2786/2684/2416 2777/2554/2286
f 2777/2554/2286 2786/2684/2416 2778/2685/2417
f 2777/2554/2286 2778/2685/2417 2769/2552/2284
f 2769/2552/2284 2778/2685/2417 2770/2686/2418
f 2769/2552/2284 2770/2686/2418 2761/2549/2281
f 2761/2549/2281 2770/2686/2418 2762/2687/2419
f 2761/2549/2281 2762/2687/2419 2753/2547/2279
f 2753/2547/2279 2762/2687/2419 2754/2688/2420
f 2753/2547/2279 2754/2688/2420 2745/2545/2277
f 2745/2545/2277 2754/2688/2420 2746/2689/2421
f 2745/2545/2277 2746/2689/2421 2737/2543/2275
f 2737/2543/2275 2746/2689/2421 2738/2690/2422
f 2737/2543/2275 2738/2690/2422 2729/2541/2273
f 2729/2541/2273 2738/2690/2422 2730/2691/2423
f 2729/2541/2273 2730/2691/2423 2721/2538/2270
f 2721/2538/2270 2730/2691/2423 2722/2692/2424
f 2721/2538/2270 2722/2692/2424 2713/2536/2268
f 2713/2536/2268 2722/2692/2424 2714/2693/2425
f 2713/2536/2268 2714/2693/2425 2705/2534/2266
f 2705/2534/2266 2714/2693/2425 2706/2694/2426
f 2705/2534/2266 2706/2694/2426 2697/2532/2264
f 2697/2532/2264 2706/2694/2426 2698/2695/2427
f 2697/2532/2264 2698/2695/2427 2689/2529/2261
f 2689/2529/2261 2698/2695/2427 2690/2696/2428
f 2689/2529/2261 2690/2696/2428 2681/2527/2259
f 2681/2527/2259 2690/2696/2428 2682/2697/2429
f 2681/2527/2259 2682/2697/2429 2673/2525/2257
f 2673/2525/2257 2682/2697/2429 2674/2698/2430
f 2673/2525/2257 2674/2698/2430 2665/2523/2255
f 2665/2523/2255 2674/2698/2430 2666/2699/2431
f 2665/2523/2255 2666/2699/2431 2657/2520/2252
f 2657/2520/2252 2666/2699/2431 2658/2700/2432
f 2657/2520/2252 2658/2700/2432 2649/2518/2250
f 2649/2518/2250 2658/2700/2432 2650/2701/2433
f 2649/2518/2250 2650/2701/2433 2641/2516/2248
f 2641/2516/2248 2650/2701/2433 2642/2702/2434
f 2641/2516/2248 2642/2702/2434 2633/2514/2246
f 2633/2514/2246 2642/2702/2434 2634/2703/2435
f 2633/2514/2246 2634/2703/2435 2625/2511/2243
f 2625/2511/2243 2634/2703/2435 2626/2704/2436
f 2625/2511/2243 2626/2704/2436 2617/2509/2241
f 2617/2509/2241 2626/2704/2436 2618/2705/2437
f 2617/2509/2241 2618/2705/2437 2609/2507/2239
f 2609/2507/2239 2618/2705/2437 2610/2706/2438
f 2609/2507/2239 2610/2706/2438 2601/2505/2237
f 2601/2505/2237 2610/2706/2438 2602/2707/2439
f 2601/2505/2237 2602/2707/2439 2593/2502/2234
f 2593/2502/2234 2602/2707/2439 2594/2708/2440
f 2593/2502/2234 2594/2708/2440 2585/2500/2232
f 2585/2500/2232 2594/2708/2440 2586/2709/2441
f 2585/2500/2232 2586/2709/2441 2577/2498/2230
f 2577/2498/2230 2586/2709/2441 2578/2710/2442
f 2577/2498/2230 2578/2710/2442 2569/2496/2228
f 2569/2496/2228 2578/2710/2442 2570/2711/2443
f 2569/2496/2228 2570/2711/2443 2561/2494/2226
f 2561/2494/2226 2570/2711/2443 2562/2712/2444
f 2561/2494/2226 2562/2712/2444 2553/2491/2223
f 2553/2491/2223 2562/2712/2444 2554/2713/2445
f 2553/2491/2223 2554/2713/2445 2545/2489/2221
f 2545/2489/2221 2554/2713/2445 2546/2714/2446
f 2545/2489/2221 2546/2714/2446 2537/2487/2219
f 2537/2487/2219 2546/2714/2446 2538/2715/2447
f 2537/2487/2219 2538/2715/2447 2529/2485/2217
f 2529/2485/2217 2538/2715/2447 2530/2716/2448
f 2529/2485/2217 2530/2716/2448 2521/2482/2214
f 2521/2482/2214 2530/2716/2448 2522/2717/2449
f 2521/2482/2214 2522/2717/2449 2513/2480/2212
f 2513/2480/2212 2522/2717/2449 2514/2718/2450
f 2513/2480/2212 2514/2718/2450 2505/2478/2210
f 2505/2478/2210 2514/2718/2450 2506/2719/2451
f 2505/2478/2210 2506/2719/2451 2497/2476/2208
f 2497/2476/2208 2506/2719/2451 2498/2720/2452
f 2497/2476/2208 2498/2720/2452 2489/2473/2205
f 2489/2473/2205 2498/2720/2452 2490/2721/2453
f 2489/2473/2205 2490/2721/2453 2481/2471/2203
f 2481/2471/2203 2490/2721/2453 2482/2722/2454
f 2481/2471/2203 2482/2722/2454 2473/2469/2201
f 2473/2469/2201 2482/2722/2454 2474/2723/2455
f 2473/2469/2201 2474/2723/2455 2465/2467/2199
f 2465/2467/2199 2474/2723/2455 2466/2724/2456
f 2465/2467/2199 2466/2724/2456 2457/2464/2196
f 2457/2464/2196 2466/2724/2456 2458/2725/2457
f 2457/2464/2196 2458/2725/2457 2449/2462/2194
f 2449/2462/2194 2458/2725/2457 2450/2726/2458
f 2449/2462/2194 2450/2726/2458 2441/2460/2192
f 2441/2460/2192 2450/2726/2458 2442/2727/2459
f 2441/2460/2192 2442/2727/2459 2433/2458/2190
f 2433/2458/2190 2442/2727/2459 2434/2728/2460
f 2433/2458/2190 2434/2728/2460 2425/2456/2188
f 2425/2456/2188 2434/2728/2460 2426/2729/2461
f 2425/2456/2188 2426/2729/2461 2417/2453/2185
f 2417/2453/2185 2426/2729/2461 2418/2730/2462
f 2417/2453/2185 2418/2730/2462 2409/2451/2183
f 2409/2451/2183 2418/2730/2462 2410/2731/2463
f 2409/2451/2183 2410/2731/2463 2401/2449/2181
f 2401/2449/2181 2410/2731/2463 2402/2732/2464
f 2401/2449/2181 2402/2732/2464 2393/2447/2179
f 2393/2447/2179 2402/2732/2464 2394/2733/2465
f 2393/2447/2179 2394/2733/2465 2385/2444/2176
f 2385/2444/2176 2394/2733/2465 2386/2734/2466
f 2385/2444/2176 2386/2734/2466 2377/2442/2174
f 2377/2442/2174 2386/2734/2466 2378/2735/2467
f 2377/2442/2174 2378/2735/2467 2369/2440/2172
f 2369/2440/2172 2378/2735/2467 2370/2736/2468
f 2369/2440/2172 2370/2736/2468 2361/2438/2170
f 2361/2438/2170 2370/2736/2468 2362/2737/2469
f 2361/2438/2170 2362/2737/2469 2353/2435/2167
f 2353/2435/2167 2362/2737/2469 2354/2738/2470
f 2353/2435/2167 2354/2738/2470 2345/2433/2165
f 2345/2433/2165 2354/2738/2470 2346/2739/2471
f 2345/2433/2165 2346/2739/2471 2337/2431/2163
f 2337/2431/2163 2346/2739/2471 2338/2740/2472
f 2337/2431/2163 2338/2740/2472 2329/2429/2161
f 2329/2429/2161 2338/2740/2472 2330/2741/2473
f 2329/2429/2161 2330/2741/2473 2321/2426/2158
f 2321/2426/2158 2330/2741/2473 2322/2742/2474
f 2321/2426/2158 2322/2742/2474 2313/2424/2156
f 2313/2424/2156 2322/2742/2474 2314/2743/2475
f 2313/2424/2156 2314/2743/2475 2305/2422/2154
f 2305/2422/2154 2314/2743/2475 2306/2744/2476
f 2305/2422/2154 2306/2744/2476 2297/2420/2152
f 2297/2420/2152 2306/2744/2476 2298/2745/2477
f 2297/2420/2152 2298/2745/2477 2289/2418/2150
f 2289/2418/2150 2298/2745/2477 2290/2746/2478
f 2289/2418/2150 2290/2746/2478 2281/2415/2147
f 2281/2415/2147 2290/2746/2478 2282/2747/2479
f 2281/2415/2147 2282/2747/2479 2273/2412/2144
f 2273/2412/2144 2282/2747/2479 2274/2748/2480
f 2273/2412/2144 2274/2748/2480 2266/2409/2141
f 2266/2409/2141 2274/2748/2480 2267/2749/2481
f 2266/2409/2141 2267/2749/2481 2265/2407/2139
f 2265/2407/2139 2267/2749/2481 2264/2750/2482
f 2265/2407/2139 2264/2750/2482 3104/2751/2483
f 3104/2751/2483 2264/2750/2482 3103/2752/2484
f 3104/2751/2483 3103/2752/2484 3112/2753/2485
f 3112/2753/2485 3103/2752/2484 3111/2754/2486
f 3112/2753/2485 3111/2754/2486 3120/2755/2487
f 3120/2755/2487 3111/2754/2486 3119/2756/2488
f 3120/2755/2487 3119/2756/2488 3128/2757/2489
f 3128/2757/2489 3119/2756/2488 3127/2758/2490
f 3128/2757/2489 3127/2758/2490 3136/2759/2491
f 3136/2759/2491 3127/2758/2490 3135/2760/2492
f 3136/2759/2491 3135/2760/2492 3144/2761/2493
f 3144/2761/2493 3135/2760/2492 3143/2762/2494
f 3144/2761/2493 3143/2762/2494 2257/2763/2495
f 2257/2763/2495 3143/2762/2494 2256/2764/2496
f 2256/2764/2496 3143/2762/2494 3142/2765/2497
f 2256/2764/2496 3142/2765/2497 2255/2766/2498
f 2255/2766/2498 3142/2765/2497 3141/2767/2499
f 2255/2766/2498 3141/2767/2499 2254/2768/2500
f 2254/2768/2500 3141/2767/2499 3140/2769/2501
f 2254/2768/2500 3140/2769/2501 2253/2770/2502
f 2253/2770/2502 3140/2769/2501 3139/2771/2503
f 2253/2770/2502 3139/2771/2503 2252/2772/2504
f 2252/2772/2504 3139/2771/2503 3138/2773/2505
f 2252/2772/2504 3138/2773/2505 2251/2774/2506
f 2251/2774/2506 3138/2773/2505 3137/2775/2507
f 2251/2774/2506 3137/2775/2507 2250/2776/2508
f 2250/2776/2508 3137/2775/2507 2248/2777/2509
f 2250/2776/2508 2248/2777/2509 2249/2778/2510
f 2227/2645/2377 2228/2779/2511 3090/2646/2378
f 3090/2646/2378 2228/2779/2511 3091/2780/2512
f 3090/2646/2378 3091/2780/2512 3082/2647/2379
f 3082/2647/2379 3091/2780/2512 3083/2781/2513
f 3082/2647/2379 3083/2781/2513 3074/2648/2380
f 3074/2648/2380 3083/2781/2513 3075/2782/2514
f 3074/2648/2380 3075/2782/2514 3066/2649/2381
f 3066/2649/2381 3075/2782/2514 3067/2783/2515
f 3066/2649/2381 3067/2783/2515 3058/2650/2382
f 3058/2650/2382 3067/2783/2515 3059/2784/2516
f 3058/2650/2382 3059/2784/2516 3050/2651/2383
f 3050/2651/2383 3059/2784/2516 3051/2785/2517
f 3050/2651/2383 3051/2785/2517 3042/2652/2384
f 3042/2652/2384 3051/2785/2517 3043/2786/2518
f 3042/2652/2384 3043/2786/2518 3034/2653/2385
f 3034/2653/2385 3043/2786/2518 3035/2787/2519
f 3034/2653/2385 3035/2787/2519 3026/2654/2386
f 3026/2654/2386 3035/2787/2519 3027/2788/2520
f 3026/2654/2386 3027/2788/2520 3018/2655/2387
f 3018/2655/2387 3027/2788/2520 3019/2789/2521
f 3018/2655/2387 3019/2789/2521 3010/2656/2388
f 3010/2656/2388 3019/2789/2521 3011/2790/2522
f 3010/2656/2388 3011/2790/2522 3002/2657/2389
f 3002/2657/2389 3011/2790/2522 3003/2791/2523
f 3002/2657/2389 3003/2791/2523 2994/2658/2390
f 2994/2658/2390 3003/2791/2523 2995/2792/2524
f 2994/2658/2390 2995/2792/2524 2986/2659/2391
f 2986/2659/2391 2995/2792/2524 2987/2793/2525
f 2986/2659/2391 2987/2793/2525 2978/2660/2392
f 2978/2660/2392 2987/2793/2525 2979/2794/2526
f 2978/2660/2392 2979/2794/2526 2970/2661/2393
f 2970/2661/2393 2979/2794/2526 2971/2795/2527
f 2970/2661/2393 2971/2795/2527 2962/2662/2394
f 2962/2662/2394 2971/2795/2527 2963/2796/2528
f 2962/2662/2394 2963/2796/2528 2954/2663/2395
f 2954/2663/2395 2963/2796/2528 2955/2797/2529
f 2954/2663/2395 2955/2797/2529 2946/2664/2396
f 2946/2664/2396 2955/2797/2529 2947/2798/2530
f 2946/2664/2396 2947/2798/2530 2938/2665/2397
f 2938/2665/2397 2947/2798/2530 2939/2799/2531
f 2938/2665/2397 2939/2799/2531 2930/2666/2398
f 2930/2666/2398 2939/2799/2531 2931/2800/2532
f 2930/2666/2398 2931/2800/2532 2922/2667/2399
f 2922/2667/2399 2931/2800/2532 2923/2801/2533
f 2922/2667/2399 2923/2801/2533 2914/2668/2400
f 2914/2668/2400 2923/2801/2533 2915/2802/2534
f 2914/2668/2400 2915/2802/2534 2906/2669/2401
f 2906/2669/2401 2915/2802/2534 2907/2803/2535
f 2906/2669/2401 2907/2803/2535 2898/2670/2402
f 2898/2670/2402 2907/2803/2535 2899/2804/2536
f 2898/2670/2402 2899/2804/2536 2890/2671/2403
f 2890/2671/2403 2899/2804/2536 2891/2805/2537
f 2890/2671/2403 2891/2805/2537 2882/2672/2404
f 2882/2672/2404 2891/2805/2537 2883/2806/2538
f 2882/2672/2404 2883/2806/2538 2874/2673/2405
f 2874/2673/2405 2883/2806/2538 2875/2807/2539
f 2874/2673/2405 2875/2807/2539 2866/2674/2406
f 2866/2674/2406 2875/2807/2539 2867/2808/2540
f 2866/2674/2406 2867/2808/2540 2858/2675/2407
f 2858/2675/2407 2867/2808/2540 2859/2809/2541
f 2858/2675/2407 2859/2809/2541 2850/2676/2408
f 2850/2676/2408 2859/2809/2541 2851/2810/2542
f 2850/2676/2408 2851/2810/2542 2842/2677/2409
f 2842/2677/2409 2851/2810/2542 2843/2811/2543
f 2842/2677/2409 2843/2811/2543 2834/2678/2410
f 2834/2678/2410 2843/2811/2543 2835/2812/2544
f 2834/2678/2410 2835/2812/2544 2826/2679/2411
f 2826/2679/2411 2835/2812/2544 2827/2813/2545
f 2826/2679/2411 2827/2813/2545 2818/2680/2412
f 2818/2680/2412 2827/2813/2545 2819/2814/2546
f 2818/2680/2412 2819/2814/2546 2810/2681/2413
f 2810/2681/2413 2819/2814/2546 2811/2815/2547
f 2810/2681/2413 2811/2815/2547 2802/2682/2414
f 2802/2682/2414 2811/2815/2547 2803/2816/2548
f 2802/2682/2414 2803/2816/2548 2794/2683/2415
f 2794/2683/2415 2803/2816/2548 2795/2817/2549
f 2794/2683/2415 2795/2817/2549 2786/2684/2416
f 2786/2684/2416 2795/2817/2549 2787/2818/2550
f 2786/2684/2416 2787/2818/2550 2778/2685/2417
f 2778/2685/2417 2787/2818/2550 2779/2819/2551
f 2778/2685/2417 2779/2819/2551 2770/2686/2418
f 2770/2686/2418 2779/2819/2551 2771/2820/2552
f 2770/2686/2418 2771/2820/2552 2762/2687/2419
f 2762/2687/2419 2771/2820/2552 2763/2821/2553
f 2762/2687/2419 2763/2821/2553 2754/2688/2420
f 2754/2688/2420 2763/2821/2553 2755/2822/2554
f 2754/2688/2420 2755/2822/2554 2746/2689/2421
f 2746/2689/2421 2755/2822/2554 2747/2823/2555
f 2746/2689/2421 2747/2823/2555 2738/2690/2422
f 2738/2690/2422 2747/2823/2555 2739/2824/2556
f 2738/2690/2422 2739/2824/2556 2730/2691/2423
f 2730/2691/2423 2739/2824/2556 2731/2825/2557
f 2730/2691/2423 2731/2825/2557 2722/2692/2424
f 2722/2692/2424 2731/2825/2557 2723/2826/2558
f 2722/2692/2424 2723/2826/2558 2714/2693/2425
f 2714/2693/2425 2723/2826/2558 2715/2827/2559
f 2714/2693/2425 2715/2827/2559 2706/2694/2426
f 2706/2694/2426 2715/2827/2559 2707/2828/2560
f 2706/2694/2426 2707/2828/2560 2698/2695/2427
f 2698/2695/2427 2707/2828/2560 2699/2829/2561
f 2698/2695/2427 2699/2829/2561 2690/2696/2428
f 2690/2696/2428 2699/2829/2561 2691/2830/2562
f 2690/2696/2428 2691/2830/2562 2682/2697/2429
f 2682/2697/2429 2691/2830/2562 2683/2831/2563
f 2682/2697/2429 2683/2831/2563 2674/2698/2430
f 2674/2698/2430 2683/2831/2563 2675/2832/2564
f 2674/2698/2430 2675/2832/2564 2666/2699/2431
f 2666/2699/2431 2675/2832/2564 2667/2833/2565
f 2666/2699/2431 2667/2833/2565 2658/2700/2432
f 2658/2700/2432 2667/2833/2565 2659/2834/2566
f 2658/2700/2432 2659/2834/2566 2650/2701/2433
f 2650/2701/2433 2659/2834/2566 2651/2835/2567
f 2650/2701/2433 2651/2835/2567 2642/2702/2434
f 2642/2702/2434 2651/2835/2567 2643/2836/2568
f 2642/2702/2434 2643/2836/2568 2634/2703/2435
f 2634/2703/2435 2643/2836/2568 2635/2837/2569
f 2634/2703/2435 2635/2837/2569 2626/2704/2436
f 2626/2704/2436 2635/2837/2569 2627/2838/2570
f 2626/2704/2436 2627/2838/2570 2618/2705/2437
f 2618/2705/2437 2627/2838/2570 2619/2839/2571
f 2618/2705/2437 2619/2839/2571 2610/2706/2438
f 2610/2706/2438 2619/2839/2571 2611/2840/2572
f 2610/2706/2438 2611/2840/2572 2602/2707/2439
f 2602/2707/2439 2611/2840/2572 2603/2841/2573
f 2602/2707/2439 2603/2841/2573 2594/2708/2440
f 2594/2708/2440 2603/2841/2573 2595/2842/2574
f 2594/2708/2440 2595/2842/2574 2586/2709/2441
f 2586/2709/2441 2595/2842/2574 2587/2843/2575
f 2586/2709/2441 2587/2843/2575 2578/2710/2442
f 2578/2710/2442 2587/2843/2575 2579/2844/2576
f 2578/2710/2442 2579/2844/2576 2570/2711/2443
f 2570/2711/2443 2579/2844/2576 2571/2845/2577
f 2570/2711/2443 2571/2845/2577 2562/2712/2444
f 2562/2712/2444 2571/2845/2577 2563/2846/2578
f 2562/2712/2444 2563/2846/2578 2554/2713/2445
f 2554/2713/2445 2563/2846/2578 2555/2847/2579
f 2554/2713/2445 2555/2847/2579 2546/2714/2446
f 2546/2714/2446 2555/2847/2579 2547/2848/2580
f 2546/2714/2446 2547/2848/2580 2538/2715/2447
f 2538/2715/2447 2547/2848/2580 2539/2849/2581
f 2538/2715/2447 2539/2849/2581 2530/2716/2448
f 2530/2716/2448 2539/2849/2581 2531/2850/2582
f 2530/2716/2448 2531/2850/2582 2522/2717/2449
f 2522/2717/2449 2531/2850/2582 2523/2851/2583
f 2522/2717/2449 2523/2851/2583 2514/2718/2450
f 2514/2718/2450 2523/2851/2583 2515/2852/2584
f 2514/2718/2450 2515/2852/2584 2506/2719/2451
f 2506/2719/2451 2515/2852/2584 2507/2853/2585
f 2506/2719/2451 2507/2853/2585 2498/2720/2452
f 2498/2720/2452 2507/2853/2585 2499/2854/2586
f 2498/2720/2452 2499/2854/2586 2490/2721/2453
f 2490/2721/2453 2499/2854/2586 2491/2855/2587
f 2490/2721/2453 2491/2855/2587 2482/2722/2454
f 2482/2722/2454 2491/2855/2587 2483/2856/2588
f 2482/2722/2454 2483/2856/2588 2474/2723/2455
f 2474/2723/2455 2483/2856/2588 2475/2857/2589
f 2474/2723/2455 2475/2857/2589 2466/2724/2456
f 2466/2724/2456 2475/2857/2589 2467/2858/2590
f 2466/2724/2456 2467/2858/2590 2458/2725/2457
f 2458/2725/2457 2467/2858/2590 2459/2859/2591
f 2458/2725/2457 2459/2859/2591 2450/2726/2458
f 2450/2726/2458 2459/2859/2591 2451/2860/2592
f 2450/2726/2458 2451/2860/2592 2442/2727/2459
f 2442/2727/2459 2451/2860/2592 2443/2861/2593
f 2442/2727/2459 2443/2861/2593 2434/2728/2460
f 2434/2728/2460 2443/2861/2593 2435/2862/2594
f 2434/2728/2460 2435/2862/2594 2426/2729/2461
f 2426/2729/2461 2435/2862/2594 2427/2863/2595
f 2426/2729/2461 2427/2863/2595 2418/2730/2462
f 2418/2730/2462 2427/2863/2595 2419/2864/2596
f 2418/2730/2462 2419/2864/2596 2410/2731/2463
f 2410/2731/2463 2419/2864/2596 2411/2865/2597
f 2410/2731/2463 2411/2865/2597 2402/2732/2464
f 2402/2732/2464 2411/2865/2597 2403/2866/2598
f 2402/2732/2464 2403/2866/2598 2394/2733/2465
f 2394/2733/2465 2403/2866/2598 2395/2867/2599
f 2394/2733/2465 2395/2867/2599 2386/2734/2466
f 2386/2734/2466 2395/2867/2599 2387/2868/2600
f 2386/2734/2466 2387/2868/2600 2378/2735/2467
f 2378/2735/2467 2387/2868/2600 2379/2869/2601
f 2378/2735/2467 2379/2869/2601 2370/2736/2468
f 2370/2736/2468 2379/2869/2601 2371/2870/2602
f 2370/2736/2468 2371/2870/2602 2362/2737/2469
f 2362/2737/2469 2371/2870/2602 2363/2871/2603
f 2362/2737/2469 2363/2871/2603 2354/2738/2470
f 2354/2738/2470 2363/2871/2603 2355/2872/2604
f 2354/2738/2470 2355/2872/2604 2346/2739/2471
f 2346/2739/2471 2355/2872/2604 2347/2873/2605
f 2346/2739/2471 2347/2873/2605 2338/2740/2472
f 2338/2740/2472 2347/2873/2605 2339/2874/2606
f 2338/2740/2472 2339/2874/2606 2330/2741/2473
f 2330/2741/2473 2339/2874/2606 2331/2875/2607
f 2330/2741/2473 2331/2875/2607 2322/2742/2474
f 2322/2742/2474 2331/2875/2607 2323/2876/2608
f 2322/2742/2474 2323/2876/2608 2314/2743/2475
f 2314/2743/2475 2323/2876/2608 2315/2877/2609
f 2314/2743/2475 2315/2877/2609 2306/2744/2476
f 2306/2744/2476 2315/2877/2609 2307/2878/2610
f 2306/2744/2476 2307/2878/2610 2298/2745/2477
f 2298/2745/2477 2307/2878/2610 2299/2879/2611
f 2298/2745/2477 2299/2879/2611 2290/2746/2478
f 2290/2746/2478 2299/2879/2611 2291/2880/2612
f 2290/2746/2478 2291/2880/2612 2282/2747/2479
f 2282/2747/2479 2291/2880/2612 2283/2881/2613
f 2282/2747/2479 2283/2881/2613 2274/2748/2480
f 2274/2748/2480 2283/2881/2613 2275/2882/2614
f 2274/2748/2480 2275/2882/2614 2267/2749/2481
f 2267/2749/2481 2275/2882/2614 2268/2883/2615
f 2267/2749/2481 2268/2883/2615 2264/2750/2482
f 2264/2750/2482 2268/2883/2615 2263/2884/2616
f 2264/2750/2482 2263/2884/2616 3103/2752/2484
f 3103/2752/2484 2263/2884/2616 3102/2885/2617
f 3103/2752/2484 3102/2885/2617 3111/2754/2486
f 3111/2754/2486 3102/2885/2617 3110/2886/2618
f 3111/2754/2486 3110/2886/2618 3119/2756/2488
f 3119/2756/2488 3110/2886/2618 3118/2887/2619
f 3119/2756/2488 3118/2887/2619 3127/2758/2490
f 3127/2758/2490 3118/2887/2619 3126/2888/2620
f 3127/2758/2490 3126/2888/2620 3135/2760/2492
f 3135/2760/2492 3126/2888/2620 3134/2889/2621
f 3135/2760/2492 3134/2889/2621 3143/2762/2494
f 3143/2762/2494 3134/2889/2621 3142/2765/2497
f 2228/2779/2511 2229/2890/2622 3091/2780/2512
f 3091/2780/2512 2229/2890/2622 3092/2891/2623
f 3091/2780/2512 3092/2891/2623 3083/2781/2513
f 3083/2781/2513 3092/2891/2623 3084/2892/2624
f 3083/2781/2513 3084/2892/2624 3075/2782/2514
f 3075/2782/2514 3084/2892/2624 3076/2893/2625
f 3075/2782/2514 3076/2893/2625 3067/2783/2515
f 3067/2783/2515 3076/2893/2625 3068/2894/2626
f 3067/2783/2515 3068/2894/2626 3059/2784/2516
f 3059/2784/2516 3068/2894/2626 3060/2895/2627
f 3059/2784/2516 3060/2895/2627 3051/2785/2517
f 3051/2785/2517 3060/2895/2627 3052/2896/2628
f 3051/2785/2517 3052/2896/2628 3043/2786/2518
f 3043/2786/2518 3052/2896/2628 3044/2897/2629
f 3043/2786/2518 3044/2897/2629 3035/2787/2519
f 3035/2787/2519 3044/2897/2629 3036/2898/2630
f 3035/2787/2519 3036/2898/2630 3027/2788/2520
f 3027/2788/2520 3036/2898/2630 3028/2899/2631
f 3027/2788/2520 3028/2899/2631 3019/2789/2521
f 3019/2789/2521 3028/2899/2631 3020/2900/2632
f 3019/2789/2521 3020/2900/2632 3011/2790/2522
f 3011/2790/2522 3020/2900/2632 3012/2901/2633
f 3011/2790/2522 3012/2901/2633 3003/2791/2523
f 3003/2791/2523 3012/2901/2633 3004/2902/2634
f 3003/2791/2523 3004/2902/2634 2995/2792/2524
f 2995/2792/2524 3004/2902/2634 2996/2903/2635
f 2995/2792/2524 2996/2903/2635 2987/2793/2525
f 2987/2793/2525 2996/2903/2635 2988/2904/2636
f 2987/2793/2525 2988/2904/2636 2979/2794/2526
f 2979/2794/2526 2988/2904/2636 2980/2905/2637
f 2979/2794/2526 2980/2905/2637 2971/2795/2527
f 2971/2795/2527 2980/2905/2637 2972/2906/2638
f 2971/2795/2527 2972/2906/2638 2963/2796/2528
f 2963/2796/2528 2972/2906/2638 2964/2907/2639
f 2963/2796/2528 2964/2907/2639 2955/2797/2529
f 2955/2797/2529 2964/2907/2639 2956/2908/2640
f 2955/2797/2529 2956/2908/2640 2947/2798/2530
f 2947/2798/2530 2956/2908/2640 2948/2909/2641
f 2947/2798/2530 2948/2909/2641 2939/2799/2531
f 2939/2799/2531 2948/2909/2641 2940/2910/2642
f 2939/2799/2531 2940/2910/2642 2931/2800/2532
f 2931/2800/2532 2940/2910/2642 2932/2911/2643
f 2931/2800/2532 2932/2911/2643 2923/2801/2533
f 2923/2801/2533 2932/2911/2643 2924/2912/2644
f 2923/2801/2533 2924/2912/2644 2915/2802/2534
f 2915/2802/2534 2924/2912/2644 2916/2913/2645
f 2915/2802/2534 2916/2913/2645 2907/2803/2535
f 2907/2803/2535 2916/2913/2645 2908/2914/2646
f 2907/2803/2535 2908/2914/2646 2899/2804/2536
f 2899/2804/2536 2908/2914/2646 2900/2915/2647
f 2899/2804/2536 2900/2915/2647 2891/2805/2537
f 2891/2805/2537 2900/2915/2647 2892/2916/2648
f 2891/2805/2537 2892/2916/2648 2883/2806/2538
f 2883/2806/2538 2892/2916/2648 2884/2917/2649
f 2883/2806/2538 2884/2917/2649 2875/2807/2539
f 2875/2807/2539 2884/2917/2649 2876/2918/2650
f 2875/2807/2539 2876/2918/2650 2867/2808/2540
f 2867/2808/2540 2876/2918/2650 2868/2919/2651
f 2867/2808/2540 2868/2919/2651 2859/2809/2541
f 2859/2809/2541 2868/2919/2651 2860/2920/2652
f 2859/2809/2541 2860/2920/2652 2851/2810/2542
f 2851/2810/2542 2860/2920/2652 2852/2921/2653
f 2851/2810/2542 2852/2921/2653 2843/2811/2543
f 2843/2811/2543 2852/2921/2653 2844/2922/2654
f 2843/2811/2543 2844/2922/2654 2835/2812/2544
f 2835/2812/2544 2844/2922/2654 2836/2923/2655
f 2835/2812/2544 2836/2923/2655 2827/2813/2545
f 2827/2813/2545 2836/2923/2655 2828/2924/2656
f 2827/2813/2545 2828/2924/2656 2819/2814/2546
f 2819/2814/2546 2828/2924/2656 2820/2925/2657
f 2819/2814/2546 2820/2925/2657 2811/2815/2547
f 2811/2815/2547 2820/2925/2657 2812/2926/2658
f 2811/2815/2547 2812/2926/2658 2803/2816/2548
f 2803/2816/2548 2812/2926/2658 2804/2927/2659
f 2803/2816/2548 2804/2927/2659 2795/2817/2549
f 2795/2817/2549 2804/2927/2659 2796/2928/2660
f 2795/2817/2549 2796/2928/2660 2787/2818/2550
f 2787/2818/2550 2796/2928/2660 2788/2929/2661
f 2787/2818/2550 2788/2929/2661 2779/2819/2551
f 2779/2819/2551 2788/2929/2661 2780/2930/2662
f 2779/2819/2551 2780/2930/2662 2771/2820/2552
f 2771/2820/2552 2780/2930/2662 2772/2931/2663
f 2771/2820/2552 2772/2931/2663 2763/2821/2553
f 2763/2821/2553 2772/2931/2663 2764/2932/2664
f 2763/2821/2553 2764/2932/2664 2755/2822/2554
f 2755/2822/2554 2764/2932/2664 2756/2933/2665
f 2755/2822/2554 2756/2933/2665 2747/2823/2555
f 2747/2823/2555 2756/2933/2665 2748/2934/2666
f 2747/2823/2555 2748/2934/2666 2739/2824/2556
f 2739/2824/2556 2748/2934/2666 2740/2935/2667
f 2739/2824/2556 2740/2935/2667 2731/2825/2557
f 2731/2825/2557 2740/2935/2667 2732/2936/2668
f 2731/2825/2557 2732/2936/2668 2723/2826/2558
f 2723/2826/2558 2732/2936/2668 2724/2937/2669
f 2723/2826/2558 2724/2937/2669 2715/2827/2559
f 2715/2827/2559 2724/2937/2669 2716/2938/2670
f 2715/2827/2559 2716/2938/2670 2707/2828/2560
f 2707/2828/2560 2716/2938/2670 2708/2939/2671
f 2707/2828/2560 2708/2939/2671 2699/2829/2561
f 2699/2829/2561 2708/2939/2671 2700/2940/2672
f 2699/2829/2561 2700/2940/2672 2691/2830/2562
f 2691/2830/2562 2700/2940/2672 2692/2941/2673
f 2691/2830/2562 2692/2941/2673 2683/2831/2563
f 2683/2831/2563 2692/2941/2673 2684/2942/2674
f 2683/2831/2563 2684/2942/2674 2675/2832/2564
f 2675/2832/2564 2684/2942/2674 2676/2943/2675
f 2675/2832/2564 2676/2943/2675 2667/2833/2565
f 2667/2833/2565 2676/2943/2675 2668/2944/2676
f 2667/2833/2565 2668/2944/2676 2659/2834/2566
f 2659/2834/2566 2668/2944/2676 2660/2945/2677
f 2659/2834/2566 2660/2945/2677 2651/2835/2567
f 2651/2835/2567 2660/2945/2677 2652/2946/2678
f 2651/2835/2567 2652/2946/2678 2643/2836/2568
f 2643/2836/2568 2652/2946/2678 2644/2947/2679
f 2643/2836/2568 2644/2947/2679 2635/2837/2569
f 2635/2837/2569 2644/2947/2679 2636/2948/2680
f 2635/2837/2569 2636/2948/2680 2627/2838/2570
f 2627/2838/2570 2636/2948/2680 2628/2949/2681
f 2627/2838/2570 2628/2949/2681 2619/2839/2571
f 2619/2839/2571 2628/2949/2681 2620/2950/2682
f 2619/2839/2571 2620/2950/2682 2611/2840/2572
f 2611/2840/2572 2620/2950/2682 2612/2951/2683
f 2611/2840/2572 2612/2951/2683 2603/2841/2573
f 2603/2841/2573 2612/2951/2683 2604/2952/2684
f 2603/2841/2573 2604/2952/2684 2595/2842/2574
f 2595/2842/2574 2604/2952/2684 2596/2953/2685
f 2595/2842/2574 2596/2953/2685 2587/2843/2575
f 2587/2843/2575 2596/2953/2685 2588/2954/2686
f 2587/2843/2575 2588/2954/2686 2579/2844/2576
f 2579/2844/2576 2588/2954/2686 2580/2955/2687
f 2579/2844/2576 2580/2955/2687 2571/2845/2577
f 2571/2845/2577 2580/2955/2687 2572/2956/2688
f 2571/2845/2577 2572/2956/2688 2563/2846/2578
f 2563/2846/2578 2572/2956/2688 2564/2957/2689
f 2563/2846/2578 2564/2957/2689 2555/2847/2579
f 2555/2847/2579 2564/2957/2689 2556/2958/2690
f 2555/2847/2579 2556/2958/2690 2547/2848/2580
f 2547/2848/2580 2556/2958/2690 2548/2959/2691
f 2547/2848/2580 2548/2959/2691 2539/2849/2581
f 2539/2849/2581 2548/2959/2691 2540/2960/2692
f 2539/2849/2581 2540/2960/2692 2531/2850/2582
f 2531/2850/2582 2540/2960/2692 2532/2961/2693
f 2531/2850/2582 2532/2961/2693 2523/2851/2583
f 2523/2851/2583 2532/2961/2693 2524/2962/2694
f 2523/2851/2583 2524/2962/2694 2515/2852/2584
f 2515/2852/2584 2524/2962/2694 2516/2963/2695
f 2515/2852/2584 2516/2963/2695 2507/2853/2585
f 2507/2853/2585 2516/2963/2695 2508/2964/2696
f 2507/2853/2585 2508/2964/2696 2499/2854/2586
f 2499/2854/2586 2508/2964/2696 2500/2965/2697
f 2499/2854/2586 2500/2965/2697 2491/2855/2587
f 2491/2855/2587 2500/2965/2697 2492/2966/2698
f 2491/2855/2587 2492/2966/2698 2483/2856/2588
f 2483/2856/2588 2492/2966/2698 2484/2967/2699
f 2483/2856/2588 2484/2967/2699 2475/2857/2589
f 2475/2857/2589 2484/2967/2699 2476/2968/2700
f 2475/2857/2589 2476/2968/2700 2467/2858/2590
f 2467/2858/2590 2476/2968/2700 2468/2969/2701
f 2467/2858/2590 2468/2969/2701 2459/2859/2591
f 2459/2859/2591 2468/2969/2701 2460/2970/2702
f 2459/2859/2591 2460/2970/2702 2451/2860/2592
f 2451/2860/2592 2460/2970/2702 2452/2971/2703
f 2451/2860/2592 2452/2971/2703 2443/2861/2593
f 2443/2861/2593 2452/2971/2703 2444/2972/2704
f 2443/2861/2593 2444/2972/2704 2435/2862/2594
f 2435/2862/2594 2444/2972/2704 2436/2973/2705
f 2435/2862/2594 2436/2973/2705 2427/2863/2595
f 2427/2863/2595 2436/2973/2705 2428/2974/2706
f 2427/2863/2595 2428/2974/2706 2419/2864/2596
f 2419/2864/2596 2428/2974/2706 2420/2975/2707
f 2419/2864/2596 2420/2975/2707 2411/2865/2597
f 2411/2865/2597 2420/2975/2707 2412/2976/2708
f 2411/2865/2597 2412/2976/2708 2403/2866/2598
f 2403/2866/2598 2412/2976/2708 2404/2977/2709
f 2403/2866/2598 2404/2977/2709 2395/2867/2599
f 2395/2867/2599 2404/2977/2709 2396/2978/2710
f 2395/2867/2599 2396/2978/2710 2387/2868/2600
f 2387/2868/2600 2396/2978/2710 2388/2979/2711
f 2387/2868/2600 2388/2979/2711 2379/2869/2601
f 2379/2869/2601 2388/2979/2711 2380/2980/2712
f 2379/2869/2601 2380/2980/2712 2371/2870/2602
f 2371/2870/2602 2380/2980/2712 2372/2981/2713
f 2371/2870/2602 2372/2981/2713 2363/2871/2603
f 2363/2871/2603 2372/2981/2713 2364/2982/2714
f 2363/2871/2603 2364/2982/2714 2355/2872/2604
f 2355/2872/2604 2364/2982/2714 2356/2983/2715
f 2355/2872/2604 2356/2983/2715 2347/2873/2605
f 2347/2873/2605 2356/2983/2715 2348/2984/2716
f 2347/2873/2605 2348/2984/2716 2339/2874/2606
f 2339/2874/2606 2348/2984/2716 2340/2985/2717
f 2339/2874/2606 2340/2985/2717 2331/2875/2607
f 2331/2875/2607 2340/2985/2717 2332/2986/2718
f 2331/2875/2607 2332/2986/2718 2323/2876/2608
f 2323/2876/2608 2332/2986/2718 2324/2987/2719
f 2323/2876/2608 2324/2987/2719 2315/2877/2609
f 2315/2877/2609 2324/2987/2719 2316/2988/2720
f 2315/2877/2609 2316/2988/2720 2307/2878/2610
f 2307/2878/2610 2316/2988/2720 2308/2989/2721
f 2307/2878/2610 2308/2989/2721 2299/2879/2611
f 2299/2879/2611 2308/2989/2721 2300/2990/2722
f 2299/2879/2611 2300/2990/2722 2291/2880/2612
f 2291/2880/2612 2300/2990/2722 2292/2991/2723
f 2291/2880/2612 2292/2991/2723 2283/2881/2613
f 2283/2881/2613 2292/2991/2723 2284/2992/2724
f 2283/2881/2613 2284/2992/2724 2275/2882/2614
f 2275/2882/2614 2284/2992/2724 2276/2993/2725
f 2275/2882/2614 2276/2993/2725 2268/2883/2615
f 2268/2883/2615 2276/2993/2725 2269/2994/2726
f 2268/2883/2615 2269/2994/2726 2263/2884/2616
f 2263/2884/2616 2269/2994/2726 2262/2995/2727
f 2263/2884/2616 2262/2995/2727 3102/2885/2617
f 3102/2885/2617 2262/2995/2727 3101/2996/2728
f 3102/2885/2617 3101/2996/2728 3110/2886/2618
f 3110/2886/2618 3101/2996/2728 3109/2997/2729
f 3110/2886/2618 3109/2997/2729 3118/2887/2619
f 3118/2887/2619 3109/2997/2729 3117/2998/2730
f 3118/2887/2619 3117/2998/2730 3126/2888/2620
f 3126/2888/2620 3117/2998/2730 3125/2999/2731
f 3126/2888/2620 3125/2999/2731 3134/2889/2621
f 3134/2889/2621 3125/2999/2731 3133/3000/2732
f 3134/2889/2621 3133/3000/2732 3142/2765/2497
f 3142/2765/2497 3133/3000/2732 3141/2767/2499
f 2229/2890/2622 2230/3001/2733 3092/2891/2623
f 3092/2891/2623 2230/3001/2733 3093/3002/2734
f 3092/2891/2623 3093/3002/2734 3084/2892/2624
f 3084/2892/2624 3093/3002/2734 3085/3003/2735
f 3084/2892/2624 3085/3003/2735 3076/2893/2625
f 3076/2893/2625 3085/3003/2735 3077/3004/2736
f 3076/2893/2625 3077/3004/2736 3068/2894/2626
f 3068/2894/2626 3077/3004/2736 3069/3005/2737
f 3068/2894/2626 3069/3005/2737 3060/2895/2627
f 3060/2895/2627 3069/3005/2737 3061/3006/2738
f 3060/2895/2627 3061/3006/2738 3052/2896/2628
f 3052/2896/2628 3061/3006/2738 3053/3007/2739
f 3052/2896/2628 3053/3007/2739 3044/2897/2629
f 3044/2897/2629 3053/3007/2739 3045/3008/2740
f 3044/2897/2629 3045/3008/2740 3036/2898/2630
f 3036/2898/2630 3045/3008/2740 3037/3009/2741
f 3036/2898/2630 3037/3009/2741 3028/2899/2631
f 3028/2899/2631 3037/3009/2741 3029/3010/2742
f 3028/2899/2631 3029/3010/2742 3020/2900/2632
f 3020/2900/2632 3029/3010/2742 3021/3011/2743
f 3020/2900/2632 3021/3011/2743 3012/2901/2633
f 3012/2901/2633 3021/3011/2743 3013/3012/2744
f 3012/2901/2633 3013/3012/2744 3004/2902/2634
f 3004/2902/2634 3013/3012/2744 3005/3013/2745
f 3004/2902/2634 3005/3013/2745 2996/2903/2635
f 2996/2903/2635 3005/3013/2745 2997/3014/2746
f 2996/2903/2635 2997/3014/2746 2988/2904/2636
f 2988/2904/2636 2997/3014/2746 2989/3015/2747
f 2988/2904/2636 2989/3015/2747 2980/2905/2637
f 2980/2905/2637 2989/3015/2747 2981/3016/2748
f 2980/2905/2637 2981/3016/2748 2972/2906/2638
f 2972/2906/2638 2981/3016/2748 2973/3017/2749
f 2972/2906/2638 2973/3017/2749 2964/2907/2639
f 2964/2907/2639 2973/3017/2749 2965/3018/2750
f 2964/2907/2639 2965/3018/2750 2956/2908/2640
f 2956/2908/2640 2965/3018/2750 2957/3019/2751
f 2956/2908/2640 2957/3019/2751 2948/2909/2641
f 2948/2909/2641 2957/3019/2751 2949/3020/2752
f 2948/2909/2641 2949/3020/2752 2940/2910/2642
f 2940/2910/2642 2949/3020/2752 2941/3021/2753
f 2940/2910/2642 2941/3021/2753 2932/2911/2643
f 2932/2911/2643 2941/3021/2753 2933/3022/2754
f 2932/2911/2643 2933/3022/2754 2924/2912/2644
f 2924/2912/2644 2933/3022/2754 2925/3023/2755
f 2924/2912/2644 2925/3023/2755 2916/2913/2645
f 2916/2913/2645 2925/3023/2755 2917/3024/2756
f 2916/2913/2645 2917/3024/2756 2908/2914/2646
f 2908/2914/2646 2917/3024/2756 2909/3025/2757
f 2908/2914/2646 2909/3025/2757 2900/2915/2647
f 2900/2915/2647 2909/3025/2757 2901/3026/2758
f 2900/2915/2647 2901/3026/2758 2892/2916/2648
f 2892/2916/2648 2901/3026/2758 2893/3027/2759
f 2892/2916/2648 2893/3027/2759 2884/2917/2649
f 2884/2917/2649 2893/3027/2759 2885/3028/2760
f 2884/2917/2649 2885/3028/2760 2876/2918/2650
f 2876/2918/2650 2885/3028/2760 2877/3029/2761
f 2876/2918/2650 2877/3029/2761 2868/2919/2651
f 2868/2919/2651 2877/3029/2761 2869/3030/2762
f 2868/2919/2651 2869/3030/2762 2860/2920/2652
f 2860/2920/2652 2869/3030/2762 2861/3031/2763
f 2860/2920/2652 2861/3031/2763 2852/2921/2653
f 2852/2921/2653 2861/3031/2763 2853/3032/2764
f 2852/2921/2653 2853/3032/2764 2844/2922/2654
f 2844/2922/2654 2853/3032/2764 2845/3033/2765
f 2844/2922/2654 2845/3033/2765 2836/2923/2655
f 2836/2923/2655 2845/3033/2765 2837/3034/2766
f 2836/2923/2655 2837/3034/2766 2828/2924/2656
f 2828/2924/2656 2837/3034/2766 2829/3035/2767
f 2828/2924/2656 2829/3035/2767 2820/2925/2657
f 2820/2925/2657 2829/3035/2767 2821/3036/2768
f 2820/2925/2657 2821/3036/2768 2812/2926/2658
f 2812/2926/2658 2821/3036/2768 2813/3037/2769
f 2812/2926/2658 2813/3037/2769 2804/2927/2659
f 2804/2927/2659 2813/3037/2769 2805/3038/2770
f 2804/2927/2659 2805/3038/2770 2796/2928/2660
f 2796/2928/2660 2805/3038/2770 2797/3039/2771
f 2796/2928/2660 2797/3039/2771 2788/2929/2661
f 2788/2929/2661 2797/3039/2771 2789/3040/2772
f 2788/2929/2661 2789/3040/2772 2780/2930/2662
f 2780/2930/2662 2789/3040/2772 2781/3041/2773
f 2780/2930/2662 2781/3041/2773 2772/2931/2663
f 2772/2931/2663 2781/3041/2773 2773/3042/2774
f 2772/2931/2663 2773/3042/2774 2764/2932/2664
f 2764/2932/2664 2773/3042/2774 2765/3043/2775
f 2764/2932/2664 2765/3043/2775 2756/2933/2665
f 2756/2933/2665 2765/3043/2775 2757/3044/2776
f 2756/2933/2665 2757/3044/2776 2748/2934/2666
f 2748/2934/2666 2757/3044/2776 2749/3045/2777
f 2748/2934/2666 2749/3045/2777 2740/2935/2667
f 2740/2935/2667 2749/3045/2777 2741/3046/2778
f 2740/2935/2667 2741/3046/2778 2732/2936/2668
f 2732/2936/2668 2741/3046/2778 2733/3047/2779
f 2732/2936/2668 2733/3047/2779 2724/2937/2669
f 2724/2937/2669 2733/3047/2779 2725/3048/2780
f 2724/2937/2669 2725/3048/2780 2716/2938/2670
f 2716/2938/2670 2725/3048/2780 2717/3049/2781
f 2716/2938/2670 2717/3049/2781 2708/2939/2671
f 2708/2939/2671 2717/3049/2781 2709/3050/2782
f 2708/2939/2671 2709/3050/2782 2700/2940/2672
f 2700/2940/2672 2709/3050/2782 2701/3051/2783
f 2700/2940/2672 2701/3051/2783 2692/2941/2673
f 2692/2941/2673 2701/3051/2783 2693/3052/2784
f 2692/2941/2673 2693/3052/2784 2684/2942/2674
f 2684/2942/2674 2693/3052/2784 2685/3053/2785
f 2684/2942/2674 2685/3053/2785 2676/2943/2675
f 2676/2943/2675 2685/3053/2785 2677/3054/2786
f 2676/2943/2675 2677/3054/2786 2668/2944/2676
f 2668/2944/2676 2677/3054/2786 2669/3055/2787
f 2668/2944/2676 2669/3055/2787 2660/2945/2677
f 2660/2945/2677 2669/3055/2787 2661/3056/2788
f 2660/2945/2677 2661/3056/2788 2652/2946/2678
f 2652/2946/2678 2661/3056/2788 2653/3057/2789
f 2652/2946/2678 2653/3057/2789 2644/2947/2679
f 2644/2947/2679 2653/3057/2789 2645/3058/2790
f 2644/2947/2679 2645/3058/2790 2636/2948/2680
f 2636/2948/2680 2645/3058/2790 2637/3059/2791
f 2636/2948/2680 2637/3059/2791 2628/2949/2681
f 2628/2949/2681 2637/3059/2791 2629/3060/2792
f 2628/2949/2681 2629/3060/2792 2620/2950/2682
f 2620/2950/2682 2629/3060/2792 2621/3061/2793
f 2620/2950/2682 2621/3061/2793 2612/2951/2683
f 2612/2951/2683 2621/3061/2793 2613/3062/2794
f 2612/2951/2683 2613/3062/2794 2604/2952/2684
f 2604/2952/2684 2613/3062/2794 2605/3063/2795
f 2604/2952/2684 2605/3063/2795 2596/2953/2685
f 2596/2953/2685 2605/3063/2795 2597/3064/2796
f 2596/2953/2685 2597/3064/2796 2588/2954/2686
f 2588/2954/2686 2597/3064/2796 2589/3065/2797
f 2588/2954/2686 2589/3065/2797 2580/2955/2687
f 2580/2955/2687 2589/3065/2797 2581/3066/2798
f 2580/2955/2687 2581/3066/2798 2572/2956/2688
f 2572/2956/2688 2581/3066/2798 2573/3067/2799
f 2572/2956/2688 2573/3067/2799 2564/2957/2689
f 2564/2957/2689 2573/3067/2799 2565/3068/2800
f 2564/2957/2689 2565/3068/2800 2556/2958/2690
f 2556/2958/2690 2565/3068/2800 2557/3069/2801
f 2556/2958/2690 2557/3069/2801 2548/2959/2691
f 2548/2959/2691 2557/3069/2801 2549/3070/2802
f 2548/2959/2691 2549/3070/2802 2540/2960/2692
f 2540/2960/2692 2549/3070/2802 2541/3071/2803
f 2540/2960/2692 2541/3071/2803 2532/2961/2693
f 2532/2961/2693 2541/3071/2803 2533/3072/2804
f 2532/2961/2693 2533/3072/2804 2524/2962/2694
f 2524/2962/2694 2533/3072/2804 2525/3073/2805
f 2524/2962/2694 2525/3073/2805 2516/2963/2695
f 2516/2963/2695 2525/3073/2805 2517/3074/2806
f 2516/2963/2695 2517/3074/2806 2508/2964/2696
f 2508/2964/2696 2517/3074/2806 2509/3075/2807
f 2508/2964/2696 2509/3075/2807 2500/2965/2697
f 2500/2965/2697 2509/3075/2807 2501/3076/2808
f 2500/2965/2697 2501/3076/2808 2492/2966/2698
f 2492/2966/2698 2501/3076/2808 2493/3077/2809
f 2492/2966/2698 2493/3077/2809 2484/2967/2699
f 2484/2967/2699 2493/3077/2809 2485/3078/2810
f 2484/2967/2699 2485/3078/2810 2476/2968/2700
f 2476/2968/2700 2485/3078/2810 2477/3079/2811
f 2476/2968/2700 2477/3079/2811 2468/2969/2701
f 2468/2969/2701 2477/3079/2811 2469/3080/2812
f 2468/2969/2701 2469/3080/2812 2460/2970/2702
f 2460/2970/2702 2469/3080/2812 2461/3081/2813
f 2460/2970/2702 2461/3081/2813 2452/2971/2703
f 2452/2971/2703 2461/3081/2813 2453/3082/2814
f 2452/2971/2703 2453/3082/2814 2444/2972/2704
f 2444/2972/2704 2453/3082/2814 2445/3083/2815
f 2444/2972/2704 2445/3083/2815 2436/2973/2705
f 2436/2973/2705 2445/3083/2815 2437/3084/2816
f 2436/2973/2705 2437/3084/2816 2428/2974/2706
f 2428/2974/2706 2437/3084/2816 2429/3085/2817
f 2428/2974/2706 2429/3085/2817 2420/2975/2707
f 2420/2975/2707 2429/3085/2817 2421/3086/2818
f 2420/2975/2707 2421/3086/2818 2412/2976/2708
f 2412/2976/2708 2421/3086/2818 2413/3087/2819
f 2412/2976/2708 2413/3087/2819 2404/2977/2709
f 2404/2977/2709 2413/3087/2819 2405/3088/2820
f 2404/2977/2709 2405/3088/2820 2396/2978/2710
f 2396/2978/2710 2405/3088/2820 2397/3089/2821
f 2396/2978/2710 2397/3089/2821 2388/2979/2711
f 2388/2979/2711 2397/3089/2821 2389/3090/2822
f 2388/2979/2711 2389/3090/2822 2380/2980/2712
f 2380/2980/2712 2389/3090/2822 2381/3091/2823
f 2380/2980/2712 2381/3091/2823 2372/2981/2713
f 2372/2981/2713 2381/3091/2823 2373/3092/2824
f 2372/2981/2713 2373/3092/2824 2364/2982/2714
f 2364/2982/2714 2373/3092/2824 2365/3093/2825
f 2364/2982/2714 2365/3093/2825 2356/2983/2715
f 2356/2983/2715 2365/3093/2825 2357/3094/2826
f 2356/2983/2715 2357/3094/2826 2348/2984/2716
f 2348/2984/2716 2357/3094/2826 2349/3095/2827
f 2348/2984/2716 2349/3095/2827 2340/2985/2717
f 2340/2985/2717 2349/3095/2827 2341/3096/2828
f 2340/2985/2717 2341/3096/2828 2332/2986/2718
f 2332/2986/2718 2341/3096/2828 2333/3097/2829
f 2332/2986/2718 2333/3097/2829 2324/2987/2719
f 2324/2987/2719 2333/3097/2829 2325/3098/2830
f 2324/2987/2719 2325/3098/2830 2316/2988/2720
f 2316/2988/2720 2325/3098/2830 2317/3099/2831
f 2316/2988/2720 2317/3099/2831 2308/2989/2721
f 2308/2989/2721 2317/3099/2831 2309/3100/2832
f 2308/2989/2721 2309/3100/2832 2300/2990/2722
f 2300/2990/2722 2309/3100/2832 2301/3101/2833
f 2300/2990/2722 2301/3101/2833 2292/2991/2723
f 2292/2991/2723 2301/3101/2833 2293/3102/2834
f 2292/2991/2723 2293/3102/2834 2284/2992/2724
f 2284/2992/2724 2293/3102/2834 2285/3103/2835
f 2284/2992/2724 2285/3103/2835 2276/2993/2725
f 2276/2993/2725 2285/3103/2835 2277/3104/2836
f 2276/2993/2725 2277/3104/2836 2269/2994/2726
f 2269/2994/2726 2277/3104/2836 2270/3105/2837
f 2269/2994/2726 2270/3105/2837 2262/2995/2727
f 2262/2995/2727 2270/3105/2837 2261/3106/2838
f 2262/2995/2727 2261/3106/2838 3101/2996/2728
f 3101/2996/2728 2261/3106/2838 3100/3107/2839
f 3101/2996/2728 3100/3107/2839 3109/2997/2729
f 3109/2997/2729 3100/3107/2839 3108/3108/2840
f 3109/2997/2729 3108/3108/2840 3117/2998/2730
f 3117/2998/2730 3108/3108/2840 3116/3109/2841
f 3117/2998/2730 3116/3109/2841 3125/2999/2731
f 3125/2999/2731 3116/3109/2841 3124/3110/2842
f 3125/2999/2731 3124/3110/2842 3133/3000/2732
f 3133/3000/2732 3124/3110/2842 3132/3111/2843
f 3133/3000/2732 3132/3111/2843 3141/2767/2499
f 3141/2767/2499 3132/3111/2843 3140/2769/2501
f 2230/3001/2733 2231/3112/2844 3093/3002/2734
f 3093/3002/2734 2231/3112/2844 3094/3113/2845
f 3093/3002/2734 3094/3113/2845 3085/3003/2735
f 3085/3003/2735 3094/3113/2845 3086/3114/2846
f 3085/3003/2735 3086/3114/2846 3077/3004/2736
f 3077/3004/2736 3086/3114/2846 3078/3115/2847
f 3077/3004/2736 3078/3115/2847 3069/3005/2737
f 3069/3005/2737 3078/3115/2847 3070/3116/2848
f 3069/3005/2737 3070/3116/2848 3061/3006/2738
f 3061/3006/2738 3070/3116/2848 3062/3117/2849
f 3061/3006/2738 3062/3117/2849 3053/3007/2739
f 3053/3007/2739 3062/3117/2849 3054/3118/2850
f 3053/3007/2739 3054/3118/2850 3045/3008/2740
f 3045/3008/2740 3054/3118/2850 3046/3119/2851
f 3045/3008/2740 3046/3119/2851 3037/3009/2741
f 3037/3009/2741 3046/3119/2851 3038/3120/2852
f 3037/3009/2741 3038/3120/2852 3029/3010/2742
f 3029/3010/2742 3038/3120/2852 3030/3121/2853
f 3029/3010/2742 3030/3121/2853 3021/3011/2743
f 3021/3011/2743 3030/3121/2853 3022/3122/2854
f 3021/3011/2743 3022/3122/2854 3013/3012/2744
f 3013/3012/2744 3022/3122/2854 3014/3123/2855
f 3013/3012/2744 3014/3123/2855 3005/3013/2745
f 3005/3013/2745 3014/3123/2855 3006/3124/2856
f 3005/3013/2745 3006/3124/2856 2997/3014/2746
f 2997/3014/2746 3006/3124/2856 2998/3125/2857
f 2997/3014/2746 2998/3125/2857 2989/3015/2747
f 2989/3015/2747 2998/3125/2857 2990/3126/2858
f 2989/3015/2747 2990/3126/2858 2981/3016/2748
f 2981/3016/2748 2990/3126/2858 2982/3127/2859
f 2981/3016/2748 2982/3127/2859 2973/3017/2749
f 2973/3017/2749 2982/3127/2859 2974/3128/2860
f 2973/3017/2749 2974/3128/2860 2965/3018/2750
f 2965/3018/2750 2974/3128/2860 2966/3129/2861
f 2965/3018/2750 2966/3129/2861 2957/3019/2751
f 2957/3019/2751 2966/3129/2861 2958/3130/2862
f 2957/3019/2751 2958/3130/2862 2949/3020/2752
f 2949/3020/2752 2958/3130/2862 2950/3131/2863
f 2949/3020/2752 2950/3131/2863 2941/3021/2753
f 2941/3021/2753 2950/3131/2863 2942/3132/2864
f 2941/3021/2753 2942/3132/2864 2933/3022/2754
f 2933/3022/2754 2942/3132/2864 2934/3133/2865
f 2933/3022/2754 2934/3133/2865 2925/3023/2755
f 2925/3023/2755 2934/3133/2865 2926/3134/2866
f 2925/3023/2755 2926/3134/2866 2917/3024/2756
f 2917/3024/2756 2926/3134/2866 2918/3135/2867
f 2917/3024/2756 2918/3135/2867 2909/3025/2757
f 2909/3025/2757 2918/3135/2867 2910/3136/2868
f 2909/3025/2757 2910/3136/2868 2901/3026/2758
f 2901/3026/2758 2910/3136/2868 2902/3137/2869
f 2901/3026/2758 2902/3137/2869 2893/3027/2759
f 2893/3027/2759 2902/3137/2869 2894/3138/2870
f 2893/3027/2759 2894/3138/2870 2885/3028/2760
f 2885/3028/2760 2894/3138/2870 2886/3139/2871
f 2885/3028/2760 2886/3139/2871 2877/3029/2761
f 2877/3029/2761 2886/3139/2871 2878/3140/2872
f 2877/3029/2761 2878/3140/2872 2869/3030/2762
f 2869/3030/2762 2878/3140/2872 2870/3141/2873
f 2869/3030/2762 2870/3141/2873 2861/3031/2763
f 2861/3031/2763 2870/3141/2873 2862/3142/2874
f 2861/3031/2763 2862/3142/2874 2853/3032/2764
f 2853/3032/2764 2862/3142/2874 2854/3143/2875
f 2853/3032/2764 2854/3143/2875 2845/3033/2765
f 2845/3033/2765 2854/3143/2875 2846/3144/2876
f 2845/3033/2765 2846/3144/2876 2837/3034/2766
f 2837/3034/2766 2846/3144/2876 2838/3145/2877
f 2837/3034/2766 2838/3145/2877 2829/3035/2767
f 2829/3035/2767 2838/3145/2877 2830/3146/2878
f 2829/3035/2767 2830/3146/2878 2821/3036/2768
f 2821/3036/2768 2830/3146/2878 2822/3147/2879
f 2821/3036/2768 2822/3147/2879 2813/3037/2769
f 2813/3037/2769 2822/3147/2879 2814/3148/2880
f 2813/3037/2769 2814/3148/2880 2805/3038/2770
f 2805/3038/2770 2814/3148/2880 2806/3149/2881
f 2805/3038/2770 2806/3149/2881 2797/3039/2771
f 2797/3039/2771 2806/3149/2881 2798/3150/2882
f 2797/3039/2771 2798/3150/2882 2789/3040/2772
f 2789/3040/2772 2798/3150/2882 2790/3151/2883
f 2789/3040/2772 2790/3151/2883 2781/3041/2773
f 2781/3041/2773 2790/3151/2883 2782/3152/2884
f 2781/3041/2773 2782/3152/2884 2773/3042/2774
f 2773/3042/2774 2782/3152/2884 2774/3153/2885
f 2773/3042/2774 2774/3153/2885 2765/3043/2775
f 2765/3043/2775 2774/3153/2885 2766/3154/2886
f 2765/3043/2775 2766/3154/2886 2757/3044/2776
f 2757/3044/2776 2766/3154/2886 2758/3155/2887
f 2757/3044/2776 2758/3155/2887 2749/3045/2777
f 2749/3045/2777 2758/3155/2887 2750/3156/2888
f 2749/3045/2777 2750/3156/2888 2741/3046/2778
f 2741/3046/2778 2750/3156/2888 2742/3157/2889
f 2741/3046/2778 2742/3157/2889 2733/3047/2779
f 2733/3047/2779 2742/3157/2889 2734/3158/2890
f 2733/3047/2779 2734/3158/2890 2725/3048/2780
f 2725/3048/2780 2734/3158/2890 2726/3159/2891
f 2725/3048/2780 2726/3159/2891 2717/3049/2781
f 2717/3049/2781 2726/3159/2891 2718/3160/2892
f 2717/3049/2781 2718/3160/2892 2709/3050/2782
f 2709/3050/2782 2718/3160/2892 2710/3161/2893
f 2709/3050/2782 2710/3161/2893 2701/3051/2783
f 2701/3051/2783 2710/3161/2893 2702/3162/2894
f 2701/3051/2783 2702/3162/2894 2693/3052/2784
f 2693/3052/2784 2702/3162/2894 2694/3163/2895
f 2693/3052/2784 2694/3163/2895 2685/3053/2785
f 2685/3053/2785 2694/3163/2895 2686/3164/2896
f 2685/3053/2785 2686/3164/2896 2677/3054/2786
f 2677/3054/2786 2686/3164/2896 2678/3165/2897
f 2677/3054/2786 2678/3165/2897 2669/3055/2787
f 2669/3055/2787 2678/3165/2897 2670/3166/2898
f 2669/3055/2787 2670/3166/2898 2661/3056/2788
f 2661/3056/2788 2670/3166/2898 2662/3167/2899
f 2661/3056/2788 2662/3167/2899 2653/3057/2789
f 2653/3057/2789 2662/3167/2899 2654/3168/2900
f 2653/3057/2789 2654/3168/2900 2645/3058/2790
f 2645/3058/2790 2654/3168/2900 2646/3169/2901
f 2645/3058/2790 2646/3169/2901 2637/3059/2791
f 2637/3059/2791 2646/3169/2901 2638/3170/2902
f 2637/3059/2791 2638/3170/2902 2629/3060/2792
f 2629/3060/2792 2638/3170/2902 2630/3171/2903
f 2629/3060/2792 2630/3171/2903 2621/3061/2793
f 2621/3061/2793 2630/3171/2903 2622/3172/2904
f 2621/3061/2793 2622/3172/2904 2613/3062/2794
f 2613/3062/2794 2622/3172/2904 2614/3173/2905
f 2613/3062/2794 2614/3173/2905 2605/3063/2795
f 2605/3063/2795 2614/3173/2905 2606/3174/2906
f 2605/3063/2795 2606/3174/2906 2597/3064/2796
f 2597/3064/2796 2606/3174/2906 2598/3175/2907
f 2597/3064/2796 2598/3175/2907 2589/3065/2797
f 2589/3065/2797 2598/3175/2907 2590/3176/2908
f 2589/3065/2797 2590/3176/2908 2581/3066/2798
f 2581/3066/2798 2590/3176/2908 2582/3177/2909
f 2581/3066/2798 2582/3177/2909 2573/3067/2799
f 2573/3067/2799 2582/3177/2909 2574/3178/2910
f 2573/3067/2799 2574/3178/2910 2565/3068/2800
f 2565/3068/2800 2574/3178/2910 2566/3179/2911
f 2565/3068/2800 2566/3179/2911 2557/3069/2801
f 2557/3069/2801 2566/3179/2911 2558/3180/2912
f 2557/3069/2801 2558/3180/2912 2549/3070/2802
f 2549/3070/2802 2558/3180/2912 2550/3181/2913
f 2549/3070/2802 2550/3181/2913 2541/3071/2803
f 2541/3071/2803 2550/3181/2913 2542/3182/2914
f 2541/3071/2803 2542/3182/2914 2533/3072/2804
f 2533/3072/2804 2542/3182/2914 2534/3183/2915
f 2533/3072/2804 2534/3183/2915 2525/3073/2805
f 2525/3073/2805 2534/3183/2915 2526/3184/2916
f 2525/3073/2805 2526/3184/2916 2517/3074/2806
f 2517/3074/2806 2526/3184/2916 2518/3185/2917
f 2517/3074/2806 2518/3185/2917 2509/3075/2807
f 2509/3075/2807 2518/3185/2917 2510/3186/2918
f 2509/3075/2807 2510/3186/2918 2501/3076/2808
f 2501/3076/2808 2510/3186/2918 2502/3187/2919
f 2501/3076/2808 2502/3187/2919 2493/3077/2809
f 2493/3077/2809 2502/3187/2919 2494/3188/2920
f 2493/3077/2809 2494/3188/2920 2485/3078/2810
f 2485/3078/2810 2494/3188/2920 2486/3189/2921
f 2485/3078/2810 2486/3189/2921 2477/3079/2811
f 2477/3079/2811 2486/3189/2921 2478/3190/2922
f 2477/3079/2811 2478/3190/2922 2469/3080/2812
f 2469/3080/2812 2478/3190/2922 2470/3191/2923
f 2469/3080/2812 2470/3191/2923 2461/3081/2813
f 2461/3081/2813 2470/3191/2923 2462/3192/2924
f 2461/3081/2813 2462/3192/2924 2453/3082/2814
f 2453/3082/2814 2462/3192/2924 2454/3193/2925
f 2453/3082/2814 2454/3193/2925 2445/3083/2815
f 2445/3083/2815 2454/3193/2925 2446/3194/2926
f 2445/3083/2815 2446/3194/2926 2437/3084/2816
f 2437/3084/2816 2446/3194/2926 2438/3195/2927
f 2437/3084/2816 2438/3195/2927 2429/3085/2817
f 2429/3085/2817 2438/3195/2927 2430/3196/2928
f 2429/3085/2817 2430/3196/2928 2421/3086/2818
f 2421/3086/2818 2430/3196/2928 2422/3197/2929
f 2421/3086/2818 2422/3197/2929 2413/3087/2819
f 2413/3087/2819 2422/3197/2929 2414/3198/2930
f 2413/3087/2819 2414/3198/2930 2405/3088/2820
f 2405/3088/2820 2414/3198/2930 2406/3199/2931
f 2405/3088/2820 2406/3199/2931 2397/3089/2821
f 2397/3089/2821 2406/3199/2931 2398/3200/2932
f 2397/3089/2821 2398/3200/2932 2389/3090/2822
f 2389/3090/2822 2398/3200/2932 2390/3201/2933
f 2389/3090/2822 2390/3201/2933 2381/3091/2823
f 2381/3091/2823 2390/3201/2933 2382/3202/2934
f 2381/3091/2823 2382/3202/2934 2373/3092/2824
f 2373/3092/2824 2382/3202/2934 2374/3203/2935
f 2373/3092/2824 2374/3203/2935 2365/3093/2825
f 2365/3093/2825 2374/3203/2935 2366/3204/2936
f 2365/3093/2825 2366/3204/2936 2357/3094/2826
f 2357/3094/2826 2366/3204/2936 2358/3205/2937
f 2357/3094/2826 2358/3205/2937 2349/3095/2827
f 2349/3095/2827 2358/3205/2937 2350/3206/2938
f 2349/3095/2827 2350/3206/2938 2341/3096/2828
f 2341/3096/2828 2350/3206/2938 2342/3207/2939
f 2341/3096/2828 2342/3207/2939 2333/3097/2829
f 2333/3097/2829 2342/3207/2939 2334/3208/2940
f 2333/3097/2829 2334/3208/2940 2325/3098/2830
f 2325/3098/2830 2334/3208/2940 2326/3209/2941
f 2325/3098/2830 2326/3209/2941 2317/3099/2831
f 2317/3099/2831 2326/3209/2941 2318/3210/2942
f 2317/3099/2831 2318/3210/2942 2309/3100/2832
f 2309/3100/2832 2318/3210/2942 2310/3211/2943
f 2309/3100/2832 2310/3211/2943 2301/3101/2833
f 2301/3101/2833 2310/3211/2943 2302/3212/2944
f 2301/3101/2833 2302/3212/2944 2293/3102/2834
f 2293/3102/2834 2302/3212/2944 2294/3213/2945
f 2293/3102/2834 2294/3213/2945 2285/3103/2835
f 2285/3103/2835 2294/3213/2945 2286/3214/2946
f 2285/3103/2835 2286/3214/2946 2277/3104/2836
f 2277/3104/2836 2286/3214/2946 2278/3215/2947
f 2277/3104/2836 2278/3215/2947 2270/3105/2837
f 2270/3105/2837 2278/3215/2947 2271/3216/2948
f 2270/3105/2837 2271/3216/2948 2261/3106/2838
f 2261/3106/2838 2271/3216/2948 2260/3217/2949
f 2261/3106/2838 2260/3217/2949 3100/3107/2839
f 3100/3107/2839 2260/3217/2949 3099/3218/2950
f 3100/3107/2839 3099/3218/2950 3108/3108/2840
f 3108/3108/2840 3099/3218/2950 3107/3219/2951
f 3108/3108/2840 3107/3219/2951 3116/3109/2841
f 3116/3109/2841 3107/3219/2951 3115/3220/2952
f 3116/3109/2841 3115/3220/2952 3124/3110/2842
f 3124/3110/2842 3115/3220/2952 3123/3221/2953
f 3124/3110/2842 3123/3221/2953 3132/3111/2843
f 3132/3111/2843 3123/3221/2953 3131/3222/2954
f 3132/3111/2843 3131/3222/2954 3140/2769/2501
f 3140/2769/2501 3131/3222/2954 3139/2771/2503
f 2231/3112/2844 2232/3223/2955 3094/3113/2845
f 3094/3113/2845 2232/3223/2955 3095/3224/2956
f 3094/3113/2845 3095/3224/2956 3086/3114/2846
f 3086/3114/2846 3095/3224/2956 3087/3225/2957
f 3086/3114/2846 3087/3225/2957 3078/3115/2847
f 3078/3115/2847 3087/3225/2957 3079/3226/2958
f 3078/3115/2847 3079/3226/2958 3070/3116/2848
f 3070/3116/2848 3079/3226/2958 3071/3227/2959
f 3070/3116/2848 3071/3227/2959 3062/3117/2849
f 3062/3117/2849 3071/3227/2959 3063/3228/2960
f 3062/3117/2849 3063/3228/2960 3054/3118/2850
f 3054/3118/2850 3063/3228/2960 3055/3229/2961
f 3054/3118/2850 3055/3229/2961 3046/3119/2851
f 3046/3119/2851 3055/3229/2961 3047/3230/2962
f 3046/3119/2851 3047/3230/2962 3038/3120/2852
f 3038/3120/2852 3047/3230/2962 3039/3231/2963
f 3038/3120/2852 3039/3231/2963 3030/3121/2853
f 3030/3121/2853 3039/3231/2963 3031/3232/2964
f 3030/3121/2853 3031/3232/2964 3022/3122/2854
f 3022/3122/2854 3031/3232/2964 3023/3233/2965
f 3022/3122/2854 3023/3233/2965 3014/3123/2855
f 3014/3123/2855 3023/3233/2965 3015/3234/2966
f 3014/3123/2855 3015/3234/2966 3006/3124/2856
f 3006/3124/2856 3015/3234/2966 3007/3235/2967
f 3006/3124/2856 3007/3235/2967 2998/3125/2857
f 2998/3125/2857 3007/3235/2967 2999/3236/2968
f 2998/3125/2857 2999/3236/2968 2990/3126/2858
f 2990/3126/2858 2999/3236/2968 2991/3237/2969
f 2990/3126/2858 2991/3237/2969 2982/3127/2859
f 2982/3127/2859 2991/3237/2969 2983/3238/2970
f 2982/3127/2859 2983/3238/2970 2974/3128/2860
f 2974/3128/2860 2983/3238/2970 2975/3239/2971
f 2974/3128/2860 2975/3239/2971 2966/3129/2861
f 2966/3129/2861 2975/3239/2971 2967/3240/2972
f 2966/3129/2861 2967/3240/2972 2958/3130/2862
f 2958/3130/2862 2967/3240/2972 2959/3241/2973
f 2958/3130/2862 2959/3241/2973 2950/3131/2863
f 2950/3131/2863 2959/3241/2973 2951/3242/2974
f 2950/3131/2863 2951/3242/2974 2942/3132/2864
f 2942/3132/2864 2951/3242/2974 2943/3243/2975
f 2942/3132/2864 2943/3243/2975 2934/3133/2865
f 2934/3133/2865 2943/3243/2975 2935/3244/2976
f 2934/3133/2865 2935/3244/2976 2926/3134/2866
f 2926/3134/2866 2935/3244/2976 2927/3245/2977
f 2926/3134/2866 2927/3245/2977 2918/3135/2867
f 2918/3135/2867 2927/3245/2977 2919/3246/2978
f 2918/3135/2867 2919/3246/2978 2910/3136/2868
f 2910/3136/2868 2919/3246/2978 2911/3247/2979
f 2910/3136/2868 2911/3247/2979 2902/3137/2869
f 2902/3137/2869 2911/3247/2979 2903/3248/2980
f 2902/3137/2869 2903/3248/2980 2894/3138/2870
f 2894/3138/2870 2903/3248/2980 2895/3249/2981
f 2894/3138/2870 2895/3249/2981 2886/3139/2871
f 2886/3139/2871 2895/3249/2981 2887/3250/2982
f 2886/3139/2871 2887/3250/2982 2878/3140/2872
f 2878/3140/2872 2887/3250/2982 2879/3251/2983
f 2878/3140/2872 2879/3251/2983 2870/3141/2873
f 2870/3141/2873 2879/3251/2983 2871/3252/2984
f 2870/3141/2873 2871/3252/2984 2862/3142/2874
f 2862/3142/2874 2871/3252/2984 2863/3253/2985
f 2862/3142/2874 2863/3253/2985 2854/3143/2875
f 2854/3143/2875 2863/3253/2985 2855/3254/2986
f 2854/3143/2875 2855/3254/2986 2846/3144/2876
f 2846/3144/2876 2855/3254/2986 2847/3255/2987
f 2846/3144/2876 2847/3255/2987 2838/3145/2877
f 2838/3145/2877 2847/3255/2987 2839/3256/2988
f 2838/3145/2877 2839/3256/2988 2830/3146/2878
f 2830/3146/2878 2839/3256/2988 2831/3257/2989
f 2830/3146/2878 2831/3257/2989 2822/3147/2879
f 2822/3147/2879 2831/3257/2989 2823/3258/2990
f 2822/3147/2879 2823/3258/2990 2814/3148/2880
f 2814/3148/2880 2823/3258/2990 2815/3259/2991
f 2814/3148/2880 2815/3259/2991 2806/3149/2881
f 2806/3149/2881 2815/3259/2991 2807/3260/2992
f 2806/3149/2881 2807/3260/2992 2798/3150/2882
f 2798/3150/2882 2807/3260/2992 2799/3261/2993
f 2798/3150/2882 2799/3261/2993 2790/3151/2883
f 2790/3151/2883 2799/3261/2993 2791/3262/2994
f 2790/3151/2883 2791/3262/2994 2782/3152/2884
f 2782/3152/2884 2791/3262/2994 2783/3263/2995
f 2782/3152/2884 2783/3263/2995 2774/3153/2885
f 2774/3153/2885 2783/3263/2995 2775/3264/2996
f 2774/3153/2885 2775/3264/2996 2766/3154/2886
f 2766/3154/2886 2775/3264/2996 2767/3265/2997
f 2766/3154/2886 2767/3265/2997 2758/3155/2887
f 2758/3155/2887 2767/3265/2997 2759/3266/2998
f 2758/3155/2887 2759/3266/2998 2750/3156/2888
f 2750/3156/2888 2759/3266/2998 2751/3267/2999
f 2750/3156/2888 2751/3267/2999 2742/3157/2889
f 2742/3157/2889 2751/3267/2999 2743/3268/3000
f 2742/3157/2889 2743/3268/3000 2734/3158/2890
f 2734/3158/2890 2743/3268/3000 2735/3269/3001
f 2734/3158/2890 2735/3269/3001 2726/3159/2891
f 2726/3159/2891 2735/3269/3001 2727/3270/3002
f 2726/3159/2891 2727/3270/3002 2718/3160/2892
f 2718/3160/2892 2727/3270/3002 2719/3271/3003
f 2718/3160/2892 2719/3271/3003 2710/3161/2893
f 2710/3161/2893 2719/3271/3003 2711/3272/3004
f 2710/3161/2893 2711/3272/3004 2702/3162/2894
f 2702/3162/2894 2711/3272/3004 2703/3273/3005
f 2702/3162/2894 2703/3273/3005 2694/3163/2895
f 2694/3163/2895 2703/3273/3005 2695/3274/3006
f 2694/3163/2895 2695/3274/3006 2686/3164/2896
f 2686/3164/2896 2695/3274/3006 2687/3275/3007
f 2686/3164/2896 2687/3275/3007 2678/3165/2897
f 2678/3165/2897 2687/3275/3007 2679/3276/3008
f 2678/3165/2897 2679/3276/3008 2670/3166/2898
f 2670/3166/2898 2679/3276/3008 2671/3277/3009
f 2670/3166/2898 2671/3277/3009 2662/3167/2899
f 2662/3167/2899 2671/3277/3009 2663/3278/3010
f 2662/3167/2899 2663/3278/3010 2654/3168/2900
f 2654/3168/2900 2663/3278/3010 2655/3279/3011
f 2654/3168/2900 2655/3279/3011 2646/3169/2901
f 2646/3169/2901 2655/3279/3011 2647/3280/3012
f 2646/3169/2901 2647/3280/3012 2638/3170/2902
f 2638/3170/2902 2647/3280/3012 2639/3281/3013
f 2638/3170/2902 2639/3281/3013 2630/3171/2903
f 2630/3171/2903 2639/3281/3013 2631/3282/3014
f 2630/3171/2903 2631/3282/3014 2622/3172/2904
f 2622/3172/2904 2631/3282/3014 2623/3283/3015
f 2622/3172/2904 2623/3283/3015 2614/3173/2905
f 2614/3173/2905 2623/3283/3015 2615/3284/3016
f 2614/3173/2905 2615/3284/3016 2606/3174/2906
f 2606/3174/2906 2615/3284/3016 2607/3285/3017
f 2606/3174/2906 2607/3285/3017 2598/3175/2907
f 2598/3175/2907 2607/3285/3017 2599/3286/3018
f 2598/3175/2907 2599/3286/3018 2590/3176/2908
f 2590/3176/2908 2599/3286/3018 2591/3287/3019
f 2590/3176/2908 2591/3287/3019 2582/3177/2909
f 2582/3177/2909 2591/3287/3019 2583/3288/3020
f 2582/3177/2909 2583/3288/3020 2574/3178/2910
f 2574/3178/2910 2583/3288/3020 2575/3289/3021
f 2574/3178/2910 2575/3289/3021 2566/3179/2911
f 2566/3179/2911 2575/3289/3021 2567/3290/3022
f 2566/3179/2911 2567/3290/3022 2558/3180/2912
f 2558/3180/2912 2567/3290/3022 2559/3291/3023
f 2558/3180/2912 2559/3291/3023 2550/3181/2913
f 2550/3181/2913 2559/3291/3023 2551/3292/3024
f 2550/3181/2913 2551/3292/3024 2542/3182/2914
f 2542/3182/2914 2551/3292/3024 2543/3293/3025
f 2542/3182/2914 2543/3293/3025 2534/3183/2915
f 2534/3183/2915 2543/3293/3025 2535/3294/3026
f 2534/3183/2915 2535/3294/3026 2526/3184/2916
f 2526/3184/2916 2535/3294/3026 2527/3295/3027
f 2526/3184/2916 2527/3295/3027 2518/3185/2917
f 2518/3185/2917 2527/3295/3027 2519/3296/3028
f 2518/3185/2917 2519/3296/3028 2510/3186/2918
f 2510/3186/2918 2519/3296/3028 2511/3297/3029
f 2510/3186/2918 2511/3297/3029 2502/3187/2919
f 2502/3187/2919 2511/3297/3029 2503/3298/3030
f 2502/3187/2919 2503/3298/3030 2494/3188/2920
f 2494/3188/2920 2503/3298/3030 2495/3299/3031
f 2494/3188/2920 2495/3299/3031 2486/3189/2921
f 2486/3189/2921 2495/3299/3031 2487/3300/3032
f 2486/3189/2921 2487/3300/3032 2478/3190/2922
f 2478/3190/2922 2487/3300/3032 2479/3301/3033
f 2478/3190/2922 2479/3301/3033 2470/3191/2923
f 2470/3191/2923 2479/3301/3033 2471/3302/3034
f 2470/3191/2923 2471/3302/3034 2462/3192/2924
f 2462/3192/2924 2471/3302/3034 2463/3303/3035
f 2462/3192/2924 2463/3303/3035 2454/3193/2925
f 2454/3193/2925 2463/3303/3035 2455/3304/3036
f 2454/3193/2925 2455/3304/3036 2446/3194/2926
f 2446/3194/2926 2455/3304/3036 2447/3305/3037
f 2446/3194/2926 2447/3305/3037 2438/3195/2927
f 2438/3195/2927 2447/3305/3037 2439/3306/3038
f 2438/3195/2927 2439/3306/3038 2430/3196/2928
f 2430/3196/2928 2439/3306/3038 2431/3307/3039
f 2430/3196/2928 2431/3307/3039 2422/3197/2929
f 2422/3197/2929 2431/3307/3039 2423/3308/3040
f 2422/3197/2929 2423/3308/3040 2414/3198/2930
f 2414/3198/2930 2423/3308/3040 2415/3309/3041
f 2414/3198/2930 2415/3309/3041 2406/3199/2931
f 2406/3199/2931 2415/3309/3041 2407/3310/3042
f 2406/3199/2931 2407/3310/3042 2398/3200/2932
f 2398/3200/2932 2407/3310/3042 2399/3311/3043
f 2398/3200/2932 2399/3311/3043 2390/3201/2933
f 2390/3201/2933 2399/3311/3043 2391/3312/3044
f 2390/3201/2933 2391/3312/3044 2382/3202/2934
f 2382/3202/2934 2391/3312/3044 2383/3313/3045
f 2382/3202/2934 2383/3313/3045 2374/3203/2935
f 2374/3203/2935 2383/3313/3045 2375/3314/3046
f 2374/3203/2935 2375/3314/3046 2366/3204/2936
f 2366/3204/2936 2375/3314/3046 2367/3315/3047
f 2366/3204/2936 2367/3315/3047 2358/3205/2937
f 2358/3205/2937 2367/3315/3047 2359/3316/3048
f 2358/3205/2937 2359/3316/3048 2350/3206/2938
f 2350/3206/2938 2359/3316/3048 2351/3317/3049
f 2350/3206/2938 2351/3317/3049 2342/3207/2939
f 2342/3207/2939 2351/3317/3049 2343/3318/3050
f 2342/3207/2939 2343/3318/3050 2334/3208/2940
f 2334/3208/2940 2343/3318/3050 2335/3319/3051
f 2334/3208/2940 2335/3319/3051 2326/3209/2941
f 2326/3209/2941 2335/3319/3051 2327/3320/3052
f 2326/3209/2941 2327/3320/3052 2318/3210/2942
f 2318/3210/2942 2327/3320/3052 2319/3321/3053
f 2318/3210/2942 2319/3321/3053 2310/3211/2943
f 2310/3211/2943 2319/3321/3053 2311/3322/3054
f 2310/3211/2943 2311/3322/3054 2302/3212/2944
f 2302/3212/2944 2311/3322/3054 2303/3323/3055
f 2302/3212/2944 2303/3323/3055 2294/3213/2945
f 2294/3213/2945 2303/3323/3055 2295/3324/3056
f 2294/3213/2945 2295/3324/3056 2286/3214/2946
f 2286/3214/2946 2295/3324/3056 2287/3325/3057
f 2286/3214/2946 2287/3325/3057 2278/3215/2947
f 2278/3215/2947 2287/3325/3057 2279/3326/3058
f 2278/3215/2947 2279/3326/3058 2271/3216/2948
f 2271/3216/2948 2279/3326/3058 2272/3327/3059
f 2271/3216/2948 2272/3327/3059 2260/3217/2949
f 2260/3217/2949 2272/3327/3059 2259/3328/3060
f 2260/3217/2949 2259/3328/3060 3099/3218/2950
f 3099/3218/2950 2259/3328/3060 3098/3329/3061
f 3099/3218/2950 3098/3329/3061 3107/3219/2951
f 3107/3219/2951 3098/3329/3061 3106/3330/3062
f 3107/3219/2951 3106/3330/3062 3115/3220/2952
f 3115/3220/2952 3106/3330/3062 3114/3331/3063
f 3115/3220/2952 3114/3331/3063 3123/3221/2953
f 3123/3221/2953 3114/3331/3063 3122/3332/3064
f 3123/3221/2953 3122/3332/3064 3131/3222/2954
f 3131/3222/2954 3122/3332/3064 3130/3333/3065
f 3131/3222/2954 3130/3333/3065 3139/2771/2503
f 3139/2771/2503 3130/3333/3065 3138/2773/2505
f 2232/3223/2955 2233/3334/3066 3095/3224/2956
f 3095/3224/2956 2233/3334/3066 3096/3335/3067
f 3095/3224/2956 3096/3335/3067 3087/3225/2957
f 3087/3225/2957 3096/3335/3067 3088/3336/3068
f 3087/3225/2957 3088/3336/3068 3079/3226/2958
f 3079/3226/2958 3088/3336/3068 3080/3337/3069
f 3079/3226/2958 3080/3337/3069 3071/3227/2959
f 3071/3227/2959 3080/3337/3069 3072/3338/3070
f 3071/3227/2959 3072/3338/3070 3063/3228/2960
f 3063/3228/2960 3072/3338/3070 3064/3339/3071
f 3063/3228/2960 3064/3339/3071 3055/3229/2961
f 3055/3229/2961 3064/3339/3071 3056/3340/3072
f 3055/3229/2961 3056/3340/3072 3047/3230/2962
f 3047/3230/2962 3056/3340/3072 3048/3341/3073
f 3047/3230/2962 3048/3341/3073 3039/3231/2963
f 3039/3231/2963 3048/3341/3073 3040/3342/3074
f 3039/3231/2963 3040/3342/3074 3031/3232/2964
f 3031/3232/2964 3040/3342/3074 3032/3343/3075
f 3031/3232/2964 3032/3343/3075 3023/3233/2965
f 3023/3233/2965 3032/3343/3075 3024/3344/3076
f 3023/3233/2965 3024/3344/3076 3015/3234/2966
f 3015/3234/2966 3024/3344/3076 3016/3345/3077
f 3015/3234/2966 3016/3345/3077 3007/3235/2967
f 3007/3235/2967 3016/3345/3077 3008/3346/3078
f 3007/3235/2967 3008/3346/3078 2999/3236/2968
f 2999/3236/2968 3008/3346/3078 3000/3347/3079
f 2999/3236/2968 3000/3347/3079 2991/3237/2969
f 2991/3237/2969 3000/3347/3079 2992/3348/3080
f 2991/3237/2969 2992/3348/3080 2983/3238/2970
f 2983/3238/2970 2992/3348/3080 2984/3349/3081
f 2983/3238/2970 2984/3349/3081 2975/3239/2971
f 2975/3239/2971 2984/3349/3081 2976/3350/3082
f 2975/3239/2971 2976/3350/3082 2967/3240/2972
f 2967/3240/2972 2976/3350/3082 2968/3351/3083
f 2967/3240/2972 2968/3351/3083 2959/3241/2973
f 2959/3241/2973 2968/3351/3083 2960/3352/3084
f 2959/3241/2973 2960/3352/3084 2951/3242/2974
f 2951/3242/2974 2960/3352/3084 2952/3353/3085
f 2951/3242/2974 2952/3353/3085 2943/3243/2975
f 2943/3243/2975 2952/3353/3085 2944/3354/3086
f 2943/3243/2975 2944/3354/3086 2935/3244/2976
f 2935/3244/2976 2944/3354/3086 2936/3355/3087
f 2935/3244/2976 2936/3355/3087 2927/3245/2977
f 2927/3245/2977 2936/3355/3087 2928/3356/3088
f 2927/3245/2977 2928/3356/3088 2919/3246/2978
f 2919/3246/2978 2928/3356/3088 2920/3357/3089
f 2919/3246/2978 2920/3357/3089 2911/3247/2979
f 2911/3247/2979 2920/3357/3089 2912/3358/3090
f 2911/3247/2979 2912/3358/3090 2903/3248/2980
f 2903/3248/2980 2912/3358/3090 2904/3359/3091
f 2903/3248/2980 2904/3359/3091 2895/3249/2981
f 2895/3249/2981 2904/3359/3091 2896/3360/3092
f 2895/3249/2981 2896/3360/3092 2887/3250/2982
f 2887/3250/2982 2896/3360/3092 2888/3361/3093
f 2887/3250/2982 2888/3361/3093 2879/3251/2983
f 2879/3251/2983 2888/3361/3093 2880/3362/3094
f 2879/3251/2983 2880/3362/3094 2871/3252/2984
f 2871/3252/2984 2880/3362/3094 2872/3363/3095
f 2871/3252/2984 2872/3363/3095 2863/3253/2985
f 2863/3253/2985 2872/3363/3095 2864/3364/3096
f 2863/3253/2985 2864/3364/3096 2855/3254/2986
f 2855/3254/2986 2864/3364/3096 2856/3365/3097
f 2855/3254/2986 2856/3365/3097 2847/3255/2987
f 2847/3255/2987 2856/3365/3097 2848/3366/3098
f 2847/3255/2987 2848/3366/3098 2839/3256/2988
f 2839/3256/2988 2848/3366/3098 2840/3367/3099
f 2839/3256/2988 2840/3367/3099 2831/3257/2989
f 2831/3257/2989 2840/3367/3099 2832/3368/3100
f 2831/3257/2989 2832/3368/3100 2823/3258/2990
f 2823/3258/2990 2832/3368/3100 2824/3369/3101
f 2823/3258/2990 2824/3369/3101 2815/3259/2991
f 2815/3259/2991 2824/3369/3101 2816/3370/3102
f 2815/3259/2991 2816/3370/3102 2807/3260/2992
f 2807/3260/2992 2816/3370/3102 2808/3371/3103
f 2807/3260/2992 2808/3371/3103 2799/3261/2993
f 2799/3261/2993 2808/3371/3103 2800/3372/3104
f 2799/3261/2993 2800/3372/3104 2791/3262/2994
f 2791/3262/2994 2800/3372/3104 2792/3373/3105
f 2791/3262/2994 2792/3373/3105 2783/3263/2995
f 2783/3263/2995 2792/3373/3105 2784/3374/3106
f 2783/3263/2995 2784/3374/3106 2775/3264/2996
f 2775/3264/2996 2784/3374/3106 2776/3375/3107
f 2775/3264/2996 2776/3375/3107 2767/3265/2997
f 2767/3265/2997 2776/3375/3107 2768/3376/3108
f 2767/3265/2997 2768/3376/3108 2759/3266/2998
f 2759/3266/2998 2768/3376/3108 2760/3377/3109
f 2759/3266/2998 2760/3377/3109 2751/3267/2999
f 2751/3267/2999 2760/3377/3109 2752/3378/3110
f 2751/3267/2999 2752/3378/3110 2743/3268/3000
f 2743/3268/3000 2752/3378/3110 2744/3379/3111
f 2743/3268/3000 2744/3379/3111 2735/3269/3001
f 2735/3269/3001 2744/3379/3111 2736/3380/3112
f 2735/3269/3001 2736/3380/3112 2727/3270/3002
f 2727/3270/3002 2736/3380/3112 2728/3381/3113
f 2727/3270/3002 2728/3381/3113 2719/3271/3003
f 2719/3271/3003 2728/3381/3113 2720/3382/3114
f 2719/3271/3003 2720/3382/3114 2711/3272/3004
f 2711/3272/3004 2720/3382/3114 2712/3383/3115
f 2711/3272/3004 2712/3383/3115 2703/3273/3005
f 2703/3273/3005 2712/3383/3115 2704/3384/3116
f 2703/3273/3005 2704/3384/3116 2695/3274/3006
f 2695/3274/3006 2704/3384/3116 2696/3385/3117
f 2695/3274/3006 2696/3385/3117 2687/3275/3007
f 2687/3275/3007 2696/3385/3117 2688/3386/3118
f 2687/3275/3007 2688/3386/3118 2679/3276/3008
f 2679/3276/3008 2688/3386/3118 2680/3387/3119
f 2679/3276/3008 2680/3387/3119 2671/3277/3009
f 2671/3277/3009 2680/3387/3119 2672/3388/3120
f 2671/3277/3009 2672/3388/3120 2663/3278/3010
f 2663/3278/3010 2672/3388/3120 2664/3389/3121
f 2663/3278/3010 2664/3389/3121 2655/3279/3011
f 2655/3279/3011 2664/3389/3121 2656/3390/3122
f 2655/3279/3011 2656/3390/3122 2647/3280/3012
f 2647/3280/3012 2656/3390/3122 2648/3391/3123
f 2647/3280/3012 2648/3391/3123 2639/3281/3013
f 2639/3281/3013 2648/3391/3123 2640/3392/3124
f 2639/3281/3013 2640/3392/3124 2631/3282/3014
f 2631/3282/3014 2640/3392/3124 2632/3393/3125
f 2631/3282/3014 2632/3393/3125 2623/3283/3015
f 2623/3283/3015 2632/3393/3125 2624/3394/3126
f 2623/3283/3015 2624/3394/3126 2615/3284/3016
f 2615/3284/3016 2624/3394/3126 2616/3395/3127
f 2615/3284/3016 2616/3395/3127 2607/3285/3017
f 2607/3285/3017 2616/3395/3127 2608/3396/3128
f 2607/3285/3017 2608/3396/3128 2599/3286/3018
f 2599/3286/3018 2608/3396/3128 2600/3397/3129
f 2599/3286/3018 2600/3397/3129 2591/3287/3019
f 2591/3287/3019 2600/3397/3129 2592/3398/3130
f 2591/3287/3019 2592/3398/3130 2583/3288/3020
f 2583/3288/3020 2592/3398/3130 2584/3399/3131
f 2583/3288/3020 2584/3399/3131 2575/3289/3021
f 2575/3289/3021 2584/3399/3131 2576/3400/3132
f 2575/3289/3021 2576/3400/3132 2567/3290/3022
f 2567/3290/3022 2576/3400/3132 2568/3401/3133
f 2567/3290/3022 2568/3401/3133 2559/3291/3023
f 2559/3291/3023 2568/3401/3133 2560/3402/3134
f 2559/3291/3023 2560/3402/3134 2551/3292/3024
f 2551/3292/3024 2560/3402/3134 2552/3403/3135
f 2551/3292/3024 2552/3403/3135 2543/3293/3025
f 2543/3293/3025 2552/3403/3135 2544/3404/3136
f 2543/3293/3025 2544/3404/3136 2535/3294/3026
f 2535/3294/3026 2544/3404/3136 2536/3405/3137
f 2535/3294/3026 2536/3405/3137 2527/3295/3027
f 2527/3295/3027 2536/3405/3137 2528/3406/3138
f 2527/3295/3027 2528/3406/3138 2519/3296/3028
f 2519/3296/3028 2528/3406/3138 2520/3407/3139
f 2519/3296/3028 2520/3407/3139 2511/3297/3029
f 2511/3297/3029 2520/3407/3139 2512/3408/3140
f 2511/3297/3029 2512/3408/3140 2503/3298/3030
f 2503/3298/3030 2512/3408/3140 2504/3409/3141
f 2503/3298/3030 2504/3409/3141 2495/3299/3031
f 2495/3299/3031 2504/3409/3141 2496/3410/3142
f 2495/3299/3031 2496/3410/3142 2487/3300/3032
f 2487/3300/3032 2496/3410/3142 2488/3411/3143
f 2487/3300/3032 2488/3411/3143 2479/3301/3033
f 2479/3301/3033 2488/3411/3143 2480/3412/3144
f 2479/3301/3033 2480/3412/3144 2471/3302/3034
f 2471/3302/3034 2480/3412/3144 2472/3413/3145
f 2471/3302/3034 2472/3413/3145 2463/3303/3035
f 2463/3303/3035 2472/3413/3145 2464/3414/3146
f 2463/3303/3035 2464/3414/3146 2455/3304/3036
f 2455/3304/3036 2464/3414/3146 2456/3415/3147
f 2455/3304/3036 2456/3415/3147 2447/3305/3037
f 2447/3305/3037 2456/3415/3147 2448/3416/3148
f 2447/3305/3037 2448/3416/3148 2439/3306/3038
f 2439/3306/3038 2448/3416/3148 2440/3417/3149
f 2439/3306/3038 2440/3417/3149 2431/3307/3039
f 2431/3307/3039 2440/3417/3149 2432/3418/3150
f 2431/3307/3039 2432/3418/3150 2423/3308/3040
f 2423/3308/3040 2432/3418/3150 2424/3419/3151
f 2423/3308/3040 2424/3419/3151 2415/3309/3041
f 2415/3309/3041 2424/3419/3151 2416/3420/3152
f 2415/3309/3041 2416/3420/3152 2407/3310/3042
f 2407/3310/3042 2416/3420/3152 2408/3421/3153
f 2407/3310/3042 2408/3421/3153 2399/3311/3043
f 2399/3311/3043 2408/3421/3153 2400/3422/3154
f 2399/3311/3043 2400/3422/3154 2391/3312/3044
f 2391/3312/3044 2400/3422/3154 2392/3423/3155
f 2391/3312/3044 2392/3423/3155 2383/3313/3045
f 2383/3313/3045 2392/3423/3155 2384/3424/3156
f 2383/3313/3045 2384/3424/3156 2375/3314/3046
f 2375/3314/3046 2384/3424/3156 2376/3425/3157
f 2375/3314/3046 2376/3425/3157 2367/3315/3047
f 2367/3315/3047 2376/3425/3157 2368/3426/3158
f 2367/3315/3047 2368/3426/3158 2359/3316/3048
f 2359/3316/3048 2368/3426/3158 2360/3427/3159
f 2359/3316/3048 2360/3427/3159 2351/3317/3049
f 2351/3317/3049 2360/3427/3159 2352/3428/3160
f 2351/3317/3049 2352/3428/3160 2343/3318/3050
f 2343/3318/3050 2352/3428/3160 2344/3429/3161
f 2343/3318/3050 2344/3429/3161 2335/3319/3051
f 2335/3319/3051 2344/3429/3161 2336/3430/3162
f 2335/3319/3051 2336/3430/3162 2327/3320/3052
f 2327/3320/3052 2336/3430/3162 2328/3431/3163
f 2327/3320/3052 2328/3431/3163 2319/3321/3053
f 2319/3321/3053 2328/3431/3163 2320/3432/3164
f 2319/3321/3053 2320/3432/3164 2311/3322/3054
f 2311/3322/3054 2320/3432/3164 2312/3433/3165
f 2311/3322/3054 2312/3433/3165 2303/3323/3055
f 2303/3323/3055 2312/3433/3165 2304/3434/3166
f 2303/3323/3055 2304/3434/3166 2295/3324/3056
f 2295/3324/3056 2304/3434/3166 2296/3435/3167
f 2295/3324/3056 2296/3435/3167 2287/3325/3057
f 2287/3325/3057 2296/3435/3167 2288/3436/3168
f 2287/3325/3057 2288/3436/3168 2279/3326/3058
f 2279/3326/3058 2288/3436/3168 2280/3437/3169
f 2279/3326/3058 2280/3437/3169 2237/3438/3170
f 2237/3438/3170 2280/3437/3169 2236/3439/3171
f 2236/3439/3171 2280/3437/3169 2235/3440/3172
f 2235/3440/3172 2280/3437/3169 2098/3441/2146
f 2235/3440/3172 2098/3441/2146 2234/3442/3173
f 2234/3442/3173 2098/3441/2146 2097/3443/2145
f 2225/3444/2376 2224/3445/2374 2233/3334/3066
f 2233/3334/3066 2224/3445/2374 3096/3335/3067
f 2224/3445/2374 2223/3446/2372 3096/3335/3067
f 3096/3335/3067 2223/3446/2372 3088/3336/3068
f 2223/3446/2372 2222/3447/2370 3088/3336/3068
f 3088/3336/3068 2222/3447/2370 3080/3337/3069
f 2222/3447/2370 2221/3448/2368 3080/3337/3069
f 3080/3337/3069 2221/3448/2368 3072/3338/3070
f 2221/3448/2368 2220/3449/2367 3072/3338/3070
f 3072/3338/3070 2220/3449/2367 2219/3450/2365
f 3072/3338/3070 2219/3450/2365 3064/3339/3071
f 3064/3339/3071 2219/3450/2365 2218/3451/2363
f 3064/3339/3071 2218/3451/2363 3056/3340/3072
f 3056/3340/3072 2218/3451/2363 2217/3452/2361
f 3056/3340/3072 2217/3452/2361 3048/3341/3073
f 3048/3341/3073 2217/3452/2361 2216/3453/2359
f 3048/3341/3073 2216/3453/2359 3040/3342/3074
f 3040/3342/3074 2216/3453/2359 2215/3454/2358
f 3040/3342/3074 2215/3454/2358 2214/3455/2356
f 3040/3342/3074 2214/3455/2356 3032/3343/3075
f 3032/3343/3075 2214/3455/2356 2213/3456/2354
f 3032/3343/3075 2213/3456/2354 3024/3344/3076
f 3024/3344/3076 2213/3456/2354 2212/3457/2352
f 3024/3344/3076 2212/3457/2352 3016/3345/3077
f 3016/3345/3077 2212/3457/2352 2211/3458/2350
f 3016/3345/3077 2211/3458/2350 3008/3346/3078
f 3008/3346/3078 2211/3458/2350 2210/3459/2348
f 3008/3346/3078 2210/3459/2348 3000/3347/3079
f 3000/3347/3079 2210/3459/2348 2209/3460/2347
f 3000/3347/3079 2209/3460/2347 2208/3461/2345
f 3000/3347/3079 2208/3461/2345 2992/3348/3080
f 2992/3348/3080 2208/3461/2345 2207/3462/2343
f 2992/3348/3080 2207/3462/2343 2984/3349/3081
f 2984/3349/3081 2207/3462/2343 2206/3463/2341
f 2984/3349/3081 2206/3463/2341 2976/3350/3082
f 2976/3350/3082 2206/3463/2341 2205/3464/2339
f 2976/3350/3082 2205/3464/2339 2968/3351/3083
f 2968/3351/3083 2205/3464/2339 2204/3465/2338
f 2968/3351/3083 2204/3465/2338 2203/3466/2336
f 2968/3351/3083 2203/3466/2336 2960/3352/3084
f 2960/3352/3084 2203/3466/2336 2202/3467/2334
f 2960/3352/3084 2202/3467/2334 2952/3353/3085
f 2952/3353/3085 2202/3467/2334 2201/3468/2332
f 2952/3353/3085 2201/3468/2332 2944/3354/3086
f 2944/3354/3086 2201/3468/2332 2200/3469/2330
f 2944/3354/3086 2200/3469/2330 2936/3355/3087
f 2936/3355/3087 2200/3469/2330 2199/3470/2329
f 2936/3355/3087 2199/3470/2329 2198/3471/2327
f 2936/3355/3087 2198/3471/2327 2928/3356/3088
f 2928/3356/3088 2198/3471/2327 2197/3472/2325
f 2928/3356/3088 2197/3472/2325 2920/3357/3089
f 2920/3357/3089 2197/3472/2325 2196/3473/2323
f 2920/3357/3089 2196/3473/2323 2912/3358/3090
f 2912/3358/3090 2196/3473/2323 2195/3474/2321
f 2912/3358/3090 2195/3474/2321 2904/3359/3091
f 2904/3359/3091 2195/3474/2321 2194/3475/2320
f 2904/3359/3091 2194/3475/2320 2193/3476/2318
f 2904/3359/3091 2193/3476/2318 2896/3360/3092
f 2896/3360/3092 2193/3476/2318 2192/3477/2316
f 2896/3360/3092 2192/3477/2316 2888/3361/3093
f 2888/3361/3093 2192/3477/2316 2191/3478/2314
f 2888/3361/3093 2191/3478/2314 2880/3362/3094
f 2880/3362/3094 2191/3478/2314 2190/3479/2312
f 2880/3362/3094 2190/3479/2312 2872/3363/3095
f 2872/3363/3095 2190/3479/2312 2189/3480/2310
f 2872/3363/3095 2189/3480/2310 2864/3364/3096
f 2864/3364/3096 2189/3480/2310 2188/3481/2309
f 2864/3364/3096 2188/3481/2309 2187/3482/2307
f 2864/3364/3096 2187/3482/2307 2856/3365/3097
f 2856/3365/3097 2187/3482/2307 2186/3483/2305
f 2856/3365/3097 2186/3483/2305 2848/3366/3098
f 2848/3366/3098 2186/3483/2305 2185/3484/2303
f 2848/3366/3098 2185/3484/2303 2840/3367/3099
f 2840/3367/3099 2185/3484/2303 2184/3485/2301
f 2840/3367/3099 2184/3485/2301 2832/3368/3100
f 2832/3368/3100 2184/3485/2301 2183/3486/2300
f 2832/3368/3100 2183/3486/2300 2182/3487/2298
f 2832/3368/3100 2182/3487/2298 2824/3369/3101
f 2824/3369/3101 2182/3487/2298 2181/3488/2296
f 2824/3369/3101 2181/3488/2296 2816/3370/3102
f 2816/3370/3102 2181/3488/2296 2180/3489/2294
f 2816/3370/3102 2180/3489/2294 2808/3371/3103
f 2808/3371/3103 2180/3489/2294 2179/3490/2292
f 2808/3371/3103 2179/3490/2292 2800/3372/3104
f 2800/3372/3104 2179/3490/2292 2178/3491/2291
f 2800/3372/3104 2178/3491/2291 2177/3492/2289
f 2800/3372/3104 2177/3492/2289 2792/3373/3105
f 2792/3373/3105 2177/3492/2289 2176/3493/2287
f 2792/3373/3105 2176/3493/2287 2784/3374/3106
f 2784/3374/3106 2176/3493/2287 2175/3494/2285
f 2784/3374/3106 2175/3494/2285 2776/3375/3107
f 2776/3375/3107 2175/3494/2285 2174/3495/2283
f 2776/3375/3107 2174/3495/2283 2768/3376/3108
f 2768/3376/3108 2174/3495/2283 2173/3496/2282
f 2768/3376/3108 2173/3496/2282 2172/3497/2280
f 2768/3376/3108 2172/3497/2280 2760/3377/3109
f 2760/3377/3109 2172/3497/2280 2171/3498/2278
f 2760/3377/3109 2171/3498/2278 2752/3378/3110
f 2752/3378/3110 2171/3498/2278 2170/3499/2276
f 2752/3378/3110 2170/3499/2276 2744/3379/3111
f 2744/3379/3111 2170/3499/2276 2169/3500/2274
f 2744/3379/3111 2169/3500/2274 2736/3380/3112
f 2736/3380/3112 2169/3500/2274 2168/3501/2272
f 2736/3380/3112 2168/3501/2272 2728/3381/3113
f 2728/3381/3113 2168/3501/2272 2167/3502/2271
f 2728/3381/3113 2167/3502/2271 2166/3503/2269
f 2728/3381/3113 2166/3503/2269 2720/3382/3114
f 2720/3382/3114 2166/3503/2269 2165/3504/2267
f 2720/3382/3114 2165/3504/2267 2712/3383/3115
f 2712/3383/3115 2165/3504/2267 2164/3505/2265
f 2712/3383/3115 2164/3505/2265 2704/3384/3116
f 2704/3384/3116 2164/3505/2265 2163/3506/2263
f 2704/3384/3116 2163/3506/2263 2696/3385/3117
f 2696/3385/3117 2163/3506/2263 2162/3507/2262
f 2696/3385/3117 2162/3507/2262 2161/3508/2260
f 2696/3385/3117 2161/3508/2260 2688/3386/3118
f 2688/3386/3118 2161/3508/2260 2160/3509/2258
f 2688/3386/3118 2160/3509/2258 2680/3387/3119
f 2680/3387/3119 2160/3509/2258 2159/3510/2256
f 2680/3387/3119 2159/3510/2256 2672/3388/3120
f 2672/3388/3120 2159/3510/2256 2158/3511/2254
f 2672/3388/3120 2158/3511/2254 2664/3389/3121
f 2664/3389/3121 2158/3511/2254 2157/3512/2253
f 2664/3389/3121 2157/3512/2253 2156/3513/2251
f 2664/3389/3121 2156/3513/2251 2656/3390/3122
f 2656/3390/3122 2156/3513/2251 2155/3514/2249
f 2656/3390/3122 2155/3514/2249 2648/3391/3123
f 2648/3391/3123 2155/3514/2249 2154/3515/2247
f 2648/3391/3123 2154/3515/2247 2640/3392/3124
f 2640/3392/3124 2154/3515/2247 2153/3516/2245
f 2640/3392/3124 2153/3516/2245 2632/3393/3125
f 2632/3393/3125 2153/3516/2245 2152/3517/2244
f 2632/3393/3125 2152/3517/2244 2151/3518/2242
f 2632/3393/3125 2151/3518/2242 2624/3394/3126
f 2624/3394/3126 2151/3518/2242 2150/3519/2240
f 2624/3394/3126 2150/3519/2240 2616/3395/3127
f 2616/3395/3127 2150/3519/2240 2149/3520/2238
f 2616/3395/3127 2149/3520/2238 2608/3396/3128
f 2608/3396/3128 2149/3520/2238 2148/3521/2236
f 2608/3396/3128 2148/3521/2236 2600/3397/3129
f 2600/3397/3129 2148/3521/2236 2147/3522/2235
f 2600/3397/3129 2147/3522/2235 2146/3523/2233
f 2600/3397/3129 2146/3523/2233 2592/3398/3130
f 2592/3398/3130 2146/3523/2233 2145/3524/2231
f 2592/3398/3130 2145/3524/2231 2584/3399/3131
f 2584/3399/3131 2145/3524/2231 2144/3525/2229
f 2584/3399/3131 2144/3525/2229 2576/3400/3132
f 2576/3400/3132 2144/3525/2229 2143/3526/2227
f 2576/3400/3132 2143/3526/2227 2568/3401/3133
f 2568/3401/3133 2143/3526/2227 2142/3527/2225
f 2568/3401/3133 2142/3527/2225 2560/3402/3134
f 2560/3402/3134 2142/3527/2225 2141/3528/2224
f 2560/3402/3134 2141/3528/2224 2140/3529/2222
f 2560/3402/3134 2140/3529/2222 2552/3403/3135
f 2552/3403/3135 2140/3529/2222 2139/3530/2220
f 2552/3403/3135 2139/3530/2220 2544/3404/3136
f 2544/3404/3136 2139/3530/2220 2138/3531/2218
f 2544/3404/3136 2138/3531/2218 2536/3405/3137
f 2536/3405/3137 2138/3531/2218 2137/3532/2216
f 2536/3405/3137 2137/3532/2216 2528/3406/3138
f 2528/3406/3138 2137/3532/2216 2136/3533/2215
f 2528/3406/3138 2136/3533/2215 2135/3534/2213
f 2528/3406/3138 2135/3534/2213 2520/3407/3139
f 2520/3407/3139 2135/3534/2213 2134/3535/2211
f 2520/3407/3139 2134/3535/2211 2512/3408/3140
f 2512/3408/3140 2134/3535/2211 2133/3536/2209
f 2512/3408/3140 2133/3536/2209 2504/3409/3141
f 2504/3409/3141 2133/3536/2209 2132/3537/2207
f 2504/3409/3141 2132/3537/2207 2496/3410/3142
f 2496/3410/3142 2132/3537/2207 2131/3538/2206
f 2496/3410/3142 2131/3538/2206 2130/3539/2204
f 2496/3410/3142 2130/3539/2204 2488/3411/3143
f 2488/3411/3143 2130/3539/2204 2129/3540/2202
f 2488/3411/3143 2129/3540/2202 2480/3412/3144
f 2480/3412/3144 2129/3540/2202 2128/3541/2200
f 2480/3412/3144 2128/3541/2200 2472/3413/3145
f 2472/3413/3145 2128/3541/2200 2127/3542/2198
f 2472/3413/3145 2127/3542/2198 2464/3414/3146
f 2464/3414/3146 2127/3542/2198 2126/3543/2197
f 2464/3414/3146 2126/3543/2197 2125/3544/2195
f 2464/3414/3146 2125/3544/2195 2456/3415/3147
f 2456/3415/3147 2125/3544/2195 2124/3545/2193
f 2456/3415/3147 2124/3545/2193 2448/3416/3148
f 2448/3416/3148 2124/3545/2193 2123/3546/2191
f 2448/3416/3148 2123/3546/2191 2440/3417/3149
f 2440/3417/3149 2123/3546/2191 2122/3547/2189
f 2440/3417/3149 2122/3547/2189 2432/3418/3150
f 2432/3418/3150 2122/3547/2189 2121/3548/2187
f 2432/3418/3150 2121/3548/2187 2424/3419/3151
f 2424/3419/3151 2121/3548/2187 2120/3549/2186
f 2424/3419/3151 2120/3549/2186 2119/3550/2184
f 2424/3419/3151 2119/3550/2184 2416/3420/3152
f 2416/3420/3152 2119/3550/2184 2118/3551/2182
f 2416/3420/3152 2118/3551/2182 2408/3421/3153
f 2408/3421/3153 2118/3551/2182 2117/3552/2180
f 2408/3421/3153 2117/3552/2180 2400/3422/3154
f 2400/3422/3154 2117/3552/2180 2116/3553/2178
f 2400/3422/3154 2116/3553/2178 2392/3423/3155
f 2392/3423/3155 2116/3553/2178 2115/3554/2177
f 2392/3423/3155 2115/3554/2177 2114/3555/2175
f 2392/3423/3155 2114/3555/2175 2384/3424/3156
f 2384/3424/3156 2114/3555/2175 2113/3556/2173
f 2384/3424/3156 2113/3556/2173 2376/3425/3157
f 2376/3425/3157 2113/3556/2173 2112/3557/2171
f 2376/3425/3157 2112/3557/2171 2368/3426/3158
f 2368/3426/3158 2112/3557/2171 2111/3558/2169
f 2368/3426/3158 2111/3558/2169 2360/3427/3159
f 2360/3427/3159 2111/3558/2169 2110/3559/2168
f 2360/3427/3159 2110/3559/2168 2109/3560/2166
f 2360/3427/3159 2109/3560/2166 2352/3428/3160
f 2352/3428/3160 2109/3560/2166 2108/3561/2164
f 2352/3428/3160 2108/3561/2164 2344/3429/3161
f 2344/3429/3161 2108/3561/2164 2107/3562/2162
f 2344/3429/3161 2107/3562/2162 2336/3430/3162
f 2336/3430/3162 2107/3562/2162 2106/3563/2160
f 2336/3430/3162 2106/3563/2160 2328/3431/3163
f 2328/3431/3163 2106/3563/2160 2105/3564/2159
f 2328/3431/3163 2105/3564/2159 2104/3565/2157
f 2328/3431/3163 2104/3565/2157 2320/3432/3164
f 2320/3432/3164 2104/3565/2157 2103/3566/2155
f 2320/3432/3164 2103/3566/2155 2312/3433/3165
f 2312/3433/3165 2103/3566/2155 2102/3567/2153
f 2312/3433/3165 2102/3567/2153 2304/3434/3166
f 2304/3434/3166 2102/3567/2153 2101/3568/2151
f 2304/3434/3166 2101/3568/2151 2296/3435/3167
f 2296/3435/3167 2101/3568/2151 2100/3569/2149
f 2296/3435/3167 2100/3569/2149 2288/3436/3168
f 2288/3436/3168 2100/3569/2149 2099/3570/2148
f 2288/3436/3168 2099/3570/2148 2098/3441/2146
f 2279/3326/3058 2237/3438/3170 2272/3327/3059
f 2272/3327/3059 2237/3438/3170 2238/3571/3174
f 2272/3327/3059 2238/3571/3174 2259/3328/3060
f 2259/3328/3060 2238/3571/3174 2258/3572/3175
f 2259/3328/3060 2258/3572/3175 3098/3329/3061
f 3098/3329/3061 2258/3572/3175 3097/3573/3176
f 3098/3329/3061 3097/3573/3176 3106/3330/3062
f 3106/3330/3062 3097/3573/3176 3105/3574/3177
f 3106/3330/3062 3105/3574/3177 3114/3331/3063
f 3114/3331/3063 3105/3574/3177 3113/3575/3178
f 3114/3331/3063 3113/3575/3178 3122/3332/3064
f 3122/3332/3064 3113/3575/3178 3121/3576/3179
f 3122/3332/3064 3121/3576/3179 3130/3333/3065
f 3130/3333/3065 3121/3576/3179 3129/3577/3180
f 3130/3333/3065 3129/3577/3180 3138/2773/2505
f 3138/2773/2505 3129/3577/3180 3137/2775/2507
f 2238/3571/3174 2239/3578/3181 2258/3572/3175
f 2258/3572/3175 2239/3578/3181 2240/3579/3182
f 2258/3572/3175 2240/3579/3182 2241/3580/3183
f 2093/3581/2138 2242/3582/2137 2241/3580/3183
f 2241/3580/3183 2242/3582/2137 2258/3572/3175
f 2258/3572/3175 2242/3582/2137 3097/3573/3176
f 3097/3573/3176 2242/3582/2137 2243/3583/3184
f 3097/3573/3176 2243/3583/3184 3105/3574/3177
f 3105/3574/3177 2243/3583/3184 2244/3584/3185
f 3105/3574/3177 2244/3584/3185 3113/3575/3178
f 3113/3575/3178 2244/3584/3185 2245/3585/3186
f 3113/3575/3178 2245/3585/3186 3121/3576/3179
f 3121/3576/3179 2245/3585/3186 2246/3586/3187
f 3121/3576/3179 2246/3586/3187 3129/3577/3180
f 3129/3577/3180 2246/3586/3187 2247/3587/3188
f 3129/3577/3180 2247/3587/3188 3137/2775/2507
f 3137/2775/2507 2247/3587/3188 2248/2777/2509
f 2249/3588/2510 2248/3589/2509 2257/2763/2495
f 2257/2763/2495 2248/3589/2509 3144/2761/2493
f 2248/3589/2509 2247/3590/3188 3144/2761/2493
f 3144/2761/2493 2247/3590/3188 3136/2759/2491
f 2247/3590/3188 2246/3591/3187 3136/2759/2491
f 3136/2759/2491 2246/3591/3187 3128/2757/2489
f 2246/3591/3187 2245/3592/3186 3128/2757/2489
f 3128/2757/2489 2245/3592/3186 3120/2755/2487
f 2245/3592/3186 2244/3593/3185 3120/2755/2487
f 3120/2755/2487 2244/3593/3185 3112/2753/2485
f 2244/3593/3185 2243/3594/3184 3112/2753/2485
f 3112/2753/2485 2243/3594/3184 3104/2751/2483
f 2243/3594/3184 2242/2405/2137 3104/2751/2483
f 3104/2751/2483 2242/2405/2137 2265/2407/2139
f 2288/3436/3168 2098/3441/2146 2280/3437/3169
f 2225/3595/3189 2233/3596/3190 2226/3597/3191
f 2226/3597/3191 2233/3596/3190 2227/3598/3192
f 2227/3598/3192 2233/3596/3190 2232/3599/3193
f 2227/3598/3192 2232/3599/3193 2228/3600/3194
f 2228/3600/3194 2232/3599/3193 2231/3601/3195
f 2228/3600/3194 2231/3601/3195 2229/3602/3196
f 2229/3602/3196 2231/3601/3195 2230/3603/3197
f 2249/3604/3198 2257/3605/3199 2250/3606/3200
f 2250/3606/3200 2257/3605/3199 2251/3607/3201
f 2251/3607/3201 2257/3605/3199 2256/3608/3202
f 2251/3607/3201 2256/3608/3202 2252/3609/3203
f 2252/3609/3203 2256/3608/3202 2255/3610/3204
f 2252/3609/3203 2255/3610/3204 2253/3611/3205
f 2253/3611/3205 2255/3610/3204 2254/3612/3206
f 3146/3613/3207 3147/3614/3208 3145/3615/3209
f 3145/3615/3209 3147/3614/3208 3148/3616/3210
f 3148/3617/3211 3154/3618/3212 3145/3619/3213
f 3145/3619/3213 3154/3618/3212 3155/3620/3214
f 3145/3619/3213 3155/3620/3214 3156/3621/3215
f 3149/3622/3216 3151/3623/3217 3148/3617/3211
f 3148/3617/3211 3151/3623/3217 3152/3624/3218
f 3148/3617/3211 3152/3624/3218 3153/3625/3219
f 3150/3626/3220 3160/3627/3221 3149/3622/3216
f 3149/3622/3216 3160/3627/3221 3161/3628/3222
f 3149/3622/3216 3161/3628/3222 3162/3629/3223
f 3145/3619/3213 3158/3630/3224 3150/3626/3220
f 3150/3626/3220 3158/3630/3224 3159/3631/3225
f 3150/3626/3220 3159/3631/3225 3160/3627/3221
f 3153/3625/3219 3154/3618/3212 3148/3617/3211
f 3156/3621/3215 3157/3632/3226 3145/3619/3213
f 3145/3619/3213 3157/3632/3226 3158/3630/3224
f 3162/3629/3223 3163/3633/3227 3149/3622/3216
f 3149/3622/3216 3163/3633/3227 3151/3623/3217
f 3165/3634/3228 2090/3635/3229 3164/3636/3230
f 3164/3636/3230 2090/3635/3229 3190/3637/3231
f 3164/3636/3230 3190/3637/3231 3191/3638/3232
f 3165/3634/3228 3166/3639/3233 2090/3635/3229
f 2090/3635/3229 3166/3639/3233 2091/3640/3234
f 2091/3640/3234 3166/3639/3233 3167/3641/3235
f 2091/3640/3234 3167/3641/3235 3168/3642/3236
f 2091/3640/3234 3168/3642/3236 3187/3643/3237
f 3187/3643/3237 3168/3642/3236 3169/3644/3238
f 3187/3643/3237 3169/3644/3238 3170/3645/3239
f 3187/3643/3237 3170/3645/3239 3147/3646/3240
f 3147/3646/3240 3170/3645/3239 3171/3647/3241
f 3147/3646/3240 3171/3647/3241 3172/3648/3242
f 3147/3646/3240 3172/3648/3242 3148/3649/3243
f 3148/3649/3243 3172/3648/3242 3173/3650/3244
f 3148/3649/3243 3173/3650/3244 3149/3651/3245
f 3149/3651/3245 3173/3650/3244 3174/3652/3246
f 3149/3651/3245 3174/3652/3246 3175/3653/3247
f 3149/3651/3245 3175/3653/3247 3200/3654/3248
f 3200/3654/3248 3175/3653/3247 3176/3655/3249
f 3200/3654/3248 3176/3655/3249 3199/3656/3250
f 3199/3656/3250 3176/3655/3249 3198/3657/3251
f 3198/3657/3251 3176/3655/3249 3177/3658/3252
f 3198/3657/3251 3177/3658/3252 3178/3659/3253
f 3198/3657/3251 3178/3659/3253 3197/3660/3254
f 3197/3660/3254 3178/3659/3253 3179/3661/3255
f 3197/3660/3254 3179/3661/3255 3180/3662/3256
f 3180/3662/3256 3181/3663/3257 3197/3660/3254
f 3197/3660/3254 3181/3663/3257 3196/3664/3258
f 3196/3664/3258 3181/3663/3257 3182/3665/3259
f 3196/3664/3258 3182/3665/3259 3183/3666/3260
f 3183/3666/3260 3184/3667/3261 3196/3664/3258
f 3196/3664/3258 3184/3667/3261 3195/3668/3262
f 3195/3668/3262 3184/3667/3261 3185/3669/3263
f 3195/3668/3262 3185/3669/3263 3186/3670/3264
f 3195/3668/3262 3186/3670/3264 3191/3638/3232
f 3191/3638/3232 3186/3670/3264 3164/3636/3230
f 3188/3671/3265 3189/3672/3266 3187/3643/3237
f 3187/3643/3237 3189/3672/3266 2091/3640/3234
f 3195/3668/3262 3191/3638/3232 3194/3673/3267
f 3194/3673/3267 3191/3638/3232 3192/3674/3268
f 3194/3673/3267 3192/3674/3268 3193/3675/3269
f 3149/3651/3245 3200/3654/3248 3203/3676/3270
f 3203/3676/3270 3200/3654/3248 3201/3677/3271
f 3203/3676/3270 3201/3677/3271 3202/3678/3272
f 3204/3679/3273 3197/3680/3274 3205/3681/3275
f 3205/3681/3275 3197/3680/3274 3196/3682/3276
f 3198/3683/3277 3197/3684/3278 3209/3685/3279
f 3209/3685/3279 3197/3684/3278 3204/3686/3280
f 3209/3685/3279 3204/3686/3280 3206/3687/3281
f 3206/3687/3281 3207/3688/3282 3209/3685/3279
f 3209/3685/3279 3207/3688/3282 3208/3689/3283
f 3205/3690/3284 3212/3691/3285 3204/3692/3286
f 3204/3692/3286 3212/3691/3285 3213/3693/3287
f 3204/3692/3286 3213/3693/3287 3206/3694/3288
f 3206/3694/3288 3213/3693/3287 3214/3695/3289
f 3205/3690/3284 3210/3696/3290 3212/3691/3285
f 3212/3691/3285 3210/3696/3290 3211/3697/3291
f 3202/3698/3292 3219/3699/3293 3203/3700/3294
f 3203/3700/3294 3219/3699/3293 3220/3701/3295
f 3203/3700/3294 3220/3701/3295 3218/3702/3296
f 3218/3702/3296 3220/3701/3295 3217/3703/3297
f 3217/3703/3297 3220/3701/3295 3216/3704/3298
f 3216/3704/3298 3220/3701/3295 3222/3705/3299
f 3216/3704/3298 3222/3705/3299 3215/3706/3300
f 3215/3706/3300 3222/3705/3299 3221/3707/3301
f 3215/3706/3300 3221/3707/3301 3200/3708/3302
f 3200/3708/3302 3221/3707/3301 3201/3709/3303
f 3201/3709/3303 3221/3707/3301 3202/3698/3292
f 3202/3698/3292 3221/3707/3301 3219/3699/3293
f 3222/3705/3299 3220/3701/3295 3219/3699/3293
f 3222/3705/3299 3219/3699/3293 3221/3707/3301
f 2094/3710/3304 2093/3711/3305 3215/3712/3300
f 3215/3712/3300 2093/3711/3305 2241/3713/3306
f 3215/3712/3300 2241/3713/3306 3223/3714/3307
f 3223/3714/3307 2241/3713/3306 3199/3715/3308
f 3199/3715/3308 2241/3713/3306 2240/3716/3309
f 3199/3715/3308 2240/3716/3309 3200/3717/3302
f 3200/3717/3302 2240/3716/3309 2239/3718/3310
f 3200/3717/3302 2239/3718/3310 2238/3719/3311
f 2238/3719/3311 2237/3720/3312 3200/3717/3302
f 3200/3717/3302 2237/3720/3312 2236/3721/3313
f 3200/3717/3302 2236/3721/3313 2235/3722/3314
f 2235/3722/3314 2234/3723/3315 3200/3717/3302
f 3200/3717/3302 2234/3723/3315 3215/3712/3300
f 3215/3712/3300 2234/3723/3315 2097/3724/3316
f 3215/3712/3300 2097/3724/3316 2096/3725/3317
f 2096/3725/3317 2095/3726/3318 3215/3712/3300
f 3215/3712/3300 2095/3726/3318 2094/3710/3304
f 3193/3727/3319 3228/3728/3320 3194/3729/3321
f 3194/3729/3321 3228/3728/3320 3229/3730/3322
f 3194/3729/3321 3229/3730/3322 3227/3731/3323
f 3227/3731/3323 3229/3730/3322 3226/3732/3324
f 3226/3732/3324 3229/3730/3322 3225/3733/3325
f 3225/3733/3325 3229/3730/3322 3231/3734/3326
f 3225/3733/3325 3231/3734/3326 3224/3735/3327
f 3224/3735/3327 3231/3734/3326 3230/3736/3328
f 3224/3735/3327 3230/3736/3328 3191/3737/3329
f 3191/3737/3329 3230/3736/3328 3192/3738/3330
f 3192/3738/3330 3230/3736/3328 3193/3727/3319
f 3193/3727/3319 3230/3736/3328 3228/3728/3320
f 3231/3734/3326 3229/3730/3322 3228/3728/3320
f 3231/3734/3326 3228/3728/3320 3230/3736/3328
f 3224/3739/3327 3191/3740/3329 3232/3741/3331
f 3232/3741/3331 3191/3740/3329 3190/3742/3332
f 3189/3743/3333 3236/3744/3334 2091/3745/2128
f 2091/3745/2128 3236/3744/3334 3237/3746/3335
f 2091/3745/2128 3237/3746/3335 2092/3747/2127
f 2092/3747/2127 3237/3746/3335 3235/3748/3336
f 3235/3748/3336 3237/3746/3335 3234/3749/3337
f 3234/3749/3337 3237/3746/3335 3239/3750/3338
f 3234/3749/3337 3239/3750/3338 3233/3751/3339
f 3233/3751/3339 3239/3750/3338 3238/3752/3340
f 3233/3751/3339 3238/3752/3340 3187/3753/3341
f 3187/3753/3341 3238/3752/3340 3188/3754/3342
f 3188/3754/3342 3238/3752/3340 3189/3743/3333
f 3189/3743/3333 3238/3752/3340 3236/3744/3334
f 3239/3750/3338 3237/3746/3335 3236/3744/3334
f 3239/3750/3338 3236/3744/3334 3238/3752/3340
f 3147/3755/3343 3146/3756/3344 3187/3757/3341
f 3187/3757/3341 3146/3756/3344 3233/3758/3339
f 3211/3759/3345 3240/3760/3346 3212/3761/3347
f 3212/3761/3347 3240/3760/3346 3241/3762/3348
f 3242/3763/3349 3214/3764/3350 3243/3765/3351
f 3243/3765/3351 3214/3764/3350 3213/3766/3352
f 3212/3767/3353 3244/3768/3354 3213/3769/3355
f 3213/3769/3355 3244/3768/3354 3245/3770/3356
f 3213/3769/3355 3245/3770/3356 3243/3771/3357
f 3212/3767/3353 3241/3772/3358 3244/3768/3354
f 3242/3773/3359 3243/3774/3360 3264/3775/3361
f 3264/3775/3361 3243/3774/3360 3287/3776/3362
f 3264/3775/3361 3287/3776/3362 3303/3777/3363
f 3303/3777/3363 3287/3776/3362 3272/3778/3364
f 3303/3777/3363 3272/3778/3364 3273/3779/3365
f 3287/3776/3362 3243/3774/3360 3286/3780/3366
f 3286/3780/3366 3243/3774/3360 3245/3781/3367
f 3286/3780/3366 3245/3781/3367 3288/3782/3368
f 3288/3782/3368 3245/3781/3367 3244/3783/3369
f 3288/3782/3368 3244/3783/3369 3289/3784/3370
f 3289/3784/3370 3244/3783/3369 3241/3785/3371
f 3289/3784/3370 3241/3785/3371 3290/3786/3372
f 3290/3786/3372 3241/3785/3371 3240/3787/3373
f 3290/3786/3372 3240/3787/3373 3246/3788/3374
f 3290/3786/3372 3246/3788/3374 3291/3789/3375
f 3291/3789/3375 3246/3788/3374 3247/3790/3376
f 3291/3789/3375 3247/3790/3376 3292/3791/3377
f 3292/3791/3377 3247/3790/3376 3248/3792/3378
f 3292/3791/3377 3248/3792/3378 3285/3793/3379
f 3285/3793/3379 3248/3792/3378 3250/3794/3380
f 3285/3795/3379 3250/3796/3380 3293/3797/3381
f 3293/3797/3381 3250/3796/3380 3251/3798/3382
f 3293/3797/3381 3251/3798/3382 3294/3799/3383
f 3294/3799/3383 3251/3798/3382 3252/3800/3384
f 3294/3799/3383 3252/3800/3384 3295/3801/3385
f 3295/3801/3385 3252/3800/3384 3253/3802/3386
f 3295/3801/3385 3253/3802/3386 3296/3803/3387
f 3296/3803/3387 3253/3802/3386 3254/3804/3388
f 3296/3803/3387 3254/3804/3388 3297/3805/3389
f 3297/3805/3389 3254/3804/3388 3255/3806/3390
f 3297/3805/3389 3255/3806/3390 3298/3807/3391
f 3298/3807/3391 3255/3806/3390 3256/3808/3392
f 3298/3807/3391 3256/3808/3392 3299/3809/3393
f 3299/3809/3393 3256/3808/3392 3257/3810/3394
f 3299/3809/3393 3257/3810/3394 3300/3811/3395
f 3300/3811/3395 3257/3810/3394 3258/3812/3396
f 3300/3811/3395 3258/3812/3396 3301/3813/3397
f 3301/3813/3397 3258/3812/3396 3259/3814/3398
f 3301/3813/3397 3259/3814/3398 3260/3815/3399
f 3248/3792/3378 3249/3816/3400 3250/3794/3380
f 3261/3817/3401 3262/3818/3402 3260/3815/3399
f 3260/3815/3399 3262/3818/3402 3302/3819/3403
f 3260/3815/3399 3302/3819/3403 3275/3820/3404
f 3275/3820/3404 3302/3819/3403 3274/3821/3405
f 3274/3821/3405 3302/3819/3403 3273/3779/3365
f 3273/3779/3365 3302/3819/3403 3303/3777/3363
f 3262/3818/3402 3263/3822/3406 3302/3819/3403
f 3302/3819/3403 3263/3822/3406 3303/3777/3363
f 3263/3822/3406 3264/3775/3361 3303/3777/3363
f 3266/3823/3407 3292/3791/3377 3265/3824/3408
f 3265/3824/3408 3292/3791/3377 3285/3793/3379
f 3265/3825/3408 3285/3795/3379 3284/3826/3409
f 3284/3826/3409 3285/3795/3379 3293/3797/3381
f 3284/3826/3409 3293/3797/3381 3283/3827/3410
f 3283/3827/3410 3293/3797/3381 3294/3799/3383
f 3283/3827/3410 3294/3799/3383 3282/3828/3411
f 3282/3828/3411 3294/3799/3383 3295/3801/3385
f 3282/3828/3411 3295/3801/3385 3281/3829/3412
f 3281/3829/3412 3295/3801/3385 3296/3803/3387
f 3281/3829/3412 3296/3803/3387 3280/3830/3413
f 3280/3830/3413 3296/3803/3387 3297/3805/3389
f 3280/3830/3413 3297/3805/3389 3279/3831/3414
f 3279/3831/3414 3297/3805/3389 3298/3807/3391
f 3279/3831/3414 3298/3807/3391 3278/3832/3415
f 3278/3832/3415 3298/3807/3391 3299/3809/3393
f 3278/3832/3415 3299/3809/3393 3277/3833/3416
f 3277/3833/3416 3299/3809/3393 3300/3811/3395
f 3277/3833/3416 3300/3811/3395 3276/3834/3417
f 3276/3834/3417 3300/3811/3395 3301/3813/3397
f 3276/3834/3417 3301/3813/3397 3275/3820/3404
f 3275/3820/3404 3301/3813/3397 3260/3815/3399
f 3292/3791/3377 3266/3823/3407 3291/3789/3375
f 3291/3789/3375 3266/3823/3407 3267/3835/3418
f 3291/3789/3375 3267/3835/3418 3290/3786/3372
f 3290/3786/3372 3267/3835/3418 3268/3836/3419
f 3290/3786/3372 3268/3836/3419 3289/3784/3370
f 3289/3784/3370 3268/3836/3419 3269/3837/3420
f 3289/3784/3370 3269/3837/3420 3288/3782/3368
f 3288/3782/3368 3269/3837/3420 3270/3838/3421
f 3288/3782/3368 3270/3838/3421 3286/3780/3366
f 3286/3780/3366 3270/3838/3421 3271/3839/3422
f 3286/3780/3366 3271/3839/3422 3287/3776/3362
f 3287/3776/3362 3271/3839/3422 3272/3778/3364
f 3240/3840/3423 3211/3841/3424 3246/3842/3425
f 3246/3842/3425 3211/3841/3424 3210/3843/3426
f 3246/3842/3425 3210/3843/3426 3247/3844/3427
f 3247/3844/3427 3210/3843/3426 3248/3845/3428
f 3248/3845/3428 3210/3843/3426 3304/3846/3429
f 3248/3845/3428 3304/3846/3429 3249/3847/3430
f 3306/3848/3431 3152/3849/3432 3305/3850/3433
f 3305/3850/3433 3152/3849/3432 3151/3851/3434
f 3305/3852/3433 3151/3853/3434 3317/3854/3435
f 3317/3854/3435 3151/3853/3434 3163/3855/3436
f 3317/3854/3435 3163/3855/3436 3316/3856/3437
f 3316/3856/3437 3163/3855/3436 3162/3857/3438
f 3316/3856/3437 3162/3857/3438 3315/3858/3439
f 3315/3858/3439 3162/3857/3438 3161/3859/3440
f 3315/3858/3439 3161/3859/3440 3314/3860/3441
f 3314/3860/3441 3161/3859/3440 3160/3861/3442
f 3314/3860/3441 3160/3861/3442 3313/3862/3443
f 3313/3862/3443 3160/3861/3442 3159/3863/3444
f 3313/3862/3443 3159/3863/3444 3312/3864/3445
f 3312/3864/3445 3159/3863/3444 3158/3865/3446
f 3312/3864/3445 3158/3865/3446 3311/3866/3447
f 3311/3866/3447 3158/3865/3446 3157/3867/3448
f 3311/3866/3447 3157/3867/3448 3310/3868/3449
f 3310/3868/3449 3157/3867/3448 3156/3869/3450
f 3310/3868/3449 3156/3869/3450 3309/3870/3451
f 3309/3870/3451 3156/3869/3450 3155/3871/3452
f 3309/3870/3451 3155/3871/3452 3308/3872/3453
f 3308/3872/3453 3155/3871/3452 3154/3873/3454
f 3308/3872/3453 3154/3873/3454 3307/3874/3455
f 3307/3874/3455 3154/3873/3454 3153/3875/3456
f 3307/3874/3455 3153/3875/3456 3306/3848/3431
f 3306/3848/3431 3153/3875/3456 3152/3849/3432
f 3305/3876/3457 3317/3877/3458 3306/3878/3459
f 3306/3878/3459 3317/3877/3458 3316/3879/3460
f 3306/3878/3459 3316/3879/3460 3307/3880/3461
f 3307/3880/3461 3316/3879/3460 3315/3881/3462
f 3307/3880/3461 3315/3881/3462 3308/3882/3463
f 3308/3882/3463 3315/3881/3462 3314/3883/3464
f 3308/3882/3463 3314/3883/3464 3309/3884/3465
f 3309/3884/3465 3314/3883/3464 3313/3885/3466
f 3309/3884/3465 3313/3885/3466 3310/3886/3467
f 3310/3886/3467 3313/3885/3466 3312/3887/3468
f 3310/3886/3467 3312/3887/3468 3311/3888/3469
f 3284/3889/3470 3340/3890/3471 3265/3891/3472
f 3265/3891/3472 3340/3890/3471 3318/3892/3473
f 3265/3891/3472 3318/3892/3473 3319/3893/3474
f 3340/3890/3471 3284/3889/3470 3339/3894/3475
f 3339/3894/3475 3284/3889/3470 3283/3895/3476
f 3339/3894/3475 3283/3895/3476 3338/3896/3477
f 3338/3896/3477 3283/3895/3476 3282/3897/3478
f 3338/3896/3477 3282/3897/3478 3337/3898/3479
f 3337/3898/3479 3282/3897/3478 3281/3899/3480
f 3337/3898/3479 3281/3899/3480 3336/3900/3481
f 3336/3900/3481 3281/3899/3480 3280/3901/3482
f 3336/3900/3481 3280/3901/3482 3335/3902/3483
f 3335/3902/3483 3280/3901/3482 3279/3903/3484
f 3335/3902/3483 3279/3903/3484 3334/3904/3485
f 3334/3904/3485 3279/3903/3484 3278/3905/3486
f 3334/3904/3485 3278/3905/3486 3333/3906/3487
f 3333/3906/3487 3278/3905/3486 3332/3907/3488
f 3332/3907/3488 3278/3905/3486 3277/3908/3489
f 3332/3907/3488 3277/3908/3489 3331/3909/3490
f 3331/3909/3490 3277/3908/3489 3276/3910/3491
f 3331/3909/3490 3276/3910/3491 3330/3911/3492
f 3330/3911/3492 3276/3910/3491 3275/3912/3493
f 3330/3911/3492 3275/3912/3493 3329/3913/3494
f 3329/3913/3494 3275/3912/3493 3274/3914/3495
f 3329/3913/3494 3274/3914/3495 3328/3915/3496
f 3328/3915/3496 3274/3914/3495 3273/3916/3497
f 3328/3915/3496 3273/3916/3497 3327/3917/3498
f 3327/3917/3498 3273/3916/3497 3272/3918/3499
f 3327/3917/3498 3272/3918/3499 3326/3919/3500
f 3326/3919/3500 3272/3918/3499 3325/3920/3501
f 3325/3920/3501 3272/3918/3499 3271/3921/3502
f 3325/3920/3501 3271/3921/3502 3324/3922/3503
f 3324/3922/3503 3271/3921/3502 3270/3923/3504
f 3324/3922/3503 3270/3923/3504 3323/3924/3505
f 3323/3924/3505 3270/3923/3504 3269/3925/3506
f 3323/3924/3505 3269/3925/3506 3322/3926/3507
f 3322/3926/3507 3269/3925/3506 3268/3927/3508
f 3322/3926/3507 3268/3927/3508 3321/3928/3509
f 3321/3928/3509 3268/3927/3508 3267/3929/3510
f 3321/3928/3509 3267/3929/3510 3320/3930/3511
f 3320/3930/3511 3267/3929/3510 3266/3931/3512
f 3320/3930/3511 3266/3931/3512 3319/3893/3474
f 3319/3893/3474 3266/3931/3512 3265/3891/3472
f 3342/3932/3513 3364/3933/3514 3341/3934/3515
f 3341/3934/3515 3364/3933/3514 3353/3935/3516
f 3341/3936/3515 3353/3937/3516 3352/3938/3517
f 3352/3938/3517 3353/3937/3516 3354/3939/3518
f 3352/3938/3517 3354/3939/3518 3351/3940/3519
f 3351/3940/3519 3354/3939/3518 3355/3941/3520
f 3351/3940/3519 3355/3941/3520 3350/3942/3521
f 3350/3942/3521 3355/3941/3520 3356/3943/3522
f 3350/3942/3521 3356/3943/3522 3349/3944/3523
f 3349/3944/3523 3356/3943/3522 3357/3945/3524
f 3349/3944/3523 3357/3945/3524 3348/3946/3525
f 3348/3946/3525 3357/3945/3524 3358/3947/3526
f 3348/3946/3525 3358/3947/3526 3347/3948/3527
f 3347/3948/3527 3358/3947/3526 3359/3949/3528
f 3347/3948/3527 3359/3949/3528 3346/3950/3529
f 3346/3950/3529 3359/3949/3528 3360/3951/3530
f 3346/3950/3529 3360/3951/3530 3345/3952/3531
f 3345/3952/3531 3360/3951/3530 3361/3953/3532
f 3345/3952/3531 3361/3953/3532 3344/3954/3533
f 3344/3954/3533 3361/3953/3532 3362/3955/3534
f 3344/3954/3533 3362/3955/3534 3343/3956/3535
f 3343/3956/3535 3362/3955/3534 3363/3957/3536
f 3343/3956/3535 3363/3957/3536 3342/3932/3513
f 3342/3932/3513 3363/3957/3536 3364/3933/3514
f 3352/3958/3537 3348/3959/3538 3341/3960/3539
f 3341/3960/3539 3348/3959/3538 3347/3961/3540
f 3341/3960/3539 3347/3961/3540 3342/3962/3541
f 3342/3962/3541 3347/3961/3540 3346/3963/3542
f 3342/3962/3541 3346/3963/3542 3343/3964/3543
f 3343/3964/3543 3346/3963/3542 3345/3965/3544
f 3343/3964/3543 3345/3965/3544 3344/3966/3545
f 3348/3959/3538 3352/3958/3537 3349/3967/3546
f 3349/3967/3546 3352/3958/3537 3351/3968/3547
f 3349/3967/3546 3351/3968/3547 3350/3969/3548
f 3366/3970/3549 3370/3971/3550 3365/3972/3551
f 3365/3972/3551 3370/3971/3550 3371/3973/3552
f 3365/3972/3551 3371/3973/3552 3376/3974/3553
f 3376/3974/3553 3371/3973/3552 3372/3975/3554
f 3376/3974/3553 3372/3975/3554 3375/3976/3555
f 3375/3976/3555 3372/3975/3554 3373/3977/3556
f 3375/3976/3555 3373/3977/3556 3374/3978/3557
f 3370/3971/3550 3366/3970/3549 3369/3979/3558
f 3369/3979/3558 3366/3970/3549 3367/3980/3559
f 3369/3979/3558 3367/3980/3559 3368/3981/3560
f 3376/3982/3561 3388/3983/3562 3365/3984/3563
f 3365/3984/3563 3388/3983/3562 3377/3985/3564
f 3365/3986/3563 3377/3987/3564 3366/3988/3565
f 3366/3988/3565 3377/3987/3564 3378/3989/3566
f 3366/3988/3565 3378/3989/3566 3367/3990/3567
f 3367/3990/3567 3378/3989/3566 3379/3991/3568
f 3367/3990/3567 3379/3991/3568 3368/3992/3569
f 3368/3992/3569 3379/3991/3568 3380/3993/3570
f 3368/3992/3569 3380/3993/3570 3369/3994/3571
f 3369/3994/3571 3380/3993/3570 3381/3995/3572
f 3369/3994/3571 3381/3995/3572 3370/3996/3573
f 3370/3996/3573 3381/3995/3572 3382/3997/3574
f 3370/3996/3573 3382/3997/3574 3371/3998/3575
f 3371/3998/3575 3382/3997/3574 3383/3999/3576
f 3371/3998/3575 3383/3999/3576 3372/4000/3577
f 3372/4000/3577 3383/3999/3576 3384/4001/3578
f 3372/4000/3577 3384/4001/3578 3373/4002/3579
f 3373/4002/3579 3384/4001/3578 3385/4003/3580
f 3373/4002/3579 3385/4003/3580 3374/4004/3581
f 3374/4004/3581 3385/4003/3580 3386/4005/3582
f 3374/4004/3581 3386/4005/3582 3375/4006/3583
f 3375/4006/3583 3386/4005/3582 3387/4007/3584
f 3375/4006/3583 3387/4007/3584 3376/3982/3561
f 3376/3982/3561 3387/4007/3584 3388/3983/3562
f 3242/4008/3585 3359/4009/3586 3214/4010/3587
f 3214/4010/3587 3359/4009/3586 3358/4011/3588
f 3214/4010/3587 3358/4011/3588 3357/4012/3589
f 3242/4008/3585 3264/4013/3590 3359/4009/3586
f 3359/4009/3586 3264/4013/3590 3360/4014/3591
f 3360/4014/3591 3264/4013/3590 3263/4015/3592
f 3360/4014/3591 3263/4015/3592 3361/4016/3593
f 3361/4016/3593 3263/4015/3592 3262/4017/3594
f 3361/4016/3593 3262/4017/3594 3362/4018/3595
f 3362/4018/3595 3262/4017/3594 3207/4019/3596
f 3362/4018/3595 3207/4019/3596 3363/4020/3597
f 3363/4020/3597 3207/4019/3596 3364/4021/3598
f 3364/4021/3598 3207/4019/3596 3353/4022/3599
f 3353/4022/3599 3207/4019/3596 3206/4023/3600
f 3353/4022/3599 3206/4023/3600 3354/4024/3601
f 3354/4024/3601 3206/4023/3600 3355/4025/3602
f 3355/4025/3602 3206/4023/3600 3356/4026/3603
f 3356/4026/3603 3206/4023/3600 3214/4010/3587
f 3356/4026/3603 3214/4010/3587 3357/4012/3589
f 3262/4017/3594 3261/4027/3604 3207/4019/3596
f 3207/4028/3605 3261/4029/3606 3208/4030/3607
f 3208/4030/3607 3261/4029/3606 3260/4031/3608
f 3198/4032/3609 3209/4033/3610 3199/4034/3611
f 3199/4034/3611 3209/4033/3610 3223/4035/3612
f 3203/4036/3294 3218/4037/3296 3149/4038/3613
f 3149/4038/3613 3218/4037/3296 3150/4039/3614
f 3194/4040/3321 3227/4041/3323 3195/4042/3615
f 3195/4042/3615 3227/4041/3323 3389/4043/3616
f 3232/4044/3617 3190/4045/3618 2089/4046/3619
f 2089/4046/3619 3190/4045/3618 2090/4047/3620
f 3210/4048/3621 3205/4049/3622 3389/4050/3623
f 3389/4050/3623 3205/4049/3622 3196/4051/3624
f 3389/4050/3623 3196/4051/3624 3195/4052/3625
f 3390/4053/3626 3304/4054/3627 3389/4050/3623
f 3389/4050/3623 3304/4054/3627 3210/4048/3621
f 3304/4055/3628 3390/4056/3629 3249/4057/3630
f 3249/4057/3630 3390/4056/3629 3250/4058/3631
f 1053/4059/3632 3384/4060/3633 1054/4061/3634
f 1054/4061/3634 3384/4060/3633 3383/4062/3635
f 1054/4061/3634 3383/4062/3635 1067/4063/3636
f 1067/4063/3636 3383/4062/3635 3382/4064/3637
f 1067/4063/3636 3382/4064/3637 2089/4065/3638
f 2089/4065/3638 3382/4064/3637 3381/4066/3639
f 2089/4065/3638 3381/4066/3639 3380/4067/3640
f 3384/4060/3633 1053/4059/3632 3385/4068/3641
f 3385/4068/3641 1053/4059/3632 1052/4069/3642
f 3385/4068/3641 1052/4069/3642 3233/4070/3643
f 3233/4070/3643 1052/4069/3642 1051/4071/3644
f 3233/4070/3643 1051/4071/3644 3234/4072/3645
f 3234/4072/3645 1051/4071/3644 3235/4073/3646
f 3235/4073/3646 1051/4071/3644 1050/4074/3647
f 3235/4073/3646 1050/4074/3647 1049/4075/3648
f 1048/4076/3649 2092/4077/3650 1049/4075/3648
f 1049/4075/3648 2092/4077/3650 3235/4073/3646
f 3146/4078/3651 3387/4079/3652 3233/4070/3643
f 3233/4070/3643 3387/4079/3652 3386/4080/3653
f 3233/4070/3643 3386/4080/3653 3385/4068/3641
f 3145/4081/3654 3256/4082/3655 3146/4078/3651
f 3146/4078/3651 3256/4082/3655 3255/4083/3656
f 3146/4078/3651 3255/4083/3656 3388/4084/3657
f 3388/4084/3657 3255/4083/3656 3377/4085/3658
f 3377/4085/3658 3255/4083/3656 3378/4086/3659
f 3378/4086/3659 3255/4083/3656 3254/4087/3660
f 3378/4086/3659 3254/4087/3660 3379/4088/3661
f 3379/4088/3661 3254/4087/3660 3253/4089/3662
f 3379/4088/3661 3253/4089/3662 3380/4067/3640
f 3380/4067/3640 3253/4089/3662 3252/4090/3663
f 3380/4067/3640 3252/4090/3663 2089/4065/3638
f 2089/4065/3638 3252/4090/3663 3251/4091/3664
f 2089/4065/3638 3251/4091/3664 3390/4092/3665
f 3390/4092/3665 3251/4091/3664 3250/4093/3666
f 3256/4082/3655 3145/4081/3654 3257/4094/3667
f 3257/4094/3667 3145/4081/3654 3150/4095/3668
f 3257/4094/3667 3150/4095/3668 3258/4096/3669
f 3258/4096/3669 3150/4095/3668 3259/4097/3670
f 3259/4097/3670 3150/4095/3668 3208/4098/3671
f 3259/4097/3670 3208/4098/3671 3260/4099/3672
f 3208/4098/3671 3150/4095/3668 3215/4100/3673
f 3215/4100/3673 3150/4095/3668 3218/4101/3674
f 3215/4100/3673 3218/4101/3674 3216/4102/3675
f 3216/4102/3675 3218/4101/3674 3217/4103/3676
f 3215/4100/3673 3223/4104/3677 3208/4098/3671
f 3208/4098/3671 3223/4104/3677 3209/4105/3678
f 3389/4106/3679 3224/4107/3680 3390/4092/3665
f 3390/4092/3665 3224/4107/3680 3232/4108/3681
f 3390/4092/3665 3232/4108/3681 2089/4065/3638
f 3389/4106/3679 3227/4109/3682 3224/4107/3680
f 3224/4107/3680 3227/4109/3682 3225/4110/3683
f 3225/4110/3683 3227/4109/3682 3226/4111/3684
f 3388/4084/3657 3387/4079/3652 3146/4078/3651
f 2/4112/3685 1/4113/3686 3335/4114/3687
f 3335/4114/3687 1/4113/3686 153/4115/3688
f 3335/4114/3687 153/4115/3688 152/4116/3689
f 151/4117/3690 3170/4118/3691 152/4116/3689
f 152/4116/3689 3170/4118/3691 3169/4119/3692
f 152/4116/3689 3169/4119/3692 3336/4120/3693
f 3336/4120/3693 3169/4119/3692 3337/4121/3694
f 3337/4121/3694 3169/4119/3692 3168/4122/3695
f 3337/4121/3694 3168/4122/3695 3338/4123/3696
f 3338/4123/3696 3168/4122/3695 3167/4124/3697
f 3338/4123/3696 3167/4124/3697 3339/4125/3698
f 3339/4125/3698 3167/4124/3697 3166/4126/3699
f 3339/4125/3698 3166/4126/3699 3340/4127/3700
f 3340/4127/3700 3166/4126/3699 3165/4128/3701
f 3340/4127/3700 3165/4128/3701 3318/4129/3702
f 3318/4129/3702 3165/4128/3701 3164/4130/3703
f 3318/4131/3702 3164/4132/3703 3319/4133/3704
f 3319/4133/3704 3164/4132/3703 3186/4134/3705
f 3319/4133/3704 3186/4134/3705 3320/4135/3706
f 3320/4135/3706 3186/4134/3705 3185/4136/3707
f 3320/4135/3706 3185/4136/3707 3321/4137/3708
f 3321/4137/3708 3185/4136/3707 3184/4138/3709
f 3321/4137/3708 3184/4138/3709 3322/4139/3710
f 3322/4139/3710 3184/4138/3709 3183/4140/3711
f 3322/4139/3710 3183/4140/3711 3323/4141/3712
f 3323/4141/3712 3183/4140/3711 3182/4142/3713
f 3323/4141/3712 3182/4142/3713 3324/4143/3714
f 3324/4143/3714 3182/4142/3713 3181/4144/3715
f 3324/4143/3714 3181/4144/3715 3325/4145/3716
f 3325/4145/3716 3181/4144/3715 3180/4146/3717
f 3325/4145/3716 3180/4146/3717 3326/4147/3718
f 3326/4147/3718 3180/4146/3717 3179/4148/3719
f 3326/4147/3718 3179/4148/3719 3327/4149/3720
f 3327/4149/3720 3179/4148/3719 3178/4150/3721
f 3327/4149/3720 3178/4150/3721 3328/4151/3722
f 3328/4151/3722 3178/4150/3721 3177/4152/3723
f 3328/4151/3722 3177/4152/3723 3329/4153/3724
f 3329/4153/3724 3177/4152/3723 3176/4154/3725
f 3329/4153/3724 3176/4154/3725 3330/4155/3726
f 3330/4155/3726 3176/4154/3725 3175/4156/3727
f 3330/4155/3726 3175/4156/3727 3331/4157/3728
f 3331/4157/3728 3175/4156/3727 3174/4158/3729
f 3331/4157/3728 3174/4158/3729 3332/4159/3730
f 3332/4159/3730 3174/4158/3729 3173/4160/3731
f 3332/4159/3730 3173/4160/3731 3333/4161/3732
f 3333/4161/3732 3173/4160/3731 3172/4162/3733
f 3333/4161/3732 3172/4162/3733 3334/4163/3734
f 3334/4163/3734 3172/4162/3733 3171/4164/3735
f 3334/4163/3734 3171/4164/3735 6/4165/3736
f 6/4165/3736 3171/4164/3735 7/4166/3737
f 7/4166/3737 3171/4164/3735 8/4167/3738
f 8/4167/3738 3171/4164/3735 145/4168/3739
f 145/4168/3739 3171/4164/3735 3170/4118/3691
f 145/4168/3739 3170/4118/3691 146/4169/3740
f 146/4169/3740 3170/4118/3691 147/4170/3741
f 147/4170/3741 3170/4118/3691 148/4171/3742
f 148/4171/3742 3170/4118/3691 149/4172/3743
f 149/4172/3743 3170/4118/3691 150/4173/3744
f 150/4173/3744 3170/4118/3691 151/4117/3690
f 6/4165/3736 5/4174/3745 3334/4163/3734
f 3334/4163/3734 5/4174/3745 4/4175/3746
f 3334/4163/3734 4/4175/3746 3335/4114/3687
f 3335/4114/3687 4/4175/3746 3/4176/3747
f 3335/4114/3687 3/4176/3747 2/4112/3685
f 3336/4120/3693 3335/4114/3687 152/4116/3689
# 3390 vertices
# 4176 texture params
# 3747 normals
# 6780 facets

# 1 groups
