# WaveFront *.obj file (generated by Autodesk ATF)

mtllib Speed Bullet.mtl

g Body365

v 81.520024 -533.500008 0.000000
v 81.632317 -533.191484 0.000000
v 81.916654 -533.027323 0.000000
v 82.239990 -533.084335 0.000000
v 82.451032 -533.335846 0.000000
v 82.451032 -533.664170 -0.000000
v 82.239990 -533.915681 -0.000000
v 81.916654 -533.972693 -0.000000
v 81.632317 -533.808531 -0.000000
v 81.970024 -533.500008 -13.000000
v 81.977037 -533.519277 -13.000000
v 81.994796 -533.529530 -13.000000
v 82.014990 -533.525969 -13.000000
v 82.028171 -533.510261 -13.000000
v 82.028171 -533.489755 -13.000000
v 82.014990 -533.474047 -13.000000
v 81.994796 -533.470486 -13.000000
v 81.977037 -533.480739 -13.000000
v 81.745024 -533.500008 -6.500000
v 81.804677 -533.336112 -6.500000
v 81.955725 -533.248904 -6.500000
v 82.127490 -533.279191 -6.500000
v 82.239602 -533.412801 -6.500000
v 82.239602 -533.587215 -6.500000
v 82.127490 -533.720825 -6.500000
v 81.955725 -533.751112 -6.500000
v 81.804677 -533.663904 -6.500000
v 77.765123 -535.591817 -0.500000
v 77.852429 -535.351946 -0.500000
v 78.073496 -535.224313 -0.500000
v 78.324884 -535.268639 -0.500000
v 78.488966 -535.464184 -0.500000
v 78.488966 -535.719450 -0.500000
v 78.324884 -535.914995 -0.500000
v 78.073496 -535.959322 -0.500000
v 77.852429 -535.831689 -0.500000
v 78.065123 -535.591817 -13.000000
v 78.082243 -535.638852 -13.000000
v 78.125591 -535.663879 -13.000000
v 78.174884 -535.655188 -13.000000
v 78.207058 -535.616844 -13.000000
v 78.207058 -535.566790 -13.000000
v 78.174884 -535.528447 -13.000000
v 78.125591 -535.519755 -13.000000
v 78.082243 -535.544782 -13.000000
v 77.865123 -535.591817 -4.666667
v 77.965123 -535.591817 -8.833333
v 77.929034 -535.416224 -4.666667
v 78.005638 -535.480503 -8.833333
v 78.090861 -535.322793 -4.666667
v 78.108226 -535.421274 -8.833333
v 78.274884 -535.355242 -4.666667
v 78.224884 -535.441844 -8.833333
v 78.394997 -535.498386 -4.666667
v 78.301027 -535.532588 -8.833333
v 78.394997 -535.685248 -4.666667
v 78.301027 -535.651046 -8.833333
v 78.274884 -535.828393 -4.666667
v 78.224884 -535.741790 -8.833333
v 78.090861 -535.860841 -4.666667
v 78.108226 -535.762360 -8.833333
v 77.929034 -535.767410 -4.666667
v 78.005638 -535.703131 -8.833333
v 77.765123 -535.591817 0.000000
v 77.852429 -535.351946 0.000000
v 78.073496 -535.224313 0.000000
v 78.324884 -535.268639 0.000000
v 78.488966 -535.464184 0.000000
v 78.488966 -535.719450 -0.000000
v 78.324884 -535.914995 -0.000000
v 78.073496 -535.959322 -0.000000
v 77.852429 -535.831689 -0.000000
v 79.560319 -537.623708 0.000000
v 79.672146 -537.316466 0.000000
v 79.955301 -537.152986 0.000000
v 80.277294 -537.209762 0.000000
v 80.487459 -537.460228 0.000000
v 80.487459 -537.787188 -0.000000
v 80.277294 -538.037654 -0.000000
v 79.955301 -538.094430 -0.000000
v 79.672146 -537.930950 -0.000000
v 80.010319 -537.623708 -13.000000
v 80.016866 -537.641695 -13.000000
v 80.033443 -537.651266 -13.000000
v 80.052294 -537.647942 -13.000000
v 80.064598 -537.633279 -13.000000
v 80.064598 -537.614137 -13.000000
v 80.052294 -537.599474 -13.000000
v 80.033443 -537.596150 -13.000000
v 80.016866 -537.605721 -13.000000
v 79.785319 -537.623708 -6.500000
v 79.844506 -537.461094 -6.500000
v 79.994372 -537.374568 -6.500000
v 80.164794 -537.404618 -6.500000
v 80.276028 -537.537183 -6.500000
v 80.276028 -537.710233 -6.500000
v 80.164794 -537.842798 -6.500000
v 79.994372 -537.872848 -6.500000
v 79.844506 -537.786322 -6.500000
v 78.832855 -533.500008 -0.500000
v 78.960269 -533.107869 -0.500000
v 79.293842 -532.865515 -0.500000
v 79.706161 -532.865515 -0.500000
v 80.039733 -533.107869 -0.500000
v 80.167147 -533.500008 -0.500000
v 80.039733 -533.892146 -0.500000
v 79.706161 -534.134501 -0.500000
v 79.293842 -534.134501 -0.500000
v 78.960269 -533.892146 -0.500000
v 79.432855 -533.500008 -13.000000
v 79.448565 -533.543168 -13.000000
v 79.488341 -533.566134 -13.000000
v 79.533574 -533.558158 -13.000000
v 79.563098 -533.522973 -13.000000
v 79.563098 -533.477043 -13.000000
v 79.533574 -533.441858 -13.000000
v 79.488341 -533.433882 -13.000000
v 79.448565 -533.456847 -13.000000
v 79.132855 -533.500008 -6.750000
v 79.202974 -533.284205 -6.750000
v 79.386547 -533.150832 -6.750000
v 79.613455 -533.150832 -6.750000
v 79.797028 -533.284205 -6.750000
v 79.867147 -533.500008 -6.750000
v 79.797028 -533.715811 -6.750000
v 79.613455 -533.849184 -6.750000
v 79.386547 -533.849184 -6.750000
v 79.202974 -533.715811 -6.750000
v 78.832855 -533.500008 0.000000
v 78.960269 -533.107869 0.000000
v 79.293842 -532.865515 0.000000
v 79.706161 -532.865515 0.000000
v 80.039733 -533.107869 0.000000
v 80.167147 -533.500008 0.000000
v 80.039733 -533.892146 -0.000000
v 79.706161 -534.134501 -0.000000
v 79.293842 -534.134501 -0.000000
v 78.960269 -533.892146 -0.000000
v 81.380931 -536.000008 -0.500000
v 81.499163 -535.636127 -0.500000
v 81.808698 -535.411237 -0.500000
v 82.191305 -535.411237 -0.500000
v 82.500840 -535.636127 -0.500000
v 82.619072 -536.000008 -0.500000
v 82.500840 -536.363889 -0.500000
v 82.191305 -536.588779 -0.500000
v 81.808698 -536.588779 -0.500000
v 81.499163 -536.363889 -0.500000
v 81.980931 -536.000008 -13.000000
v 81.985392 -536.012266 -13.000000
v 81.996690 -536.018789 -13.000000
v 82.009537 -536.016524 -13.000000
v 82.017922 -536.006531 -13.000000
v 82.017922 -535.993485 -13.000000
v 82.009537 -535.983492 -13.000000
v 81.996690 -535.981227 -13.000000
v 81.985392 -535.987750 -13.000000
v 81.680931 -536.000008 -6.750000
v 81.755579 -535.794913 -6.750000
v 81.944595 -535.685785 -6.750000
v 82.159537 -535.723685 -6.750000
v 82.299830 -535.890879 -6.750000
v 82.299830 -536.109137 -6.750000
v 82.159537 -536.276331 -6.750000
v 81.944595 -536.314231 -6.750000
v 81.755579 -536.205103 -6.750000
v 81.380931 -536.000008 0.000000
v 81.499163 -535.636127 0.000000
v 81.808698 -535.411237 0.000000
v 82.191305 -535.411237 0.000000
v 82.500840 -535.636127 0.000000
v 82.619072 -536.000008 0.000000
v 82.500840 -536.363889 -0.000000
v 82.191305 -536.588779 -0.000000
v 81.808698 -536.588779 -0.000000
v 81.499163 -536.363889 -0.000000
v 80.000001 -538.582304 0.000000
v 78.990752 -538.437196 -0.000000
v 78.063266 -538.013627 -0.000000
v 77.292682 -537.345913 -0.000000
v 76.741430 -536.488148 -0.000000
v 76.454168 -535.509822 -0.000000
v 76.454168 -534.490194 -0.000000
v 76.741430 -533.511868 -0.000000
v 77.292682 -532.654103 -0.000000
v 78.063266 -531.986389 -0.000000
v 78.990752 -531.562820 -0.000000
v 80.000001 -531.417712 0.000000
v 81.009251 -531.562820 0.000000
v 81.936737 -531.986389 0.000000
v 82.707320 -532.654103 0.000000
v 83.258573 -533.511868 0.000000
v 83.545835 -534.490194 0.000000
v 83.545835 -535.509822 0.000000
v 83.258573 -536.488148 0.000000
v 82.707320 -537.345913 0.000000
v 81.936737 -538.013627 0.000000
v 81.009251 -538.437196 0.000000
v 80.000001 -535.000008 23.000000
v 80.000001 -535.809556 20.488195
v 80.000001 -536.524244 17.881155
v 80.000001 -537.136058 15.170832
v 80.000001 -537.636379 12.348573
v 80.000001 -538.022877 9.412042
v 80.000001 -538.302641 6.368352
v 80.000001 -538.486311 3.228188
v 81.501715 -538.175115 2.589405
v 82.358737 -537.602472 2.589405
v 83.012626 -536.805706 2.589405
v 83.407070 -535.853434 2.589405
v 83.307013 -533.816740 2.589405
v 82.821130 -532.907716 2.589405
v 82.483592 -532.516417 2.589405
v 81.553464 -531.849896 2.589405
v 79.314780 -531.555168 2.589405
v 78.762783 -531.712799 2.589405
v 77.771804 -532.284941 2.589405
v 76.579425 -534.202442 2.589405
v 76.495193 -534.770291 2.589405
v 76.607352 -535.909065 2.589405
v 77.861831 -537.786525 2.589405
v 78.344301 -538.097605 2.589405
v 81.019576 -538.361097 2.589405
v 80.983214 -538.241227 5.123295
v 80.951889 -538.137962 6.677236
v 80.913524 -538.011490 8.206830
v 80.814077 -537.683655 11.187447
v 80.682144 -537.248731 14.055714
v 80.517242 -536.705122 16.809954
v 80.403273 -536.329417 18.410524
v 80.278756 -535.918939 19.974612
v 80.144214 -535.475412 21.504029
v 81.951346 -537.920402 2.589405
v 81.881754 -537.816250 5.123295
v 81.821801 -537.726524 6.677236
v 81.748375 -537.616635 8.206830
v 81.558044 -537.331784 11.187447
v 81.305541 -536.953886 14.055714
v 80.989938 -536.481553 16.809954
v 80.771815 -536.155109 18.410524
v 80.533504 -535.798452 19.974612
v 80.276006 -535.413079 21.504029
v 80.212409 -535.449107 21.504029
v 80.410574 -535.868091 19.974612
v 80.593973 -536.255856 18.410524
v 80.761836 -536.610772 16.809954
v 81.004717 -537.124301 14.055714
v 81.199038 -537.535159 11.187447
v 81.345513 -537.844854 8.206830
v 81.402020 -537.964327 6.677236
v 81.448158 -538.061879 5.123295
v 82.715068 -537.228206 2.589405
v 82.618238 -537.148739 5.123295
v 82.534821 -537.080281 6.677236
v 82.432658 -536.996437 8.206830
v 82.167834 -536.779103 11.187447
v 81.816506 -536.490775 14.055714
v 81.377382 -536.130395 16.809954
v 81.073889 -535.881325 18.410524
v 80.742308 -535.609203 19.974612
v 80.384030 -535.315172 21.504029
v 80.333629 -535.368110 21.504029
v 80.644886 -535.711528 19.974612
v 80.932950 -536.029358 18.410524
v 81.196611 -536.320264 16.809954
v 81.578104 -536.741176 14.055714
v 81.883323 -537.077934 11.187447
v 82.113391 -537.331774 8.206830
v 82.202146 -537.429700 6.677236
v 82.274615 -537.509658 5.123295
v 83.244970 -536.344118 2.589405
v 83.129242 -536.296182 5.123295
v 83.029544 -536.254886 6.677236
v 82.907441 -536.204309 8.206830
v 82.590932 -536.073207 11.187447
v 82.171034 -535.899279 14.055714
v 81.646206 -535.681888 16.809954
v 81.283481 -535.531643 18.410524
v 80.887184 -535.367491 19.974612
v 80.458981 -535.190124 21.504029
v 80.426118 -535.255412 21.504029
v 80.823661 -535.493691 19.974612
v 81.191582 -535.714214 18.410524
v 81.528336 -535.916056 16.809954
v 82.015586 -536.208103 14.055714
v 82.405418 -536.441759 11.187447
v 82.699265 -536.617884 8.206830
v 82.812625 -536.685830 6.677236
v 82.905184 -536.741308 5.123295
v 83.495417 -535.344276 2.589405
v 83.370757 -535.331998 5.123295
v 83.263364 -535.321421 6.677236
v 83.131838 -535.308467 8.206830
v 82.790901 -535.274888 11.187447
v 82.338595 -535.230339 14.055714
v 81.773260 -535.174659 16.809954
v 81.382540 -535.136176 18.410524
v 80.955657 -535.094132 19.974612
v 80.494405 -535.048703 21.504029
v 80.481909 -535.120720 21.504029
v 80.931503 -535.233337 19.974612
v 81.347596 -535.337563 18.410524
v 81.728441 -535.432960 16.809954
v 82.279487 -535.570989 14.055714
v 82.720360 -535.681422 11.187447
v 83.052680 -535.764664 8.206830
v 83.180882 -535.796777 6.677236
v 83.285560 -535.822998 5.123295
v 83.444841 -534.314787 2.589405
v 83.321985 -534.339224 5.123295
v 83.216146 -534.360277 6.677236
v 83.086523 -534.386061 8.206830
v 82.750519 -534.452896 11.187447
v 82.304757 -534.541563 14.055714
v 81.747603 -534.652388 16.809954
v 81.362536 -534.728983 18.410524
v 80.941830 -534.812667 19.974612
v 80.487252 -534.903088 21.504029
v 83.097598 -533.344308 2.589405
v 82.987126 -533.403356 5.123295
v 82.891956 -533.454226 6.677236
v 82.775399 -533.516527 8.206830
v 82.473264 -533.678021 11.187447
v 82.072436 -533.892268 14.055714
v 81.571443 -534.160055 16.809954
v 81.225191 -534.345130 18.410524
v 80.846893 -534.547335 19.974612
v 80.438136 -534.765820 21.504029
v 80.467757 -534.832642 21.504029
v 80.904147 -534.676499 19.974612
v 81.308021 -534.531991 18.410524
v 81.677681 -534.399724 16.809954
v 82.212544 -534.208347 14.055714
v 82.640470 -534.055233 11.187447
v 82.963031 -533.939819 8.206830
v 83.087468 -533.895295 6.677236
v 83.189072 -533.858940 5.123295
v 82.395018 -532.604991 5.123295
v 82.318713 -532.681297 6.677236
v 82.225259 -532.774750 8.206830
v 81.983014 -533.016995 11.187447
v 81.661638 -533.338371 14.055714
v 81.259952 -533.740057 16.809954
v 80.982334 -534.017675 18.410524
v 80.679022 -534.320988 19.974612
v 80.351289 -534.648720 21.504029
v 80.399032 -534.704067 21.504029
v 80.771305 -534.427970 19.974612
v 81.115840 -534.172446 18.410524
v 81.431188 -533.938568 16.809954
v 81.887466 -533.600169 14.055714
v 82.252519 -533.329427 11.187447
v 82.527688 -533.125348 8.206830
v 82.633842 -533.046619 6.677236
v 82.720518 -532.982335 5.123295
v 81.498062 -531.962241 5.123295
v 81.450334 -532.059025 6.677236
v 81.391879 -532.177558 8.206830
v 81.240357 -532.484815 11.187447
v 81.039339 -532.892439 14.055714
v 80.788089 -533.401925 16.809954
v 80.614441 -533.754047 18.410524
v 80.424722 -534.138759 19.974612
v 80.219729 -534.554445 21.504029
v 80.289374 -534.596189 21.504029
v 80.559343 -534.219448 19.974612
v 80.809196 -533.870778 18.410524
v 81.037883 -533.551646 16.809954
v 81.368771 -533.089892 14.055714
v 81.633504 -532.720458 11.187447
v 81.833053 -532.441987 8.206830
v 81.910035 -532.334559 6.677236
v 81.972891 -532.246843 5.123295
v 82.045854 -532.145023 2.589405
v 80.458452 -531.517728 2.589405
v 80.442102 -531.641919 5.123295
v 80.428017 -531.748909 6.677236
v 80.410766 -531.879941 8.206830
v 80.366049 -532.219597 11.187447
v 80.306726 -532.670203 14.055714
v 80.232578 -533.233413 16.809954
v 80.181332 -533.622665 18.410524
v 80.125343 -534.047943 19.974612
v 80.064846 -534.507462 21.504029
v 80.144214 -534.524604 21.504029
v 80.278756 -534.081077 19.974612
v 80.403273 -533.670599 18.410524
v 80.517242 -533.294894 16.809954
v 80.682144 -532.751285 14.055714
v 80.814077 -532.316361 11.187447
v 80.913524 -531.988526 8.206830
v 80.951889 -531.862054 6.677236
v 80.983214 -531.758788 5.123295
v 81.019576 -531.638919 2.589405
v 79.885081 -531.489560 2.589405
v 79.889180 -531.614756 5.123295
v 79.892710 -531.722611 6.677236
v 79.897035 -531.854703 8.206830
v 79.908244 -532.197106 11.187447
v 79.923114 -532.651357 14.055714
v 79.941701 -533.219123 16.809954
v 79.954547 -533.611523 18.410524
v 79.968582 -534.040242 19.974612
v 79.983746 -534.503478 21.504029
v 78.806907 -531.830033 5.123295
v 78.844919 -531.931029 6.677236
v 78.891474 -532.054721 8.206830
v 79.012150 -532.375350 11.187447
v 79.172246 -532.800714 14.055714
v 79.372348 -533.332374 16.809954
v 79.510645 -533.699821 18.410524
v 79.661743 -534.101276 19.974612
v 79.825005 -534.535053 21.504029
v 79.903081 -534.512757 21.504029
v 79.812660 -534.058180 19.974612
v 79.728976 -533.637473 18.410524
v 79.652382 -533.252406 16.809954
v 79.541557 -532.695252 14.055714
v 79.452889 -532.249490 11.187447
v 79.386054 -531.913486 8.206830
v 79.360270 -531.783863 6.677236
v 79.339218 -531.678024 5.123295
v 77.851270 -532.381771 5.123295
v 77.919729 -532.465188 6.677236
v 78.003572 -532.567352 8.206830
v 78.220907 -532.832175 11.187447
v 78.509235 -533.183504 14.055714
v 78.869614 -533.622628 16.809954
v 79.118684 -533.926120 18.410524
v 79.390806 -534.257702 19.974612
v 79.684837 -534.615979 21.504029
v 79.751603 -534.569770 21.504029
v 79.519861 -534.168381 19.974612
v 79.305387 -533.796901 18.410524
v 79.109082 -533.456890 16.809954
v 78.825047 -532.964927 14.055714
v 78.597800 -532.571323 11.187447
v 78.426506 -532.274634 8.206830
v 78.360425 -532.160178 6.677236
v 78.306469 -532.066723 5.123295
v 78.243837 -531.958242 2.589405
v 77.017324 -533.145260 2.589405
v 77.123698 -533.211408 5.123295
v 77.215337 -533.268393 6.677236
v 77.327570 -533.338184 8.206830
v 77.618496 -533.519093 11.187447
v 78.004453 -533.759096 14.055714
v 78.486859 -534.059076 16.809954
v 78.820265 -534.266401 18.410524
v 79.184529 -534.492915 19.974612
v 79.578121 -534.737666 21.504029
v 79.626490 -534.672447 21.504029
v 79.278024 -534.366851 19.974612
v 78.955524 -534.084026 18.410524
v 78.660343 -533.825160 16.809954
v 78.233246 -533.450605 14.055714
v 77.891539 -533.150936 11.187447
v 77.633969 -532.925053 8.206830
v 77.534603 -532.837912 6.677236
v 77.453471 -532.766761 5.123295
v 77.359293 -532.684169 2.589405
v 76.755033 -533.655898 2.589405
v 76.870761 -533.703834 5.123295
v 76.970459 -533.745130 6.677236
v 77.092561 -533.795707 8.206830
v 77.409070 -533.926809 11.187447
v 77.828968 -534.100737 14.055714
v 78.353796 -534.318128 16.809954
v 78.716522 -534.468373 18.410524
v 79.112818 -534.632525 19.974612
v 79.541021 -534.809892 21.504029
v 76.620188 -534.778483 5.123295
v 76.727869 -534.785541 6.677236
v 76.859749 -534.794185 8.206830
v 77.201602 -534.816591 11.187447
v 77.655123 -534.846317 14.055714
v 78.221977 -534.883470 16.809954
v 78.613747 -534.909148 18.410524
v 79.041777 -534.937203 19.974612
v 79.504269 -534.967516 21.504029
v 79.516183 -534.887197 21.504029
v 79.064807 -534.781951 19.974612
v 78.647064 -534.684547 18.410524
v 78.264709 -534.595395 16.809954
v 77.711479 -534.466399 14.055714
v 77.268857 -534.363195 11.187447
v 76.935220 -534.285401 8.206830
v 76.806510 -534.255390 6.677236
v 76.701416 -534.230886 5.123295
v 76.728347 -535.876645 5.123295
v 76.832583 -535.848715 6.677236
v 76.960242 -535.814509 8.206830
v 77.291156 -535.725841 11.187447
v 77.730163 -535.608209 14.055714
v 78.278877 -535.461182 16.809954
v 78.658110 -535.359567 18.410524
v 79.072442 -535.248547 19.974612
v 79.520133 -535.128588 21.504029
v 79.505597 -535.048703 21.504029
v 79.044345 -535.094132 19.974612
v 78.617462 -535.136176 18.410524
v 78.226742 -535.174659 16.809954
v 77.661407 -535.230339 14.055714
v 77.209102 -535.274888 11.187447
v 76.868164 -535.308467 8.206830
v 76.736638 -535.321421 6.677236
v 76.629245 -535.331998 5.123295
v 76.504586 -535.344276 2.589405
v 77.079607 -536.951353 2.589405
v 77.183759 -536.881761 5.123295
v 77.273485 -536.821808 6.677236
v 77.383374 -536.748382 8.206830
v 77.668225 -536.558051 11.187447
v 78.046123 -536.305548 14.055714
v 78.518456 -535.989945 16.809954
v 78.844900 -535.771822 18.410524
v 79.201558 -535.533511 19.974612
v 79.586930 -535.276013 21.504029
v 79.547487 -535.205039 21.504029
v 79.125317 -535.396322 19.974612
v 78.734603 -535.573352 18.410524
v 78.376988 -535.735386 16.809954
v 77.859554 -535.969832 14.055714
v 77.445572 -536.157405 11.187447
v 77.133522 -536.298793 8.206830
v 77.013139 -536.353337 6.677236
v 76.914846 -536.397874 5.123295
v 76.800748 -536.449571 2.589405
v 77.436479 -537.401009 2.589405
v 77.527904 -537.315380 5.123295
v 77.606665 -537.241612 6.677236
v 77.703126 -537.151266 8.206830
v 77.953168 -536.917076 11.187447
v 78.284887 -536.606388 14.055714
v 78.699501 -536.218060 16.809954
v 78.986053 -535.949674 18.410524
v 79.299127 -535.656448 19.974612
v 79.637407 -535.339614 21.504029
v 78.403350 -537.987133 5.123295
v 78.454219 -537.891963 6.677236
v 78.516520 -537.775406 8.206830
v 78.678015 -537.473271 11.187447
v 78.892262 -537.072443 14.055714
v 79.160048 -536.571450 16.809954
v 79.345123 -536.225198 18.410524
v 79.547328 -535.846899 19.974612
v 79.765813 -535.438143 21.504029
v 79.697571 -535.394143 21.504029
v 79.415420 -535.761849 19.974612
v 79.154293 -536.102157 18.410524
v 78.915286 -536.413636 16.809954
v 78.569467 -536.864316 14.055714
v 78.292789 -537.224891 11.187447
v 78.084235 -537.496683 8.206830
v 78.003779 -537.601535 6.677236
v 77.938086 -537.687148 5.123295
v 79.427859 -538.465423 2.589405
v 79.448264 -538.341833 5.123295
v 79.465842 -538.235362 6.677236
v 79.487371 -538.104965 8.206830
v 79.543177 -537.766954 11.187447
v 79.617212 -537.318530 14.055714
v 79.709748 -536.758048 16.809954
v 79.773702 -536.370681 18.410524
v 79.843576 -535.947462 19.974612
v 79.919075 -535.490169 21.504029
v 79.840311 -535.470439 21.504029
v 79.691329 -535.909326 19.974612
v 79.553448 -536.315510 18.410524
v 79.427248 -536.687285 16.809954
v 79.244648 -537.225208 14.055714
v 79.098555 -537.655582 11.187447
v 78.988434 -537.979988 8.206830
v 78.945952 -538.105137 6.677236
v 78.911265 -538.207322 5.123295
v 78.871000 -538.325938 2.589405
vt 0.650389 -0.062303 0.000000
vt -0.000000 -0.062303 0.000000
vt 0.650389 -0.080103 0.000000
vt 0.000000 -0.080103 0.000000
vt 0.650389 0.080103 0.000000
vt 0.000000 0.080103 0.000000
vt 0.650389 0.062303 0.000000
vt -0.000000 0.062303 0.000000
vt 0.650389 0.044502 0.000000
vt -0.000000 0.044502 0.000000
vt 0.650389 0.026701 0.000000
vt 0.000000 0.026701 0.000000
vt 0.650389 0.008900 0.000000
vt 0.000000 0.008900 0.000000
vt 0.650389 -0.008900 0.000000
vt 0.000000 -0.008900 0.000000
vt 0.650389 -0.026701 0.000000
vt 0.000000 -0.026701 0.000000
vt 0.650389 -0.044502 0.000000
vt -0.000000 -0.044502 0.000000
vt -0.650389 0.062303 0.000000
vt -0.650389 0.080103 0.000000
vt -0.650389 -0.080103 0.000000
vt -0.650389 -0.062303 0.000000
vt -0.650389 -0.044502 0.000000
vt -0.650389 -0.026701 0.000000
vt -0.650389 -0.008900 0.000000
vt -0.650389 0.008900 0.000000
vt -0.650389 0.026701 0.000000
vt -0.650389 0.044502 0.000000
vt 0.002998 0.000000 0.000000
vt 0.002296 0.001927 0.000000
vt 0.002296 -0.001927 0.000000
vt 0.000521 -0.002952 0.000000
vt 0.000521 0.002952 0.000000
vt -0.001499 -0.002596 0.000000
vt -0.001499 0.002596 0.000000
vt -0.002817 -0.001025 0.000000
vt -0.002817 0.001025 0.000000
vt 0.625180 -0.054532 0.000000
vt 0.208393 -0.054532 0.000000
vt 0.625180 -0.070112 0.000000
vt 0.208393 -0.070112 0.000000
vt 0.625180 0.070112 0.000000
vt 0.208393 0.070112 0.000000
vt 0.625180 0.054532 0.000000
vt 0.208393 0.054532 0.000000
vt 0.625180 0.038951 0.000000
vt 0.208393 0.038951 0.000000
vt 0.625180 0.023371 0.000000
vt 0.208393 0.023371 0.000000
vt 0.625180 0.007790 0.000000
vt 0.208393 0.007790 0.000000
vt 0.625180 -0.007790 0.000000
vt 0.208393 -0.007790 0.000000
vt 0.625180 -0.023371 0.000000
vt 0.208393 -0.023371 0.000000
vt 0.625180 -0.038951 0.000000
vt 0.208393 -0.038951 0.000000
vt -0.625180 0.054532 0.000000
vt -0.208393 0.054532 0.000000
vt -0.625180 0.070112 0.000000
vt -0.208393 0.070112 0.000000
vt -0.625180 -0.070112 0.000000
vt -0.208393 -0.070112 0.000000
vt -0.625180 -0.054532 0.000000
vt -0.208393 -0.054532 0.000000
vt -0.625180 -0.038951 0.000000
vt -0.208393 -0.038951 0.000000
vt -0.625180 -0.023371 0.000000
vt -0.208393 -0.023371 0.000000
vt -0.625180 -0.007790 0.000000
vt -0.208393 -0.007790 0.000000
vt -0.625180 0.007790 0.000000
vt -0.208393 0.007790 0.000000
vt -0.625180 0.023371 0.000000
vt -0.208393 0.023371 0.000000
vt -0.625180 0.038951 0.000000
vt -0.208393 0.038951 0.000000
vt 0.000000 -0.091184 0.000000
vt -0.050000 -0.091184 0.000000
vt -0.000000 -0.117236 0.000000
vt -0.050000 -0.117236 0.000000
vt -0.000000 0.117236 0.000000
vt -0.050000 0.117236 0.000000
vt -0.000000 0.091184 0.000000
vt -0.050000 0.091184 0.000000
vt -0.000000 0.065131 0.000000
vt -0.050000 0.065131 0.000000
vt -0.000000 0.039079 0.000000
vt -0.050000 0.039079 0.000000
vt -0.000000 0.013026 0.000000
vt -0.050000 0.013026 0.000000
vt 0.000000 -0.013026 0.000000
vt -0.050000 -0.013026 0.000000
vt 0.000000 -0.039079 0.000000
vt -0.050000 -0.039079 0.000000
vt 0.000000 -0.065131 0.000000
vt -0.050000 -0.065131 0.000000
vt 0.007317 0.000000 0.000000
vt 0.005605 0.004704 0.000000
vt 0.005605 -0.004704 0.000000
vt 0.001271 -0.007206 0.000000
vt 0.001271 0.007206 0.000000
vt -0.003659 -0.006337 0.000000
vt -0.003659 0.006337 0.000000
vt -0.006876 -0.002503 0.000000
vt -0.006876 0.002503 0.000000
vt 0.650389 -0.061815 0.000000
vt 0.000000 -0.061815 0.000000
vt 0.650389 -0.079477 0.000000
vt 0.000000 -0.079477 0.000000
vt 0.650389 0.079477 0.000000
vt 0.000000 0.079477 0.000000
vt 0.650389 0.061815 0.000000
vt 0.000000 0.061815 0.000000
vt 0.650389 0.044154 0.000000
vt -0.000000 0.044154 0.000000
vt 0.650389 0.026492 0.000000
vt 0.000000 0.026492 0.000000
vt 0.650389 0.008831 0.000000
vt 0.000000 0.008831 0.000000
vt 0.650389 -0.008831 0.000000
vt 0.000000 -0.008831 0.000000
vt 0.650389 -0.026492 0.000000
vt 0.000000 -0.026492 0.000000
vt 0.650389 -0.044154 0.000000
vt -0.000000 -0.044154 0.000000
vt -0.650389 0.061815 0.000000
vt -0.650389 0.079477 0.000000
vt -0.650389 -0.079477 0.000000
vt -0.650389 -0.061815 0.000000
vt -0.650389 -0.044154 0.000000
vt -0.650389 -0.026492 0.000000
vt -0.650389 -0.008831 0.000000
vt -0.650389 0.008831 0.000000
vt -0.650389 0.026492 0.000000
vt -0.650389 0.044154 0.000000
vt 0.002798 0.000000 0.000000
vt 0.002144 0.001799 0.000000
vt 0.002144 -0.001799 0.000000
vt 0.000486 -0.002756 0.000000
vt 0.000486 0.002756 0.000000
vt -0.001399 -0.002423 0.000000
vt -0.001399 0.002423 0.000000
vt -0.002630 -0.000957 0.000000
vt -0.002630 0.000957 0.000000
vt 0.625720 -0.092274 0.000000
vt 0.000000 -0.092274 0.000000
vt 0.625720 -0.115342 0.000000
vt 0.000000 -0.115342 0.000000
vt 0.625720 0.115342 0.000000
vt 0.000000 0.115342 0.000000
vt 0.625720 0.092274 0.000000
vt 0.000000 0.092274 0.000000
vt 0.625720 0.069205 0.000000
vt 0.000000 0.069205 0.000000
vt 0.625720 0.046137 0.000000
vt 0.000000 0.046137 0.000000
vt 0.625720 0.023068 0.000000
vt 0.000000 0.023068 0.000000
vt 0.625720 0.000000 0.000000
vt 0.000000 0.000000 0.000000
vt 0.625720 -0.023068 0.000000
vt 0.000000 -0.023068 0.000000
vt 0.625720 -0.046137 0.000000
vt 0.000000 -0.046137 0.000000
vt 0.625720 -0.069205 0.000000
vt 0.000000 -0.069205 0.000000
vt -0.625720 0.089711 0.000000
vt -0.625720 0.115342 0.000000
vt -0.625720 -0.115342 0.000000
vt -0.625720 0.064079 0.000000
vt -0.625720 0.038447 0.000000
vt -0.625720 0.012816 0.000000
vt -0.625720 -0.012816 0.000000
vt -0.625720 -0.038447 0.000000
vt -0.625720 -0.064079 0.000000
vt -0.625720 -0.089711 0.000000
vt 0.000000 -0.167672 0.000000
vt -0.050000 -0.167672 0.000000
vt -0.000000 -0.209590 0.000000
vt -0.050000 -0.209590 0.000000
vt -0.000000 0.209590 0.000000
vt -0.050000 0.209590 0.000000
vt -0.000000 0.167672 0.000000
vt -0.050000 0.167672 0.000000
vt -0.000000 0.125754 0.000000
vt -0.050000 0.125754 0.000000
vt -0.000000 0.083836 0.000000
vt -0.050000 0.083836 0.000000
vt -0.000000 0.041918 0.000000
vt -0.050000 0.041918 0.000000
vt -0.000000 0.000000 0.000000
vt -0.050000 0.000000 0.000000
vt 0.000000 -0.041918 0.000000
vt -0.050000 -0.041918 0.000000
vt 0.000000 -0.083836 0.000000
vt -0.050000 -0.083836 0.000000
vt 0.000000 -0.125754 0.000000
vt -0.050000 -0.125754 0.000000
vt 0.006715 0.000000 0.000000
vt 0.005144 0.004316 0.000000
vt 0.005144 -0.004316 0.000000
vt 0.001166 -0.006613 0.000000
vt 0.001166 0.006613 0.000000
vt -0.003357 -0.005815 0.000000
vt -0.003357 0.005815 0.000000
vt -0.006310 -0.002297 0.000000
vt -0.006310 0.002297 0.000000
vt 0.625720 0.080191 0.000000
vt 0.625720 0.100239 0.000000
vt 0.000000 0.100239 0.000000
vt 0.000000 -0.100239 0.000000
vt 0.625720 -0.100239 0.000000
vt 0.625720 -0.080191 0.000000
vt 0.000000 -0.077964 0.000000
vt 0.625720 -0.060143 0.000000
vt 0.000000 -0.055688 0.000000
vt 0.625720 -0.040096 0.000000
vt 0.000000 -0.033413 0.000000
vt 0.625720 -0.020048 0.000000
vt 0.000000 -0.011138 0.000000
vt 0.625720 0.000000 0.000000
vt 0.000000 0.011138 0.000000
vt 0.625720 0.020048 0.000000
vt 0.000000 0.033413 0.000000
vt 0.625720 0.040096 0.000000
vt 0.000000 0.055688 0.000000
vt 0.625720 0.060143 0.000000
vt 0.000000 0.077964 0.000000
vt -0.625720 0.077964 0.000000
vt -0.625720 0.100239 0.000000
vt -0.625720 -0.100239 0.000000
vt -0.625720 -0.077964 0.000000
vt -0.625720 -0.055688 0.000000
vt -0.625720 -0.033413 0.000000
vt -0.625720 -0.011138 0.000000
vt -0.625720 0.011138 0.000000
vt -0.625720 0.033413 0.000000
vt -0.625720 0.055688 0.000000
vt 0.000000 -0.155589 0.000000
vt -0.050000 -0.155589 0.000000
vt -0.000000 -0.194487 0.000000
vt -0.050000 -0.194487 0.000000
vt -0.000000 0.194487 0.000000
vt -0.050000 0.194487 0.000000
vt -0.000000 0.155589 0.000000
vt -0.050000 0.155589 0.000000
vt -0.050000 0.116692 0.000000
vt 0.000000 -0.116692 0.000000
vt -0.050000 -0.116692 0.000000
vt 0.000000 -0.077795 0.000000
vt -0.050000 -0.077795 0.000000
vt 0.000000 -0.038897 0.000000
vt -0.050000 -0.038897 0.000000
vt -0.000000 0.000000 0.000000
vt -0.050000 0.000000 0.000000
vt -0.000000 0.038897 0.000000
vt -0.050000 0.038897 0.000000
vt -0.000000 0.077795 0.000000
vt -0.050000 0.077795 0.000000
vt -0.000000 0.116692 0.000000
vt 0.001907 0.000000 0.000000
vt 0.001461 0.001226 0.000000
vt 0.001461 -0.001226 0.000000
vt 0.000331 -0.001878 0.000000
vt 0.000331 0.001878 0.000000
vt -0.000954 -0.001652 0.000000
vt -0.000954 0.001652 0.000000
vt -0.001792 -0.000652 0.000000
vt -0.001792 0.000652 0.000000
vt -0.163232 0.477377 0.000000
vt -0.003973 0.469016 0.000000
vt -0.152002 0.508230 0.000000
vt -0.016715 0.508230 0.000000
vt -0.003973 0.547443 0.000000
vt -0.191665 0.460961 0.000000
vt -0.180870 0.317107 0.000000
vt -0.149916 0.294618 0.000000
vt 0.029384 0.444780 0.000000
vt -0.138093 0.258230 0.000000
vt 0.151104 0.311812 0.000000
vt 0.151104 0.286285 0.000000
vt 0.004470 0.142932 0.000000
vt 0.032786 0.126584 0.000000
vt -0.219130 0.317107 0.000000
vt -0.223999 0.466662 0.000000
vt -0.354583 0.409211 0.000000
vt -0.245103 0.491813 0.000000
vt -0.325857 0.507044 0.000000
vt -0.245103 0.524646 0.000000
vt -0.270732 0.592820 0.000000
vt -0.223999 0.549797 0.000000
vt -0.193674 0.659592 0.000000
vt -0.191665 0.555498 0.000000
vt -0.163232 0.539082 0.000000
vt -0.100925 0.701948 0.000000
vt -0.027729 0.137254 0.000000
vt -0.149916 0.221842 0.000000
vt -0.048746 0.112208 0.000000
vt -0.180870 0.199353 0.000000
vt -0.193674 0.056868 0.000000
vt -0.219130 0.199353 0.000000
vt -0.270732 0.123639 0.000000
vt -0.250084 0.221842 0.000000
vt -0.325857 0.209416 0.000000
vt -0.261907 0.258230 0.000000
vt -0.354583 0.307248 0.000000
vt -0.250084 0.294618 0.000000
vt 0.103973 0.469016 0.000000
vt 0.325857 0.507044 0.000000
vt 0.116715 0.508230 0.000000
vt 0.270732 0.592820 0.000000
vt 0.103973 0.547443 0.000000
vt 0.193674 0.659592 0.000000
vt 0.070616 0.571679 0.000000
vt 0.100925 0.701948 0.000000
vt 0.029384 0.571679 0.000000
vt -0.000000 0.716459 0.000000
vt 0.070616 0.444780 0.000000
vt 0.167512 0.331367 0.000000
vt 0.192651 0.335799 0.000000
vt 0.354583 0.409211 0.000000
vt 0.214757 0.323036 0.000000
vt 0.354583 0.307248 0.000000
vt 0.223488 0.299049 0.000000
vt 0.325857 0.209416 0.000000
vt 0.214757 0.275062 0.000000
vt 0.270732 0.123639 0.000000
vt 0.192651 0.262298 0.000000
vt 0.193674 0.056868 0.000000
vt 0.167512 0.266731 0.000000
vt 0.032786 0.065135 0.000000
vt 0.100925 0.014511 0.000000
vt 0.043968 0.095860 0.000000
vt 0.000000 0.000000 0.000000
vt 0.004470 0.048787 0.000000
vt -0.027729 0.054465 0.000000
vt -0.100925 0.014511 0.000000
vt -0.048746 0.079512 0.000000
vt 0.582756 0.000000 0.000000
vt 0.349654 0.077648 0.000000
vt 0.291378 0.000000 0.000000
vt 0.174827 0.077648 0.000000
vt 0.000000 0.077648 0.000000
vt 0.874134 0.000000 0.000000
vt 0.699307 0.077648 0.000000
vt 0.524480 0.077648 0.000000
vt 0.349654 0.116471 0.000000
vt 0.174827 0.116471 0.000000
vt 0.174827 0.155295 0.000000
vt 0.000000 0.155295 0.000000
vt 0.990685 0.077648 0.000000
vt 1.165512 0.000000 0.000000
vt 1.282063 0.077648 0.000000
vt 1.456890 0.000000 0.000000
vt 1.573441 0.077648 0.000000
vt 1.748268 0.000000 0.000000
vt 1.719130 0.077648 0.000000
vt 1.864819 0.077648 0.000000
vt 1.719130 0.116471 0.000000
vt 1.864819 0.116471 0.000000
vt 1.719130 0.155295 0.000000
vt 1.864819 0.155295 0.000000
vt 1.719130 0.194119 0.000000
vt 1.864819 0.194119 0.000000
vt 1.719130 0.232943 0.000000
vt 1.864819 0.232943 0.000000
vt 1.719130 0.271766 0.000000
vt 1.864819 0.271766 0.000000
vt 1.719130 0.310590 0.000000
vt 1.864819 0.310590 0.000000
vt 1.719130 0.349414 0.000000
vt 1.864819 0.349414 0.000000
vt 1.719130 0.388238 0.000000
vt 1.864819 0.388238 0.000000
vt 1.719130 0.465885 0.000000
vt 1.864819 0.465885 0.000000
vt 1.719130 0.504709 0.000000
vt 1.864819 0.504709 0.000000
vt 1.719130 0.543533 0.000000
vt 1.864819 0.543533 0.000000
vt 1.719130 0.582356 0.000000
vt 1.864819 0.582356 0.000000
vt 1.719130 0.621180 0.000000
vt 1.864819 0.621180 0.000000
vt 1.719130 0.664318 0.000000
vt 1.864819 0.664318 0.000000
vt 1.719130 0.707455 0.000000
vt 1.864819 0.707455 0.000000
vt 1.719130 0.750593 0.000000
vt 1.864819 0.750593 0.000000
vt 1.719130 0.793730 0.000000
vt 1.864819 0.793730 0.000000
vt 1.719130 0.836868 0.000000
vt 1.864819 0.836868 0.000000
vt 1.719130 0.880005 0.000000
vt 1.864819 0.880005 0.000000
vt 1.719130 0.923143 0.000000
vt 1.864819 0.923143 0.000000
vt 1.719130 0.966280 0.000000
vt 1.864819 0.966280 0.000000
vt 1.719130 1.009418 0.000000
vt 1.864819 1.009418 0.000000
vt 1.719130 1.052555 0.000000
vt 1.864819 1.052555 0.000000
vt 1.719130 1.095693 0.000000
vt 1.864819 1.095693 0.000000
vt 1.719130 1.138830 0.000000
vt 1.864819 1.138830 0.000000
vt 1.719130 1.181968 0.000000
vt 1.864819 1.181968 0.000000
vt 1.719130 1.225105 0.000000
vt 1.864819 1.225105 0.000000
vt 1.719130 1.268243 0.000000
vt 1.864819 1.268243 0.000000
vt 1.719130 1.311380 0.000000
vt 1.864819 1.311380 0.000000
vt 1.719130 1.354518 0.000000
vt 1.864819 1.354518 0.000000
vt 1.719130 1.397656 0.000000
vt 1.864819 1.397656 0.000000
vt 1.719130 1.440793 0.000000
vt 1.864819 1.440793 0.000000
vt 1.719130 1.483931 0.000000
vt 1.864819 1.483931 0.000000
vt 1.719130 1.527068 0.000000
vt 1.864819 1.527068 0.000000
vt 1.719130 1.570206 0.000000
vt 1.864819 1.570206 0.000000
vt 1.719130 1.613343 0.000000
vt 1.864819 1.613343 0.000000
vt 1.748268 1.656481 0.000000
vt 2.039646 1.656481 0.000000
vt 2.097921 1.613343 0.000000
vt 2.331024 1.656481 0.000000
vt 2.331024 1.581186 0.000000
vt 2.097921 1.570206 0.000000
vt 2.097921 1.527068 0.000000
vt 2.039646 0.000000 0.000000
vt 2.097921 0.077648 0.000000
vt 2.097921 0.116471 0.000000
vt 2.097921 0.155295 0.000000
vt 2.097921 0.194119 0.000000
vt 2.097921 0.232943 0.000000
vt 2.097921 0.271766 0.000000
vt 2.097921 0.310590 0.000000
vt 2.097921 0.349414 0.000000
vt 2.097921 0.388238 0.000000
vt 2.097921 0.465885 0.000000
vt 2.097921 0.504709 0.000000
vt 2.097921 0.543533 0.000000
vt 2.097921 0.582356 0.000000
vt 2.097921 0.621180 0.000000
vt 2.097921 0.664318 0.000000
vt 2.097921 0.707455 0.000000
vt 2.097921 0.750593 0.000000
vt 2.097921 0.793730 0.000000
vt 2.097921 0.836868 0.000000
vt 2.097921 0.880005 0.000000
vt 2.097921 0.923143 0.000000
vt 2.097921 0.966280 0.000000
vt 2.097921 1.009418 0.000000
vt 2.097921 1.052555 0.000000
vt 2.097921 1.095693 0.000000
vt 2.097921 1.138830 0.000000
vt 2.097921 1.181968 0.000000
vt 2.097921 1.225105 0.000000
vt 2.097921 1.268243 0.000000
vt 2.097921 1.311380 0.000000
vt 2.097921 1.354518 0.000000
vt 2.097921 1.397656 0.000000
vt 2.097921 1.440793 0.000000
vt 2.097921 1.483931 0.000000
vt 2.331024 0.000000 0.000000
vt 2.331024 0.075295 0.000000
vt 2.331024 0.150589 0.000000
vt 2.331024 0.225884 0.000000
vt 2.331024 0.301178 0.000000
vt 2.331024 0.376473 0.000000
vt 2.331024 0.451767 0.000000
vt 2.331024 0.527062 0.000000
vt 2.331024 0.602357 0.000000
vt 2.331024 0.677651 0.000000
vt 2.331024 0.752946 0.000000
vt 2.331024 0.828240 0.000000
vt 2.331024 0.903535 0.000000
vt 2.331024 0.978829 0.000000
vt 2.331024 1.054124 0.000000
vt 2.331024 1.129419 0.000000
vt 2.331024 1.204713 0.000000
vt 2.331024 1.280008 0.000000
vt 2.331024 1.355302 0.000000
vt 2.331024 1.430597 0.000000
vt 2.331024 1.505891 0.000000
vt 1.573441 1.613343 0.000000
vt 1.456890 1.656481 0.000000
vt 1.282063 1.613343 0.000000
vt 1.165512 1.656481 0.000000
vt 0.990685 1.613343 0.000000
vt 0.874134 1.656481 0.000000
vt 0.699307 1.613343 0.000000
vt 0.582756 1.656481 0.000000
vt 0.524480 1.613343 0.000000
vt 0.291378 1.656481 0.000000
vt 0.349654 1.613343 0.000000
vt 0.174827 1.613343 0.000000
vt 0.349654 1.570206 0.000000
vt 0.174827 1.570206 0.000000
vt 0.349654 1.527068 0.000000
vt 0.174827 1.527068 0.000000
vt 0.349654 1.483931 0.000000
vt 0.174827 1.483931 0.000000
vt 0.349654 1.440793 0.000000
vt 0.174827 1.440793 0.000000
vt 0.349654 1.397656 0.000000
vt 0.174827 1.397656 0.000000
vt 0.349654 1.354518 0.000000
vt 0.174827 1.354518 0.000000
vt 0.349654 1.311380 0.000000
vt 0.174827 1.311380 0.000000
vt 0.349654 1.268243 0.000000
vt 0.174827 1.268243 0.000000
vt 0.349654 1.225105 0.000000
vt 0.174827 1.225105 0.000000
vt 0.349654 1.181968 0.000000
vt 0.174827 1.181968 0.000000
vt 0.349654 1.138830 0.000000
vt 0.174827 1.138830 0.000000
vt 0.349654 1.095693 0.000000
vt 0.174827 1.095693 0.000000
vt 0.349654 1.052555 0.000000
vt 0.174827 1.052555 0.000000
vt 0.349654 1.009418 0.000000
vt 0.174827 1.009418 0.000000
vt 0.349654 0.966280 0.000000
vt 0.174827 0.966280 0.000000
vt 0.349654 0.923143 0.000000
vt 0.174827 0.923143 0.000000
vt 0.349654 0.880005 0.000000
vt 0.174827 0.880005 0.000000
vt 0.349654 0.836868 0.000000
vt 0.174827 0.836868 0.000000
vt 0.349654 0.793730 0.000000
vt 0.174827 0.793730 0.000000
vt 0.349654 0.750593 0.000000
vt 0.174827 0.750593 0.000000
vt 0.349654 0.707455 0.000000
vt 0.174827 0.707455 0.000000
vt 0.349654 0.664318 0.000000
vt 0.174827 0.664318 0.000000
vt 0.349654 0.621180 0.000000
vt 0.174827 0.621180 0.000000
vt 0.349654 0.582356 0.000000
vt 0.174827 0.582356 0.000000
vt 0.349654 0.543533 0.000000
vt 0.174827 0.543533 0.000000
vt 0.349654 0.504709 0.000000
vt 0.174827 0.504709 0.000000
vt 0.349654 0.465885 0.000000
vt 0.174827 0.465885 0.000000
vt 0.349654 0.388238 0.000000
vt 0.174827 0.388238 0.000000
vt 0.349654 0.349414 0.000000
vt 0.174827 0.349414 0.000000
vt 0.349654 0.310590 0.000000
vt 0.174827 0.310590 0.000000
vt 0.349654 0.271766 0.000000
vt 0.174827 0.271766 0.000000
vt 0.349654 0.232943 0.000000
vt 0.174827 0.232943 0.000000
vt 0.349654 0.194119 0.000000
vt 0.174827 0.194119 0.000000
vt 0.349654 0.155295 0.000000
vt 0.000000 1.656481 0.000000
vt 0.000000 1.613343 0.000000
vt 0.000000 1.570206 0.000000
vt 0.000000 1.527068 0.000000
vt 0.000000 1.483931 0.000000
vt 0.000000 1.440793 0.000000
vt 0.000000 1.397656 0.000000
vt 0.000000 1.354518 0.000000
vt 0.000000 1.311380 0.000000
vt 0.000000 1.268243 0.000000
vt 0.000000 1.225105 0.000000
vt 0.000000 1.181968 0.000000
vt 0.000000 1.138830 0.000000
vt 0.000000 1.052555 0.000000
vt 0.000000 1.009418 0.000000
vt 0.000000 0.966280 0.000000
vt 0.000000 0.923143 0.000000
vt 0.000000 0.880005 0.000000
vt 0.000000 0.836868 0.000000
vt 0.000000 0.793730 0.000000
vt 0.000000 0.750593 0.000000
vt 0.000000 0.707455 0.000000
vt 0.000000 0.664318 0.000000
vt 0.000000 0.621180 0.000000
vt 0.000000 0.582356 0.000000
vt 0.000000 0.504709 0.000000
vt 0.000000 0.465885 0.000000
vt 0.000000 0.388238 0.000000
vt 0.000000 0.349414 0.000000
vt 0.000000 0.310590 0.000000
vt 0.000000 0.271766 0.000000
vt 0.000000 0.232943 0.000000
vt 0.000000 0.194119 0.000000
vt 0.000000 0.116471 0.000000
vt 1.573441 0.116471 0.000000
vt 1.573441 0.155295 0.000000
vt 1.573441 0.194119 0.000000
vt 1.573441 0.232943 0.000000
vt 1.573441 0.271766 0.000000
vt 1.573441 0.310590 0.000000
vt 1.573441 0.349414 0.000000
vt 1.573441 0.388238 0.000000
vt 1.573441 0.465885 0.000000
vt 1.573441 0.504709 0.000000
vt 1.573441 0.543533 0.000000
vt 1.573441 0.582356 0.000000
vt 1.573441 0.621180 0.000000
vt 1.573441 0.664318 0.000000
vt 1.573441 0.707455 0.000000
vt 1.573441 0.750593 0.000000
vt 1.573441 0.793730 0.000000
vt 1.573441 0.836868 0.000000
vt 1.573441 0.880005 0.000000
vt 1.573441 0.923143 0.000000
vt 1.573441 0.966280 0.000000
vt 1.573441 1.009418 0.000000
vt 1.573441 1.052555 0.000000
vt 1.573441 1.095693 0.000000
vt 1.573441 1.138830 0.000000
vt 1.573441 1.181968 0.000000
vt 1.573441 1.225105 0.000000
vt 1.573441 1.268243 0.000000
vt 1.573441 1.311380 0.000000
vt 1.573441 1.354518 0.000000
vt 1.573441 1.397656 0.000000
vt 1.573441 1.440793 0.000000
vt 1.573441 1.483931 0.000000
vt 1.573441 1.527068 0.000000
vt 1.573441 1.570206 0.000000
vt 1.282063 0.116471 0.000000
vt 1.282063 0.155295 0.000000
vt 1.282063 0.194119 0.000000
vt 1.282063 0.232943 0.000000
vt 1.282063 0.271766 0.000000
vt 1.282063 0.310590 0.000000
vt 1.282063 0.349414 0.000000
vt 1.282063 0.388238 0.000000
vt 1.282063 0.465885 0.000000
vt 1.282063 0.504709 0.000000
vt 1.282063 0.543533 0.000000
vt 1.282063 0.582356 0.000000
vt 1.282063 0.621180 0.000000
vt 1.282063 0.664318 0.000000
vt 1.282063 0.707455 0.000000
vt 1.282063 0.750593 0.000000
vt 1.282063 0.793730 0.000000
vt 1.282063 0.836868 0.000000
vt 1.282063 0.880005 0.000000
vt 1.282063 0.923143 0.000000
vt 1.282063 0.966280 0.000000
vt 1.282063 1.009418 0.000000
vt 1.282063 1.052555 0.000000
vt 1.282063 1.095693 0.000000
vt 1.282063 1.138830 0.000000
vt 1.282063 1.181968 0.000000
vt 1.282063 1.225105 0.000000
vt 1.282063 1.268243 0.000000
vt 1.282063 1.311380 0.000000
vt 1.282063 1.354518 0.000000
vt 1.282063 1.397656 0.000000
vt 1.282063 1.440793 0.000000
vt 1.282063 1.483931 0.000000
vt 1.282063 1.527068 0.000000
vt 1.282063 1.570206 0.000000
vt 0.990685 0.116471 0.000000
vt 0.990685 0.155295 0.000000
vt 0.990685 0.194119 0.000000
vt 0.990685 0.232943 0.000000
vt 0.990685 0.271766 0.000000
vt 0.990685 0.310590 0.000000
vt 0.990685 0.349414 0.000000
vt 0.990685 0.388238 0.000000
vt 0.990685 0.465885 0.000000
vt 0.990685 0.504709 0.000000
vt 0.990685 0.543533 0.000000
vt 0.990685 0.582356 0.000000
vt 0.990685 0.621180 0.000000
vt 0.990685 0.664318 0.000000
vt 0.990685 0.707455 0.000000
vt 0.990685 0.750593 0.000000
vt 0.990685 0.793730 0.000000
vt 0.990685 0.836868 0.000000
vt 0.990685 0.880005 0.000000
vt 0.990685 0.923143 0.000000
vt 0.990685 0.966280 0.000000
vt 0.990685 1.009418 0.000000
vt 0.990685 1.052555 0.000000
vt 0.990685 1.095693 0.000000
vt 0.990685 1.138830 0.000000
vt 0.990685 1.181968 0.000000
vt 0.990685 1.225105 0.000000
vt 0.990685 1.268243 0.000000
vt 0.990685 1.311380 0.000000
vt 0.990685 1.354518 0.000000
vt 0.990685 1.397656 0.000000
vt 0.990685 1.440793 0.000000
vt 0.990685 1.483931 0.000000
vt 0.990685 1.527068 0.000000
vt 0.990685 1.570206 0.000000
vt 0.699307 0.116471 0.000000
vt 0.699307 0.155295 0.000000
vt 0.699307 0.194119 0.000000
vt 0.699307 0.232943 0.000000
vt 0.699307 0.271766 0.000000
vt 0.699307 0.310590 0.000000
vt 0.699307 0.349414 0.000000
vt 0.699307 0.388238 0.000000
vt 0.699307 0.465885 0.000000
vt 0.699307 0.504709 0.000000
vt 0.699307 0.543533 0.000000
vt 0.699307 0.582356 0.000000
vt 0.699307 0.621180 0.000000
vt 0.699307 0.664318 0.000000
vt 0.699307 0.707455 0.000000
vt 0.699307 0.750593 0.000000
vt 0.699307 0.793730 0.000000
vt 0.699307 0.836868 0.000000
vt 0.699307 0.880005 0.000000
vt 0.699307 0.923143 0.000000
vt 0.699307 0.966280 0.000000
vt 0.699307 1.009418 0.000000
vt 0.699307 1.052555 0.000000
vt 0.699307 1.095693 0.000000
vt 0.699307 1.138830 0.000000
vt 0.699307 1.181968 0.000000
vt 0.699307 1.225105 0.000000
vt 0.699307 1.268243 0.000000
vt 0.699307 1.311380 0.000000
vt 0.699307 1.354518 0.000000
vt 0.699307 1.397656 0.000000
vt 0.699307 1.440793 0.000000
vt 0.699307 1.483931 0.000000
vt 0.699307 1.527068 0.000000
vt 0.699307 1.570206 0.000000
vt 0.524480 0.116471 0.000000
vt 0.524480 0.155295 0.000000
vt 0.524480 0.194119 0.000000
vt 0.524480 0.232943 0.000000
vt 0.524480 0.271766 0.000000
vt 0.524480 0.310590 0.000000
vt 0.524480 0.349414 0.000000
vt 0.524480 0.388238 0.000000
vt 0.524480 0.465885 0.000000
vt 0.524480 0.504709 0.000000
vt 0.524480 0.543533 0.000000
vt 0.524480 0.582356 0.000000
vt 0.524480 0.621180 0.000000
vt 0.524480 0.664318 0.000000
vt 0.524480 0.707455 0.000000
vt 0.524480 0.750593 0.000000
vt 0.524480 0.793730 0.000000
vt 0.524480 0.836868 0.000000
vt 0.524480 0.880005 0.000000
vt 0.524480 0.923143 0.000000
vt 0.524480 0.966280 0.000000
vt 0.524480 1.009418 0.000000
vt 0.524480 1.052555 0.000000
vt 0.524480 1.095693 0.000000
vt 0.524480 1.138830 0.000000
vt 0.524480 1.181968 0.000000
vt 0.524480 1.225105 0.000000
vt 0.524480 1.268243 0.000000
vt 0.524480 1.311380 0.000000
vt 0.524480 1.354518 0.000000
vt 0.524480 1.397656 0.000000
vt 0.524480 1.440793 0.000000
vt 0.524480 1.483931 0.000000
vt 0.524480 1.527068 0.000000
vt 0.524480 1.570206 0.000000
vt 0.000000 0.543533 0.000000
vt 0.000000 1.095693 0.000000
vn -0.076559 0.064240 -0.003459
vn -0.076559 0.064240 -0.003459
vn -0.099940 0.000000 -0.003459
vn -0.099940 0.000000 -0.003459
vn -0.076559 -0.064240 -0.003459
vn -0.076559 -0.064240 -0.003459
vn -0.017354 -0.098422 -0.003459
vn -0.017354 -0.098422 -0.003459
vn 0.049970 -0.086551 -0.003459
vn 0.049970 -0.086551 -0.003459
vn 0.093913 -0.034182 -0.003459
vn 0.093913 -0.034182 -0.003459
vn 0.093913 0.034182 -0.003459
vn 0.093913 0.034182 -0.003459
vn 0.049970 0.086551 -0.003459
vn 0.049970 0.086551 -0.003459
vn -0.017354 0.098422 -0.003459
vn -0.017354 0.098422 -0.003459
vn -0.076559 -0.064240 -0.003459
vn -0.099940 -0.000000 -0.003459
vn -0.076559 0.064240 -0.003459
vn -0.017354 0.098422 -0.003459
vn 0.049970 0.086551 -0.003459
vn 0.093913 0.034182 -0.003459
vn 0.093913 -0.034182 -0.003459
vn 0.049970 -0.086551 -0.003459
vn -0.017354 -0.098422 -0.003459
vn 0.000000 0.000000 -0.100000
vn 0.000000 0.000000 -0.100000
vn 0.000000 0.000000 -0.100000
vn 0.000000 0.000000 -0.100000
vn 0.000000 0.000000 -0.100000
vn 0.000000 0.000000 -0.100000
vn 0.000000 0.000000 -0.100000
vn 0.000000 0.000000 -0.100000
vn 0.000000 0.000000 -0.100000
vn -0.076582 0.064260 -0.002399
vn -0.076582 0.064260 -0.002399
vn -0.099971 0.000000 -0.002399
vn -0.099971 0.000000 -0.002399
vn -0.076582 -0.064260 -0.002399
vn -0.076582 -0.064260 -0.002399
vn -0.017360 -0.098452 -0.002399
vn -0.017360 -0.098452 -0.002399
vn 0.049986 -0.086578 -0.002399
vn 0.049986 -0.086578 -0.002399
vn 0.093942 -0.034192 -0.002399
vn 0.093942 -0.034192 -0.002399
vn 0.093942 0.034192 -0.002399
vn 0.093942 0.034192 -0.002399
vn 0.049986 0.086578 -0.002399
vn 0.049986 0.086578 -0.002399
vn -0.017360 0.098452 -0.002399
vn -0.017360 0.098452 -0.002399
vn -0.076582 -0.064260 -0.002399
vn -0.076582 -0.064260 -0.002399
vn -0.099971 -0.000000 -0.002399
vn -0.099971 -0.000000 -0.002399
vn -0.076582 0.064260 -0.002399
vn -0.076582 0.064260 -0.002399
vn -0.017360 0.098452 -0.002399
vn -0.017360 0.098452 -0.002399
vn 0.049986 0.086578 -0.002399
vn 0.049986 0.086578 -0.002399
vn 0.093942 0.034192 -0.002399
vn 0.093942 0.034192 -0.002399
vn 0.093942 -0.034192 -0.002399
vn 0.093942 -0.034192 -0.002399
vn 0.049986 -0.086578 -0.002399
vn 0.049986 -0.086578 -0.002399
vn -0.017360 -0.098452 -0.002399
vn -0.017360 -0.098452 -0.002399
vn -0.076604 0.064279 -0.000000
vn -0.076604 0.064279 -0.000000
vn -0.100000 0.000000 -0.000000
vn -0.100000 0.000000 -0.000000
vn -0.076604 -0.064279 0.000000
vn -0.076604 -0.064279 0.000000
vn -0.017365 -0.098481 0.000000
vn -0.017365 -0.098481 0.000000
vn 0.050000 -0.086603 0.000000
vn 0.050000 -0.086603 0.000000
vn 0.093969 -0.034202 0.000000
vn 0.093969 -0.034202 0.000000
vn 0.093969 0.034202 0.000000
vn 0.093969 0.034202 0.000000
vn 0.050000 0.086603 0.000000
vn 0.050000 0.086603 0.000000
vn -0.017365 0.098481 -0.000000
vn -0.017365 0.098481 -0.000000
vn 0.000000 0.000000 -0.100000
vn 0.000000 0.000000 -0.100000
vn 0.000000 0.000000 -0.100000
vn 0.000000 0.000000 -0.100000
vn 0.000000 0.000000 -0.100000
vn 0.000000 0.000000 -0.100000
vn 0.000000 0.000000 -0.100000
vn 0.000000 0.000000 -0.100000
vn 0.000000 0.000000 -0.100000
vn -0.076559 0.064240 -0.003459
vn -0.076559 0.064240 -0.003459
vn -0.099940 0.000000 -0.003459
vn -0.099940 0.000000 -0.003459
vn -0.076559 -0.064240 -0.003459
vn -0.076559 -0.064240 -0.003459
vn -0.017354 -0.098422 -0.003459
vn -0.017354 -0.098422 -0.003459
vn 0.049970 -0.086551 -0.003459
vn 0.049970 -0.086551 -0.003459
vn 0.093913 -0.034182 -0.003459
vn 0.093913 -0.034182 -0.003459
vn 0.093913 0.034182 -0.003459
vn 0.093913 0.034182 -0.003459
vn 0.049970 0.086551 -0.003459
vn 0.049970 0.086551 -0.003459
vn -0.017354 0.098422 -0.003459
vn -0.017354 0.098422 -0.003459
vn -0.076559 -0.064240 -0.003459
vn -0.099940 -0.000000 -0.003459
vn -0.076559 0.064240 -0.003459
vn -0.017354 0.098422 -0.003459
vn 0.049970 0.086551 -0.003459
vn 0.093913 0.034182 -0.003459
vn 0.093913 -0.034182 -0.003459
vn 0.049970 -0.086551 -0.003459
vn -0.017354 -0.098422 -0.003459
vn 0.000000 0.000000 -0.100000
vn 0.000000 0.000000 -0.100000
vn 0.000000 0.000000 -0.100000
vn 0.000000 0.000000 -0.100000
vn 0.000000 0.000000 -0.100000
vn 0.000000 0.000000 -0.100000
vn 0.000000 0.000000 -0.100000
vn 0.000000 0.000000 -0.100000
vn 0.000000 0.000000 -0.100000
vn -0.080809 0.058711 -0.004794
vn -0.080809 0.058711 -0.004794
vn -0.099885 0.000000 -0.004794
vn -0.099885 0.000000 -0.004794
vn -0.080809 -0.058711 -0.004794
vn -0.080809 -0.058711 -0.004794
vn -0.030866 -0.094996 -0.004794
vn -0.030866 -0.094996 -0.004794
vn 0.030866 -0.094996 -0.004794
vn 0.030866 -0.094996 -0.004794
vn 0.080809 -0.058711 -0.004794
vn 0.080809 -0.058711 -0.004794
vn 0.099885 0.000000 -0.004794
vn 0.099885 0.000000 -0.004794
vn 0.080809 0.058711 -0.004794
vn 0.080809 0.058711 -0.004794
vn 0.030866 0.094996 -0.004794
vn 0.030866 0.094996 -0.004794
vn -0.030866 0.094996 -0.004794
vn -0.030866 0.094996 -0.004794
vn -0.076516 -0.064205 -0.004794
vn -0.099885 -0.000000 -0.004794
vn -0.017345 -0.098368 -0.004794
vn 0.049942 -0.086503 -0.004794
vn 0.093861 -0.034163 -0.004794
vn 0.093861 0.034163 -0.004794
vn 0.049942 0.086503 -0.004794
vn -0.017345 0.098368 -0.004794
vn -0.076516 0.064205 -0.004794
vn -0.080902 0.058779 -0.000000
vn -0.080902 0.058779 -0.000000
vn -0.100000 0.000000 -0.000000
vn -0.100000 0.000000 -0.000000
vn -0.080902 -0.058779 0.000000
vn -0.080902 -0.058779 0.000000
vn -0.030902 -0.095106 0.000000
vn -0.030902 -0.095106 0.000000
vn 0.030902 -0.095106 0.000000
vn 0.030902 -0.095106 0.000000
vn 0.080902 -0.058779 0.000000
vn 0.080902 -0.058779 0.000000
vn 0.100000 0.000000 0.000000
vn 0.100000 0.000000 0.000000
vn 0.080902 0.058779 0.000000
vn 0.080902 0.058779 0.000000
vn 0.030902 0.095106 0.000000
vn 0.030902 0.095106 0.000000
vn -0.030902 0.095106 -0.000000
vn -0.030902 0.095106 -0.000000
vn 0.000000 0.000000 -0.100000
vn 0.000000 0.000000 -0.100000
vn 0.000000 0.000000 -0.100000
vn 0.000000 0.000000 -0.100000
vn 0.000000 0.000000 -0.100000
vn 0.000000 0.000000 -0.100000
vn 0.000000 0.000000 -0.100000
vn 0.000000 0.000000 -0.100000
vn 0.000000 0.000000 -0.100000
vn -0.080809 -0.058711 -0.004794
vn -0.099885 -0.000000 -0.004794
vn -0.099885 -0.000000 -0.004794
vn -0.080809 0.058711 -0.004794
vn -0.076516 0.064205 -0.004794
vn -0.030866 0.094996 -0.004794
vn -0.017345 0.098368 -0.004794
vn 0.030866 0.094996 -0.004794
vn 0.049942 0.086503 -0.004794
vn 0.080809 0.058711 -0.004794
vn 0.093861 0.034163 -0.004794
vn 0.099885 0.000000 -0.004794
vn 0.093861 -0.034163 -0.004794
vn 0.080809 -0.058711 -0.004794
vn 0.049942 -0.086503 -0.004794
vn 0.030866 -0.094996 -0.004794
vn -0.017345 -0.098368 -0.004794
vn -0.030866 -0.094996 -0.004794
vn -0.076516 -0.064205 -0.004794
vn -0.076516 -0.064205 -0.004794
vn -0.099885 -0.000000 -0.004794
vn -0.076516 0.064205 -0.004794
vn -0.017345 0.098368 -0.004794
vn 0.049942 0.086503 -0.004794
vn 0.093861 0.034163 -0.004794
vn 0.093861 -0.034163 -0.004794
vn 0.049942 -0.086503 -0.004794
vn -0.017345 -0.098368 -0.004794
vn -0.080902 0.058779 -0.000000
vn -0.080902 0.058779 -0.000000
vn -0.100000 0.000000 -0.000000
vn -0.100000 0.000000 -0.000000
vn -0.080902 -0.058779 0.000000
vn -0.080902 -0.058779 0.000000
vn -0.030902 -0.095106 0.000000
vn -0.030902 0.095106 -0.000000
vn -0.030902 0.095106 -0.000000
vn 0.030902 0.095106 0.000000
vn 0.030902 0.095106 0.000000
vn 0.080902 0.058779 0.000000
vn 0.080902 0.058779 0.000000
vn 0.100000 0.000000 0.000000
vn 0.100000 0.000000 0.000000
vn 0.080902 -0.058779 0.000000
vn 0.080902 -0.058779 0.000000
vn 0.030902 -0.095106 0.000000
vn 0.030902 -0.095106 0.000000
vn -0.030902 -0.095106 0.000000
vn 0.000000 0.000000 -0.100000
vn 0.000000 0.000000 -0.100000
vn 0.000000 0.000000 -0.100000
vn 0.000000 0.000000 -0.100000
vn 0.000000 0.000000 -0.100000
vn 0.000000 0.000000 -0.100000
vn 0.000000 0.000000 -0.100000
vn 0.000000 0.000000 -0.100000
vn 0.000000 0.000000 -0.100000
vn 0.000000 0.000000 -0.100000
vn 0.000000 0.000000 -0.100000
vn 0.000000 0.000000 -0.100000
vn 0.000000 0.000000 -0.100000
vn 0.000000 0.000000 -0.100000
vn 0.000000 0.000000 -0.100000
vn 0.000000 0.000000 -0.100000
vn 0.000000 0.000000 -0.100000
vn 0.000000 0.000000 -0.100000
vn 0.000000 0.000000 -0.100000
vn 0.000000 0.000000 -0.100000
vn 0.000000 0.000000 -0.100000
vn 0.000000 0.000000 -0.100000
vn 0.000000 0.000000 -0.100000
vn 0.000000 0.000000 -0.100000
vn 0.000000 0.000000 -0.100000
vn 0.000000 0.000000 -0.100000
vn 0.000000 0.000000 -0.100000
vn 0.000000 0.000000 -0.100000
vn 0.000000 0.000000 -0.100000
vn 0.000000 0.000000 -0.100000
vn 0.000000 0.000000 -0.100000
vn 0.000000 0.000000 -0.100000
vn 0.000000 0.000000 -0.100000
vn 0.000000 0.000000 -0.100000
vn 0.000000 0.000000 -0.100000
vn 0.000000 0.000000 -0.100000
vn 0.000000 0.000000 -0.100000
vn 0.000000 0.000000 -0.100000
vn 0.000000 0.000000 -0.100000
vn 0.000000 0.000000 -0.100000
vn 0.000000 0.000000 -0.100000
vn 0.000000 0.000000 -0.100000
vn 0.000000 0.000000 -0.100000
vn 0.000000 0.000000 -0.100000
vn 0.000000 0.000000 -0.100000
vn 0.000000 0.000000 -0.100000
vn 0.000000 0.000000 -0.100000
vn 0.000000 0.000000 -0.100000
vn 0.000000 0.000000 -0.100000
vn 0.000000 0.000000 -0.100000
vn 0.000000 0.000000 -0.100000
vn 0.000000 0.000000 -0.100000
vn 0.000000 0.000000 -0.100000
vn 0.000000 0.000000 -0.100000
vn 0.000000 0.000000 -0.100000
vn 0.000000 0.000000 -0.100000
vn 0.000000 0.000000 -0.100000
vn 0.000000 0.000000 -0.100000
vn 0.000000 0.000000 -0.100000
vn 0.000000 0.000000 -0.100000
vn 0.000000 0.000000 -0.100000
vn 0.000000 0.000000 -0.100000
vn 0.000000 0.000000 -0.100000
vn 0.000000 0.000000 -0.100000
vn 0.000000 0.000000 -0.100000
vn 0.000000 0.000000 -0.100000
vn 0.000000 0.000000 -0.100000
vn 0.000000 0.000000 -0.100000
vn 0.000000 0.000000 -0.100000
vn 0.000000 0.000000 -0.100000
vn 0.000000 0.000000 -0.100000
vn 0.000000 0.000000 -0.100000
vn 0.000000 0.000000 -0.100000
vn 0.000000 0.000000 -0.100000
vn 0.000000 0.000000 -0.100000
vn 0.000000 0.000000 -0.100000
vn 0.000000 0.000000 -0.100000
vn 0.000000 0.000000 -0.100000
vn -0.000000 -0.097010 0.024272
vn 0.027889 -0.091939 0.027738
vn -0.000000 -0.095828 0.028585
vn 0.027667 -0.091206 0.030264
vn 0.027425 -0.090408 0.032775
vn -0.000000 -0.098029 0.019755
vn 0.028285 -0.093243 0.022487
vn 0.028095 -0.092618 0.025152
vn 0.041078 -0.086852 0.027738
vn 0.040750 -0.086160 0.030264
vn 0.052952 -0.079248 0.030264
vn 0.052488 -0.078554 0.032775
vn 0.028559 -0.094145 0.017918
vn 0.000000 -0.098838 0.015201
vn 0.028764 -0.094823 0.013459
vn 0.000000 -0.099392 0.011010
vn 0.028897 -0.095261 0.009499
vn 0.000000 -0.099725 0.007414
vn 0.028941 -0.095406 0.007747
vn 0.028974 -0.095514 0.006134
vn 0.042627 -0.090127 0.007747
vn 0.042675 -0.090229 0.006134
vn 0.055390 -0.082897 0.007747
vn 0.055452 -0.082990 0.006134
vn 0.066954 -0.073872 0.007747
vn 0.067029 -0.073956 0.006134
vn 0.077069 -0.063249 0.007747
vn 0.077155 -0.063320 0.006134
vn 0.085515 -0.051256 0.007747
vn 0.085611 -0.051313 0.006134
vn 0.092110 -0.038153 0.007747
vn 0.092214 -0.038196 0.006134
vn 0.096712 -0.024225 0.007747
vn 0.096820 -0.024252 0.006134
vn 0.099219 -0.009772 0.007747
vn 0.099331 -0.009783 0.006134
vn 0.097784 0.019450 0.007747
vn 0.097894 0.019472 0.006134
vn 0.093871 0.033588 0.007747
vn 0.093977 0.033626 0.006134
vn 0.087927 0.046998 0.007747
vn 0.088026 0.047051 0.006134
vn 0.080079 0.059391 0.007747
vn 0.080169 0.059458 0.006134
vn 0.070498 0.070498 0.007747
vn 0.070578 0.070578 0.006134
vn 0.058073 0.081040 0.007747
vn 0.058138 0.081132 0.006134
vn 0.044096 0.089418 0.007747
vn 0.044146 0.089518 0.006134
vn 0.028941 0.095406 0.007747
vn 0.028974 0.095514 0.006134
vn 0.013013 0.098847 0.007747
vn 0.013028 0.098958 0.006134
vn -0.003262 0.099646 0.007747
vn -0.003266 0.099758 0.006134
vn -0.019450 0.097784 0.007747
vn -0.019472 0.097894 0.006134
vn -0.035119 0.093309 0.007747
vn -0.035159 0.093414 0.006134
vn -0.049850 0.086342 0.007747
vn -0.049906 0.086439 0.006134
vn -0.063249 0.077069 0.007747
vn -0.063320 0.077155 0.006134
vn -0.074958 0.065736 0.007747
vn -0.075042 0.065810 0.006134
vn -0.084665 0.052648 0.007747
vn -0.084760 0.052707 0.006134
vn -0.092110 0.038153 0.007747
vn -0.092214 0.038196 0.006134
vn -0.097095 0.022639 0.007747
vn -0.097204 0.022665 0.006134
vn -0.099486 0.006521 0.007747
vn -0.099598 0.006528 0.006134
vn -0.099219 -0.009772 0.007747
vn -0.099331 -0.009783 0.006134
vn -0.096302 -0.025804 0.007747
vn -0.096411 -0.025833 0.006134
vn -0.090813 -0.041147 0.007747
vn -0.090915 -0.041193 0.006134
vn -0.082897 -0.055390 0.007747
vn -0.082990 -0.055452 0.006134
vn -0.072767 -0.068154 0.007747
vn -0.072849 -0.068230 0.006134
vn -0.060693 -0.079097 0.007747
vn -0.060761 -0.079186 0.006134
vn -0.046998 -0.087927 0.007747
vn -0.047051 -0.088026 0.006134
vn -0.032047 -0.094408 0.007747
vn -0.032083 -0.094515 0.006134
vn -0.016241 -0.098368 0.007747
vn -0.016259 -0.098479 0.006134
vn 0.000000 -0.099905 0.004354
vn -0.016278 -0.098593 0.003791
vn -0.000000 -0.099987 0.001642
vn -0.028169 -0.095936 0.001642
vn -0.032121 -0.094625 0.003791
vn -0.047106 -0.088129 0.003791
vn 0.029008 -0.095625 0.003791
vn 0.042725 -0.090334 0.003791
vn 0.055517 -0.083087 0.003791
vn 0.067108 -0.074042 0.003791
vn 0.077245 -0.063394 0.003791
vn 0.085711 -0.051373 0.003791
vn 0.092322 -0.038241 0.003791
vn 0.096933 -0.024281 0.003791
vn 0.099447 -0.009795 0.003791
vn 0.098008 0.019495 0.003791
vn 0.094087 0.033665 0.003791
vn 0.088129 0.047106 0.003791
vn 0.080263 0.059527 0.003791
vn 0.070660 0.070660 0.003791
vn 0.058206 0.081226 0.003791
vn 0.044197 0.089623 0.003791
vn 0.029008 0.095625 0.003791
vn 0.013043 0.099073 0.003791
vn -0.003270 0.099875 0.003791
vn -0.019495 0.098008 0.003791
vn -0.035200 0.093523 0.003791
vn -0.049964 0.086540 0.003791
vn -0.063394 0.077245 0.003791
vn -0.075130 0.065887 0.003791
vn -0.084859 0.052769 0.003791
vn -0.092322 0.038241 0.003791
vn -0.097318 0.022691 0.003791
vn -0.099714 0.006536 0.003791
vn -0.099447 -0.009795 0.003791
vn -0.096523 -0.025863 0.003791
vn -0.091021 -0.041241 0.003791
vn -0.083087 -0.055517 0.003791
vn -0.072934 -0.068310 0.003791
vn -0.060832 -0.079278 0.003791
vn 0.028169 -0.095936 0.001642
vn 0.054057 -0.084114 0.001642
vn 0.075565 -0.065477 0.001642
vn 0.090951 -0.041536 0.001642
vn 0.098969 -0.014230 0.001642
vn 0.098969 0.014230 0.001642
vn 0.090951 0.041536 0.001642
vn 0.075565 0.065477 0.001642
vn 0.054057 0.084114 0.001642
vn 0.028169 0.095936 0.001642
vn 0.000000 0.099987 0.001642
vn -0.028169 0.095936 0.001642
vn -0.054057 0.084114 0.001642
vn -0.075565 0.065477 0.001642
vn -0.090951 0.041536 0.001642
vn -0.098969 0.014230 0.001642
vn -0.098969 -0.014230 0.001642
vn -0.090951 -0.041536 0.001642
vn -0.075565 -0.065477 0.001642
vn -0.054057 -0.084114 0.001642
vn -0.016216 -0.098218 0.009499
vn -0.016141 -0.097767 0.013459
vn -0.016026 -0.097068 0.017918
vn -0.015872 -0.096137 0.022487
vn -0.015766 -0.095493 0.025152
vn -0.015650 -0.094793 0.027738
vn -0.015526 -0.094037 0.030264
vn -0.030883 -0.090977 0.027738
vn -0.030637 -0.090252 0.030264
vn -0.045290 -0.084732 0.027738
vn -0.044929 -0.084056 0.030264
vn -0.058487 -0.076222 0.027738
vn -0.058021 -0.075615 0.030264
vn -0.070123 -0.065677 0.027738
vn -0.069564 -0.065154 0.030264
vn -0.079884 -0.053377 0.027738
vn -0.079248 -0.052952 0.030264
vn -0.087512 -0.039651 0.027738
vn -0.086815 -0.039335 0.030264
vn -0.092802 -0.024866 0.027738
vn -0.092063 -0.024668 0.030264
vn -0.095614 -0.009417 0.027738
vn -0.094852 -0.009342 0.030264
vn -0.095870 0.006284 0.027738
vn -0.095106 0.006234 0.030264
vn -0.093566 0.021817 0.027738
vn -0.092821 0.021643 0.030264
vn -0.088763 0.036767 0.027738
vn -0.088055 0.036474 0.030264
vn -0.081588 0.050735 0.027738
vn -0.080938 0.050330 0.030264
vn -0.072234 0.063347 0.027738
vn -0.071658 0.062843 0.030264
vn -0.060950 0.074268 0.027738
vn -0.060464 0.073676 0.030264
vn -0.048038 0.083204 0.027738
vn -0.047655 0.082541 0.030264
vn -0.033843 0.089918 0.027738
vn -0.033573 0.089202 0.030264
vn -0.018744 0.094230 0.027738
vn -0.018594 0.093479 0.030264
vn -0.003144 0.096025 0.027738
vn -0.003118 0.095259 0.030264
vn 0.012540 0.095254 0.027738
vn 0.012441 0.094495 0.030264
vn 0.027889 0.091939 0.027738
vn 0.027667 0.091206 0.030264
vn 0.042493 0.086168 0.027738
vn 0.042155 0.085481 0.030264
vn 0.055962 0.078095 0.027738
vn 0.055516 0.077473 0.030264
vn 0.067936 0.067936 0.027738
vn 0.067395 0.067395 0.030264
vn 0.077169 0.057233 0.027738
vn 0.076554 0.056776 0.030264
vn 0.084732 0.045290 0.027738
vn 0.084056 0.044929 0.030264
vn 0.090460 0.032367 0.027738
vn 0.089739 0.032109 0.030264
vn 0.094230 0.018744 0.027738
vn 0.093479 0.018594 0.030264
vn 0.095614 -0.009417 0.027738
vn 0.094852 -0.009342 0.030264
vn 0.093197 -0.023345 0.027738
vn 0.092454 -0.023159 0.030264
vn 0.088763 -0.036767 0.027738
vn 0.088055 -0.036474 0.030264
vn 0.082407 -0.049393 0.027738
vn 0.081751 -0.048999 0.030264
vn 0.074268 -0.060950 0.027738
vn 0.073676 -0.060464 0.030264
vn 0.064521 -0.071188 0.027738
vn 0.064007 -0.070620 0.030264
vn 0.053377 -0.079884 0.027738
vn -0.000000 -0.094477 0.032775
vn -0.015390 -0.093215 0.032775
vn -0.030369 -0.089463 0.032775
vn -0.044536 -0.083321 0.032775
vn -0.057514 -0.074953 0.032775
vn -0.068955 -0.064583 0.032775
vn -0.078554 -0.052488 0.032775
vn -0.086055 -0.038991 0.032775
vn -0.091257 -0.024452 0.032775
vn -0.094022 -0.009260 0.032775
vn -0.094274 0.006179 0.032775
vn -0.092009 0.021453 0.032775
vn -0.087285 0.036155 0.032775
vn -0.071031 0.062293 0.032775
vn -0.059935 0.073031 0.032775
vn -0.047238 0.081819 0.032775
vn -0.033279 0.088421 0.032775
vn -0.018431 0.092661 0.032775
vn -0.003091 0.094426 0.032775
vn 0.012332 0.093668 0.032775
vn 0.027425 0.090408 0.032775
vn 0.041786 0.084733 0.032775
vn 0.055031 0.076795 0.032775
vn 0.066805 0.066805 0.032775
vn 0.075884 0.056280 0.032775
vn 0.088954 0.031828 0.032775
vn 0.092661 0.018431 0.032775
vn 0.094022 -0.009260 0.032775
vn 0.091645 -0.022956 0.032775
vn 0.087285 -0.036155 0.032775
vn 0.081035 -0.048571 0.032775
vn 0.073031 -0.059935 0.032775
vn 0.063447 -0.070003 0.032775
vn 0.040394 -0.085406 0.032775
vn 0.042562 -0.089990 0.009499
vn 0.055306 -0.082771 0.009499
vn 0.066852 -0.073760 0.009499
vn 0.076952 -0.063152 0.009499
vn 0.085385 -0.051178 0.009499
vn 0.091970 -0.038095 0.009499
vn 0.096565 -0.024188 0.009499
vn 0.099068 -0.009757 0.009499
vn 0.097635 0.019421 0.009499
vn 0.093729 0.033537 0.009499
vn 0.087793 0.046927 0.009499
vn 0.079958 0.059301 0.009499
vn 0.070391 0.070391 0.009499
vn 0.057984 0.080917 0.009499
vn 0.044029 0.089282 0.009499
vn 0.028897 0.095261 0.009499
vn 0.012994 0.098696 0.009499
vn -0.003257 0.099495 0.009499
vn -0.019421 0.097635 0.009499
vn -0.035066 0.093167 0.009499
vn -0.049774 0.086211 0.009499
vn -0.063152 0.076952 0.009499
vn -0.074844 0.065636 0.009499
vn -0.084536 0.052568 0.009499
vn -0.091970 0.038095 0.009499
vn -0.096947 0.022605 0.009499
vn -0.099335 0.006511 0.009499
vn -0.099068 -0.009757 0.009499
vn -0.096156 -0.025765 0.009499
vn -0.090675 -0.041084 0.009499
vn -0.082771 -0.055306 0.009499
vn -0.072656 -0.068050 0.009499
vn -0.060601 -0.078977 0.009499
vn -0.046927 -0.087793 0.009499
vn -0.031999 -0.094265 0.009499
vn 0.042366 -0.089576 0.013459
vn 0.055052 -0.082390 0.013459
vn 0.066545 -0.073421 0.013459
vn 0.076598 -0.062862 0.013459
vn 0.084992 -0.050942 0.013459
vn 0.091547 -0.037920 0.013459
vn 0.096120 -0.024077 0.013459
vn 0.098613 -0.009713 0.013459
vn 0.097186 0.019332 0.013459
vn 0.093298 0.033382 0.013459
vn 0.087390 0.046711 0.013459
vn 0.079590 0.059028 0.013459
vn 0.070067 0.070067 0.013459
vn 0.057718 0.080545 0.013459
vn 0.043826 0.088871 0.013459
vn 0.028764 0.094823 0.013459
vn 0.012934 0.098242 0.013459
vn -0.003242 0.099037 0.013459
vn -0.019332 0.097186 0.013459
vn -0.034904 0.092739 0.013459
vn -0.049545 0.085815 0.013459
vn -0.062862 0.076598 0.013459
vn -0.074500 0.065335 0.013459
vn -0.084148 0.052326 0.013459
vn -0.091547 0.037920 0.013459
vn -0.096502 0.022501 0.013459
vn -0.098878 0.006481 0.013459
vn -0.098613 -0.009713 0.013459
vn -0.095714 -0.025646 0.013459
vn -0.090258 -0.040895 0.013459
vn -0.082390 -0.055052 0.013459
vn -0.072322 -0.067737 0.013459
vn -0.060322 -0.078613 0.013459
vn -0.046711 -0.087390 0.013459
vn -0.031851 -0.093831 0.013459
vn 0.042064 -0.088936 0.017918
vn 0.054658 -0.081801 0.017918
vn 0.066069 -0.072896 0.017918
vn 0.076050 -0.062413 0.017918
vn 0.084385 -0.050578 0.017918
vn 0.090893 -0.037649 0.017918
vn 0.095433 -0.023905 0.017918
vn 0.097908 -0.009643 0.017918
vn 0.096491 0.019193 0.017918
vn 0.092631 0.033144 0.017918
vn 0.086765 0.046377 0.017918
vn 0.079021 0.058606 0.017918
vn 0.069566 0.069566 0.017918
vn 0.057305 0.079969 0.017918
vn 0.043513 0.088236 0.017918
vn 0.028559 0.094145 0.017918
vn 0.012841 0.097540 0.017918
vn -0.003219 0.098329 0.017918
vn -0.019193 0.096491 0.017918
vn -0.034655 0.092076 0.017918
vn -0.049191 0.085201 0.017918
vn -0.062413 0.076050 0.017918
vn -0.073967 0.064867 0.017918
vn -0.083546 0.051952 0.017918
vn -0.090893 0.037649 0.017918
vn -0.095812 0.022340 0.017918
vn -0.098171 0.006434 0.017918
vn -0.097908 -0.009643 0.017918
vn -0.095029 -0.025463 0.017918
vn -0.089612 -0.040603 0.017918
vn -0.081801 -0.054658 0.017918
vn -0.071805 -0.067253 0.017918
vn -0.059891 -0.078051 0.017918
vn -0.046377 -0.086765 0.017918
vn -0.031624 -0.093160 0.017918
vn 0.041660 -0.088084 0.022487
vn 0.054134 -0.081017 0.022487
vn 0.065436 -0.072197 0.022487
vn 0.075321 -0.061814 0.022487
vn 0.083576 -0.050094 0.022487
vn 0.090022 -0.037288 0.022487
vn 0.094519 -0.023676 0.022487
vn 0.096970 -0.009551 0.022487
vn 0.095567 0.019009 0.022487
vn 0.091743 0.032826 0.022487
vn 0.085933 0.045932 0.022487
vn 0.078264 0.058044 0.022487
vn 0.068900 0.068900 0.022487
vn 0.056756 0.079203 0.022487
vn 0.043096 0.087390 0.022487
vn 0.028285 0.093243 0.022487
vn 0.012718 0.096605 0.022487
vn -0.003188 0.097387 0.022487
vn -0.019009 0.095567 0.022487
vn -0.034323 0.091194 0.022487
vn -0.048719 0.084384 0.022487
vn -0.061814 0.075321 0.022487
vn -0.073258 0.064246 0.022487
vn -0.082745 0.051454 0.022487
vn -0.090022 0.037288 0.022487
vn -0.094893 0.022126 0.022487
vn -0.097230 0.006373 0.022487
vn -0.096970 -0.009551 0.022487
vn -0.094119 -0.025219 0.022487
vn -0.088753 -0.040214 0.022487
vn -0.081017 -0.054134 0.022487
vn -0.071117 -0.066608 0.022487
vn -0.059317 -0.077303 0.022487
vn -0.045932 -0.085933 0.022487
vn -0.031321 -0.092268 0.022487
vn 0.041381 -0.087493 0.025152
vn 0.053771 -0.080474 0.025152
vn 0.064997 -0.071713 0.025152
vn 0.074816 -0.061400 0.025152
vn 0.083016 -0.049758 0.025152
vn 0.089418 -0.037038 0.025152
vn 0.093885 -0.023517 0.025152
vn 0.096319 -0.009487 0.025152
vn 0.094926 0.018882 0.025152
vn 0.091128 0.032606 0.025152
vn 0.085357 0.045624 0.025152
vn 0.077739 0.057655 0.025152
vn 0.068438 0.068438 0.025152
vn 0.056375 0.078672 0.025152
vn 0.042807 0.086804 0.025152
vn 0.028095 0.092618 0.025152
vn 0.012633 0.095957 0.025152
vn -0.003167 0.096733 0.025152
vn -0.018882 0.094926 0.025152
vn -0.034093 0.090582 0.025152
vn -0.048393 0.083819 0.025152
vn -0.061400 0.074816 0.025152
vn -0.072767 0.063815 0.025152
vn -0.082190 0.051109 0.025152
vn -0.089418 0.037038 0.025152
vn -0.094257 0.021978 0.025152
vn -0.096578 0.006330 0.025152
vn -0.096319 -0.009487 0.025152
vn -0.093487 -0.025050 0.025152
vn -0.088158 -0.039944 0.025152
vn -0.080474 -0.053771 0.025152
vn -0.070640 -0.066162 0.025152
vn -0.058919 -0.076785 0.025152
vn -0.045624 -0.085357 0.025152
vn -0.031111 -0.091649 0.025152
vn 0.083321 0.044536 0.032775
vn -0.080230 0.049890 0.032775
usemtl Glass_-_Light_Color_(Blue)
f 2/1/1 20/2/2 1/3/3
f 1/3/3 20/2/2 19/4/4
f 1/5/3 19/6/4 9/7/5
f 9/7/5 19/6/4 27/8/6
f 9/7/5 27/8/6 8/9/7
f 8/9/7 27/8/6 26/10/8
f 8/9/7 26/10/8 7/11/9
f 7/11/9 26/10/8 25/12/10
f 7/11/9 25/12/10 6/13/11
f 6/13/11 25/12/10 24/14/12
f 6/13/11 24/14/12 5/15/13
f 5/15/13 24/14/12 23/16/14
f 5/15/13 23/16/14 4/17/15
f 4/17/15 23/16/14 22/18/16
f 4/17/15 22/18/16 3/19/17
f 3/19/17 22/18/16 21/20/18
f 3/19/17 21/20/18 2/1/1
f 2/1/1 21/20/18 20/2/2
f 11/21/19 27/8/6 10/22/20
f 10/22/20 27/8/6 19/6/4
f 10/23/20 19/4/4 18/24/21
f 18/24/21 19/4/4 20/2/2
f 18/24/21 20/2/2 17/25/22
f 17/25/22 20/2/2 21/20/18
f 17/25/22 21/20/18 16/26/23
f 16/26/23 21/20/18 22/18/16
f 16/26/23 22/18/16 15/27/24
f 15/27/24 22/18/16 23/16/14
f 15/27/24 23/16/14 14/28/25
f 14/28/25 23/16/14 24/14/12
f 14/28/25 24/14/12 13/29/26
f 13/29/26 24/14/12 25/12/10
f 13/29/26 25/12/10 12/30/27
f 12/30/27 25/12/10 26/10/8
f 12/30/27 26/10/8 11/21/19
f 11/21/19 26/10/8 27/8/6
f 10/31/28 18/32/29 11/33/30
f 11/33/30 18/32/29 12/34/31
f 12/34/31 18/32/29 17/35/32
f 12/34/31 17/35/32 13/36/33
f 13/36/33 17/35/32 16/37/34
f 13/36/33 16/37/34 14/38/35
f 14/38/35 16/37/34 15/39/36
f 29/40/37 48/41/38 28/42/39
f 28/42/39 48/41/38 46/43/40
f 28/44/39 46/45/40 36/46/41
f 36/46/41 46/45/40 62/47/42
f 36/46/41 62/47/42 35/48/43
f 35/48/43 62/47/42 60/49/44
f 35/48/43 60/49/44 34/50/45
f 34/50/45 60/49/44 58/51/46
f 34/50/45 58/51/46 33/52/47
f 33/52/47 58/51/46 56/53/48
f 33/52/47 56/53/48 32/54/49
f 32/54/49 56/53/48 54/55/50
f 32/54/49 54/55/50 31/56/51
f 31/56/51 54/55/50 52/57/52
f 31/56/51 52/57/52 30/58/53
f 30/58/53 52/57/52 50/59/54
f 30/58/53 50/59/54 29/40/37
f 29/40/37 50/59/54 48/41/38
f 38/60/55 63/61/56 37/62/57
f 37/62/57 63/61/56 47/63/58
f 37/64/57 47/65/58 45/66/59
f 45/66/59 47/65/58 49/67/60
f 45/66/59 49/67/60 44/68/61
f 44/68/61 49/67/60 51/69/62
f 44/68/61 51/69/62 43/70/63
f 43/70/63 51/69/62 53/71/64
f 43/70/63 53/71/64 42/72/65
f 42/72/65 53/71/64 55/73/66
f 42/72/65 55/73/66 41/74/67
f 41/74/67 55/73/66 57/75/68
f 41/74/67 57/75/68 40/76/69
f 40/76/69 57/75/68 59/77/70
f 40/76/69 59/77/70 39/78/71
f 39/78/71 59/77/70 61/79/72
f 39/78/71 61/79/72 38/60/55
f 38/60/55 61/79/72 63/61/56
f 46/45/40 47/63/58 62/47/42
f 62/47/42 47/63/58 63/61/56
f 62/47/42 63/61/56 60/49/44
f 60/49/44 63/61/56 61/79/72
f 60/49/44 61/79/72 58/51/46
f 58/51/46 61/79/72 59/77/70
f 58/51/46 59/77/70 56/53/48
f 56/53/48 59/77/70 57/75/68
f 56/53/48 57/75/68 54/55/50
f 54/55/50 57/75/68 55/73/66
f 54/55/50 55/73/66 52/57/52
f 52/57/52 55/73/66 53/71/64
f 52/57/52 53/71/64 50/59/54
f 50/59/54 53/71/64 51/69/62
f 50/59/54 51/69/62 48/41/38
f 48/41/38 51/69/62 49/67/60
f 48/41/38 49/67/60 46/43/40
f 46/43/40 49/67/60 47/65/58
f 65/80/73 29/81/74 64/82/75
f 64/82/75 29/81/74 28/83/76
f 64/84/75 28/85/76 72/86/77
f 72/86/77 28/85/76 36/87/78
f 72/86/77 36/87/78 71/88/79
f 71/88/79 36/87/78 35/89/80
f 71/88/79 35/89/80 70/90/81
f 70/90/81 35/89/80 34/91/82
f 70/90/81 34/91/82 69/92/83
f 69/92/83 34/91/82 33/93/84
f 69/92/83 33/93/84 68/94/85
f 68/94/85 33/93/84 32/95/86
f 68/94/85 32/95/86 67/96/87
f 67/96/87 32/95/86 31/97/88
f 67/96/87 31/97/88 66/98/89
f 66/98/89 31/97/88 30/99/90
f 66/98/89 30/99/90 65/80/73
f 65/80/73 30/99/90 29/81/74
f 37/100/91 45/101/92 38/102/93
f 38/102/93 45/101/92 39/103/94
f 39/103/94 45/101/92 44/104/95
f 39/103/94 44/104/95 40/105/96
f 40/105/96 44/104/95 43/106/97
f 40/105/96 43/106/97 41/107/98
f 41/107/98 43/106/97 42/108/99
f 74/109/100 92/110/101 73/111/102
f 73/111/102 92/110/101 91/112/103
f 73/113/102 91/114/103 81/115/104
f 81/115/104 91/114/103 99/116/105
f 81/115/104 99/116/105 80/117/106
f 80/117/106 99/116/105 98/118/107
f 80/117/106 98/118/107 79/119/108
f 79/119/108 98/118/107 97/120/109
f 79/119/108 97/120/109 78/121/110
f 78/121/110 97/120/109 96/122/111
f 78/121/110 96/122/111 77/123/112
f 77/123/112 96/122/111 95/124/113
f 77/123/112 95/124/113 76/125/114
f 76/125/114 95/124/113 94/126/115
f 76/125/114 94/126/115 75/127/116
f 75/127/116 94/126/115 93/128/117
f 75/127/116 93/128/117 74/109/100
f 74/109/100 93/128/117 92/110/101
f 83/129/118 99/116/105 82/130/119
f 82/130/119 99/116/105 91/114/103
f 82/131/119 91/112/103 90/132/120
f 90/132/120 91/112/103 92/110/101
f 90/132/120 92/110/101 89/133/121
f 89/133/121 92/110/101 93/128/117
f 89/133/121 93/128/117 88/134/122
f 88/134/122 93/128/117 94/126/115
f 88/134/122 94/126/115 87/135/123
f 87/135/123 94/126/115 95/124/113
f 87/135/123 95/124/113 86/136/124
f 86/136/124 95/124/113 96/122/111
f 86/136/124 96/122/111 85/137/125
f 85/137/125 96/122/111 97/120/109
f 85/137/125 97/120/109 84/138/126
f 84/138/126 97/120/109 98/118/107
f 84/138/126 98/118/107 83/129/118
f 83/129/118 98/118/107 99/116/105
f 82/139/127 90/140/128 83/141/129
f 83/141/129 90/140/128 84/142/130
f 84/142/130 90/140/128 89/143/131
f 84/142/130 89/143/131 85/144/132
f 85/144/132 89/143/131 88/145/133
f 85/144/132 88/145/133 86/146/134
f 86/146/134 88/145/133 87/147/135
f 101/148/136 120/149/137 100/150/138
f 100/150/138 120/149/137 119/151/139
f 100/152/138 119/153/139 109/154/140
f 109/154/140 119/153/139 128/155/141
f 109/154/140 128/155/141 108/156/142
f 108/156/142 128/155/141 127/157/143
f 108/156/142 127/157/143 107/158/144
f 107/158/144 127/157/143 126/159/145
f 107/158/144 126/159/145 106/160/146
f 106/160/146 126/159/145 125/161/147
f 106/160/146 125/161/147 105/162/148
f 105/162/148 125/161/147 124/163/149
f 105/162/148 124/163/149 104/164/150
f 104/164/150 124/163/149 123/165/151
f 104/164/150 123/165/151 103/166/152
f 103/166/152 123/165/151 122/167/153
f 103/166/152 122/167/153 102/168/154
f 102/168/154 122/167/153 121/169/155
f 102/168/154 121/169/155 101/148/136
f 101/148/136 121/169/155 120/149/137
f 111/170/156 128/155/141 110/171/157
f 110/171/157 128/155/141 119/153/139
f 110/172/157 119/151/139 120/149/137
f 128/155/141 111/170/156 127/157/143
f 127/157/143 111/170/156 112/173/158
f 127/157/143 112/173/158 126/159/145
f 126/159/145 112/173/158 113/174/159
f 126/159/145 113/174/159 125/161/147
f 125/161/147 113/174/159 114/175/160
f 125/161/147 114/175/160 124/163/149
f 124/163/149 114/175/160 115/176/161
f 124/163/149 115/176/161 123/165/151
f 123/165/151 115/176/161 116/177/162
f 123/165/151 116/177/162 122/167/153
f 122/167/153 116/177/162 117/178/163
f 122/167/153 117/178/163 121/169/155
f 121/169/155 117/178/163 118/179/164
f 121/169/155 118/179/164 120/149/137
f 120/149/137 118/179/164 110/172/157
f 130/180/165 101/181/166 129/182/167
f 129/182/167 101/181/166 100/183/168
f 129/184/167 100/185/168 138/186/169
f 138/186/169 100/185/168 109/187/170
f 138/186/169 109/187/170 137/188/171
f 137/188/171 109/187/170 108/189/172
f 137/188/171 108/189/172 136/190/173
f 136/190/173 108/189/172 107/191/174
f 136/190/173 107/191/174 135/192/175
f 135/192/175 107/191/174 106/193/176
f 135/192/175 106/193/176 134/194/177
f 134/194/177 106/193/176 105/195/178
f 134/194/177 105/195/178 133/196/179
f 133/196/179 105/195/178 104/197/180
f 133/196/179 104/197/180 132/198/181
f 132/198/181 104/197/180 103/199/182
f 132/198/181 103/199/182 131/200/183
f 131/200/183 103/199/182 102/201/184
f 131/200/183 102/201/184 130/180/165
f 130/180/165 102/201/184 101/181/166
f 110/202/185 118/203/186 111/204/187
f 111/204/187 118/203/186 112/205/188
f 112/205/188 118/203/186 117/206/189
f 112/205/188 117/206/189 113/207/190
f 113/207/190 117/206/189 116/208/191
f 113/207/190 116/208/191 114/209/192
f 114/209/192 116/208/191 115/210/193
f 148/211/194 139/212/195 158/213/196
f 158/214/196 139/215/195 140/216/197
f 158/214/196 140/216/197 159/217/198
f 159/217/198 140/216/197 141/218/199
f 159/217/198 141/218/199 160/219/200
f 160/219/200 141/218/199 142/220/201
f 160/219/200 142/220/201 161/221/202
f 161/221/202 142/220/201 143/222/203
f 161/221/202 143/222/203 162/223/204
f 162/223/204 143/222/203 144/224/205
f 162/223/204 144/224/205 163/225/206
f 163/225/206 144/224/205 145/226/207
f 163/225/206 145/226/207 164/227/208
f 164/227/208 145/226/207 146/228/209
f 164/227/208 146/228/209 165/229/210
f 165/229/210 146/228/209 147/230/211
f 165/229/210 147/230/211 166/231/212
f 166/231/212 147/230/211 148/211/194
f 166/231/212 148/211/194 158/213/196
f 150/232/213 166/231/212 149/233/214
f 149/233/214 166/231/212 158/213/196
f 149/234/214 158/214/196 157/235/215
f 157/235/215 158/214/196 159/217/198
f 157/235/215 159/217/198 156/236/216
f 156/236/216 159/217/198 160/219/200
f 156/236/216 160/219/200 155/237/217
f 155/237/217 160/219/200 161/221/202
f 155/237/217 161/221/202 154/238/218
f 154/238/218 161/221/202 162/223/204
f 154/238/218 162/223/204 153/239/219
f 153/239/219 162/223/204 163/225/206
f 153/239/219 163/225/206 152/240/220
f 152/240/220 163/225/206 164/227/208
f 152/240/220 164/227/208 151/241/221
f 151/241/221 164/227/208 165/229/210
f 151/241/221 165/229/210 150/232/213
f 150/232/213 165/229/210 166/231/212
f 168/242/222 140/243/223 167/244/224
f 167/244/224 140/243/223 139/245/225
f 167/246/224 139/247/225 176/248/226
f 176/248/226 139/247/225 148/249/227
f 176/248/226 148/249/227 147/250/228
f 168/242/222 169/251/229 140/243/223
f 140/243/223 169/251/229 141/252/230
f 141/252/230 169/251/229 170/253/231
f 141/252/230 170/253/231 142/254/232
f 142/254/232 170/253/231 171/255/233
f 142/254/232 171/255/233 143/256/234
f 143/256/234 171/255/233 172/257/235
f 143/256/234 172/257/235 144/258/236
f 144/258/236 172/257/235 173/259/237
f 144/258/236 173/259/237 145/260/238
f 145/260/238 173/259/237 174/261/239
f 145/260/238 174/261/239 146/262/240
f 146/262/240 174/261/239 175/263/241
f 146/262/240 175/263/241 147/250/228
f 147/250/228 175/263/241 176/248/226
f 149/264/242 157/265/243 150/266/244
f 150/266/244 157/265/243 151/267/245
f 151/267/245 157/265/243 156/268/246
f 151/267/245 156/268/246 152/269/247
f 152/269/247 156/268/246 155/270/248
f 152/269/247 155/270/248 153/271/249
f 153/271/249 155/270/248 154/272/250
usemtl Brass_-_Polished_(1)
f 9/273/251 135/274/252 1/275/253
f 1/275/253 135/274/252 134/276/254
f 1/275/253 134/276/254 133/277/255
f 8/278/256 169/279/257 9/273/251
f 9/273/251 169/279/257 168/280/258
f 9/273/251 168/280/258 135/274/252
f 135/274/252 168/280/258 136/281/259
f 136/281/259 168/280/258 167/282/260
f 136/281/259 167/282/260 68/283/261
f 68/283/261 167/282/260 69/284/262
f 69/284/262 167/282/260 75/285/263
f 69/284/262 75/285/263 74/286/264
f 169/279/257 8/278/256 170/287/265
f 170/287/265 8/278/256 7/288/266
f 170/287/265 7/288/266 193/289/267
f 193/289/267 7/288/266 6/290/268
f 193/289/267 6/290/268 192/291/269
f 192/291/269 6/290/268 5/292/270
f 192/291/269 5/292/270 191/293/271
f 191/293/271 5/292/270 4/294/272
f 191/293/271 4/294/272 190/295/273
f 190/295/273 4/294/272 3/296/274
f 190/295/273 3/296/274 2/297/275
f 1/275/253 133/277/255 2/297/275
f 2/297/275 133/277/255 189/298/276
f 2/297/275 189/298/276 190/295/273
f 75/285/263 167/282/260 76/299/277
f 76/299/277 167/282/260 176/300/278
f 76/299/277 176/300/278 77/301/279
f 77/301/279 176/300/278 175/302/280
f 77/301/279 175/302/280 197/303/281
f 197/303/281 175/302/280 174/304/282
f 197/303/281 174/304/282 196/305/283
f 196/305/283 174/304/282 173/306/284
f 196/305/283 173/306/284 195/307/285
f 195/307/285 173/306/284 172/308/286
f 195/307/285 172/308/286 194/309/287
f 194/309/287 172/308/286 171/310/288
f 194/309/287 171/310/288 193/289/267
f 193/289/267 171/310/288 170/287/265
f 138/311/289 184/312/290 129/313/291
f 129/313/291 184/312/290 185/314/292
f 129/313/291 185/314/292 130/315/293
f 130/315/293 185/314/292 186/316/294
f 130/315/293 186/316/294 131/317/295
f 131/317/295 186/316/294 187/318/296
f 131/317/295 187/318/296 132/319/297
f 132/319/297 187/318/296 188/320/298
f 132/319/297 188/320/298 189/298/276
f 137/321/299 67/322/300 138/311/289
f 138/311/289 67/322/300 66/323/301
f 138/311/289 66/323/301 184/312/290
f 184/312/290 66/323/301 183/324/302
f 183/324/302 66/323/301 65/325/303
f 183/324/302 65/325/303 182/326/304
f 182/326/304 65/325/303 64/327/305
f 182/326/304 64/327/305 181/328/306
f 181/328/306 64/327/305 72/329/307
f 181/328/306 72/329/307 180/330/308
f 180/330/308 72/329/307 71/331/309
f 180/330/308 71/331/309 179/332/310
f 179/332/310 71/331/309 70/333/311
f 179/332/310 70/333/311 74/286/264
f 74/286/264 70/333/311 69/284/262
f 67/322/300 137/321/299 68/283/261
f 68/283/261 137/321/299 136/281/259
f 133/277/255 132/319/297 189/298/276
f 81/334/312 178/335/313 73/336/314
f 73/336/314 178/335/313 179/332/310
f 73/336/314 179/332/310 74/286/264
f 178/335/313 81/334/312 177/337/315
f 177/337/315 81/334/312 80/338/316
f 177/337/315 80/338/316 79/339/317
f 177/337/315 79/339/317 198/340/318
f 198/340/318 79/339/317 78/341/319
f 198/340/318 78/341/319 197/303/281
f 197/303/281 78/341/319 77/301/279
f 201/342/320 231/343/321 200/344/322
f 200/344/322 231/343/321 232/345/323
f 200/344/322 232/345/323 199/346/324
f 202/347/325 229/348/326 201/342/320
f 201/342/320 229/348/326 230/349/327
f 201/342/320 230/349/327 231/343/321
f 231/343/321 230/349/327 244/350/328
f 231/343/321 244/350/328 243/351/329
f 243/351/329 244/350/328 242/352/330
f 243/351/329 242/352/330 199/353/331
f 229/348/326 202/347/325 228/354/332
f 228/354/332 202/347/325 203/355/333
f 228/354/332 203/355/333 227/356/334
f 227/356/334 203/355/333 204/357/335
f 227/356/334 204/357/335 226/358/336
f 226/358/336 204/357/335 205/359/337
f 226/358/336 205/359/337 225/360/338
f 225/360/338 205/359/337 224/361/339
f 225/360/338 224/361/339 250/362/340
f 250/362/340 224/361/339 251/363/341
f 250/362/340 251/363/341 235/364/342
f 235/364/342 251/363/341 234/365/343
f 235/364/342 234/365/343 269/366/344
f 269/366/344 234/365/343 270/367/345
f 269/366/344 270/367/345 254/368/346
f 254/368/346 270/367/345 253/369/347
f 254/368/346 253/369/347 288/370/348
f 288/370/348 253/369/347 289/371/349
f 288/370/348 289/371/349 273/372/350
f 273/372/350 289/371/349 272/373/351
f 273/372/350 272/373/351 307/374/352
f 307/374/352 272/373/351 308/375/353
f 307/374/352 308/375/353 292/376/354
f 292/376/354 308/375/353 291/377/355
f 292/376/354 291/377/355 311/378/356
f 311/378/356 291/377/355 310/379/357
f 311/378/356 310/379/357 336/380/358
f 336/380/358 310/379/357 337/381/359
f 336/380/358 337/381/359 321/382/360
f 321/382/360 337/381/359 320/383/361
f 321/382/360 320/383/361 354/384/362
f 354/384/362 320/383/361 355/385/363
f 354/384/362 355/385/363 339/386/364
f 339/386/364 355/385/363 338/387/365
f 339/386/364 338/387/365 372/388/366
f 372/388/366 338/387/365 373/389/367
f 372/388/366 373/389/367 357/390/368
f 357/390/368 373/389/367 356/391/369
f 357/390/368 356/391/369 392/392/370
f 392/392/370 356/391/369 393/393/371
f 392/392/370 393/393/371 377/394/372
f 377/394/372 393/393/371 376/395/373
f 377/394/372 376/395/373 397/396/374
f 397/396/374 376/395/373 396/397/375
f 397/396/374 396/397/375 421/398/376
f 421/398/376 396/397/375 422/399/377
f 421/398/376 422/399/377 406/400/378
f 406/400/378 422/399/377 405/401/379
f 406/400/378 405/401/379 439/402/380
f 439/402/380 405/401/379 440/403/381
f 439/402/380 440/403/381 424/404/382
f 424/404/382 440/403/381 423/405/383
f 424/404/382 423/405/383 459/406/384
f 459/406/384 423/405/383 460/407/385
f 459/406/384 460/407/385 444/408/386
f 444/408/386 460/407/385 443/409/387
f 444/408/386 443/409/387 464/410/388
f 464/410/388 443/409/387 463/411/389
f 464/410/388 463/411/389 488/412/390
f 488/412/390 463/411/389 489/413/391
f 488/412/390 489/413/391 473/414/392
f 473/414/392 489/413/391 472/415/393
f 473/414/392 472/415/393 506/416/394
f 506/416/394 472/415/393 507/417/395
f 506/416/394 507/417/395 491/418/396
f 491/418/396 507/417/395 490/419/397
f 491/418/396 490/419/397 526/420/398
f 526/420/398 490/419/397 527/421/399
f 526/420/398 527/421/399 511/422/400
f 511/422/400 527/421/399 510/423/401
f 511/422/400 510/423/401 531/424/402
f 531/424/402 510/423/401 530/425/403
f 531/424/402 530/425/403 555/426/404
f 555/426/404 530/425/403 556/427/405
f 555/426/404 556/427/405 540/428/406
f 540/428/406 556/427/405 539/429/407
f 540/428/406 539/429/407 574/430/408
f 574/430/408 539/429/407 575/431/409
f 574/430/408 575/431/409 559/432/410
f 559/432/410 575/431/409 558/433/411
f 559/432/410 558/433/411 205/434/337
f 205/434/337 558/433/411 206/435/412
f 206/435/412 558/433/411 557/436/413
f 206/435/412 557/436/413 177/437/414
f 177/437/414 557/436/413 178/438/415
f 178/438/415 557/436/413 576/439/416
f 178/438/415 576/439/416 222/440/417
f 222/440/417 576/439/416 575/431/409
f 222/440/417 575/431/409 539/429/407
f 205/359/337 206/441/412 224/361/339
f 224/361/339 206/441/412 223/442/418
f 224/361/339 223/442/418 251/363/341
f 251/363/341 223/442/418 207/443/419
f 251/363/341 207/443/419 234/365/343
f 234/365/343 207/443/419 233/444/420
f 234/365/343 233/444/420 270/367/345
f 270/367/345 233/444/420 208/445/421
f 270/367/345 208/445/421 253/369/347
f 253/369/347 208/445/421 252/446/422
f 253/369/347 252/446/422 289/371/349
f 289/371/349 252/446/422 209/447/423
f 289/371/349 209/447/423 272/373/351
f 272/373/351 209/447/423 271/448/424
f 272/373/351 271/448/424 308/375/353
f 308/375/353 271/448/424 210/449/425
f 308/375/353 210/449/425 291/377/355
f 291/377/355 210/449/425 290/450/426
f 291/377/355 290/450/426 310/379/357
f 310/379/357 290/450/426 309/451/427
f 310/379/357 309/451/427 337/381/359
f 337/381/359 309/451/427 211/452/428
f 337/381/359 211/452/428 320/383/361
f 320/383/361 211/452/428 319/453/429
f 320/383/361 319/453/429 355/385/363
f 355/385/363 319/453/429 212/454/430
f 355/385/363 212/454/430 338/387/365
f 338/387/365 212/454/430 213/455/431
f 338/387/365 213/455/431 373/389/367
f 373/389/367 213/455/431 374/456/432
f 373/389/367 374/456/432 356/391/369
f 356/391/369 374/456/432 214/457/433
f 356/391/369 214/457/433 393/393/371
f 393/393/371 214/457/433 394/458/434
f 393/393/371 394/458/434 376/395/373
f 376/395/373 394/458/434 375/459/435
f 376/395/373 375/459/435 396/397/375
f 396/397/375 375/459/435 395/460/436
f 396/397/375 395/460/436 422/399/377
f 422/399/377 395/460/436 215/461/437
f 422/399/377 215/461/437 405/401/379
f 405/401/379 215/461/437 216/462/438
f 405/401/379 216/462/438 440/403/381
f 440/403/381 216/462/438 441/463/439
f 440/403/381 441/463/439 423/405/383
f 423/405/383 441/463/439 217/464/440
f 423/405/383 217/464/440 460/407/385
f 460/407/385 217/464/440 461/465/441
f 460/407/385 461/465/441 443/409/387
f 443/409/387 461/465/441 442/466/442
f 443/409/387 442/466/442 463/411/389
f 463/411/389 442/466/442 462/467/443
f 463/411/389 462/467/443 489/413/391
f 489/413/391 462/467/443 218/468/444
f 489/413/391 218/468/444 472/415/393
f 472/415/393 218/468/444 219/469/445
f 472/415/393 219/469/445 507/417/395
f 507/417/395 219/469/445 508/470/446
f 507/417/395 508/470/446 490/419/397
f 490/419/397 508/470/446 220/471/447
f 490/419/397 220/471/447 527/421/399
f 527/421/399 220/471/447 528/472/448
f 527/421/399 528/472/448 510/423/401
f 510/423/401 528/472/448 509/473/449
f 510/423/401 509/473/449 530/425/403
f 530/425/403 509/473/449 529/474/450
f 530/425/403 529/474/450 556/427/405
f 556/427/405 529/474/450 221/475/451
f 556/427/405 221/475/451 539/429/407
f 539/429/407 221/475/451 222/440/417
f 206/441/412 177/476/414 223/442/418
f 223/442/418 177/476/414 198/477/452
f 223/442/418 198/477/452 207/443/419
f 207/443/419 198/477/452 197/478/453
f 207/443/419 197/478/453 233/444/420
f 233/444/420 197/478/453 208/445/421
f 197/478/453 196/479/454 208/445/421
f 208/445/421 196/479/454 252/446/422
f 252/446/422 196/479/454 209/447/423
f 209/447/423 196/479/454 195/480/455
f 209/447/423 195/480/455 271/448/424
f 271/448/424 195/480/455 210/449/425
f 195/480/455 194/481/456 210/449/425
f 210/449/425 194/481/456 290/450/426
f 194/481/456 193/482/457 290/450/426
f 290/450/426 193/482/457 309/451/427
f 309/451/427 193/482/457 211/452/428
f 211/452/428 193/482/457 192/483/458
f 211/452/428 192/483/458 319/453/429
f 319/453/429 192/483/458 212/454/430
f 192/483/458 191/484/459 212/454/430
f 212/454/430 191/484/459 213/455/431
f 191/484/459 190/485/460 213/455/431
f 213/455/431 190/485/460 374/456/432
f 374/456/432 190/485/460 214/457/433
f 214/457/433 190/485/460 189/486/461
f 214/457/433 189/486/461 394/458/434
f 394/458/434 189/486/461 375/459/435
f 189/486/461 188/487/462 375/459/435
f 375/459/435 188/487/462 395/460/436
f 395/460/436 188/487/462 215/461/437
f 215/461/437 188/487/462 187/488/463
f 215/461/437 187/488/463 216/462/438
f 216/462/438 187/488/463 186/489/464
f 216/462/438 186/489/464 441/463/439
f 441/463/439 186/489/464 217/464/440
f 186/489/464 185/490/465 217/464/440
f 217/464/440 185/490/465 461/465/441
f 461/465/441 185/490/465 442/466/442
f 442/466/442 185/490/465 184/491/466
f 442/466/442 184/491/466 462/467/443
f 462/467/443 184/491/466 218/468/444
f 184/491/466 183/492/467 218/468/444
f 218/468/444 183/492/467 219/469/445
f 183/492/467 182/493/468 219/469/445
f 219/469/445 182/493/468 508/470/446
f 508/470/446 182/493/468 220/471/447
f 220/471/447 182/493/468 181/494/469
f 220/471/447 181/494/469 528/472/448
f 528/472/448 181/494/469 509/473/449
f 181/494/469 180/495/470 509/473/449
f 509/473/449 180/495/470 529/474/450
f 529/474/450 180/495/470 221/475/451
f 221/475/451 180/495/470 179/496/471
f 221/475/451 179/496/471 222/440/417
f 222/440/417 179/496/471 178/438/415
f 559/432/410 205/434/337 560/497/472
f 560/497/472 205/434/337 204/498/335
f 560/497/472 204/498/335 561/499/473
f 561/499/473 204/498/335 203/500/333
f 561/499/473 203/500/333 562/501/474
f 562/501/474 203/500/333 202/502/325
f 562/501/474 202/502/325 563/503/475
f 563/503/475 202/502/325 201/504/320
f 563/503/475 201/504/320 564/505/476
f 564/505/476 201/504/320 200/506/322
f 564/505/476 200/506/322 565/507/477
f 565/507/477 200/506/322 566/508/478
f 565/507/477 566/508/478 568/509/479
f 568/509/479 566/508/478 567/510/480
f 568/509/479 567/510/480 546/511/481
f 546/511/481 567/510/480 547/512/482
f 546/511/481 547/512/482 549/513/483
f 549/513/483 547/512/482 548/514/484
f 549/513/483 548/514/484 537/515/485
f 537/515/485 548/514/484 538/516/486
f 537/515/485 538/516/486 517/517/487
f 517/517/487 538/516/486 518/518/488
f 517/517/487 518/518/488 520/519/489
f 520/519/489 518/518/488 519/520/490
f 520/519/489 519/520/490 497/521/491
f 497/521/491 519/520/490 498/522/492
f 497/521/491 498/522/492 500/523/493
f 500/523/493 498/522/492 499/524/494
f 500/523/493 499/524/494 479/525/495
f 479/525/495 499/524/494 480/526/496
f 479/525/495 480/526/496 482/527/497
f 482/527/497 480/526/496 481/528/498
f 482/527/497 481/528/498 470/529/499
f 470/529/499 481/528/498 471/530/500
f 470/529/499 471/530/500 450/531/501
f 450/531/501 471/530/500 451/532/502
f 450/531/501 451/532/502 453/533/503
f 453/533/503 451/532/502 452/534/504
f 453/533/503 452/534/504 430/535/505
f 430/535/505 452/534/504 431/536/506
f 430/535/505 431/536/506 433/537/507
f 433/537/507 431/536/506 432/538/508
f 433/537/507 432/538/508 412/539/509
f 412/539/509 432/538/508 413/540/510
f 412/539/509 413/540/510 415/541/511
f 415/541/511 413/540/510 414/542/512
f 415/541/511 414/542/512 403/543/513
f 403/543/513 414/542/512 404/544/514
f 403/543/513 404/544/514 383/545/515
f 383/545/515 404/544/514 384/546/516
f 383/545/515 384/546/516 386/547/517
f 386/547/517 384/546/516 385/548/518
f 386/547/517 385/548/518 363/549/519
f 363/549/519 385/548/518 364/550/520
f 363/549/519 364/550/520 366/551/521
f 366/551/521 364/550/520 365/552/522
f 366/551/521 365/552/522 345/553/523
f 345/553/523 365/552/522 346/554/524
f 345/553/523 346/554/524 348/555/525
f 348/555/525 346/554/524 347/556/526
f 348/555/525 347/556/526 327/557/527
f 327/557/527 347/556/526 328/558/528
f 327/557/527 328/558/528 330/559/529
f 330/559/529 328/558/528 329/560/530
f 330/559/529 329/560/530 317/561/531
f 317/561/531 329/560/530 318/562/532
f 317/561/531 318/562/532 298/563/533
f 298/563/533 318/562/532 299/564/534
f 298/563/533 299/564/534 301/565/535
f 301/565/535 299/564/534 300/566/536
f 301/565/535 300/566/536 279/567/537
f 279/567/537 300/566/536 280/568/538
f 279/567/537 280/568/538 282/569/539
f 282/569/539 280/568/538 281/570/540
f 282/569/539 281/570/540 260/571/541
f 260/571/541 281/570/540 261/572/542
f 260/571/541 261/572/542 263/573/543
f 263/573/543 261/572/542 262/574/544
f 263/573/543 262/574/544 241/575/545
f 241/575/545 262/574/544 242/352/330
f 241/575/545 242/352/330 244/350/328
f 200/506/322 199/576/546 566/508/478
f 566/508/478 199/577/547 567/510/480
f 567/510/480 199/578/548 547/512/482
f 547/512/482 199/579/549 548/514/484
f 548/514/484 199/580/550 538/516/486
f 538/516/486 199/581/551 518/518/488
f 518/518/488 199/582/552 519/520/490
f 519/520/490 199/583/553 498/522/492
f 498/522/492 199/584/554 499/524/494
f 499/524/494 199/585/555 480/526/496
f 480/526/496 199/586/556 481/528/498
f 481/528/498 199/587/557 471/530/500
f 471/530/500 199/588/558 451/532/502
f 452/534/504 199/589/559 431/536/506
f 431/536/506 199/590/560 432/538/508
f 432/538/508 199/591/561 413/540/510
f 413/540/510 199/592/562 414/542/512
f 414/542/512 199/593/563 404/544/514
f 404/544/514 199/594/564 384/546/516
f 384/546/516 199/595/565 385/548/518
f 385/548/518 199/596/566 364/550/520
f 364/550/520 199/597/567 365/552/522
f 365/552/522 199/598/568 346/554/524
f 346/554/524 199/599/569 347/556/526
f 347/556/526 199/600/570 328/558/528
f 329/560/530 199/601/571 318/562/532
f 318/562/532 199/602/572 299/564/534
f 299/564/534 199/603/573 300/566/536
f 300/566/536 199/604/574 280/568/538
f 280/568/538 199/605/575 281/570/540
f 281/570/540 199/606/576 261/572/542
f 261/572/542 199/607/577 262/574/544
f 262/574/544 199/608/578 242/352/330
f 243/351/329 199/609/579 232/345/323
f 226/358/336 225/360/338 249/610/580
f 249/610/580 225/360/338 250/362/340
f 249/610/580 250/362/340 236/611/581
f 236/611/581 250/362/340 235/364/342
f 236/611/581 235/364/342 268/612/582
f 268/612/582 235/364/342 269/366/344
f 268/612/582 269/366/344 255/613/583
f 255/613/583 269/366/344 254/368/346
f 255/613/583 254/368/346 287/614/584
f 287/614/584 254/368/346 288/370/348
f 287/614/584 288/370/348 274/615/585
f 274/615/585 288/370/348 273/372/350
f 274/615/585 273/372/350 306/616/586
f 306/616/586 273/372/350 307/374/352
f 306/616/586 307/374/352 293/617/587
f 293/617/587 307/374/352 292/376/354
f 293/617/587 292/376/354 312/618/588
f 312/618/588 292/376/354 311/378/356
f 312/618/588 311/378/356 335/619/589
f 335/619/589 311/378/356 336/380/358
f 335/619/589 336/380/358 322/620/590
f 322/620/590 336/380/358 321/382/360
f 322/620/590 321/382/360 353/621/591
f 353/621/591 321/382/360 354/384/362
f 353/621/591 354/384/362 340/622/592
f 340/622/592 354/384/362 339/386/364
f 340/622/592 339/386/364 371/623/593
f 371/623/593 339/386/364 372/388/366
f 371/623/593 372/388/366 358/624/594
f 358/624/594 372/388/366 357/390/368
f 358/624/594 357/390/368 391/625/595
f 391/625/595 357/390/368 392/392/370
f 391/625/595 392/392/370 378/626/596
f 378/626/596 392/392/370 377/394/372
f 378/626/596 377/394/372 398/627/597
f 398/627/597 377/394/372 397/396/374
f 398/627/597 397/396/374 420/628/598
f 420/628/598 397/396/374 421/398/376
f 420/628/598 421/398/376 407/629/599
f 407/629/599 421/398/376 406/400/378
f 407/629/599 406/400/378 438/630/600
f 438/630/600 406/400/378 439/402/380
f 438/630/600 439/402/380 425/631/601
f 425/631/601 439/402/380 424/404/382
f 425/631/601 424/404/382 458/632/602
f 458/632/602 424/404/382 459/406/384
f 458/632/602 459/406/384 445/633/603
f 445/633/603 459/406/384 444/408/386
f 445/633/603 444/408/386 465/634/604
f 465/634/604 444/408/386 464/410/388
f 465/634/604 464/410/388 487/635/605
f 487/635/605 464/410/388 488/412/390
f 487/635/605 488/412/390 474/636/606
f 474/636/606 488/412/390 473/414/392
f 474/636/606 473/414/392 505/637/607
f 505/637/607 473/414/392 506/416/394
f 505/637/607 506/416/394 492/638/608
f 492/638/608 506/416/394 491/418/396
f 492/638/608 491/418/396 525/639/609
f 525/639/609 491/418/396 526/420/398
f 525/639/609 526/420/398 512/640/610
f 512/640/610 526/420/398 511/422/400
f 512/640/610 511/422/400 532/641/611
f 532/641/611 511/422/400 531/424/402
f 532/641/611 531/424/402 554/642/612
f 554/642/612 531/424/402 555/426/404
f 554/642/612 555/426/404 541/643/613
f 541/643/613 555/426/404 540/428/406
f 541/643/613 540/428/406 573/644/614
f 573/644/614 540/428/406 574/430/408
f 573/644/614 574/430/408 560/497/472
f 560/497/472 574/430/408 559/432/410
f 227/356/334 226/358/336 248/645/615
f 248/645/615 226/358/336 249/610/580
f 248/645/615 249/610/580 237/646/616
f 237/646/616 249/610/580 236/611/581
f 237/646/616 236/611/581 267/647/617
f 267/647/617 236/611/581 268/612/582
f 267/647/617 268/612/582 256/648/618
f 256/648/618 268/612/582 255/613/583
f 256/648/618 255/613/583 286/649/619
f 286/649/619 255/613/583 287/614/584
f 286/649/619 287/614/584 275/650/620
f 275/650/620 287/614/584 274/615/585
f 275/650/620 274/615/585 305/651/621
f 305/651/621 274/615/585 306/616/586
f 305/651/621 306/616/586 294/652/622
f 294/652/622 306/616/586 293/617/587
f 294/652/622 293/617/587 313/653/623
f 313/653/623 293/617/587 312/618/588
f 313/653/623 312/618/588 334/654/624
f 334/654/624 312/618/588 335/619/589
f 334/654/624 335/619/589 323/655/625
f 323/655/625 335/619/589 322/620/590
f 323/655/625 322/620/590 352/656/626
f 352/656/626 322/620/590 353/621/591
f 352/656/626 353/621/591 341/657/627
f 341/657/627 353/621/591 340/622/592
f 341/657/627 340/622/592 370/658/628
f 370/658/628 340/622/592 371/623/593
f 370/658/628 371/623/593 359/659/629
f 359/659/629 371/623/593 358/624/594
f 359/659/629 358/624/594 390/660/630
f 390/660/630 358/624/594 391/625/595
f 390/660/630 391/625/595 379/661/631
f 379/661/631 391/625/595 378/626/596
f 379/661/631 378/626/596 399/662/632
f 399/662/632 378/626/596 398/627/597
f 399/662/632 398/627/597 419/663/633
f 419/663/633 398/627/597 420/628/598
f 419/663/633 420/628/598 408/664/634
f 408/664/634 420/628/598 407/629/599
f 408/664/634 407/629/599 437/665/635
f 437/665/635 407/629/599 438/630/600
f 437/665/635 438/630/600 426/666/636
f 426/666/636 438/630/600 425/631/601
f 426/666/636 425/631/601 457/667/637
f 457/667/637 425/631/601 458/632/602
f 457/667/637 458/632/602 446/668/638
f 446/668/638 458/632/602 445/633/603
f 446/668/638 445/633/603 466/669/639
f 466/669/639 445/633/603 465/634/604
f 466/669/639 465/634/604 486/670/640
f 486/670/640 465/634/604 487/635/605
f 486/670/640 487/635/605 475/671/641
f 475/671/641 487/635/605 474/636/606
f 475/671/641 474/636/606 504/672/642
f 504/672/642 474/636/606 505/637/607
f 504/672/642 505/637/607 493/673/643
f 493/673/643 505/637/607 492/638/608
f 493/673/643 492/638/608 524/674/644
f 524/674/644 492/638/608 525/639/609
f 524/674/644 525/639/609 513/675/645
f 513/675/645 525/639/609 512/640/610
f 513/675/645 512/640/610 533/676/646
f 533/676/646 512/640/610 532/641/611
f 533/676/646 532/641/611 553/677/647
f 553/677/647 532/641/611 554/642/612
f 553/677/647 554/642/612 542/678/648
f 542/678/648 554/642/612 541/643/613
f 542/678/648 541/643/613 572/679/649
f 572/679/649 541/643/613 573/644/614
f 572/679/649 573/644/614 561/499/473
f 561/499/473 573/644/614 560/497/472
f 228/354/332 227/356/334 247/680/650
f 247/680/650 227/356/334 248/645/615
f 247/680/650 248/645/615 238/681/651
f 238/681/651 248/645/615 237/646/616
f 238/681/651 237/646/616 266/682/652
f 266/682/652 237/646/616 267/647/617
f 266/682/652 267/647/617 257/683/653
f 257/683/653 267/647/617 256/648/618
f 257/683/653 256/648/618 285/684/654
f 285/684/654 256/648/618 286/649/619
f 285/684/654 286/649/619 276/685/655
f 276/685/655 286/649/619 275/650/620
f 276/685/655 275/650/620 304/686/656
f 304/686/656 275/650/620 305/651/621
f 304/686/656 305/651/621 295/687/657
f 295/687/657 305/651/621 294/652/622
f 295/687/657 294/652/622 314/688/658
f 314/688/658 294/652/622 313/653/623
f 314/688/658 313/653/623 333/689/659
f 333/689/659 313/653/623 334/654/624
f 333/689/659 334/654/624 324/690/660
f 324/690/660 334/654/624 323/655/625
f 324/690/660 323/655/625 351/691/661
f 351/691/661 323/655/625 352/656/626
f 351/691/661 352/656/626 342/692/662
f 342/692/662 352/656/626 341/657/627
f 342/692/662 341/657/627 369/693/663
f 369/693/663 341/657/627 370/658/628
f 369/693/663 370/658/628 360/694/664
f 360/694/664 370/658/628 359/659/629
f 360/694/664 359/659/629 389/695/665
f 389/695/665 359/659/629 390/660/630
f 389/695/665 390/660/630 380/696/666
f 380/696/666 390/660/630 379/661/631
f 380/696/666 379/661/631 400/697/667
f 400/697/667 379/661/631 399/662/632
f 400/697/667 399/662/632 418/698/668
f 418/698/668 399/662/632 419/663/633
f 418/698/668 419/663/633 409/699/669
f 409/699/669 419/663/633 408/664/634
f 409/699/669 408/664/634 436/700/670
f 436/700/670 408/664/634 437/665/635
f 436/700/670 437/665/635 427/701/671
f 427/701/671 437/665/635 426/666/636
f 427/701/671 426/666/636 456/702/672
f 456/702/672 426/666/636 457/667/637
f 456/702/672 457/667/637 447/703/673
f 447/703/673 457/667/637 446/668/638
f 447/703/673 446/668/638 467/704/674
f 467/704/674 446/668/638 466/669/639
f 467/704/674 466/669/639 485/705/675
f 485/705/675 466/669/639 486/670/640
f 485/705/675 486/670/640 476/706/676
f 476/706/676 486/670/640 475/671/641
f 476/706/676 475/671/641 503/707/677
f 503/707/677 475/671/641 504/672/642
f 503/707/677 504/672/642 494/708/678
f 494/708/678 504/672/642 493/673/643
f 494/708/678 493/673/643 523/709/679
f 523/709/679 493/673/643 524/674/644
f 523/709/679 524/674/644 514/710/680
f 514/710/680 524/674/644 513/675/645
f 514/710/680 513/675/645 534/711/681
f 534/711/681 513/675/645 533/676/646
f 534/711/681 533/676/646 552/712/682
f 552/712/682 533/676/646 553/677/647
f 552/712/682 553/677/647 543/713/683
f 543/713/683 553/677/647 542/678/648
f 543/713/683 542/678/648 571/714/684
f 571/714/684 542/678/648 572/679/649
f 571/714/684 572/679/649 562/501/474
f 562/501/474 572/679/649 561/499/473
f 229/348/326 228/354/332 246/715/685
f 246/715/685 228/354/332 247/680/650
f 246/715/685 247/680/650 239/716/686
f 239/716/686 247/680/650 238/681/651
f 239/716/686 238/681/651 265/717/687
f 265/717/687 238/681/651 266/682/652
f 265/717/687 266/682/652 258/718/688
f 258/718/688 266/682/652 257/683/653
f 258/718/688 257/683/653 284/719/689
f 284/719/689 257/683/653 285/684/654
f 284/719/689 285/684/654 277/720/690
f 277/720/690 285/684/654 276/685/655
f 277/720/690 276/685/655 303/721/691
f 303/721/691 276/685/655 304/686/656
f 303/721/691 304/686/656 296/722/692
f 296/722/692 304/686/656 295/687/657
f 296/722/692 295/687/657 315/723/693
f 315/723/693 295/687/657 314/688/658
f 315/723/693 314/688/658 332/724/694
f 332/724/694 314/688/658 333/689/659
f 332/724/694 333/689/659 325/725/695
f 325/725/695 333/689/659 324/690/660
f 325/725/695 324/690/660 350/726/696
f 350/726/696 324/690/660 351/691/661
f 350/726/696 351/691/661 343/727/697
f 343/727/697 351/691/661 342/692/662
f 343/727/697 342/692/662 368/728/698
f 368/728/698 342/692/662 369/693/663
f 368/728/698 369/693/663 361/729/699
f 361/729/699 369/693/663 360/694/664
f 361/729/699 360/694/664 388/730/700
f 388/730/700 360/694/664 389/695/665
f 388/730/700 389/695/665 381/731/701
f 381/731/701 389/695/665 380/696/666
f 381/731/701 380/696/666 401/732/702
f 401/732/702 380/696/666 400/697/667
f 401/732/702 400/697/667 417/733/703
f 417/733/703 400/697/667 418/698/668
f 417/733/703 418/698/668 410/734/704
f 410/734/704 418/698/668 409/699/669
f 410/734/704 409/699/669 435/735/705
f 435/735/705 409/699/669 436/700/670
f 435/735/705 436/700/670 428/736/706
f 428/736/706 436/700/670 427/701/671
f 428/736/706 427/701/671 455/737/707
f 455/737/707 427/701/671 456/702/672
f 455/737/707 456/702/672 448/738/708
f 448/738/708 456/702/672 447/703/673
f 448/738/708 447/703/673 468/739/709
f 468/739/709 447/703/673 467/704/674
f 468/739/709 467/704/674 484/740/710
f 484/740/710 467/704/674 485/705/675
f 484/740/710 485/705/675 477/741/711
f 477/741/711 485/705/675 476/706/676
f 477/741/711 476/706/676 502/742/712
f 502/742/712 476/706/676 503/707/677
f 502/742/712 503/707/677 495/743/713
f 495/743/713 503/707/677 494/708/678
f 495/743/713 494/708/678 522/744/714
f 522/744/714 494/708/678 523/709/679
f 522/744/714 523/709/679 515/745/715
f 515/745/715 523/709/679 514/710/680
f 515/745/715 514/710/680 535/746/716
f 535/746/716 514/710/680 534/711/681
f 535/746/716 534/711/681 551/747/717
f 551/747/717 534/711/681 552/712/682
f 551/747/717 552/712/682 544/748/718
f 544/748/718 552/712/682 543/713/683
f 544/748/718 543/713/683 570/749/719
f 570/749/719 543/713/683 571/714/684
f 570/749/719 571/714/684 563/503/475
f 563/503/475 571/714/684 562/501/474
f 230/349/327 229/348/326 245/750/720
f 245/750/720 229/348/326 246/715/685
f 245/750/720 246/715/685 240/751/721
f 240/751/721 246/715/685 239/716/686
f 240/751/721 239/716/686 264/752/722
f 264/752/722 239/716/686 265/717/687
f 264/752/722 265/717/687 259/753/723
f 259/753/723 265/717/687 258/718/688
f 259/753/723 258/718/688 283/754/724
f 283/754/724 258/718/688 284/719/689
f 283/754/724 284/719/689 278/755/725
f 278/755/725 284/719/689 277/720/690
f 278/755/725 277/720/690 302/756/726
f 302/756/726 277/720/690 303/721/691
f 302/756/726 303/721/691 297/757/727
f 297/757/727 303/721/691 296/722/692
f 297/757/727 296/722/692 316/758/728
f 316/758/728 296/722/692 315/723/693
f 316/758/728 315/723/693 331/759/729
f 331/759/729 315/723/693 332/724/694
f 331/759/729 332/724/694 326/760/730
f 326/760/730 332/724/694 325/725/695
f 326/760/730 325/725/695 349/761/731
f 349/761/731 325/725/695 350/726/696
f 349/761/731 350/726/696 344/762/732
f 344/762/732 350/726/696 343/727/697
f 344/762/732 343/727/697 367/763/733
f 367/763/733 343/727/697 368/728/698
f 367/763/733 368/728/698 362/764/734
f 362/764/734 368/728/698 361/729/699
f 362/764/734 361/729/699 387/765/735
f 387/765/735 361/729/699 388/730/700
f 387/765/735 388/730/700 382/766/736
f 382/766/736 388/730/700 381/731/701
f 382/766/736 381/731/701 402/767/737
f 402/767/737 381/731/701 401/732/702
f 402/767/737 401/732/702 416/768/738
f 416/768/738 401/732/702 417/733/703
f 416/768/738 417/733/703 411/769/739
f 411/769/739 417/733/703 410/734/704
f 411/769/739 410/734/704 434/770/740
f 434/770/740 410/734/704 435/735/705
f 434/770/740 435/735/705 429/771/741
f 429/771/741 435/735/705 428/736/706
f 429/771/741 428/736/706 454/772/742
f 454/772/742 428/736/706 455/737/707
f 454/772/742 455/737/707 449/773/743
f 449/773/743 455/737/707 448/738/708
f 449/773/743 448/738/708 469/774/744
f 469/774/744 448/738/708 468/739/709
f 469/774/744 468/739/709 483/775/745
f 483/775/745 468/739/709 484/740/710
f 483/775/745 484/740/710 478/776/746
f 478/776/746 484/740/710 477/741/711
f 478/776/746 477/741/711 501/777/747
f 501/777/747 477/741/711 502/742/712
f 501/777/747 502/742/712 496/778/748
f 496/778/748 502/742/712 495/743/713
f 496/778/748 495/743/713 521/779/749
f 521/779/749 495/743/713 522/744/714
f 521/779/749 522/744/714 516/780/750
f 516/780/750 522/744/714 515/745/715
f 516/780/750 515/745/715 536/781/751
f 536/781/751 515/745/715 535/746/716
f 536/781/751 535/746/716 550/782/752
f 550/782/752 535/746/716 551/747/717
f 550/782/752 551/747/717 545/783/753
f 545/783/753 551/747/717 544/748/718
f 545/783/753 544/748/718 569/784/754
f 569/784/754 544/748/718 570/749/719
f 569/784/754 570/749/719 564/505/476
f 564/505/476 570/749/719 563/503/475
f 243/351/329 232/345/323 231/343/321
f 240/751/721 241/575/545 245/750/720
f 245/750/720 241/575/545 244/350/328
f 245/750/720 244/350/328 230/349/327
f 241/575/545 240/751/721 263/573/543
f 263/573/543 240/751/721 264/752/722
f 263/573/543 264/752/722 260/571/541
f 260/571/541 264/752/722 259/753/723
f 260/571/541 259/753/723 282/569/539
f 282/569/539 259/753/723 283/754/724
f 282/569/539 283/754/724 279/567/537
f 279/567/537 283/754/724 278/755/725
f 279/567/537 278/755/725 301/565/535
f 301/565/535 278/755/725 302/756/726
f 301/565/535 302/756/726 298/563/533
f 298/563/533 302/756/726 297/757/727
f 298/563/533 297/757/727 317/561/531
f 317/561/531 297/757/727 316/758/728
f 317/561/531 316/758/728 330/559/529
f 330/559/529 316/758/728 331/759/729
f 330/559/529 331/759/729 327/557/527
f 327/557/527 331/759/729 326/760/730
f 327/557/527 326/760/730 348/555/525
f 348/555/525 326/760/730 349/761/731
f 348/555/525 349/761/731 345/553/523
f 345/553/523 349/761/731 344/762/732
f 345/553/523 344/762/732 366/551/521
f 366/551/521 344/762/732 367/763/733
f 366/551/521 367/763/733 363/549/519
f 363/549/519 367/763/733 362/764/734
f 363/549/519 362/764/734 386/547/517
f 386/547/517 362/764/734 387/765/735
f 386/547/517 387/765/735 383/545/515
f 383/545/515 387/765/735 382/766/736
f 383/545/515 382/766/736 403/543/513
f 403/543/513 382/766/736 402/767/737
f 403/543/513 402/767/737 415/541/511
f 415/541/511 402/767/737 416/768/738
f 415/541/511 416/768/738 412/539/509
f 412/539/509 416/768/738 411/769/739
f 412/539/509 411/769/739 433/537/507
f 433/537/507 411/769/739 434/770/740
f 433/537/507 434/770/740 430/535/505
f 430/535/505 434/770/740 429/771/741
f 430/535/505 429/771/741 453/533/503
f 453/533/503 429/771/741 454/772/742
f 453/533/503 454/772/742 450/531/501
f 450/531/501 454/772/742 449/773/743
f 450/531/501 449/773/743 470/529/499
f 470/529/499 449/773/743 469/774/744
f 470/529/499 469/774/744 482/527/497
f 482/527/497 469/774/744 483/775/745
f 482/527/497 483/775/745 479/525/495
f 479/525/495 483/775/745 478/776/746
f 479/525/495 478/776/746 500/523/493
f 500/523/493 478/776/746 501/777/747
f 500/523/493 501/777/747 497/521/491
f 497/521/491 501/777/747 496/778/748
f 497/521/491 496/778/748 520/519/489
f 520/519/489 496/778/748 521/779/749
f 520/519/489 521/779/749 517/517/487
f 517/517/487 521/779/749 516/780/750
f 517/517/487 516/780/750 537/515/485
f 537/515/485 516/780/750 536/781/751
f 537/515/485 536/781/751 549/513/483
f 549/513/483 536/781/751 550/782/752
f 549/513/483 550/782/752 546/511/481
f 546/511/481 550/782/752 545/783/753
f 546/511/481 545/783/753 568/509/479
f 568/509/479 545/783/753 569/784/754
f 568/509/479 569/784/754 565/507/477
f 565/507/477 569/784/754 564/505/476
f 328/558/528 199/785/755 329/560/530
f 451/532/502 199/786/756 452/534/504
f 575/431/409 576/439/416 558/433/411
f 558/433/411 576/439/416 557/436/413
# 576 vertices
# 786 texture params
# 756 normals
# 1148 facets

# 1 groups
